[2026-02-05T05:08:58.853+0000] {manager.py:469} INFO - Processing files using up to 2 processes at a time 
[2026-02-05T05:08:58.862+0000] {manager.py:470} INFO - Process each file at most once every 30 seconds
[2026-02-05T05:08:58.864+0000] {manager.py:471} INFO - Checking for new files in /opt/airflow/dags every 300 seconds
[2026-02-05T05:08:58.867+0000] {manager.py:738} INFO - Searching for files in /opt/airflow/dags
[2026-02-05T05:08:58.922+0000] {manager.py:741} INFO - There are 1 files in /opt/airflow/dags
[2026-02-05T05:08:59.121+0000] {manager.py:879} INFO - 
================================================================================
DAG File Processing Stats

File Path                             PID  Runtime      # DAGs    # Errors  Last Runtime    Last Run
----------------------------------  -----  ---------  --------  ----------  --------------  ----------
/opt/airflow/dags/ecommerce_etl.py    180  0.08s             0           0
================================================================================
[2026-02-05T05:09:29.349+0000] {manager.py:879} INFO - 
================================================================================
DAG File Processing Stats

File Path                             PID  Runtime      # DAGs    # Errors  Last Runtime    Last Run
----------------------------------  -----  ---------  --------  ----------  --------------  -------------------
/opt/airflow/dags/ecommerce_etl.py    209  0.00s             0           1  0.22s           2026-02-05T05:08:59
================================================================================
[2026-02-05T05:09:59.634+0000] {manager.py:879} INFO - 
================================================================================
DAG File Processing Stats

File Path                             PID  Runtime      # DAGs    # Errors  Last Runtime    Last Run
----------------------------------  -----  ---------  --------  ----------  --------------  -------------------
/opt/airflow/dags/ecommerce_etl.py    220  0.00s             0           1  0.12s           2026-02-05T05:09:29
================================================================================
[2026-02-05T05:10:29.835+0000] {manager.py:879} INFO - 
================================================================================
DAG File Processing Stats

File Path                             PID  Runtime      # DAGs    # Errors  Last Runtime    Last Run
----------------------------------  -----  ---------  --------  ----------  --------------  -------------------
/opt/airflow/dags/ecommerce_etl.py    231  0.00s             0           1  0.09s           2026-02-05T05:09:59
================================================================================
[2026-02-05T05:11:00.052+0000] {manager.py:879} INFO - 
================================================================================
DAG File Processing Stats

File Path                             PID  Runtime      # DAGs    # Errors  Last Runtime    Last Run
----------------------------------  -----  ---------  --------  ----------  --------------  -------------------
/opt/airflow/dags/ecommerce_etl.py    242  0.00s             0           1  0.11s           2026-02-05T05:10:29
================================================================================
[2026-02-05T05:11:30.286+0000] {manager.py:879} INFO - 
================================================================================
DAG File Processing Stats

File Path                             PID  Runtime      # DAGs    # Errors  Last Runtime    Last Run
----------------------------------  -----  ---------  --------  ----------  --------------  -------------------
/opt/airflow/dags/ecommerce_etl.py    253  0.01s             0           1  0.09s           2026-02-05T05:11:00
================================================================================
[2026-02-05T05:11:34.412+0000] {manager.py:451} INFO - Exiting gracefully upon receiving signal 15
[2026-02-05T15:03:00.372+0000] {manager.py:469} INFO - Processing files using up to 2 processes at a time 
[2026-02-05T15:03:00.392+0000] {manager.py:470} INFO - Process each file at most once every 30 seconds
[2026-02-05T15:03:00.394+0000] {manager.py:471} INFO - Checking for new files in /opt/airflow/dags every 300 seconds
[2026-02-05T15:03:00.395+0000] {manager.py:738} INFO - Searching for files in /opt/airflow/dags
[2026-02-05T15:03:00.434+0000] {manager.py:741} INFO - There are 1 files in /opt/airflow/dags
[2026-02-05T15:03:00.677+0000] {manager.py:879} INFO - 
================================================================================
DAG File Processing Stats

File Path                             PID  Runtime      # DAGs    # Errors  Last Runtime    Last Run
----------------------------------  -----  ---------  --------  ----------  --------------  ----------
/opt/airflow/dags/ecommerce_etl.py    186  0.12s             0           0
================================================================================
[2026-02-05T15:03:30.897+0000] {manager.py:879} INFO - 
================================================================================
DAG File Processing Stats

File Path                             PID  Runtime      # DAGs    # Errors  Last Runtime    Last Run
----------------------------------  -----  ---------  --------  ----------  --------------  -------------------
/opt/airflow/dags/ecommerce_etl.py    209  0.00s             1           0  0.31s           2026-02-05T15:03:00
================================================================================
[2026-02-05T15:04:01.237+0000] {manager.py:879} INFO - 
================================================================================
DAG File Processing Stats

File Path                             PID  Runtime      # DAGs    # Errors  Last Runtime    Last Run
----------------------------------  -----  ---------  --------  ----------  --------------  -------------------
/opt/airflow/dags/ecommerce_etl.py    220  0.00s             1           0  0.32s           2026-02-05T15:03:31
================================================================================
[2026-02-05T15:04:31.417+0000] {manager.py:879} INFO - 
================================================================================
DAG File Processing Stats

File Path                             PID  Runtime      # DAGs    # Errors  Last Runtime    Last Run
----------------------------------  -----  ---------  --------  ----------  --------------  -------------------
/opt/airflow/dags/ecommerce_etl.py    231  0.00s             1           0  0.12s           2026-02-05T15:04:01
================================================================================
[2026-02-05T15:05:01.699+0000] {manager.py:879} INFO - 
================================================================================
DAG File Processing Stats

File Path                             PID  Runtime      # DAGs    # Errors  Last Runtime    Last Run
----------------------------------  -----  ---------  --------  ----------  --------------  -------------------
/opt/airflow/dags/ecommerce_etl.py    242  0.00s             1           0  0.14s           2026-02-05T15:04:31
================================================================================
[2026-02-05T15:05:31.893+0000] {manager.py:879} INFO - 
================================================================================
DAG File Processing Stats

File Path                             PID  Runtime      # DAGs    # Errors  Last Runtime    Last Run
----------------------------------  -----  ---------  --------  ----------  --------------  -------------------
/opt/airflow/dags/ecommerce_etl.py    253  0.00s             1           0  0.14s           2026-02-05T15:05:01
================================================================================
[2026-02-05T15:06:02.167+0000] {manager.py:879} INFO - 
================================================================================
DAG File Processing Stats

File Path                             PID  Runtime      # DAGs    # Errors  Last Runtime    Last Run
----------------------------------  -----  ---------  --------  ----------  --------------  -------------------
/opt/airflow/dags/ecommerce_etl.py    264  0.00s             1           0  0.15s           2026-02-05T15:05:32
================================================================================
[2026-02-05T15:06:32.365+0000] {manager.py:879} INFO - 
================================================================================
DAG File Processing Stats

File Path                             PID  Runtime      # DAGs    # Errors  Last Runtime    Last Run
----------------------------------  -----  ---------  --------  ----------  --------------  -------------------
/opt/airflow/dags/ecommerce_etl.py    275  0.00s             1           0  0.13s           2026-02-05T15:06:02
================================================================================
[2026-02-05T15:07:02.643+0000] {manager.py:879} INFO - 
================================================================================
DAG File Processing Stats

File Path                             PID  Runtime      # DAGs    # Errors  Last Runtime    Last Run
----------------------------------  -----  ---------  --------  ----------  --------------  -------------------
/opt/airflow/dags/ecommerce_etl.py    286  0.00s             1           0  0.16s           2026-02-05T15:06:32
================================================================================
[2026-02-05T15:07:32.857+0000] {manager.py:879} INFO - 
================================================================================
DAG File Processing Stats

File Path                             PID  Runtime      # DAGs    # Errors  Last Runtime    Last Run
----------------------------------  -----  ---------  --------  ----------  --------------  -------------------
/opt/airflow/dags/ecommerce_etl.py    298  0.00s             1           0  0.13s           2026-02-05T15:07:02
================================================================================
[2026-02-05T15:08:01.072+0000] {manager.py:738} INFO - Searching for files in /opt/airflow/dags
[2026-02-05T15:08:01.113+0000] {manager.py:741} INFO - There are 1 files in /opt/airflow/dags
[2026-02-05T15:08:03.152+0000] {manager.py:879} INFO - 
================================================================================
DAG File Processing Stats

File Path                             PID  Runtime      # DAGs    # Errors  Last Runtime    Last Run
----------------------------------  -----  ---------  --------  ----------  --------------  -------------------
/opt/airflow/dags/ecommerce_etl.py    309  0.00s             1           0  0.12s           2026-02-05T15:07:32
================================================================================
[2026-02-05T15:08:33.341+0000] {manager.py:879} INFO - 
================================================================================
DAG File Processing Stats

File Path                             PID  Runtime      # DAGs    # Errors  Last Runtime    Last Run
----------------------------------  -----  ---------  --------  ----------  --------------  -------------------
/opt/airflow/dags/ecommerce_etl.py    320  0.00s             1           0  0.13s           2026-02-05T15:08:03
================================================================================
[2026-02-05T15:12:10.402+0000] {manager.py:469} INFO - Processing files using up to 2 processes at a time 
[2026-02-05T15:12:10.404+0000] {manager.py:470} INFO - Process each file at most once every 30 seconds
[2026-02-05T15:12:10.406+0000] {manager.py:471} INFO - Checking for new files in /opt/airflow/dags every 300 seconds
[2026-02-05T15:12:10.408+0000] {manager.py:738} INFO - Searching for files in /opt/airflow/dags
[2026-02-05T15:12:10.447+0000] {manager.py:741} INFO - There are 1 files in /opt/airflow/dags
[2026-02-05T15:12:10.586+0000] {manager.py:879} INFO - 
================================================================================
DAG File Processing Stats

File Path                             PID  Runtime      # DAGs    # Errors  Last Runtime    Last Run
----------------------------------  -----  ---------  --------  ----------  --------------  ----------
/opt/airflow/dags/ecommerce_etl.py    180  0.06s             0           0
================================================================================
[2026-02-05T15:12:40.763+0000] {manager.py:879} INFO - 
================================================================================
DAG File Processing Stats

File Path                           PID    Runtime      # DAGs    # Errors  Last Runtime    Last Run
----------------------------------  -----  ---------  --------  ----------  --------------  -------------------
/opt/airflow/dags/ecommerce_etl.py                           1           0  0.54s           2026-02-05T15:12:11
================================================================================
[2026-02-05T15:13:10.940+0000] {manager.py:879} INFO - 
================================================================================
DAG File Processing Stats

File Path                           PID    Runtime      # DAGs    # Errors  Last Runtime    Last Run
----------------------------------  -----  ---------  --------  ----------  --------------  -------------------
/opt/airflow/dags/ecommerce_etl.py                           1           0  0.50s           2026-02-05T15:12:41
================================================================================
[2026-02-05T15:13:41.150+0000] {manager.py:879} INFO - 
================================================================================
DAG File Processing Stats

File Path                           PID    Runtime      # DAGs    # Errors  Last Runtime    Last Run
----------------------------------  -----  ---------  --------  ----------  --------------  -------------------
/opt/airflow/dags/ecommerce_etl.py                           1           0  0.36s           2026-02-05T15:13:12
================================================================================
[2026-02-05T15:14:11.680+0000] {manager.py:879} INFO - 
================================================================================
DAG File Processing Stats

File Path                           PID    Runtime      # DAGs    # Errors  Last Runtime    Last Run
----------------------------------  -----  ---------  --------  ----------  --------------  -------------------
/opt/airflow/dags/ecommerce_etl.py                           1           0  0.34s           2026-02-05T15:13:42
================================================================================
[2026-02-05T15:14:42.182+0000] {manager.py:879} INFO - 
================================================================================
DAG File Processing Stats

File Path                           PID    Runtime      # DAGs    # Errors  Last Runtime    Last Run
----------------------------------  -----  ---------  --------  ----------  --------------  -------------------
/opt/airflow/dags/ecommerce_etl.py                           1           0  0.39s           2026-02-05T15:14:13
================================================================================
[2026-02-05T15:15:12.758+0000] {manager.py:879} INFO - 
================================================================================
DAG File Processing Stats

File Path                           PID    Runtime      # DAGs    # Errors  Last Runtime    Last Run
----------------------------------  -----  ---------  --------  ----------  --------------  -------------------
/opt/airflow/dags/ecommerce_etl.py                           1           0  0.43s           2026-02-05T15:14:44
================================================================================
[2026-02-05T15:15:43.357+0000] {manager.py:879} INFO - 
================================================================================
DAG File Processing Stats

File Path                           PID    Runtime      # DAGs    # Errors  Last Runtime    Last Run
----------------------------------  -----  ---------  --------  ----------  --------------  -------------------
/opt/airflow/dags/ecommerce_etl.py                           1           0  0.41s           2026-02-05T15:15:14
================================================================================
[2026-02-05T15:16:13.931+0000] {manager.py:879} INFO - 
================================================================================
DAG File Processing Stats

File Path                           PID    Runtime      # DAGs    # Errors  Last Runtime    Last Run
----------------------------------  -----  ---------  --------  ----------  --------------  -------------------
/opt/airflow/dags/ecommerce_etl.py                           1           0  0.37s           2026-02-05T15:15:45
================================================================================
[2026-02-05T15:16:44.478+0000] {manager.py:879} INFO - 
================================================================================
DAG File Processing Stats

File Path                           PID    Runtime      # DAGs    # Errors  Last Runtime    Last Run
----------------------------------  -----  ---------  --------  ----------  --------------  -------------------
/opt/airflow/dags/ecommerce_etl.py                           1           0  0.41s           2026-02-05T15:16:15
================================================================================
[2026-02-05T15:17:11.023+0000] {manager.py:738} INFO - Searching for files in /opt/airflow/dags
[2026-02-05T15:17:11.045+0000] {manager.py:741} INFO - There are 1 files in /opt/airflow/dags
[2026-02-05T15:17:15.077+0000] {manager.py:879} INFO - 
================================================================================
DAG File Processing Stats

File Path                           PID    Runtime      # DAGs    # Errors  Last Runtime    Last Run
----------------------------------  -----  ---------  --------  ----------  --------------  -------------------
/opt/airflow/dags/ecommerce_etl.py                           1           0  0.37s           2026-02-05T15:16:46
================================================================================
[2026-02-05T15:17:45.555+0000] {manager.py:879} INFO - 
================================================================================
DAG File Processing Stats

File Path                           PID    Runtime      # DAGs    # Errors  Last Runtime    Last Run
----------------------------------  -----  ---------  --------  ----------  --------------  -------------------
/opt/airflow/dags/ecommerce_etl.py                           1           0  0.34s           2026-02-05T15:17:16
================================================================================
[2026-02-05T15:18:16.065+0000] {manager.py:879} INFO - 
================================================================================
DAG File Processing Stats

File Path                           PID    Runtime      # DAGs    # Errors  Last Runtime    Last Run
----------------------------------  -----  ---------  --------  ----------  --------------  -------------------
/opt/airflow/dags/ecommerce_etl.py                           1           0  0.36s           2026-02-05T15:17:47
================================================================================
[2026-02-05T15:18:46.610+0000] {manager.py:879} INFO - 
================================================================================
DAG File Processing Stats

File Path                           PID    Runtime      # DAGs    # Errors  Last Runtime    Last Run
----------------------------------  -----  ---------  --------  ----------  --------------  -------------------
/opt/airflow/dags/ecommerce_etl.py                           1           0  0.36s           2026-02-05T15:18:17
================================================================================
[2026-02-05T15:19:17.117+0000] {manager.py:879} INFO - 
================================================================================
DAG File Processing Stats

File Path                           PID    Runtime      # DAGs    # Errors  Last Runtime    Last Run
----------------------------------  -----  ---------  --------  ----------  --------------  -------------------
/opt/airflow/dags/ecommerce_etl.py                           1           0  0.40s           2026-02-05T15:18:48
================================================================================
[2026-02-05T15:19:47.675+0000] {manager.py:879} INFO - 
================================================================================
DAG File Processing Stats

File Path                           PID    Runtime      # DAGs    # Errors  Last Runtime    Last Run
----------------------------------  -----  ---------  --------  ----------  --------------  -------------------
/opt/airflow/dags/ecommerce_etl.py                           1           0  0.36s           2026-02-05T15:19:18
================================================================================
[2026-02-05T15:20:18.176+0000] {manager.py:879} INFO - 
================================================================================
DAG File Processing Stats

File Path                           PID    Runtime      # DAGs    # Errors  Last Runtime    Last Run
----------------------------------  -----  ---------  --------  ----------  --------------  -------------------
/opt/airflow/dags/ecommerce_etl.py                           1           0  0.42s           2026-02-05T15:19:49
================================================================================
[2026-02-05T15:20:48.756+0000] {manager.py:879} INFO - 
================================================================================
DAG File Processing Stats

File Path                           PID    Runtime      # DAGs    # Errors  Last Runtime    Last Run
----------------------------------  -----  ---------  --------  ----------  --------------  -------------------
/opt/airflow/dags/ecommerce_etl.py                           1           0  0.35s           2026-02-05T15:20:19
================================================================================
[2026-02-05T15:21:19.289+0000] {manager.py:879} INFO - 
================================================================================
DAG File Processing Stats

File Path                           PID    Runtime      # DAGs    # Errors  Last Runtime    Last Run
----------------------------------  -----  ---------  --------  ----------  --------------  -------------------
/opt/airflow/dags/ecommerce_etl.py                           1           0  0.36s           2026-02-05T15:20:50
================================================================================
[2026-02-05T15:21:49.794+0000] {manager.py:879} INFO - 
================================================================================
DAG File Processing Stats

File Path                           PID    Runtime      # DAGs    # Errors  Last Runtime    Last Run
----------------------------------  -----  ---------  --------  ----------  --------------  -------------------
/opt/airflow/dags/ecommerce_etl.py                           1           0  0.36s           2026-02-05T15:21:20
================================================================================
[2026-02-05T15:22:11.288+0000] {manager.py:738} INFO - Searching for files in /opt/airflow/dags
[2026-02-05T15:22:11.351+0000] {manager.py:741} INFO - There are 1 files in /opt/airflow/dags
[2026-02-05T15:22:20.431+0000] {manager.py:879} INFO - 
================================================================================
DAG File Processing Stats

File Path                           PID    Runtime      # DAGs    # Errors  Last Runtime    Last Run
----------------------------------  -----  ---------  --------  ----------  --------------  -------------------
/opt/airflow/dags/ecommerce_etl.py                           1           0  0.34s           2026-02-05T15:21:51
================================================================================
[2026-02-05T15:22:50.884+0000] {manager.py:879} INFO - 
================================================================================
DAG File Processing Stats

File Path                           PID    Runtime      # DAGs    # Errors  Last Runtime    Last Run
----------------------------------  -----  ---------  --------  ----------  --------------  -------------------
/opt/airflow/dags/ecommerce_etl.py                           1           0  0.41s           2026-02-05T15:22:22
================================================================================
[2026-02-05T15:23:21.496+0000] {manager.py:879} INFO - 
================================================================================
DAG File Processing Stats

File Path                           PID    Runtime      # DAGs    # Errors  Last Runtime    Last Run
----------------------------------  -----  ---------  --------  ----------  --------------  -------------------
/opt/airflow/dags/ecommerce_etl.py                           1           0  0.34s           2026-02-05T15:22:52
================================================================================
[2026-02-05T15:23:52.024+0000] {manager.py:879} INFO - 
================================================================================
DAG File Processing Stats

File Path                           PID    Runtime      # DAGs    # Errors  Last Runtime    Last Run
----------------------------------  -----  ---------  --------  ----------  --------------  -------------------
/opt/airflow/dags/ecommerce_etl.py                           1           0  0.32s           2026-02-05T15:23:23
================================================================================
[2026-02-05T15:24:22.569+0000] {manager.py:879} INFO - 
================================================================================
DAG File Processing Stats

File Path                           PID    Runtime      # DAGs    # Errors  Last Runtime    Last Run
----------------------------------  -----  ---------  --------  ----------  --------------  -------------------
/opt/airflow/dags/ecommerce_etl.py                           1           0  0.38s           2026-02-05T15:23:53
================================================================================
[2026-02-05T15:24:53.149+0000] {manager.py:879} INFO - 
================================================================================
DAG File Processing Stats

File Path                           PID    Runtime      # DAGs    # Errors  Last Runtime    Last Run
----------------------------------  -----  ---------  --------  ----------  --------------  -------------------
/opt/airflow/dags/ecommerce_etl.py                           1           0  0.35s           2026-02-05T15:24:24
================================================================================
[2026-02-05T15:25:23.760+0000] {manager.py:879} INFO - 
================================================================================
DAG File Processing Stats

File Path                           PID    Runtime      # DAGs    # Errors  Last Runtime    Last Run
----------------------------------  -----  ---------  --------  ----------  --------------  -------------------
/opt/airflow/dags/ecommerce_etl.py                           1           0  0.35s           2026-02-05T15:24:54
================================================================================
[2026-02-05T15:25:54.374+0000] {manager.py:879} INFO - 
================================================================================
DAG File Processing Stats

File Path                           PID    Runtime      # DAGs    # Errors  Last Runtime    Last Run
----------------------------------  -----  ---------  --------  ----------  --------------  -------------------
/opt/airflow/dags/ecommerce_etl.py                           1           0  0.32s           2026-02-05T15:25:25
================================================================================
[2026-02-05T15:26:24.894+0000] {manager.py:879} INFO - 
================================================================================
DAG File Processing Stats

File Path                           PID    Runtime      # DAGs    # Errors  Last Runtime    Last Run
----------------------------------  -----  ---------  --------  ----------  --------------  -------------------
/opt/airflow/dags/ecommerce_etl.py                           1           0  0.34s           2026-02-05T15:25:56
================================================================================
[2026-02-05T15:26:55.477+0000] {manager.py:879} INFO - 
================================================================================
DAG File Processing Stats

File Path                           PID    Runtime      # DAGs    # Errors  Last Runtime    Last Run
----------------------------------  -----  ---------  --------  ----------  --------------  -------------------
/opt/airflow/dags/ecommerce_etl.py                           1           0  0.34s           2026-02-05T15:26:26
================================================================================
[2026-02-05T15:27:11.889+0000] {manager.py:738} INFO - Searching for files in /opt/airflow/dags
[2026-02-05T15:27:11.908+0000] {manager.py:741} INFO - There are 1 files in /opt/airflow/dags
[2026-02-05T15:27:26.011+0000] {manager.py:879} INFO - 
================================================================================
DAG File Processing Stats

File Path                           PID    Runtime      # DAGs    # Errors  Last Runtime    Last Run
----------------------------------  -----  ---------  --------  ----------  --------------  -------------------
/opt/airflow/dags/ecommerce_etl.py                           1           0  0.33s           2026-02-05T15:26:57
================================================================================
[2026-02-05T15:27:39.601+0000] {manager.py:451} INFO - Exiting gracefully upon receiving signal 15
[2026-02-05T15:28:31.197+0000] {manager.py:469} INFO - Processing files using up to 2 processes at a time 
[2026-02-05T15:28:31.211+0000] {manager.py:470} INFO - Process each file at most once every 30 seconds
[2026-02-05T15:28:31.213+0000] {manager.py:471} INFO - Checking for new files in /opt/airflow/dags every 300 seconds
[2026-02-05T15:28:31.214+0000] {manager.py:738} INFO - Searching for files in /opt/airflow/dags
[2026-02-05T15:28:31.242+0000] {manager.py:741} INFO - There are 1 files in /opt/airflow/dags
[2026-02-05T15:28:31.446+0000] {manager.py:879} INFO - 
================================================================================
DAG File Processing Stats

File Path                             PID  Runtime      # DAGs    # Errors  Last Runtime    Last Run
----------------------------------  -----  ---------  --------  ----------  --------------  ----------
/opt/airflow/dags/ecommerce_etl.py    180  0.07s             0           0
================================================================================
[2026-02-05T15:29:01.615+0000] {manager.py:879} INFO - 
================================================================================
DAG File Processing Stats

File Path                           PID    Runtime      # DAGs    # Errors  Last Runtime    Last Run
----------------------------------  -----  ---------  --------  ----------  --------------  -------------------
/opt/airflow/dags/ecommerce_etl.py                           1           0  0.74s           2026-02-05T15:28:32
================================================================================
[2026-02-05T15:29:31.788+0000] {manager.py:879} INFO - 
================================================================================
DAG File Processing Stats

File Path                           PID    Runtime      # DAGs    # Errors  Last Runtime    Last Run
----------------------------------  -----  ---------  --------  ----------  --------------  -------------------
/opt/airflow/dags/ecommerce_etl.py                           1           0  0.69s           2026-02-05T15:29:02
================================================================================
[2026-02-05T15:30:02.321+0000] {manager.py:879} INFO - 
================================================================================
DAG File Processing Stats

File Path                           PID    Runtime      # DAGs    # Errors  Last Runtime    Last Run
----------------------------------  -----  ---------  --------  ----------  --------------  -------------------
/opt/airflow/dags/ecommerce_etl.py                           1           0  0.40s           2026-02-05T15:29:33
================================================================================
[2026-02-05T15:30:32.909+0000] {manager.py:879} INFO - 
================================================================================
DAG File Processing Stats

File Path                           PID    Runtime      # DAGs    # Errors  Last Runtime    Last Run
----------------------------------  -----  ---------  --------  ----------  --------------  -------------------
/opt/airflow/dags/ecommerce_etl.py                           1           0  0.38s           2026-02-05T15:30:04
================================================================================
[2026-02-05T15:31:03.442+0000] {manager.py:879} INFO - 
================================================================================
DAG File Processing Stats

File Path                           PID    Runtime      # DAGs    # Errors  Last Runtime    Last Run
----------------------------------  -----  ---------  --------  ----------  --------------  -------------------
/opt/airflow/dags/ecommerce_etl.py                           1           0  0.42s           2026-02-05T15:30:34
================================================================================
[2026-02-05T15:31:34.047+0000] {manager.py:879} INFO - 
================================================================================
DAG File Processing Stats

File Path                           PID    Runtime      # DAGs    # Errors  Last Runtime    Last Run
----------------------------------  -----  ---------  --------  ----------  --------------  -------------------
/opt/airflow/dags/ecommerce_etl.py                           1           0  0.34s           2026-02-05T15:31:05
================================================================================
[2026-02-05T15:32:04.547+0000] {manager.py:879} INFO - 
================================================================================
DAG File Processing Stats

File Path                           PID    Runtime      # DAGs    # Errors  Last Runtime    Last Run
----------------------------------  -----  ---------  --------  ----------  --------------  -------------------
/opt/airflow/dags/ecommerce_etl.py                           1           0  0.46s           2026-02-05T15:31:35
================================================================================
[2026-02-05T15:32:34.584+0000] {manager.py:879} INFO - 
================================================================================
DAG File Processing Stats

File Path                           PID    Runtime      # DAGs    # Errors  Last Runtime    Last Run
----------------------------------  -----  ---------  --------  ----------  --------------  -------------------
/opt/airflow/dags/ecommerce_etl.py                           1           0  0.39s           2026-02-05T15:32:06
================================================================================
[2026-02-05T15:33:04.780+0000] {manager.py:879} INFO - 
================================================================================
DAG File Processing Stats

File Path                           PID    Runtime      # DAGs    # Errors  Last Runtime    Last Run
----------------------------------  -----  ---------  --------  ----------  --------------  -------------------
/opt/airflow/dags/ecommerce_etl.py                           1           0  0.39s           2026-02-05T15:32:36
================================================================================
[2026-02-05T15:33:31.292+0000] {manager.py:738} INFO - Searching for files in /opt/airflow/dags
[2026-02-05T15:33:31.336+0000] {manager.py:741} INFO - There are 1 files in /opt/airflow/dags
[2026-02-05T15:33:35.383+0000] {manager.py:879} INFO - 
================================================================================
DAG File Processing Stats

File Path                           PID    Runtime      # DAGs    # Errors  Last Runtime    Last Run
----------------------------------  -----  ---------  --------  ----------  --------------  -------------------
/opt/airflow/dags/ecommerce_etl.py                           1           0  0.42s           2026-02-05T15:33:07
================================================================================
[2026-02-05T15:34:05.994+0000] {manager.py:879} INFO - 
================================================================================
DAG File Processing Stats

File Path                           PID    Runtime      # DAGs    # Errors  Last Runtime    Last Run
----------------------------------  -----  ---------  --------  ----------  --------------  -------------------
/opt/airflow/dags/ecommerce_etl.py                           1           0  0.38s           2026-02-05T15:33:38
================================================================================
[2026-02-05T15:34:36.639+0000] {manager.py:879} INFO - 
================================================================================
DAG File Processing Stats

File Path                           PID    Runtime      # DAGs    # Errors  Last Runtime    Last Run
----------------------------------  -----  ---------  --------  ----------  --------------  -------------------
/opt/airflow/dags/ecommerce_etl.py                           1           0  0.33s           2026-02-05T15:34:08
================================================================================
[2026-02-05T15:35:07.183+0000] {manager.py:879} INFO - 
================================================================================
DAG File Processing Stats

File Path                           PID    Runtime      # DAGs    # Errors  Last Runtime    Last Run
----------------------------------  -----  ---------  --------  ----------  --------------  -------------------
/opt/airflow/dags/ecommerce_etl.py                           1           0  0.33s           2026-02-05T15:34:39
================================================================================
[2026-02-05T15:35:37.753+0000] {manager.py:879} INFO - 
================================================================================
DAG File Processing Stats

File Path                           PID    Runtime      # DAGs    # Errors  Last Runtime    Last Run
----------------------------------  -----  ---------  --------  ----------  --------------  -------------------
/opt/airflow/dags/ecommerce_etl.py                           1           0  0.32s           2026-02-05T15:35:09
================================================================================
[2026-02-05T15:36:08.242+0000] {manager.py:879} INFO - 
================================================================================
DAG File Processing Stats

File Path                           PID    Runtime      # DAGs    # Errors  Last Runtime    Last Run
----------------------------------  -----  ---------  --------  ----------  --------------  -------------------
/opt/airflow/dags/ecommerce_etl.py                           1           0  0.32s           2026-02-05T15:35:40
================================================================================
[2026-02-05T15:36:38.797+0000] {manager.py:879} INFO - 
================================================================================
DAG File Processing Stats

File Path                           PID    Runtime      # DAGs    # Errors  Last Runtime    Last Run
----------------------------------  -----  ---------  --------  ----------  --------------  -------------------
/opt/airflow/dags/ecommerce_etl.py                           1           0  0.32s           2026-02-05T15:36:10
================================================================================
[2026-02-05T15:37:09.304+0000] {manager.py:879} INFO - 
================================================================================
DAG File Processing Stats

File Path                           PID    Runtime      # DAGs    # Errors  Last Runtime    Last Run
----------------------------------  -----  ---------  --------  ----------  --------------  -------------------
/opt/airflow/dags/ecommerce_etl.py                           1           0  0.34s           2026-02-05T15:36:41
================================================================================
[2026-02-05T15:37:39.839+0000] {manager.py:879} INFO - 
================================================================================
DAG File Processing Stats

File Path                           PID    Runtime      # DAGs    # Errors  Last Runtime    Last Run
----------------------------------  -----  ---------  --------  ----------  --------------  -------------------
/opt/airflow/dags/ecommerce_etl.py                           1           0  0.35s           2026-02-05T15:37:11
================================================================================
[2026-02-05T15:38:10.347+0000] {manager.py:879} INFO - 
================================================================================
DAG File Processing Stats

File Path                           PID    Runtime      # DAGs    # Errors  Last Runtime    Last Run
----------------------------------  -----  ---------  --------  ----------  --------------  -------------------
/opt/airflow/dags/ecommerce_etl.py                           1           0  0.36s           2026-02-05T15:37:42
================================================================================
[2026-02-05T15:38:31.837+0000] {manager.py:738} INFO - Searching for files in /opt/airflow/dags
[2026-02-05T15:38:31.879+0000] {manager.py:741} INFO - There are 1 files in /opt/airflow/dags
[2026-02-05T15:38:40.977+0000] {manager.py:879} INFO - 
================================================================================
DAG File Processing Stats

File Path                           PID    Runtime      # DAGs    # Errors  Last Runtime    Last Run
----------------------------------  -----  ---------  --------  ----------  --------------  -------------------
/opt/airflow/dags/ecommerce_etl.py                           1           0  0.38s           2026-02-05T15:38:13
================================================================================
[2026-02-05T15:39:11.462+0000] {manager.py:879} INFO - 
================================================================================
DAG File Processing Stats

File Path                           PID    Runtime      # DAGs    # Errors  Last Runtime    Last Run
----------------------------------  -----  ---------  --------  ----------  --------------  -------------------
/opt/airflow/dags/ecommerce_etl.py                           1           0  0.36s           2026-02-05T15:38:43
================================================================================
[2026-02-05T15:39:42.029+0000] {manager.py:879} INFO - 
================================================================================
DAG File Processing Stats

File Path                           PID    Runtime      # DAGs    # Errors  Last Runtime    Last Run
----------------------------------  -----  ---------  --------  ----------  --------------  -------------------
/opt/airflow/dags/ecommerce_etl.py                           1           0  0.35s           2026-02-05T15:39:14
================================================================================
[2026-02-05T15:40:12.537+0000] {manager.py:879} INFO - 
================================================================================
DAG File Processing Stats

File Path                           PID    Runtime      # DAGs    # Errors  Last Runtime    Last Run
----------------------------------  -----  ---------  --------  ----------  --------------  -------------------
/opt/airflow/dags/ecommerce_etl.py                           1           0  0.38s           2026-02-05T15:39:44
================================================================================
[2026-02-05T15:40:43.097+0000] {manager.py:879} INFO - 
================================================================================
DAG File Processing Stats

File Path                           PID    Runtime      # DAGs    # Errors  Last Runtime    Last Run
----------------------------------  -----  ---------  --------  ----------  --------------  -------------------
/opt/airflow/dags/ecommerce_etl.py                           1           0  0.41s           2026-02-05T15:40:15
================================================================================
[2026-02-05T15:41:13.203+0000] {manager.py:879} INFO - 
================================================================================
DAG File Processing Stats

File Path                           PID    Runtime      # DAGs    # Errors  Last Runtime    Last Run
----------------------------------  -----  ---------  --------  ----------  --------------  -------------------
/opt/airflow/dags/ecommerce_etl.py                           1           0  0.52s           2026-02-05T15:40:46
================================================================================
[2026-02-05T15:41:43.847+0000] {manager.py:879} INFO - 
================================================================================
DAG File Processing Stats

File Path                           PID    Runtime      # DAGs    # Errors  Last Runtime    Last Run
----------------------------------  -----  ---------  --------  ----------  --------------  -------------------
/opt/airflow/dags/ecommerce_etl.py                           1           0  0.46s           2026-02-05T15:41:16
================================================================================
[2026-02-05T15:42:14.039+0000] {manager.py:879} INFO - 
================================================================================
DAG File Processing Stats

File Path                           PID    Runtime      # DAGs    # Errors  Last Runtime    Last Run
----------------------------------  -----  ---------  --------  ----------  --------------  -------------------
/opt/airflow/dags/ecommerce_etl.py                           1           0  0.42s           2026-02-05T15:41:47
================================================================================
[2026-02-05T15:42:44.610+0000] {manager.py:879} INFO - 
================================================================================
DAG File Processing Stats

File Path                           PID    Runtime      # DAGs    # Errors  Last Runtime    Last Run
----------------------------------  -----  ---------  --------  ----------  --------------  -------------------
/opt/airflow/dags/ecommerce_etl.py                           1           0  0.39s           2026-02-05T15:42:17
================================================================================
[2026-02-05T15:43:14.660+0000] {manager.py:879} INFO - 
================================================================================
DAG File Processing Stats

File Path                           PID    Runtime      # DAGs    # Errors  Last Runtime    Last Run
----------------------------------  -----  ---------  --------  ----------  --------------  -------------------
/opt/airflow/dags/ecommerce_etl.py                           1           0  0.47s           2026-02-05T15:42:48
================================================================================
[2026-02-05T15:43:32.254+0000] {manager.py:738} INFO - Searching for files in /opt/airflow/dags
[2026-02-05T15:43:32.297+0000] {manager.py:741} INFO - There are 1 files in /opt/airflow/dags
[2026-02-05T15:43:44.840+0000] {manager.py:879} INFO - 
================================================================================
DAG File Processing Stats

File Path                           PID    Runtime      # DAGs    # Errors  Last Runtime    Last Run
----------------------------------  -----  ---------  --------  ----------  --------------  -------------------
/opt/airflow/dags/ecommerce_etl.py                           1           0  0.48s           2026-02-05T15:43:19
================================================================================
[2026-02-05T15:44:14.990+0000] {manager.py:879} INFO - 
================================================================================
DAG File Processing Stats

File Path                           PID    Runtime      # DAGs    # Errors  Last Runtime    Last Run
----------------------------------  -----  ---------  --------  ----------  --------------  -------------------
/opt/airflow/dags/ecommerce_etl.py                           1           0  0.42s           2026-02-05T15:43:49
================================================================================
[2026-02-05T15:44:45.167+0000] {manager.py:879} INFO - 
================================================================================
DAG File Processing Stats

File Path                           PID    Runtime      # DAGs    # Errors  Last Runtime    Last Run
----------------------------------  -----  ---------  --------  ----------  --------------  -------------------
/opt/airflow/dags/ecommerce_etl.py                           1           0  0.46s           2026-02-05T15:44:20
================================================================================
[2026-02-05T15:45:15.276+0000] {manager.py:879} INFO - 
================================================================================
DAG File Processing Stats

File Path                           PID    Runtime      # DAGs    # Errors  Last Runtime    Last Run
----------------------------------  -----  ---------  --------  ----------  --------------  -------------------
/opt/airflow/dags/ecommerce_etl.py                           1           0  0.47s           2026-02-05T15:44:51
================================================================================
[2026-02-05T15:45:45.452+0000] {manager.py:879} INFO - 
================================================================================
DAG File Processing Stats

File Path                           PID    Runtime      # DAGs    # Errors  Last Runtime    Last Run
----------------------------------  -----  ---------  --------  ----------  --------------  -------------------
/opt/airflow/dags/ecommerce_etl.py                           1           0  0.41s           2026-02-05T15:45:21
================================================================================
[2026-02-05T15:46:16.038+0000] {manager.py:879} INFO - 
================================================================================
DAG File Processing Stats

File Path                           PID    Runtime      # DAGs    # Errors  Last Runtime    Last Run
----------------------------------  -----  ---------  --------  ----------  --------------  -------------------
/opt/airflow/dags/ecommerce_etl.py                           1           0  0.38s           2026-02-05T15:45:52
================================================================================
[2026-02-05T15:46:46.064+0000] {manager.py:879} INFO - 
================================================================================
DAG File Processing Stats

File Path                           PID    Runtime      # DAGs    # Errors  Last Runtime    Last Run
----------------------------------  -----  ---------  --------  ----------  --------------  -------------------
/opt/airflow/dags/ecommerce_etl.py                           1           0  0.46s           2026-02-05T15:46:22
================================================================================
[2026-02-05T15:47:16.242+0000] {manager.py:879} INFO - 
================================================================================
DAG File Processing Stats

File Path                           PID    Runtime      # DAGs    # Errors  Last Runtime    Last Run
----------------------------------  -----  ---------  --------  ----------  --------------  -------------------
/opt/airflow/dags/ecommerce_etl.py                           1           0  0.44s           2026-02-05T15:46:53
================================================================================
[2026-02-05T15:47:46.291+0000] {manager.py:879} INFO - 
================================================================================
DAG File Processing Stats

File Path                           PID    Runtime      # DAGs    # Errors  Last Runtime    Last Run
----------------------------------  -----  ---------  --------  ----------  --------------  -------------------
/opt/airflow/dags/ecommerce_etl.py                           1           0  0.41s           2026-02-05T15:47:24
================================================================================
[2026-02-05T15:48:16.490+0000] {manager.py:879} INFO - 
================================================================================
DAG File Processing Stats

File Path                           PID    Runtime      # DAGs    # Errors  Last Runtime    Last Run
----------------------------------  -----  ---------  --------  ----------  --------------  -------------------
/opt/airflow/dags/ecommerce_etl.py                           1           0  0.42s           2026-02-05T15:47:54
================================================================================
[2026-02-05T15:48:32.345+0000] {manager.py:738} INFO - Searching for files in /opt/airflow/dags
[2026-02-05T15:48:32.371+0000] {manager.py:741} INFO - There are 1 files in /opt/airflow/dags
[2026-02-05T15:48:47.097+0000] {manager.py:879} INFO - 
================================================================================
DAG File Processing Stats

File Path                           PID    Runtime      # DAGs    # Errors  Last Runtime    Last Run
----------------------------------  -----  ---------  --------  ----------  --------------  -------------------
/opt/airflow/dags/ecommerce_etl.py                           1           0  0.35s           2026-02-05T15:48:25
================================================================================
[2026-02-05T15:49:17.103+0000] {manager.py:879} INFO - 
================================================================================
DAG File Processing Stats

File Path                           PID    Runtime      # DAGs    # Errors  Last Runtime    Last Run
----------------------------------  -----  ---------  --------  ----------  --------------  -------------------
/opt/airflow/dags/ecommerce_etl.py                           1           0  0.45s           2026-02-05T15:48:55
================================================================================
[2026-02-05T15:49:47.849+0000] {manager.py:879} INFO - 
================================================================================
DAG File Processing Stats

File Path                           PID    Runtime      # DAGs    # Errors  Last Runtime    Last Run
----------------------------------  -----  ---------  --------  ----------  --------------  -------------------
/opt/airflow/dags/ecommerce_etl.py                           1           0  0.55s           2026-02-05T15:49:26
================================================================================
[2026-02-05T15:50:18.052+0000] {manager.py:879} INFO - 
================================================================================
DAG File Processing Stats

File Path                           PID    Runtime      # DAGs    # Errors  Last Runtime    Last Run
----------------------------------  -----  ---------  --------  ----------  --------------  -------------------
/opt/airflow/dags/ecommerce_etl.py                           1           0  0.48s           2026-02-05T15:49:57
================================================================================
[2026-02-05T15:50:48.191+0000] {manager.py:879} INFO - 
================================================================================
DAG File Processing Stats

File Path                           PID    Runtime      # DAGs    # Errors  Last Runtime    Last Run
----------------------------------  -----  ---------  --------  ----------  --------------  -------------------
/opt/airflow/dags/ecommerce_etl.py                           1           0  0.39s           2026-02-05T15:50:28
================================================================================
[2026-02-05T15:51:18.363+0000] {manager.py:879} INFO - 
================================================================================
DAG File Processing Stats

File Path                           PID    Runtime      # DAGs    # Errors  Last Runtime    Last Run
----------------------------------  -----  ---------  --------  ----------  --------------  -------------------
/opt/airflow/dags/ecommerce_etl.py                           1           0  0.33s           2026-02-05T15:50:58
================================================================================
[2026-02-05T15:51:48.886+0000] {manager.py:879} INFO - 
================================================================================
DAG File Processing Stats

File Path                           PID    Runtime      # DAGs    # Errors  Last Runtime    Last Run
----------------------------------  -----  ---------  --------  ----------  --------------  -------------------
/opt/airflow/dags/ecommerce_etl.py                           1           0  0.41s           2026-02-05T15:51:29
================================================================================
[2026-02-05T15:52:19.522+0000] {manager.py:879} INFO - 
================================================================================
DAG File Processing Stats

File Path                           PID    Runtime      # DAGs    # Errors  Last Runtime    Last Run
----------------------------------  -----  ---------  --------  ----------  --------------  -------------------
/opt/airflow/dags/ecommerce_etl.py                           1           0  0.36s           2026-02-05T15:51:59
================================================================================
[2026-02-05T15:52:50.050+0000] {manager.py:879} INFO - 
================================================================================
DAG File Processing Stats

File Path                           PID    Runtime      # DAGs    # Errors  Last Runtime    Last Run
----------------------------------  -----  ---------  --------  ----------  --------------  -------------------
/opt/airflow/dags/ecommerce_etl.py                           1           0  0.33s           2026-02-05T15:52:30
================================================================================
[2026-02-05T15:53:20.552+0000] {manager.py:879} INFO - 
================================================================================
DAG File Processing Stats

File Path                           PID    Runtime      # DAGs    # Errors  Last Runtime    Last Run
----------------------------------  -----  ---------  --------  ----------  --------------  -------------------
/opt/airflow/dags/ecommerce_etl.py                           1           0  0.34s           2026-02-05T15:53:00
================================================================================
[2026-02-05T15:53:32.983+0000] {manager.py:738} INFO - Searching for files in /opt/airflow/dags
[2026-02-05T15:53:33.006+0000] {manager.py:741} INFO - There are 1 files in /opt/airflow/dags
[2026-02-05T15:53:51.169+0000] {manager.py:879} INFO - 
================================================================================
DAG File Processing Stats

File Path                           PID    Runtime      # DAGs    # Errors  Last Runtime    Last Run
----------------------------------  -----  ---------  --------  ----------  --------------  -------------------
/opt/airflow/dags/ecommerce_etl.py                           1           0  0.33s           2026-02-05T15:53:31
================================================================================
[2026-02-05T15:54:21.689+0000] {manager.py:879} INFO - 
================================================================================
DAG File Processing Stats

File Path                           PID    Runtime      # DAGs    # Errors  Last Runtime    Last Run
----------------------------------  -----  ---------  --------  ----------  --------------  -------------------
/opt/airflow/dags/ecommerce_etl.py                           1           0  0.36s           2026-02-05T15:54:01
================================================================================
[2026-02-05T15:54:52.245+0000] {manager.py:879} INFO - 
================================================================================
DAG File Processing Stats

File Path                           PID    Runtime      # DAGs    # Errors  Last Runtime    Last Run
----------------------------------  -----  ---------  --------  ----------  --------------  -------------------
/opt/airflow/dags/ecommerce_etl.py                           1           0  0.35s           2026-02-05T15:54:32
================================================================================
[2026-02-05T15:55:22.261+0000] {manager.py:879} INFO - 
================================================================================
DAG File Processing Stats

File Path                           PID    Runtime      # DAGs    # Errors  Last Runtime    Last Run
----------------------------------  -----  ---------  --------  ----------  --------------  -------------------
/opt/airflow/dags/ecommerce_etl.py                           1           0  0.43s           2026-02-05T15:55:20
================================================================================
[2026-02-05T15:55:54.660+0000] {manager.py:469} INFO - Processing files using up to 2 processes at a time 
[2026-02-05T15:55:54.661+0000] {manager.py:470} INFO - Process each file at most once every 30 seconds
[2026-02-05T15:55:54.662+0000] {manager.py:471} INFO - Checking for new files in /opt/airflow/dags every 300 seconds
[2026-02-05T15:55:54.663+0000] {manager.py:738} INFO - Searching for files in /opt/airflow/dags
[2026-02-05T15:55:54.687+0000] {manager.py:741} INFO - There are 1 files in /opt/airflow/dags
[2026-02-05T15:55:54.771+0000] {manager.py:879} INFO - 
================================================================================
DAG File Processing Stats

File Path                             PID  Runtime      # DAGs    # Errors  Last Runtime    Last Run
----------------------------------  -----  ---------  --------  ----------  --------------  ----------
/opt/airflow/dags/ecommerce_etl.py    174  0.04s             0           0
================================================================================
[2026-02-05T15:56:24.929+0000] {manager.py:879} INFO - 
================================================================================
DAG File Processing Stats

File Path                           PID    Runtime      # DAGs    # Errors  Last Runtime    Last Run
----------------------------------  -----  ---------  --------  ----------  --------------  -------------------
/opt/airflow/dags/ecommerce_etl.py                           1           0  0.35s           2026-02-05T15:55:55
================================================================================
[2026-02-05T15:56:55.421+0000] {manager.py:879} INFO - 
================================================================================
DAG File Processing Stats

File Path                           PID    Runtime      # DAGs    # Errors  Last Runtime    Last Run
----------------------------------  -----  ---------  --------  ----------  --------------  -------------------
/opt/airflow/dags/ecommerce_etl.py                           1           0  0.38s           2026-02-05T15:56:25
================================================================================
[2026-02-05T15:57:25.990+0000] {manager.py:879} INFO - 
================================================================================
DAG File Processing Stats

File Path                           PID    Runtime      # DAGs    # Errors  Last Runtime    Last Run
----------------------------------  -----  ---------  --------  ----------  --------------  -------------------
/opt/airflow/dags/ecommerce_etl.py                           1           0  0.45s           2026-02-05T15:56:56
================================================================================
[2026-02-05T15:57:56.603+0000] {manager.py:879} INFO - 
================================================================================
DAG File Processing Stats

File Path                           PID    Runtime      # DAGs    # Errors  Last Runtime    Last Run
----------------------------------  -----  ---------  --------  ----------  --------------  -------------------
/opt/airflow/dags/ecommerce_etl.py                           1           0  0.34s           2026-02-05T15:57:26
================================================================================
[2026-02-05T15:58:27.134+0000] {manager.py:879} INFO - 
================================================================================
DAG File Processing Stats

File Path                           PID    Runtime      # DAGs    # Errors  Last Runtime    Last Run
----------------------------------  -----  ---------  --------  ----------  --------------  -------------------
/opt/airflow/dags/ecommerce_etl.py                           1           0  0.43s           2026-02-05T15:57:57
================================================================================
[2026-02-05T15:58:57.140+0000] {manager.py:879} INFO - 
================================================================================
DAG File Processing Stats

File Path                           PID    Runtime      # DAGs    # Errors  Last Runtime    Last Run
----------------------------------  -----  ---------  --------  ----------  --------------  -------------------
/opt/airflow/dags/ecommerce_etl.py                           1           0  0.41s           2026-02-05T15:58:27
================================================================================
[2026-02-05T15:59:27.324+0000] {manager.py:879} INFO - 
================================================================================
DAG File Processing Stats

File Path                           PID    Runtime      # DAGs    # Errors  Last Runtime    Last Run
----------------------------------  -----  ---------  --------  ----------  --------------  -------------------
/opt/airflow/dags/ecommerce_etl.py                           1           0  0.43s           2026-02-05T15:58:58
================================================================================
[2026-02-05T15:59:57.404+0000] {manager.py:879} INFO - 
================================================================================
DAG File Processing Stats

File Path                           PID    Runtime      # DAGs    # Errors  Last Runtime    Last Run
----------------------------------  -----  ---------  --------  ----------  --------------  -------------------
/opt/airflow/dags/ecommerce_etl.py                           1           0  0.48s           2026-02-05T15:59:29
================================================================================
[2026-02-05T16:00:27.587+0000] {manager.py:879} INFO - 
================================================================================
DAG File Processing Stats

File Path                           PID    Runtime      # DAGs    # Errors  Last Runtime    Last Run
----------------------------------  -----  ---------  --------  ----------  --------------  -------------------
/opt/airflow/dags/ecommerce_etl.py                           1           0  0.49s           2026-02-05T15:59:59
================================================================================
[2026-02-05T16:00:54.705+0000] {manager.py:738} INFO - Searching for files in /opt/airflow/dags
[2026-02-05T16:00:54.728+0000] {manager.py:741} INFO - There are 1 files in /opt/airflow/dags
[2026-02-05T16:00:57.757+0000] {manager.py:879} INFO - 
================================================================================
DAG File Processing Stats

File Path                           PID    Runtime      # DAGs    # Errors  Last Runtime    Last Run
----------------------------------  -----  ---------  --------  ----------  --------------  -------------------
/opt/airflow/dags/ecommerce_etl.py                           1           0  0.49s           2026-02-05T16:00:30
================================================================================
[2026-02-05T16:01:27.968+0000] {manager.py:879} INFO - 
================================================================================
DAG File Processing Stats

File Path                           PID    Runtime      # DAGs    # Errors  Last Runtime    Last Run
----------------------------------  -----  ---------  --------  ----------  --------------  -------------------
/opt/airflow/dags/ecommerce_etl.py                           1           0  0.41s           2026-02-05T16:01:01
================================================================================
[2026-02-05T16:01:58.158+0000] {manager.py:879} INFO - 
================================================================================
DAG File Processing Stats

File Path                           PID    Runtime      # DAGs    # Errors  Last Runtime    Last Run
----------------------------------  -----  ---------  --------  ----------  --------------  -------------------
/opt/airflow/dags/ecommerce_etl.py                           1           0  0.64s           2026-02-05T16:01:32
================================================================================
[2026-02-05T16:02:28.329+0000] {manager.py:879} INFO - 
================================================================================
DAG File Processing Stats

File Path                           PID    Runtime      # DAGs    # Errors  Last Runtime    Last Run
----------------------------------  -----  ---------  --------  ----------  --------------  -------------------
/opt/airflow/dags/ecommerce_etl.py                           1           0  0.41s           2026-02-05T16:02:02
================================================================================
[2026-02-05T16:02:58.924+0000] {manager.py:879} INFO - 
================================================================================
DAG File Processing Stats

File Path                           PID    Runtime      # DAGs    # Errors  Last Runtime    Last Run
----------------------------------  -----  ---------  --------  ----------  --------------  -------------------
/opt/airflow/dags/ecommerce_etl.py                           1           0  0.37s           2026-02-05T16:02:33
================================================================================
[2026-02-05T16:03:29.474+0000] {manager.py:879} INFO - 
================================================================================
DAG File Processing Stats

File Path                           PID    Runtime      # DAGs    # Errors  Last Runtime    Last Run
----------------------------------  -----  ---------  --------  ----------  --------------  -------------------
/opt/airflow/dags/ecommerce_etl.py                           1           0  0.42s           2026-02-05T16:03:03
================================================================================
[2026-02-05T16:04:00.054+0000] {manager.py:879} INFO - 
================================================================================
DAG File Processing Stats

File Path                           PID    Runtime      # DAGs    # Errors  Last Runtime    Last Run
----------------------------------  -----  ---------  --------  ----------  --------------  -------------------
/opt/airflow/dags/ecommerce_etl.py                           1           0  0.39s           2026-02-05T16:03:34
================================================================================
[2026-02-05T16:04:30.591+0000] {manager.py:879} INFO - 
================================================================================
DAG File Processing Stats

File Path                           PID    Runtime      # DAGs    # Errors  Last Runtime    Last Run
----------------------------------  -----  ---------  --------  ----------  --------------  -------------------
/opt/airflow/dags/ecommerce_etl.py                           1           0  0.37s           2026-02-05T16:04:04
================================================================================
[2026-02-05T16:05:01.141+0000] {manager.py:879} INFO - 
================================================================================
DAG File Processing Stats

File Path                           PID    Runtime      # DAGs    # Errors  Last Runtime    Last Run
----------------------------------  -----  ---------  --------  ----------  --------------  -------------------
/opt/airflow/dags/ecommerce_etl.py                           1           0  0.38s           2026-02-05T16:04:35
================================================================================
[2026-02-05T16:05:31.720+0000] {manager.py:879} INFO - 
================================================================================
DAG File Processing Stats

File Path                           PID    Runtime      # DAGs    # Errors  Last Runtime    Last Run
----------------------------------  -----  ---------  --------  ----------  --------------  -------------------
/opt/airflow/dags/ecommerce_etl.py                           1           0  0.34s           2026-02-05T16:05:05
================================================================================
[2026-02-05T16:05:55.209+0000] {manager.py:738} INFO - Searching for files in /opt/airflow/dags
[2026-02-05T16:05:55.244+0000] {manager.py:741} INFO - There are 1 files in /opt/airflow/dags
[2026-02-05T16:06:02.293+0000] {manager.py:879} INFO - 
================================================================================
DAG File Processing Stats

File Path                           PID    Runtime      # DAGs    # Errors  Last Runtime    Last Run
----------------------------------  -----  ---------  --------  ----------  --------------  -------------------
/opt/airflow/dags/ecommerce_etl.py                           1           0  0.32s           2026-02-05T16:05:36
================================================================================
[2026-02-05T16:06:32.763+0000] {manager.py:879} INFO - 
================================================================================
DAG File Processing Stats

File Path                           PID    Runtime      # DAGs    # Errors  Last Runtime    Last Run
----------------------------------  -----  ---------  --------  ----------  --------------  -------------------
/opt/airflow/dags/ecommerce_etl.py                           1           0  0.45s           2026-02-05T16:06:07
================================================================================
[2026-02-05T16:07:02.814+0000] {manager.py:879} INFO - 
================================================================================
DAG File Processing Stats

File Path                           PID    Runtime      # DAGs    # Errors  Last Runtime    Last Run
----------------------------------  -----  ---------  --------  ----------  --------------  -------------------
/opt/airflow/dags/ecommerce_etl.py                           1           0  0.41s           2026-02-05T16:06:37
================================================================================
[2026-02-05T16:07:33.023+0000] {manager.py:879} INFO - 
================================================================================
DAG File Processing Stats

File Path                           PID    Runtime      # DAGs    # Errors  Last Runtime    Last Run
----------------------------------  -----  ---------  --------  ----------  --------------  -------------------
/opt/airflow/dags/ecommerce_etl.py                           1           0  0.36s           2026-02-05T16:07:08
================================================================================
[2026-02-05T16:07:51.360+0000] {manager.py:451} INFO - Exiting gracefully upon receiving signal 15
[2026-02-05T16:16:23.636+0000] {manager.py:469} INFO - Processing files using up to 2 processes at a time 
[2026-02-05T16:16:23.655+0000] {manager.py:470} INFO - Process each file at most once every 30 seconds
[2026-02-05T16:16:23.657+0000] {manager.py:471} INFO - Checking for new files in /opt/airflow/dags every 300 seconds
[2026-02-05T16:16:23.659+0000] {manager.py:738} INFO - Searching for files in /opt/airflow/dags
[2026-02-05T16:16:23.717+0000] {manager.py:741} INFO - There are 1 files in /opt/airflow/dags
[2026-02-05T16:16:23.842+0000] {manager.py:879} INFO - 
================================================================================
DAG File Processing Stats

File Path                             PID  Runtime      # DAGs    # Errors  Last Runtime    Last Run
----------------------------------  -----  ---------  --------  ----------  --------------  ----------
/opt/airflow/dags/ecommerce_etl.py    186  0.05s             0           0
================================================================================
[2026-02-05T16:16:54.037+0000] {manager.py:879} INFO - 
================================================================================
DAG File Processing Stats

File Path                           PID    Runtime      # DAGs    # Errors  Last Runtime    Last Run
----------------------------------  -----  ---------  --------  ----------  --------------  -------------------
/opt/airflow/dags/ecommerce_etl.py                           1           0  1.18s           2026-02-05T16:16:24
================================================================================
[2026-02-05T16:17:24.137+0000] {manager.py:879} INFO - 
================================================================================
DAG File Processing Stats

File Path                           PID    Runtime      # DAGs    # Errors  Last Runtime    Last Run
----------------------------------  -----  ---------  --------  ----------  --------------  -------------------
/opt/airflow/dags/ecommerce_etl.py                           1           0  0.91s           2026-02-05T16:16:55
================================================================================
[2026-02-05T16:17:54.454+0000] {manager.py:879} INFO - 
================================================================================
DAG File Processing Stats

File Path                           PID    Runtime      # DAGs    # Errors  Last Runtime    Last Run
----------------------------------  -----  ---------  --------  ----------  --------------  -------------------
/opt/airflow/dags/ecommerce_etl.py                           1           0  0.43s           2026-02-05T16:17:26
================================================================================
[2026-02-05T16:18:24.914+0000] {manager.py:879} INFO - 
================================================================================
DAG File Processing Stats

File Path                           PID    Runtime      # DAGs    # Errors  Last Runtime    Last Run
----------------------------------  -----  ---------  --------  ----------  --------------  -------------------
/opt/airflow/dags/ecommerce_etl.py                           1           0  0.37s           2026-02-05T16:17:57
================================================================================
[2026-02-05T16:18:55.124+0000] {manager.py:879} INFO - 
================================================================================
DAG File Processing Stats

File Path                           PID    Runtime      # DAGs    # Errors  Last Runtime    Last Run
----------------------------------  -----  ---------  --------  ----------  --------------  -------------------
/opt/airflow/dags/ecommerce_etl.py                           1           0  0.64s           2026-02-05T16:18:27
================================================================================
[2026-02-05T16:19:25.324+0000] {manager.py:879} INFO - 
================================================================================
DAG File Processing Stats

File Path                           PID    Runtime      # DAGs    # Errors  Last Runtime    Last Run
----------------------------------  -----  ---------  --------  ----------  --------------  -------------------
/opt/airflow/dags/ecommerce_etl.py                           1           0  0.33s           2026-02-05T16:18:58
================================================================================
[2026-02-05T16:19:55.840+0000] {manager.py:879} INFO - 
================================================================================
DAG File Processing Stats

File Path                           PID    Runtime      # DAGs    # Errors  Last Runtime    Last Run
----------------------------------  -----  ---------  --------  ----------  --------------  -------------------
/opt/airflow/dags/ecommerce_etl.py                           1           0  0.34s           2026-02-05T16:19:28
================================================================================
[2026-02-05T16:20:26.317+0000] {manager.py:879} INFO - 
================================================================================
DAG File Processing Stats

File Path                           PID    Runtime      # DAGs    # Errors  Last Runtime    Last Run
----------------------------------  -----  ---------  --------  ----------  --------------  -------------------
/opt/airflow/dags/ecommerce_etl.py                           1           0  0.42s           2026-02-05T16:19:59
================================================================================
[2026-02-05T16:20:56.903+0000] {manager.py:879} INFO - 
================================================================================
DAG File Processing Stats

File Path                           PID    Runtime      # DAGs    # Errors  Last Runtime    Last Run
----------------------------------  -----  ---------  --------  ----------  --------------  -------------------
/opt/airflow/dags/ecommerce_etl.py                           1           0  0.37s           2026-02-05T16:20:30
================================================================================
[2026-02-05T16:21:23.772+0000] {manager.py:738} INFO - Searching for files in /opt/airflow/dags
[2026-02-05T16:21:23.794+0000] {manager.py:741} INFO - There are 1 files in /opt/airflow/dags
[2026-02-05T16:21:27.423+0000] {manager.py:879} INFO - 
================================================================================
DAG File Processing Stats

File Path                           PID    Runtime      # DAGs    # Errors  Last Runtime    Last Run
----------------------------------  -----  ---------  --------  ----------  --------------  -------------------
/opt/airflow/dags/ecommerce_etl.py                           1           0  0.38s           2026-02-05T16:21:00
================================================================================
[2026-02-05T16:21:57.991+0000] {manager.py:879} INFO - 
================================================================================
DAG File Processing Stats

File Path                           PID    Runtime      # DAGs    # Errors  Last Runtime    Last Run
----------------------------------  -----  ---------  --------  ----------  --------------  -------------------
/opt/airflow/dags/ecommerce_etl.py                           1           0  0.39s           2026-02-05T16:21:31
================================================================================
[2026-02-05T16:22:28.554+0000] {manager.py:879} INFO - 
================================================================================
DAG File Processing Stats

File Path                           PID    Runtime      # DAGs    # Errors  Last Runtime    Last Run
----------------------------------  -----  ---------  --------  ----------  --------------  -------------------
/opt/airflow/dags/ecommerce_etl.py                           1           0  0.38s           2026-02-05T16:22:01
================================================================================
[2026-02-05T16:22:59.089+0000] {manager.py:879} INFO - 
================================================================================
DAG File Processing Stats

File Path                           PID    Runtime      # DAGs    # Errors  Last Runtime    Last Run
----------------------------------  -----  ---------  --------  ----------  --------------  -------------------
/opt/airflow/dags/ecommerce_etl.py                           1           0  0.38s           2026-02-05T16:22:32
================================================================================
[2026-02-05T16:23:29.623+0000] {manager.py:879} INFO - 
================================================================================
DAG File Processing Stats

File Path                           PID    Runtime      # DAGs    # Errors  Last Runtime    Last Run
----------------------------------  -----  ---------  --------  ----------  --------------  -------------------
/opt/airflow/dags/ecommerce_etl.py                           1           0  0.35s           2026-02-05T16:23:02
================================================================================
[2026-02-05T16:24:00.149+0000] {manager.py:879} INFO - 
================================================================================
DAG File Processing Stats

File Path                           PID    Runtime      # DAGs    # Errors  Last Runtime    Last Run
----------------------------------  -----  ---------  --------  ----------  --------------  -------------------
/opt/airflow/dags/ecommerce_etl.py                           1           0  0.37s           2026-02-05T16:23:33
================================================================================
[2026-02-05T16:24:30.700+0000] {manager.py:879} INFO - 
================================================================================
DAG File Processing Stats

File Path                           PID    Runtime      # DAGs    # Errors  Last Runtime    Last Run
----------------------------------  -----  ---------  --------  ----------  --------------  -------------------
/opt/airflow/dags/ecommerce_etl.py                           1           0  0.37s           2026-02-05T16:24:03
================================================================================
[2026-02-05T16:25:01.225+0000] {manager.py:879} INFO - 
================================================================================
DAG File Processing Stats

File Path                           PID    Runtime      # DAGs    # Errors  Last Runtime    Last Run
----------------------------------  -----  ---------  --------  ----------  --------------  -------------------
/opt/airflow/dags/ecommerce_etl.py                           1           0  0.37s           2026-02-05T16:24:34
================================================================================
[2026-02-05T16:25:31.810+0000] {manager.py:879} INFO - 
================================================================================
DAG File Processing Stats

File Path                           PID    Runtime      # DAGs    # Errors  Last Runtime    Last Run
----------------------------------  -----  ---------  --------  ----------  --------------  -------------------
/opt/airflow/dags/ecommerce_etl.py                           1           0  0.31s           2026-02-05T16:25:04
================================================================================
[2026-02-05T16:26:02.314+0000] {manager.py:879} INFO - 
================================================================================
DAG File Processing Stats

File Path                           PID    Runtime      # DAGs    # Errors  Last Runtime    Last Run
----------------------------------  -----  ---------  --------  ----------  --------------  -------------------
/opt/airflow/dags/ecommerce_etl.py                           1           0  0.37s           2026-02-05T16:25:35
================================================================================
[2026-02-05T16:26:23.796+0000] {manager.py:738} INFO - Searching for files in /opt/airflow/dags
[2026-02-05T16:26:23.822+0000] {manager.py:741} INFO - There are 1 files in /opt/airflow/dags
[2026-02-05T16:26:32.885+0000] {manager.py:879} INFO - 
================================================================================
DAG File Processing Stats

File Path                           PID    Runtime      # DAGs    # Errors  Last Runtime    Last Run
----------------------------------  -----  ---------  --------  ----------  --------------  -------------------
/opt/airflow/dags/ecommerce_etl.py                           1           0  0.35s           2026-02-05T16:26:06
================================================================================
[2026-02-05T16:27:03.405+0000] {manager.py:879} INFO - 
================================================================================
DAG File Processing Stats

File Path                           PID    Runtime      # DAGs    # Errors  Last Runtime    Last Run
----------------------------------  -----  ---------  --------  ----------  --------------  -------------------
/opt/airflow/dags/ecommerce_etl.py                           1           0  0.40s           2026-02-05T16:26:36
================================================================================
[2026-02-05T16:27:33.996+0000] {manager.py:879} INFO - 
================================================================================
DAG File Processing Stats

File Path                           PID    Runtime      # DAGs    # Errors  Last Runtime    Last Run
----------------------------------  -----  ---------  --------  ----------  --------------  -------------------
/opt/airflow/dags/ecommerce_etl.py                           1           0  0.34s           2026-02-05T16:27:07
================================================================================
[2026-02-05T16:28:04.524+0000] {manager.py:879} INFO - 
================================================================================
DAG File Processing Stats

File Path                           PID    Runtime      # DAGs    # Errors  Last Runtime    Last Run
----------------------------------  -----  ---------  --------  ----------  --------------  -------------------
/opt/airflow/dags/ecommerce_etl.py                           1           0  0.41s           2026-02-05T16:27:37
================================================================================
[2026-02-05T16:28:34.628+0000] {manager.py:879} INFO - 
================================================================================
DAG File Processing Stats

File Path                           PID    Runtime      # DAGs    # Errors  Last Runtime    Last Run
----------------------------------  -----  ---------  --------  ----------  --------------  -------------------
/opt/airflow/dags/ecommerce_etl.py                           1           0  0.51s           2026-02-05T16:28:08
================================================================================
[2026-02-05T16:29:04.805+0000] {manager.py:879} INFO - 
================================================================================
DAG File Processing Stats

File Path                           PID    Runtime      # DAGs    # Errors  Last Runtime    Last Run
----------------------------------  -----  ---------  --------  ----------  --------------  -------------------
/opt/airflow/dags/ecommerce_etl.py                           1           0  0.42s           2026-02-05T16:28:39
================================================================================
[2026-02-05T16:29:34.814+0000] {manager.py:879} INFO - 
================================================================================
DAG File Processing Stats

File Path                           PID    Runtime      # DAGs    # Errors  Last Runtime    Last Run
----------------------------------  -----  ---------  --------  ----------  --------------  -------------------
/opt/airflow/dags/ecommerce_etl.py                           1           0  0.42s           2026-02-05T16:29:09
================================================================================
[2026-02-05T16:30:04.996+0000] {manager.py:879} INFO - 
================================================================================
DAG File Processing Stats

File Path                           PID    Runtime      # DAGs    # Errors  Last Runtime    Last Run
----------------------------------  -----  ---------  --------  ----------  --------------  -------------------
/opt/airflow/dags/ecommerce_etl.py                           1           0  0.55s           2026-02-05T16:29:40
================================================================================
[2026-02-05T16:30:35.069+0000] {manager.py:879} INFO - 
================================================================================
DAG File Processing Stats

File Path                           PID    Runtime      # DAGs    # Errors  Last Runtime    Last Run
----------------------------------  -----  ---------  --------  ----------  --------------  -------------------
/opt/airflow/dags/ecommerce_etl.py                           1           0  0.35s           2026-02-05T16:30:10
================================================================================
[2026-02-05T16:31:05.284+0000] {manager.py:879} INFO - 
================================================================================
DAG File Processing Stats

File Path                           PID    Runtime      # DAGs    # Errors  Last Runtime    Last Run
----------------------------------  -----  ---------  --------  ----------  --------------  -------------------
/opt/airflow/dags/ecommerce_etl.py                           1           0  0.45s           2026-02-05T16:30:41
================================================================================
[2026-02-05T16:31:23.865+0000] {manager.py:738} INFO - Searching for files in /opt/airflow/dags
[2026-02-05T16:31:23.899+0000] {manager.py:741} INFO - There are 1 files in /opt/airflow/dags
[2026-02-05T16:31:35.981+0000] {manager.py:879} INFO - 
================================================================================
DAG File Processing Stats

File Path                           PID    Runtime      # DAGs    # Errors  Last Runtime    Last Run
----------------------------------  -----  ---------  --------  ----------  --------------  -------------------
/opt/airflow/dags/ecommerce_etl.py                           1           0  0.33s           2026-02-05T16:31:12
================================================================================
[2026-02-05T16:32:06.442+0000] {manager.py:879} INFO - 
================================================================================
DAG File Processing Stats

File Path                           PID    Runtime      # DAGs    # Errors  Last Runtime    Last Run
----------------------------------  -----  ---------  --------  ----------  --------------  -------------------
/opt/airflow/dags/ecommerce_etl.py                           1           0  0.37s           2026-02-05T16:31:42
================================================================================
[2026-02-05T16:32:37.028+0000] {manager.py:879} INFO - 
================================================================================
DAG File Processing Stats

File Path                           PID    Runtime      # DAGs    # Errors  Last Runtime    Last Run
----------------------------------  -----  ---------  --------  ----------  --------------  -------------------
/opt/airflow/dags/ecommerce_etl.py                           1           0  0.32s           2026-02-05T16:32:13
================================================================================
[2026-02-05T16:33:07.535+0000] {manager.py:879} INFO - 
================================================================================
DAG File Processing Stats

File Path                           PID    Runtime      # DAGs    # Errors  Last Runtime    Last Run
----------------------------------  -----  ---------  --------  ----------  --------------  -------------------
/opt/airflow/dags/ecommerce_etl.py                           1           0  0.37s           2026-02-05T16:32:43
================================================================================
[2026-02-05T16:33:37.799+0000] {manager.py:879} INFO - 
================================================================================
DAG File Processing Stats

File Path                           PID    Runtime      # DAGs    # Errors  Last Runtime    Last Run
----------------------------------  -----  ---------  --------  ----------  --------------  -------------------
/opt/airflow/dags/ecommerce_etl.py                           1           0  0.35s           2026-02-05T16:33:13
================================================================================
[2026-02-05T16:33:46.797+0000] {manager.py:451} INFO - Exiting gracefully upon receiving signal 15
[2026-02-05T16:37:06.279+0000] {manager.py:469} INFO - Processing files using up to 2 processes at a time 
[2026-02-05T16:37:06.282+0000] {manager.py:470} INFO - Process each file at most once every 30 seconds
[2026-02-05T16:37:06.284+0000] {manager.py:471} INFO - Checking for new files in /opt/airflow/dags every 300 seconds
[2026-02-05T16:37:06.285+0000] {manager.py:738} INFO - Searching for files in /opt/airflow/dags
[2026-02-05T16:37:06.332+0000] {manager.py:741} INFO - There are 1 files in /opt/airflow/dags
[2026-02-05T16:37:06.721+0000] {manager.py:879} INFO - 
================================================================================
DAG File Processing Stats

File Path                             PID  Runtime      # DAGs    # Errors  Last Runtime    Last Run
----------------------------------  -----  ---------  --------  ----------  --------------  ----------
/opt/airflow/dags/ecommerce_etl.py    186  0.19s             0           0
================================================================================
[2026-02-05T16:37:36.886+0000] {manager.py:879} INFO - 
================================================================================
DAG File Processing Stats

File Path                           PID    Runtime      # DAGs    # Errors  Last Runtime    Last Run
----------------------------------  -----  ---------  --------  ----------  --------------  -------------------
/opt/airflow/dags/ecommerce_etl.py                           1           0  0.79s           2026-02-05T16:37:07
================================================================================
[2026-02-05T16:38:06.979+0000] {manager.py:879} INFO - 
================================================================================
DAG File Processing Stats

File Path                           PID    Runtime      # DAGs    # Errors  Last Runtime    Last Run
----------------------------------  -----  ---------  --------  ----------  --------------  -------------------
/opt/airflow/dags/ecommerce_etl.py                           1           0  0.33s           2026-02-05T16:37:37
================================================================================
[2026-02-05T16:38:37.161+0000] {manager.py:879} INFO - 
================================================================================
DAG File Processing Stats

File Path                           PID    Runtime      # DAGs    # Errors  Last Runtime    Last Run
----------------------------------  -----  ---------  --------  ----------  --------------  -------------------
/opt/airflow/dags/ecommerce_etl.py                           1           0  0.17s           2026-02-05T16:38:08
================================================================================
[2026-02-05T16:39:07.483+0000] {manager.py:879} INFO - 
================================================================================
DAG File Processing Stats

File Path                           PID    Runtime      # DAGs    # Errors  Last Runtime    Last Run
----------------------------------  -----  ---------  --------  ----------  --------------  -------------------
/opt/airflow/dags/ecommerce_etl.py                           1           0  0.21s           2026-02-05T16:38:38
================================================================================
[2026-02-05T16:39:37.694+0000] {manager.py:879} INFO - 
================================================================================
DAG File Processing Stats

File Path                           PID    Runtime      # DAGs    # Errors  Last Runtime    Last Run
----------------------------------  -----  ---------  --------  ----------  --------------  -------------------
/opt/airflow/dags/ecommerce_etl.py                           1           0  0.12s           2026-02-05T16:39:08
================================================================================
[2026-02-05T16:40:07.937+0000] {manager.py:879} INFO - 
================================================================================
DAG File Processing Stats

File Path                           PID    Runtime      # DAGs    # Errors  Last Runtime    Last Run
----------------------------------  -----  ---------  --------  ----------  --------------  -------------------
/opt/airflow/dags/ecommerce_etl.py                           1           0  0.27s           2026-02-05T16:39:38
================================================================================
[2026-02-05T16:40:38.330+0000] {manager.py:879} INFO - 
================================================================================
DAG File Processing Stats

File Path                           PID    Runtime      # DAGs    # Errors  Last Runtime    Last Run
----------------------------------  -----  ---------  --------  ----------  --------------  -------------------
/opt/airflow/dags/ecommerce_etl.py                           1           0  0.16s           2026-02-05T16:40:09
================================================================================
[2026-02-05T16:41:08.645+0000] {manager.py:879} INFO - 
================================================================================
DAG File Processing Stats

File Path                           PID    Runtime      # DAGs    # Errors  Last Runtime    Last Run
----------------------------------  -----  ---------  --------  ----------  --------------  -------------------
/opt/airflow/dags/ecommerce_etl.py                           1           0  0.27s           2026-02-05T16:40:39
================================================================================
[2026-02-05T16:41:38.930+0000] {manager.py:879} INFO - 
================================================================================
DAG File Processing Stats

File Path                           PID    Runtime      # DAGs    # Errors  Last Runtime    Last Run
----------------------------------  -----  ---------  --------  ----------  --------------  -------------------
/opt/airflow/dags/ecommerce_etl.py                           1           0  0.13s           2026-02-05T16:41:09
================================================================================
[2026-02-05T16:42:07.110+0000] {manager.py:738} INFO - Searching for files in /opt/airflow/dags
[2026-02-05T16:42:07.153+0000] {manager.py:741} INFO - There are 1 files in /opt/airflow/dags
[2026-02-05T16:42:09.180+0000] {manager.py:879} INFO - 
================================================================================
DAG File Processing Stats

File Path                           PID    Runtime      # DAGs    # Errors  Last Runtime    Last Run
----------------------------------  -----  ---------  --------  ----------  --------------  -------------------
/opt/airflow/dags/ecommerce_etl.py                           1           0  0.14s           2026-02-05T16:41:40
================================================================================
[2026-02-05T16:42:39.410+0000] {manager.py:879} INFO - 
================================================================================
DAG File Processing Stats

File Path                           PID    Runtime      # DAGs    # Errors  Last Runtime    Last Run
----------------------------------  -----  ---------  --------  ----------  --------------  -------------------
/opt/airflow/dags/ecommerce_etl.py                           1           0  0.12s           2026-02-05T16:42:10
================================================================================
[2026-02-05T16:43:09.635+0000] {manager.py:879} INFO - 
================================================================================
DAG File Processing Stats

File Path                           PID    Runtime      # DAGs    # Errors  Last Runtime    Last Run
----------------------------------  -----  ---------  --------  ----------  --------------  -------------------
/opt/airflow/dags/ecommerce_etl.py                           1           0  0.13s           2026-02-05T16:42:40
================================================================================
[2026-02-05T16:43:39.872+0000] {manager.py:879} INFO - 
================================================================================
DAG File Processing Stats

File Path                           PID    Runtime      # DAGs    # Errors  Last Runtime    Last Run
----------------------------------  -----  ---------  --------  ----------  --------------  -------------------
/opt/airflow/dags/ecommerce_etl.py                           1           0  0.12s           2026-02-05T16:43:10
================================================================================
[2026-02-05T16:44:10.103+0000] {manager.py:879} INFO - 
================================================================================
DAG File Processing Stats

File Path                           PID    Runtime      # DAGs    # Errors  Last Runtime    Last Run
----------------------------------  -----  ---------  --------  ----------  --------------  -------------------
/opt/airflow/dags/ecommerce_etl.py                           1           0  0.24s           2026-02-05T16:43:41
================================================================================
[2026-02-05T16:44:40.504+0000] {manager.py:879} INFO - 
================================================================================
DAG File Processing Stats

File Path                           PID    Runtime      # DAGs    # Errors  Last Runtime    Last Run
----------------------------------  -----  ---------  --------  ----------  --------------  -------------------
/opt/airflow/dags/ecommerce_etl.py                           1           0  0.12s           2026-02-05T16:44:11
================================================================================
[2026-02-05T16:45:10.805+0000] {manager.py:879} INFO - 
================================================================================
DAG File Processing Stats

File Path                           PID    Runtime      # DAGs    # Errors  Last Runtime    Last Run
----------------------------------  -----  ---------  --------  ----------  --------------  -------------------
/opt/airflow/dags/ecommerce_etl.py                           1           0  0.13s           2026-02-05T16:44:41
================================================================================
[2026-02-05T16:45:41.012+0000] {manager.py:879} INFO - 
================================================================================
DAG File Processing Stats

File Path                           PID    Runtime      # DAGs    # Errors  Last Runtime    Last Run
----------------------------------  -----  ---------  --------  ----------  --------------  -------------------
/opt/airflow/dags/ecommerce_etl.py                           1           0  0.35s           2026-02-05T16:45:12
================================================================================
[2026-02-05T16:46:11.491+0000] {manager.py:879} INFO - 
================================================================================
DAG File Processing Stats

File Path                           PID    Runtime      # DAGs    # Errors  Last Runtime    Last Run
----------------------------------  -----  ---------  --------  ----------  --------------  -------------------
/opt/airflow/dags/ecommerce_etl.py                           1           0  0.34s           2026-02-05T16:45:42
================================================================================
[2026-02-05T16:46:42.003+0000] {manager.py:879} INFO - 
================================================================================
DAG File Processing Stats

File Path                           PID    Runtime      # DAGs    # Errors  Last Runtime    Last Run
----------------------------------  -----  ---------  --------  ----------  --------------  -------------------
/opt/airflow/dags/ecommerce_etl.py                           1           0  0.13s           2026-02-05T16:46:12
================================================================================
[2026-02-05T16:47:07.278+0000] {manager.py:738} INFO - Searching for files in /opt/airflow/dags
[2026-02-05T16:47:07.312+0000] {manager.py:741} INFO - There are 1 files in /opt/airflow/dags
[2026-02-05T16:47:12.352+0000] {manager.py:879} INFO - 
================================================================================
DAG File Processing Stats

File Path                           PID    Runtime      # DAGs    # Errors  Last Runtime    Last Run
----------------------------------  -----  ---------  --------  ----------  --------------  -------------------
/opt/airflow/dags/ecommerce_etl.py                           1           0  0.19s           2026-02-05T16:46:43
================================================================================
[2026-02-05T16:47:42.552+0000] {manager.py:879} INFO - 
================================================================================
DAG File Processing Stats

File Path                           PID    Runtime      # DAGs    # Errors  Last Runtime    Last Run
----------------------------------  -----  ---------  --------  ----------  --------------  -------------------
/opt/airflow/dags/ecommerce_etl.py                           1           0  0.12s           2026-02-05T16:47:13
================================================================================
[2026-02-05T16:48:12.823+0000] {manager.py:879} INFO - 
================================================================================
DAG File Processing Stats

File Path                           PID    Runtime      # DAGs    # Errors  Last Runtime    Last Run
----------------------------------  -----  ---------  --------  ----------  --------------  -------------------
/opt/airflow/dags/ecommerce_etl.py                           1           0  0.14s           2026-02-05T16:47:43
================================================================================
[2026-02-05T16:48:43.009+0000] {manager.py:879} INFO - 
================================================================================
DAG File Processing Stats

File Path                           PID    Runtime      # DAGs    # Errors  Last Runtime    Last Run
----------------------------------  -----  ---------  --------  ----------  --------------  -------------------
/opt/airflow/dags/ecommerce_etl.py                           1           0  0.13s           2026-02-05T16:48:13
================================================================================
[2026-02-05T16:49:13.267+0000] {manager.py:879} INFO - 
================================================================================
DAG File Processing Stats

File Path                           PID    Runtime      # DAGs    # Errors  Last Runtime    Last Run
----------------------------------  -----  ---------  --------  ----------  --------------  -------------------
/opt/airflow/dags/ecommerce_etl.py                           1           0  0.13s           2026-02-05T16:48:44
================================================================================
[2026-02-05T16:49:43.451+0000] {manager.py:879} INFO - 
================================================================================
DAG File Processing Stats

File Path                           PID    Runtime      # DAGs    # Errors  Last Runtime    Last Run
----------------------------------  -----  ---------  --------  ----------  --------------  -------------------
/opt/airflow/dags/ecommerce_etl.py                           1           0  0.14s           2026-02-05T16:49:14
================================================================================
[2026-02-05T16:50:13.725+0000] {manager.py:879} INFO - 
================================================================================
DAG File Processing Stats

File Path                           PID    Runtime      # DAGs    # Errors  Last Runtime    Last Run
----------------------------------  -----  ---------  --------  ----------  --------------  -------------------
/opt/airflow/dags/ecommerce_etl.py                           1           0  0.13s           2026-02-05T16:49:44
================================================================================
[2026-02-05T16:50:43.924+0000] {manager.py:879} INFO - 
================================================================================
DAG File Processing Stats

File Path                           PID    Runtime      # DAGs    # Errors  Last Runtime    Last Run
----------------------------------  -----  ---------  --------  ----------  --------------  -------------------
/opt/airflow/dags/ecommerce_etl.py                           1           0  0.11s           2026-02-05T16:50:14
================================================================================
[2026-02-05T16:51:14.180+0000] {manager.py:879} INFO - 
================================================================================
DAG File Processing Stats

File Path                           PID    Runtime      # DAGs    # Errors  Last Runtime    Last Run
----------------------------------  -----  ---------  --------  ----------  --------------  -------------------
/opt/airflow/dags/ecommerce_etl.py                           1           0  0.14s           2026-02-05T16:50:45
================================================================================
[2026-02-05T16:51:44.380+0000] {manager.py:879} INFO - 
================================================================================
DAG File Processing Stats

File Path                           PID    Runtime      # DAGs    # Errors  Last Runtime    Last Run
----------------------------------  -----  ---------  --------  ----------  --------------  -------------------
/opt/airflow/dags/ecommerce_etl.py                           1           0  0.13s           2026-02-05T16:51:15
================================================================================
[2026-02-05T16:52:07.598+0000] {manager.py:738} INFO - Searching for files in /opt/airflow/dags
[2026-02-05T16:52:07.626+0000] {manager.py:741} INFO - There are 1 files in /opt/airflow/dags
[2026-02-05T16:52:14.682+0000] {manager.py:879} INFO - 
================================================================================
DAG File Processing Stats

File Path                           PID    Runtime      # DAGs    # Errors  Last Runtime    Last Run
----------------------------------  -----  ---------  --------  ----------  --------------  -------------------
/opt/airflow/dags/ecommerce_etl.py                           1           0  0.13s           2026-02-05T16:51:45
================================================================================
[2026-02-05T16:52:44.873+0000] {manager.py:879} INFO - 
================================================================================
DAG File Processing Stats

File Path                           PID    Runtime      # DAGs    # Errors  Last Runtime    Last Run
----------------------------------  -----  ---------  --------  ----------  --------------  -------------------
/opt/airflow/dags/ecommerce_etl.py                           1           0  0.12s           2026-02-05T16:52:15
================================================================================
[2026-02-05T16:53:15.125+0000] {manager.py:879} INFO - 
================================================================================
DAG File Processing Stats

File Path                           PID    Runtime      # DAGs    # Errors  Last Runtime    Last Run
----------------------------------  -----  ---------  --------  ----------  --------------  -------------------
/opt/airflow/dags/ecommerce_etl.py                           1           0  0.12s           2026-02-05T16:52:46
================================================================================
[2026-02-05T16:53:45.313+0000] {manager.py:879} INFO - 
================================================================================
DAG File Processing Stats

File Path                           PID    Runtime      # DAGs    # Errors  Last Runtime    Last Run
----------------------------------  -----  ---------  --------  ----------  --------------  -------------------
/opt/airflow/dags/ecommerce_etl.py                           1           0  0.13s           2026-02-05T16:53:16
================================================================================
[2026-02-05T16:54:15.577+0000] {manager.py:879} INFO - 
================================================================================
DAG File Processing Stats

File Path                           PID    Runtime      # DAGs    # Errors  Last Runtime    Last Run
----------------------------------  -----  ---------  --------  ----------  --------------  -------------------
/opt/airflow/dags/ecommerce_etl.py                           1           0  0.12s           2026-02-05T16:53:46
================================================================================
[2026-02-05T16:54:45.761+0000] {manager.py:879} INFO - 
================================================================================
DAG File Processing Stats

File Path                           PID    Runtime      # DAGs    # Errors  Last Runtime    Last Run
----------------------------------  -----  ---------  --------  ----------  --------------  -------------------
/opt/airflow/dags/ecommerce_etl.py                           1           0  0.15s           2026-02-05T16:54:16
================================================================================
[2026-02-05T16:55:16.061+0000] {manager.py:879} INFO - 
================================================================================
DAG File Processing Stats

File Path                           PID    Runtime      # DAGs    # Errors  Last Runtime    Last Run
----------------------------------  -----  ---------  --------  ----------  --------------  -------------------
/opt/airflow/dags/ecommerce_etl.py                           1           0  0.12s           2026-02-05T16:54:46
================================================================================
[2026-02-05T16:55:46.256+0000] {manager.py:879} INFO - 
================================================================================
DAG File Processing Stats

File Path                           PID    Runtime      # DAGs    # Errors  Last Runtime    Last Run
----------------------------------  -----  ---------  --------  ----------  --------------  -------------------
/opt/airflow/dags/ecommerce_etl.py                           1           0  0.11s           2026-02-05T16:55:17
================================================================================
[2026-02-05T16:56:16.553+0000] {manager.py:879} INFO - 
================================================================================
DAG File Processing Stats

File Path                           PID    Runtime      # DAGs    # Errors  Last Runtime    Last Run
----------------------------------  -----  ---------  --------  ----------  --------------  -------------------
/opt/airflow/dags/ecommerce_etl.py                           1           0  0.12s           2026-02-05T16:55:47
================================================================================
[2026-02-05T16:56:46.768+0000] {manager.py:879} INFO - 
================================================================================
DAG File Processing Stats

File Path                           PID    Runtime      # DAGs    # Errors  Last Runtime    Last Run
----------------------------------  -----  ---------  --------  ----------  --------------  -------------------
/opt/airflow/dags/ecommerce_etl.py                           1           0  0.12s           2026-02-05T16:56:17
================================================================================
[2026-02-05T16:57:08.021+0000] {manager.py:738} INFO - Searching for files in /opt/airflow/dags
[2026-02-05T16:57:08.054+0000] {manager.py:741} INFO - There are 1 files in /opt/airflow/dags
[2026-02-05T16:57:17.128+0000] {manager.py:879} INFO - 
================================================================================
DAG File Processing Stats

File Path                           PID    Runtime      # DAGs    # Errors  Last Runtime    Last Run
----------------------------------  -----  ---------  --------  ----------  --------------  -------------------
/opt/airflow/dags/ecommerce_etl.py                           1           0  0.12s           2026-02-05T16:56:47
================================================================================
[2026-02-05T16:57:47.325+0000] {manager.py:879} INFO - 
================================================================================
DAG File Processing Stats

File Path                           PID    Runtime      # DAGs    # Errors  Last Runtime    Last Run
----------------------------------  -----  ---------  --------  ----------  --------------  -------------------
/opt/airflow/dags/ecommerce_etl.py                           1           0  0.13s           2026-02-05T16:57:18
================================================================================
[2026-02-05T16:58:17.659+0000] {manager.py:879} INFO - 
================================================================================
DAG File Processing Stats

File Path                           PID    Runtime      # DAGs    # Errors  Last Runtime    Last Run
----------------------------------  -----  ---------  --------  ----------  --------------  -------------------
/opt/airflow/dags/ecommerce_etl.py                           1           0  0.12s           2026-02-05T16:57:48
================================================================================
[2026-02-05T16:58:47.892+0000] {manager.py:879} INFO - 
================================================================================
DAG File Processing Stats

File Path                           PID    Runtime      # DAGs    # Errors  Last Runtime    Last Run
----------------------------------  -----  ---------  --------  ----------  --------------  -------------------
/opt/airflow/dags/ecommerce_etl.py                           1           0  0.12s           2026-02-05T16:58:18
================================================================================
[2026-02-05T16:59:18.130+0000] {manager.py:879} INFO - 
================================================================================
DAG File Processing Stats

File Path                           PID    Runtime      # DAGs    # Errors  Last Runtime    Last Run
----------------------------------  -----  ---------  --------  ----------  --------------  -------------------
/opt/airflow/dags/ecommerce_etl.py                           1           0  0.13s           2026-02-05T16:58:49
================================================================================
[2026-02-05T16:59:48.362+0000] {manager.py:879} INFO - 
================================================================================
DAG File Processing Stats

File Path                           PID    Runtime      # DAGs    # Errors  Last Runtime    Last Run
----------------------------------  -----  ---------  --------  ----------  --------------  -------------------
/opt/airflow/dags/ecommerce_etl.py                           1           0  0.14s           2026-02-05T16:59:19
================================================================================
[2026-02-05T17:00:18.625+0000] {manager.py:879} INFO - 
================================================================================
DAG File Processing Stats

File Path                           PID    Runtime      # DAGs    # Errors  Last Runtime    Last Run
----------------------------------  -----  ---------  --------  ----------  --------------  -------------------
/opt/airflow/dags/ecommerce_etl.py                           1           0  0.16s           2026-02-05T16:59:49
================================================================================
[2026-02-05T17:00:48.890+0000] {manager.py:879} INFO - 
================================================================================
DAG File Processing Stats

File Path                           PID    Runtime      # DAGs    # Errors  Last Runtime    Last Run
----------------------------------  -----  ---------  --------  ----------  --------------  -------------------
/opt/airflow/dags/ecommerce_etl.py                           1           0  0.13s           2026-02-05T17:00:19
================================================================================
[2026-02-05T17:01:19.111+0000] {manager.py:879} INFO - 
================================================================================
DAG File Processing Stats

File Path                           PID    Runtime      # DAGs    # Errors  Last Runtime    Last Run
----------------------------------  -----  ---------  --------  ----------  --------------  -------------------
/opt/airflow/dags/ecommerce_etl.py                           1           0  0.13s           2026-02-05T17:00:50
================================================================================
[2026-02-05T17:01:49.383+0000] {manager.py:879} INFO - 
================================================================================
DAG File Processing Stats

File Path                           PID    Runtime      # DAGs    # Errors  Last Runtime    Last Run
----------------------------------  -----  ---------  --------  ----------  --------------  -------------------
/opt/airflow/dags/ecommerce_etl.py                           1           0  0.16s           2026-02-05T17:01:20
================================================================================
[2026-02-05T17:02:08.583+0000] {manager.py:738} INFO - Searching for files in /opt/airflow/dags
[2026-02-05T17:02:08.609+0000] {manager.py:741} INFO - There are 1 files in /opt/airflow/dags
[2026-02-05T17:02:19.725+0000] {manager.py:879} INFO - 
================================================================================
DAG File Processing Stats

File Path                           PID    Runtime      # DAGs    # Errors  Last Runtime    Last Run
----------------------------------  -----  ---------  --------  ----------  --------------  -------------------
/opt/airflow/dags/ecommerce_etl.py                           1           0  0.12s           2026-02-05T17:01:50
================================================================================
[2026-02-05T17:02:49.956+0000] {manager.py:879} INFO - 
================================================================================
DAG File Processing Stats

File Path                           PID    Runtime      # DAGs    # Errors  Last Runtime    Last Run
----------------------------------  -----  ---------  --------  ----------  --------------  -------------------
/opt/airflow/dags/ecommerce_etl.py                           1           0  0.12s           2026-02-05T17:02:20
================================================================================
[2026-02-05T17:03:20.207+0000] {manager.py:879} INFO - 
================================================================================
DAG File Processing Stats

File Path                           PID    Runtime      # DAGs    # Errors  Last Runtime    Last Run
----------------------------------  -----  ---------  --------  ----------  --------------  -------------------
/opt/airflow/dags/ecommerce_etl.py                           1           0  0.12s           2026-02-05T17:02:51
================================================================================
[2026-02-05T17:03:50.398+0000] {manager.py:879} INFO - 
================================================================================
DAG File Processing Stats

File Path                           PID    Runtime      # DAGs    # Errors  Last Runtime    Last Run
----------------------------------  -----  ---------  --------  ----------  --------------  -------------------
/opt/airflow/dags/ecommerce_etl.py                           1           0  0.16s           2026-02-05T17:03:21
================================================================================
[2026-02-05T17:04:20.768+0000] {manager.py:879} INFO - 
================================================================================
DAG File Processing Stats

File Path                           PID    Runtime      # DAGs    # Errors  Last Runtime    Last Run
----------------------------------  -----  ---------  --------  ----------  --------------  -------------------
/opt/airflow/dags/ecommerce_etl.py                           1           0  0.19s           2026-02-05T17:04:01
================================================================================
[2026-02-05T17:04:51.107+0000] {manager.py:879} INFO - 
================================================================================
DAG File Processing Stats

File Path                           PID    Runtime      # DAGs    # Errors  Last Runtime    Last Run
----------------------------------  -----  ---------  --------  ----------  --------------  -------------------
/opt/airflow/dags/ecommerce_etl.py                           1           0  0.12s           2026-02-05T17:04:32
================================================================================
[2026-02-05T17:05:21.373+0000] {manager.py:879} INFO - 
================================================================================
DAG File Processing Stats

File Path                           PID    Runtime      # DAGs    # Errors  Last Runtime    Last Run
----------------------------------  -----  ---------  --------  ----------  --------------  -------------------
/opt/airflow/dags/ecommerce_etl.py                           1           0  0.14s           2026-02-05T17:05:02
================================================================================
[2026-02-05T17:05:51.588+0000] {manager.py:879} INFO - 
================================================================================
DAG File Processing Stats

File Path                           PID    Runtime      # DAGs    # Errors  Last Runtime    Last Run
----------------------------------  -----  ---------  --------  ----------  --------------  -------------------
/opt/airflow/dags/ecommerce_etl.py                           1           0  0.12s           2026-02-05T17:05:32
================================================================================
[2026-02-05T17:06:21.835+0000] {manager.py:879} INFO - 
================================================================================
DAG File Processing Stats

File Path                           PID    Runtime      # DAGs    # Errors  Last Runtime    Last Run
----------------------------------  -----  ---------  --------  ----------  --------------  -------------------
/opt/airflow/dags/ecommerce_etl.py                           1           0  0.12s           2026-02-05T17:06:02
================================================================================
[2026-02-05T17:06:52.043+0000] {manager.py:879} INFO - 
================================================================================
DAG File Processing Stats

File Path                           PID    Runtime      # DAGs    # Errors  Last Runtime    Last Run
----------------------------------  -----  ---------  --------  ----------  --------------  -------------------
/opt/airflow/dags/ecommerce_etl.py                           1           0  0.14s           2026-02-05T17:06:33
================================================================================
[2026-02-05T17:07:09.288+0000] {manager.py:738} INFO - Searching for files in /opt/airflow/dags
[2026-02-05T17:07:09.327+0000] {manager.py:741} INFO - There are 1 files in /opt/airflow/dags
[2026-02-05T17:07:22.430+0000] {manager.py:879} INFO - 
================================================================================
DAG File Processing Stats

File Path                           PID    Runtime      # DAGs    # Errors  Last Runtime    Last Run
----------------------------------  -----  ---------  --------  ----------  --------------  -------------------
/opt/airflow/dags/ecommerce_etl.py                           1           0  0.16s           2026-02-05T17:07:03
================================================================================
[2026-02-05T17:07:52.669+0000] {manager.py:879} INFO - 
================================================================================
DAG File Processing Stats

File Path                           PID    Runtime      # DAGs    # Errors  Last Runtime    Last Run
----------------------------------  -----  ---------  --------  ----------  --------------  -------------------
/opt/airflow/dags/ecommerce_etl.py                           1           0  0.11s           2026-02-05T17:07:33
================================================================================
[2026-02-05T17:08:22.967+0000] {manager.py:879} INFO - 
================================================================================
DAG File Processing Stats

File Path                           PID    Runtime      # DAGs    # Errors  Last Runtime    Last Run
----------------------------------  -----  ---------  --------  ----------  --------------  -------------------
/opt/airflow/dags/ecommerce_etl.py                           1           0  0.12s           2026-02-05T17:08:03
================================================================================
[2026-02-05T17:08:53.209+0000] {manager.py:879} INFO - 
================================================================================
DAG File Processing Stats

File Path                           PID    Runtime      # DAGs    # Errors  Last Runtime    Last Run
----------------------------------  -----  ---------  --------  ----------  --------------  -------------------
/opt/airflow/dags/ecommerce_etl.py                           1           0  0.13s           2026-02-05T17:08:34
================================================================================
[2026-02-05T17:09:23.532+0000] {manager.py:879} INFO - 
================================================================================
DAG File Processing Stats

File Path                           PID    Runtime      # DAGs    # Errors  Last Runtime    Last Run
----------------------------------  -----  ---------  --------  ----------  --------------  -------------------
/opt/airflow/dags/ecommerce_etl.py                           1           0  0.12s           2026-02-05T17:09:04
================================================================================
[2026-02-05T17:09:53.759+0000] {manager.py:879} INFO - 
================================================================================
DAG File Processing Stats

File Path                           PID    Runtime      # DAGs    # Errors  Last Runtime    Last Run
----------------------------------  -----  ---------  --------  ----------  --------------  -------------------
/opt/airflow/dags/ecommerce_etl.py                           1           0  0.13s           2026-02-05T17:09:34
================================================================================
[2026-02-05T17:10:24.110+0000] {manager.py:879} INFO - 
================================================================================
DAG File Processing Stats

File Path                           PID    Runtime      # DAGs    # Errors  Last Runtime    Last Run
----------------------------------  -----  ---------  --------  ----------  --------------  -------------------
/opt/airflow/dags/ecommerce_etl.py                           1           0  0.12s           2026-02-05T17:10:04
================================================================================
[2026-02-05T17:10:54.342+0000] {manager.py:879} INFO - 
================================================================================
DAG File Processing Stats

File Path                           PID    Runtime      # DAGs    # Errors  Last Runtime    Last Run
----------------------------------  -----  ---------  --------  ----------  --------------  -------------------
/opt/airflow/dags/ecommerce_etl.py                           1           0  0.12s           2026-02-05T17:10:35
================================================================================
[2026-02-05T17:11:24.646+0000] {manager.py:879} INFO - 
================================================================================
DAG File Processing Stats

File Path                           PID    Runtime      # DAGs    # Errors  Last Runtime    Last Run
----------------------------------  -----  ---------  --------  ----------  --------------  -------------------
/opt/airflow/dags/ecommerce_etl.py                           1           0  0.12s           2026-02-05T17:11:05
================================================================================
[2026-02-05T17:25:58.818+0000] {manager.py:469} INFO - Processing files using up to 2 processes at a time 
[2026-02-05T17:25:58.858+0000] {manager.py:470} INFO - Process each file at most once every 30 seconds
[2026-02-05T17:25:58.861+0000] {manager.py:471} INFO - Checking for new files in /opt/airflow/dags every 300 seconds
[2026-02-05T17:25:58.863+0000] {manager.py:738} INFO - Searching for files in /opt/airflow/dags
[2026-02-05T17:25:58.940+0000] {manager.py:741} INFO - There are 1 files in /opt/airflow/dags
[2026-02-05T17:25:59.126+0000] {manager.py:879} INFO - 
================================================================================
DAG File Processing Stats

File Path                             PID  Runtime      # DAGs    # Errors  Last Runtime    Last Run
----------------------------------  -----  ---------  --------  ----------  --------------  ----------
/opt/airflow/dags/ecommerce_etl.py    186  0.08s             0           0
================================================================================
[2026-02-05T17:26:29.312+0000] {manager.py:879} INFO - 
================================================================================
DAG File Processing Stats

File Path                           PID    Runtime      # DAGs    # Errors  Last Runtime    Last Run
----------------------------------  -----  ---------  --------  ----------  --------------  -------------------
/opt/airflow/dags/ecommerce_etl.py                           1           0  0.59s           2026-02-05T17:25:59
================================================================================
[2026-02-05T17:27:00.035+0000] {manager.py:879} INFO - 
================================================================================
DAG File Processing Stats

File Path                             PID  Runtime      # DAGs    # Errors  Last Runtime    Last Run
----------------------------------  -----  ---------  --------  ----------  --------------  -------------------
/opt/airflow/dags/ecommerce_etl.py    219  0.01s             1           0  0.17s           2026-02-05T17:26:30
================================================================================
[2026-02-05T17:27:30.351+0000] {manager.py:879} INFO - 
================================================================================
DAG File Processing Stats

File Path                             PID  Runtime      # DAGs    # Errors  Last Runtime    Last Run
----------------------------------  -----  ---------  --------  ----------  --------------  -------------------
/opt/airflow/dags/ecommerce_etl.py    230  0.00s             1           0  0.17s           2026-02-05T17:27:00
================================================================================
[2026-02-05T17:28:00.551+0000] {manager.py:879} INFO - 
================================================================================
DAG File Processing Stats

File Path                             PID  Runtime      # DAGs    # Errors  Last Runtime    Last Run
----------------------------------  -----  ---------  --------  ----------  --------------  -------------------
/opt/airflow/dags/ecommerce_etl.py    241  0.00s             1           0  0.13s           2026-02-05T17:27:30
================================================================================
[2026-02-05T17:28:30.821+0000] {manager.py:879} INFO - 
================================================================================
DAG File Processing Stats

File Path                             PID  Runtime      # DAGs    # Errors  Last Runtime    Last Run
----------------------------------  -----  ---------  --------  ----------  --------------  -------------------
/opt/airflow/dags/ecommerce_etl.py    252  0.00s             1           0  0.13s           2026-02-05T17:28:00
================================================================================
[2026-02-05T17:29:01.013+0000] {manager.py:879} INFO - 
================================================================================
DAG File Processing Stats

File Path                             PID  Runtime      # DAGs    # Errors  Last Runtime    Last Run
----------------------------------  -----  ---------  --------  ----------  --------------  -------------------
/opt/airflow/dags/ecommerce_etl.py    263  0.00s             1           0  0.15s           2026-02-05T17:28:30
================================================================================
[2026-02-05T17:29:31.287+0000] {manager.py:879} INFO - 
================================================================================
DAG File Processing Stats

File Path                             PID  Runtime      # DAGs    # Errors  Last Runtime    Last Run
----------------------------------  -----  ---------  --------  ----------  --------------  -------------------
/opt/airflow/dags/ecommerce_etl.py    274  0.01s             1           0  0.12s           2026-02-05T17:29:01
================================================================================
[2026-02-05T17:30:01.464+0000] {manager.py:879} INFO - 
================================================================================
DAG File Processing Stats

File Path                             PID  Runtime      # DAGs    # Errors  Last Runtime    Last Run
----------------------------------  -----  ---------  --------  ----------  --------------  -------------------
/opt/airflow/dags/ecommerce_etl.py    285  0.00s             1           0  0.12s           2026-02-05T17:29:31
================================================================================
[2026-02-05T17:30:31.729+0000] {manager.py:879} INFO - 
================================================================================
DAG File Processing Stats

File Path                             PID  Runtime      # DAGs    # Errors  Last Runtime    Last Run
----------------------------------  -----  ---------  --------  ----------  --------------  -------------------
/opt/airflow/dags/ecommerce_etl.py    296  0.01s             1           0  0.15s           2026-02-05T17:30:01
================================================================================
[2026-02-05T17:30:58.945+0000] {manager.py:738} INFO - Searching for files in /opt/airflow/dags
[2026-02-05T17:30:58.968+0000] {manager.py:741} INFO - There are 1 files in /opt/airflow/dags
[2026-02-05T17:31:02.008+0000] {manager.py:879} INFO - 
================================================================================
DAG File Processing Stats

File Path                             PID  Runtime      # DAGs    # Errors  Last Runtime    Last Run
----------------------------------  -----  ---------  --------  ----------  --------------  -------------------
/opt/airflow/dags/ecommerce_etl.py    307  0.00s             1           0  0.12s           2026-02-05T17:30:31
================================================================================
[2026-02-05T17:31:32.225+0000] {manager.py:879} INFO - 
================================================================================
DAG File Processing Stats

File Path                             PID  Runtime      # DAGs    # Errors  Last Runtime    Last Run
----------------------------------  -----  ---------  --------  ----------  --------------  -------------------
/opt/airflow/dags/ecommerce_etl.py    318  0.00s             1           0  0.13s           2026-02-05T17:31:02
================================================================================
[2026-02-05T17:32:02.547+0000] {manager.py:879} INFO - 
================================================================================
DAG File Processing Stats

File Path                             PID  Runtime      # DAGs    # Errors  Last Runtime    Last Run
----------------------------------  -----  ---------  --------  ----------  --------------  -------------------
/opt/airflow/dags/ecommerce_etl.py    329  0.00s             1           0  0.13s           2026-02-05T17:31:32
================================================================================
[2026-02-05T17:32:32.738+0000] {manager.py:879} INFO - 
================================================================================
DAG File Processing Stats

File Path                             PID  Runtime      # DAGs    # Errors  Last Runtime    Last Run
----------------------------------  -----  ---------  --------  ----------  --------------  -------------------
/opt/airflow/dags/ecommerce_etl.py    341  0.01s             1           0  0.11s           2026-02-05T17:32:02
================================================================================
[2026-02-05T17:33:03.030+0000] {manager.py:879} INFO - 
================================================================================
DAG File Processing Stats

File Path                             PID  Runtime      # DAGs    # Errors  Last Runtime    Last Run
----------------------------------  -----  ---------  --------  ----------  --------------  -------------------
/opt/airflow/dags/ecommerce_etl.py    353  0.01s             1           0  0.15s           2026-02-05T17:32:32
================================================================================
[2026-02-05T17:33:33.248+0000] {manager.py:879} INFO - 
================================================================================
DAG File Processing Stats

File Path                             PID  Runtime      # DAGs    # Errors  Last Runtime    Last Run
----------------------------------  -----  ---------  --------  ----------  --------------  -------------------
/opt/airflow/dags/ecommerce_etl.py    365  0.00s             1           0  0.12s           2026-02-05T17:33:03
================================================================================
[2026-02-05T17:34:03.545+0000] {manager.py:879} INFO - 
================================================================================
DAG File Processing Stats

File Path                             PID  Runtime      # DAGs    # Errors  Last Runtime    Last Run
----------------------------------  -----  ---------  --------  ----------  --------------  -------------------
/opt/airflow/dags/ecommerce_etl.py    376  0.01s             1           0  0.16s           2026-02-05T17:33:33
================================================================================
[2026-02-05T17:34:33.822+0000] {manager.py:879} INFO - 
================================================================================
DAG File Processing Stats

File Path                             PID  Runtime      # DAGs    # Errors  Last Runtime    Last Run
----------------------------------  -----  ---------  --------  ----------  --------------  -------------------
/opt/airflow/dags/ecommerce_etl.py    387  0.01s             1           0  0.12s           2026-02-05T17:34:03
================================================================================
[2026-02-05T17:35:04.032+0000] {manager.py:879} INFO - 
================================================================================
DAG File Processing Stats

File Path                             PID  Runtime      # DAGs    # Errors  Last Runtime    Last Run
----------------------------------  -----  ---------  --------  ----------  --------------  -------------------
/opt/airflow/dags/ecommerce_etl.py    398  0.00s             1           0  0.13s           2026-02-05T17:34:33
================================================================================
[2026-02-05T17:35:34.356+0000] {manager.py:879} INFO - 
================================================================================
DAG File Processing Stats

File Path                             PID  Runtime      # DAGs    # Errors  Last Runtime    Last Run
----------------------------------  -----  ---------  --------  ----------  --------------  -------------------
/opt/airflow/dags/ecommerce_etl.py    409  0.00s             1           0  0.16s           2026-02-05T17:35:04
================================================================================
[2026-02-05T17:35:59.517+0000] {manager.py:738} INFO - Searching for files in /opt/airflow/dags
[2026-02-05T17:35:59.538+0000] {manager.py:741} INFO - There are 1 files in /opt/airflow/dags
[2026-02-05T17:36:04.593+0000] {manager.py:879} INFO - 
================================================================================
DAG File Processing Stats

File Path                             PID  Runtime      # DAGs    # Errors  Last Runtime    Last Run
----------------------------------  -----  ---------  --------  ----------  --------------  -------------------
/opt/airflow/dags/ecommerce_etl.py    421  0.00s             1           0  0.10s           2026-02-05T17:35:34
================================================================================
[2026-02-05T17:36:34.795+0000] {manager.py:879} INFO - 
================================================================================
DAG File Processing Stats

File Path                             PID  Runtime      # DAGs    # Errors  Last Runtime    Last Run
----------------------------------  -----  ---------  --------  ----------  --------------  -------------------
/opt/airflow/dags/ecommerce_etl.py    432  0.01s             1           0  0.11s           2026-02-05T17:36:04
================================================================================
[2026-02-05T17:37:05.052+0000] {manager.py:879} INFO - 
================================================================================
DAG File Processing Stats

File Path                             PID  Runtime      # DAGs    # Errors  Last Runtime    Last Run
----------------------------------  -----  ---------  --------  ----------  --------------  -------------------
/opt/airflow/dags/ecommerce_etl.py    443  0.01s             1           0  0.13s           2026-02-05T17:36:34
================================================================================
[2026-02-05T17:37:35.259+0000] {manager.py:879} INFO - 
================================================================================
DAG File Processing Stats

File Path                             PID  Runtime      # DAGs    # Errors  Last Runtime    Last Run
----------------------------------  -----  ---------  --------  ----------  --------------  -------------------
/opt/airflow/dags/ecommerce_etl.py    455  0.01s             1           0  0.12s           2026-02-05T17:37:05
================================================================================
[2026-02-05T17:38:05.550+0000] {manager.py:879} INFO - 
================================================================================
DAG File Processing Stats

File Path                             PID  Runtime      # DAGs    # Errors  Last Runtime    Last Run
----------------------------------  -----  ---------  --------  ----------  --------------  -------------------
/opt/airflow/dags/ecommerce_etl.py    466  0.00s             1           0  0.12s           2026-02-05T17:37:35
================================================================================
[2026-02-05T17:38:35.741+0000] {manager.py:879} INFO - 
================================================================================
DAG File Processing Stats

File Path                             PID  Runtime      # DAGs    # Errors  Last Runtime    Last Run
----------------------------------  -----  ---------  --------  ----------  --------------  -------------------
/opt/airflow/dags/ecommerce_etl.py    477  0.00s             1           0  0.16s           2026-02-05T17:38:05
================================================================================
[2026-02-05T17:39:06.047+0000] {manager.py:879} INFO - 
================================================================================
DAG File Processing Stats

File Path                             PID  Runtime      # DAGs    # Errors  Last Runtime    Last Run
----------------------------------  -----  ---------  --------  ----------  --------------  -------------------
/opt/airflow/dags/ecommerce_etl.py    488  0.00s             1           0  0.13s           2026-02-05T17:38:35
================================================================================
[2026-02-05T17:39:36.234+0000] {manager.py:879} INFO - 
================================================================================
DAG File Processing Stats

File Path                             PID  Runtime      # DAGs    # Errors  Last Runtime    Last Run
----------------------------------  -----  ---------  --------  ----------  --------------  -------------------
/opt/airflow/dags/ecommerce_etl.py    499  0.00s             1           0  0.13s           2026-02-05T17:39:06
================================================================================
[2026-02-05T17:40:06.502+0000] {manager.py:879} INFO - 
================================================================================
DAG File Processing Stats

File Path                             PID  Runtime      # DAGs    # Errors  Last Runtime    Last Run
----------------------------------  -----  ---------  --------  ----------  --------------  -------------------
/opt/airflow/dags/ecommerce_etl.py    510  0.01s             1           0  0.13s           2026-02-05T17:39:36
================================================================================
[2026-02-05T17:40:36.694+0000] {manager.py:879} INFO - 
================================================================================
DAG File Processing Stats

File Path                             PID  Runtime      # DAGs    # Errors  Last Runtime    Last Run
----------------------------------  -----  ---------  --------  ----------  --------------  -------------------
/opt/airflow/dags/ecommerce_etl.py    521  0.00s             1           0  0.11s           2026-02-05T17:40:06
================================================================================
[2026-02-05T17:40:59.901+0000] {manager.py:738} INFO - Searching for files in /opt/airflow/dags
[2026-02-05T17:40:59.925+0000] {manager.py:741} INFO - There are 1 files in /opt/airflow/dags
[2026-02-05T17:41:06.997+0000] {manager.py:879} INFO - 
================================================================================
DAG File Processing Stats

File Path                             PID  Runtime      # DAGs    # Errors  Last Runtime    Last Run
----------------------------------  -----  ---------  --------  ----------  --------------  -------------------
/opt/airflow/dags/ecommerce_etl.py    532  0.00s             1           0  0.11s           2026-02-05T17:40:36
================================================================================
[2026-02-05T17:41:37.193+0000] {manager.py:879} INFO - 
================================================================================
DAG File Processing Stats

File Path                             PID  Runtime      # DAGs    # Errors  Last Runtime    Last Run
----------------------------------  -----  ---------  --------  ----------  --------------  -------------------
/opt/airflow/dags/ecommerce_etl.py    543  0.00s             1           0  0.12s           2026-02-05T17:41:07
================================================================================
[2026-02-05T17:42:07.480+0000] {manager.py:879} INFO - 
================================================================================
DAG File Processing Stats

File Path                             PID  Runtime      # DAGs    # Errors  Last Runtime    Last Run
----------------------------------  -----  ---------  --------  ----------  --------------  -------------------
/opt/airflow/dags/ecommerce_etl.py    554  0.00s             1           0  0.12s           2026-02-05T17:41:37
================================================================================
[2026-02-05T17:42:37.733+0000] {manager.py:879} INFO - 
================================================================================
DAG File Processing Stats

File Path                             PID  Runtime      # DAGs    # Errors  Last Runtime    Last Run
----------------------------------  -----  ---------  --------  ----------  --------------  -------------------
/opt/airflow/dags/ecommerce_etl.py    565  0.00s             1           0  0.11s           2026-02-05T17:42:07
================================================================================
[2026-02-05T17:43:07.993+0000] {manager.py:879} INFO - 
================================================================================
DAG File Processing Stats

File Path                             PID  Runtime      # DAGs    # Errors  Last Runtime    Last Run
----------------------------------  -----  ---------  --------  ----------  --------------  -------------------
/opt/airflow/dags/ecommerce_etl.py    576  0.00s             1           0  0.11s           2026-02-05T17:42:37
================================================================================
[2026-02-05T17:47:20.743+0000] {manager.py:469} INFO - Processing files using up to 2 processes at a time 
[2026-02-05T17:47:20.772+0000] {manager.py:470} INFO - Process each file at most once every 30 seconds
[2026-02-05T17:47:20.776+0000] {manager.py:471} INFO - Checking for new files in /opt/airflow/dags every 300 seconds
[2026-02-05T17:47:20.778+0000] {manager.py:738} INFO - Searching for files in /opt/airflow/dags
[2026-02-05T17:47:20.841+0000] {manager.py:741} INFO - There are 1 files in /opt/airflow/dags
[2026-02-05T17:47:20.973+0000] {manager.py:879} INFO - 
================================================================================
DAG File Processing Stats

File Path                             PID  Runtime      # DAGs    # Errors  Last Runtime    Last Run
----------------------------------  -----  ---------  --------  ----------  --------------  ----------
/opt/airflow/dags/ecommerce_etl.py    180  0.05s             0           0
================================================================================
[2026-02-05T17:47:51.167+0000] {manager.py:879} INFO - 
================================================================================
DAG File Processing Stats

File Path                           PID    Runtime      # DAGs    # Errors  Last Runtime    Last Run
----------------------------------  -----  ---------  --------  ----------  --------------  -------------------
/opt/airflow/dags/ecommerce_etl.py                           1           0  1.17s           2026-02-05T17:47:22
================================================================================
[2026-02-05T17:48:21.399+0000] {manager.py:879} INFO - 
================================================================================
DAG File Processing Stats

File Path                           PID    Runtime      # DAGs    # Errors  Last Runtime    Last Run
----------------------------------  -----  ---------  --------  ----------  --------------  -------------------
/opt/airflow/dags/ecommerce_etl.py                           1           0  0.58s           2026-02-05T17:47:52
================================================================================
[2026-02-05T17:48:52.142+0000] {manager.py:879} INFO - 
================================================================================
DAG File Processing Stats

File Path                           PID    Runtime      # DAGs    # Errors  Last Runtime    Last Run
----------------------------------  -----  ---------  --------  ----------  --------------  -------------------
/opt/airflow/dags/ecommerce_etl.py                           1           0  0.25s           2026-02-05T17:48:23
================================================================================
[2026-02-05T17:49:22.547+0000] {manager.py:879} INFO - 
================================================================================
DAG File Processing Stats

File Path                           PID    Runtime      # DAGs    # Errors  Last Runtime    Last Run
----------------------------------  -----  ---------  --------  ----------  --------------  -------------------
/opt/airflow/dags/ecommerce_etl.py                           1           0  0.23s           2026-02-05T17:48:53
================================================================================
[2026-02-05T17:49:52.941+0000] {manager.py:879} INFO - 
================================================================================
DAG File Processing Stats

File Path                           PID    Runtime      # DAGs    # Errors  Last Runtime    Last Run
----------------------------------  -----  ---------  --------  ----------  --------------  -------------------
/opt/airflow/dags/ecommerce_etl.py                           1           0  0.12s           2026-02-05T17:49:23
================================================================================
[2026-02-05T17:50:23.258+0000] {manager.py:879} INFO - 
================================================================================
DAG File Processing Stats

File Path                           PID    Runtime      # DAGs    # Errors  Last Runtime    Last Run
----------------------------------  -----  ---------  --------  ----------  --------------  -------------------
/opt/airflow/dags/ecommerce_etl.py                           1           0  0.39s           2026-02-05T17:49:54
================================================================================
[2026-02-05T17:50:53.821+0000] {manager.py:879} INFO - 
================================================================================
DAG File Processing Stats

File Path                           PID    Runtime      # DAGs    # Errors  Last Runtime    Last Run
----------------------------------  -----  ---------  --------  ----------  --------------  -------------------
/opt/airflow/dags/ecommerce_etl.py                           1           0  0.13s           2026-02-05T17:50:24
================================================================================
[2026-02-05T17:51:24.009+0000] {manager.py:879} INFO - 
================================================================================
DAG File Processing Stats

File Path                           PID    Runtime      # DAGs    # Errors  Last Runtime    Last Run
----------------------------------  -----  ---------  --------  ----------  --------------  -------------------
/opt/airflow/dags/ecommerce_etl.py                           1           0  0.63s           2026-02-05T17:50:55
================================================================================
[2026-02-05T17:51:54.824+0000] {manager.py:879} INFO - 
================================================================================
DAG File Processing Stats

File Path                           PID    Runtime      # DAGs    # Errors  Last Runtime    Last Run
----------------------------------  -----  ---------  --------  ----------  --------------  -------------------
/opt/airflow/dags/ecommerce_etl.py                           1           0  0.15s           2026-02-05T17:51:25
================================================================================
[2026-02-05T17:52:20.989+0000] {manager.py:738} INFO - Searching for files in /opt/airflow/dags
[2026-02-05T17:52:21.032+0000] {manager.py:741} INFO - There are 1 files in /opt/airflow/dags
[2026-02-05T17:52:25.067+0000] {manager.py:879} INFO - 
================================================================================
DAG File Processing Stats

File Path                           PID    Runtime      # DAGs    # Errors  Last Runtime    Last Run
----------------------------------  -----  ---------  --------  ----------  --------------  -------------------
/opt/airflow/dags/ecommerce_etl.py                           1           0  0.12s           2026-02-05T17:51:55
================================================================================
[2026-02-05T17:52:55.285+0000] {manager.py:879} INFO - 
================================================================================
DAG File Processing Stats

File Path                           PID    Runtime      # DAGs    # Errors  Last Runtime    Last Run
----------------------------------  -----  ---------  --------  ----------  --------------  -------------------
/opt/airflow/dags/ecommerce_etl.py                           1           0  0.11s           2026-02-05T17:52:26
================================================================================
[2026-02-05T17:53:25.521+0000] {manager.py:879} INFO - 
================================================================================
DAG File Processing Stats

File Path                           PID    Runtime      # DAGs    # Errors  Last Runtime    Last Run
----------------------------------  -----  ---------  --------  ----------  --------------  -------------------
/opt/airflow/dags/ecommerce_etl.py                           1           0  0.16s           2026-02-05T17:52:56
================================================================================
[2026-02-05T17:53:55.768+0000] {manager.py:879} INFO - 
================================================================================
DAG File Processing Stats

File Path                           PID    Runtime      # DAGs    # Errors  Last Runtime    Last Run
----------------------------------  -----  ---------  --------  ----------  --------------  -------------------
/opt/airflow/dags/ecommerce_etl.py                           1           0  0.13s           2026-02-05T17:53:26
================================================================================
[2026-02-05T17:54:26.045+0000] {manager.py:879} INFO - 
================================================================================
DAG File Processing Stats

File Path                           PID    Runtime      # DAGs    # Errors  Last Runtime    Last Run
----------------------------------  -----  ---------  --------  ----------  --------------  -------------------
/opt/airflow/dags/ecommerce_etl.py                           1           0  0.12s           2026-02-05T17:53:56
================================================================================
[2026-02-05T17:54:56.333+0000] {manager.py:879} INFO - 
================================================================================
DAG File Processing Stats

File Path                           PID    Runtime      # DAGs    # Errors  Last Runtime    Last Run
----------------------------------  -----  ---------  --------  ----------  --------------  -------------------
/opt/airflow/dags/ecommerce_etl.py                           1           0  0.11s           2026-02-05T17:54:27
================================================================================
[2026-02-05T17:55:26.595+0000] {manager.py:879} INFO - 
================================================================================
DAG File Processing Stats

File Path                           PID    Runtime      # DAGs    # Errors  Last Runtime    Last Run
----------------------------------  -----  ---------  --------  ----------  --------------  -------------------
/opt/airflow/dags/ecommerce_etl.py                           1           0  0.12s           2026-02-05T17:54:57
================================================================================
[2026-02-05T17:55:56.889+0000] {manager.py:879} INFO - 
================================================================================
DAG File Processing Stats

File Path                           PID    Runtime      # DAGs    # Errors  Last Runtime    Last Run
----------------------------------  -----  ---------  --------  ----------  --------------  -------------------
/opt/airflow/dags/ecommerce_etl.py                           1           0  0.11s           2026-02-05T17:55:27
================================================================================
[2026-02-05T17:56:27.087+0000] {manager.py:879} INFO - 
================================================================================
DAG File Processing Stats

File Path                           PID    Runtime      # DAGs    # Errors  Last Runtime    Last Run
----------------------------------  -----  ---------  --------  ----------  --------------  -------------------
/opt/airflow/dags/ecommerce_etl.py                           1           0  0.17s           2026-02-05T17:55:58
================================================================================
[2026-02-05T17:56:57.402+0000] {manager.py:879} INFO - 
================================================================================
DAG File Processing Stats

File Path                           PID    Runtime      # DAGs    # Errors  Last Runtime    Last Run
----------------------------------  -----  ---------  --------  ----------  --------------  -------------------
/opt/airflow/dags/ecommerce_etl.py                           1           0  0.13s           2026-02-05T17:56:28
================================================================================
[2026-02-05T17:57:21.567+0000] {manager.py:738} INFO - Searching for files in /opt/airflow/dags
[2026-02-05T17:57:21.646+0000] {manager.py:741} INFO - There are 1 files in /opt/airflow/dags
[2026-02-05T17:57:27.691+0000] {manager.py:879} INFO - 
================================================================================
DAG File Processing Stats

File Path                           PID    Runtime      # DAGs    # Errors  Last Runtime    Last Run
----------------------------------  -----  ---------  --------  ----------  --------------  -------------------
/opt/airflow/dags/ecommerce_etl.py                           1           0  0.13s           2026-02-05T17:56:58
================================================================================
[2026-02-05T17:57:57.889+0000] {manager.py:879} INFO - 
================================================================================
DAG File Processing Stats

File Path                           PID    Runtime      # DAGs    # Errors  Last Runtime    Last Run
----------------------------------  -----  ---------  --------  ----------  --------------  -------------------
/opt/airflow/dags/ecommerce_etl.py                           1           0  0.24s           2026-02-05T17:57:28
================================================================================
[2026-02-05T17:58:28.288+0000] {manager.py:879} INFO - 
================================================================================
DAG File Processing Stats

File Path                           PID    Runtime      # DAGs    # Errors  Last Runtime    Last Run
----------------------------------  -----  ---------  --------  ----------  --------------  -------------------
/opt/airflow/dags/ecommerce_etl.py                           1           0  0.13s           2026-02-05T17:57:59
================================================================================
[2026-02-05T17:58:58.575+0000] {manager.py:879} INFO - 
================================================================================
DAG File Processing Stats

File Path                           PID    Runtime      # DAGs    # Errors  Last Runtime    Last Run
----------------------------------  -----  ---------  --------  ----------  --------------  -------------------
/opt/airflow/dags/ecommerce_etl.py                           1           0  0.32s           2026-02-05T17:58:29
================================================================================
[2026-02-05T17:59:29.024+0000] {manager.py:879} INFO - 
================================================================================
DAG File Processing Stats

File Path                           PID    Runtime      # DAGs    # Errors  Last Runtime    Last Run
----------------------------------  -----  ---------  --------  ----------  --------------  -------------------
/opt/airflow/dags/ecommerce_etl.py                           1           0  0.24s           2026-02-05T17:59:00
================================================================================
[2026-02-05T17:59:59.416+0000] {manager.py:879} INFO - 
================================================================================
DAG File Processing Stats

File Path                           PID    Runtime      # DAGs    # Errors  Last Runtime    Last Run
----------------------------------  -----  ---------  --------  ----------  --------------  -------------------
/opt/airflow/dags/ecommerce_etl.py                           1           0  0.16s           2026-02-05T17:59:30
================================================================================
[2026-02-05T18:00:29.737+0000] {manager.py:879} INFO - 
================================================================================
DAG File Processing Stats

File Path                           PID    Runtime      # DAGs    # Errors  Last Runtime    Last Run
----------------------------------  -----  ---------  --------  ----------  --------------  -------------------
/opt/airflow/dags/ecommerce_etl.py                           1           0  0.14s           2026-02-05T18:00:00
================================================================================
[2026-02-05T18:00:59.926+0000] {manager.py:879} INFO - 
================================================================================
DAG File Processing Stats

File Path                           PID    Runtime      # DAGs    # Errors  Last Runtime    Last Run
----------------------------------  -----  ---------  --------  ----------  --------------  -------------------
/opt/airflow/dags/ecommerce_etl.py                           1           0  0.14s           2026-02-05T18:00:30
================================================================================
[2026-02-05T18:01:30.238+0000] {manager.py:879} INFO - 
================================================================================
DAG File Processing Stats

File Path                           PID    Runtime      # DAGs    # Errors  Last Runtime    Last Run
----------------------------------  -----  ---------  --------  ----------  --------------  -------------------
/opt/airflow/dags/ecommerce_etl.py                           1           0  0.16s           2026-02-05T18:01:01
================================================================================
[2026-02-05T18:02:00.434+0000] {manager.py:879} INFO - 
================================================================================
DAG File Processing Stats

File Path                           PID    Runtime      # DAGs    # Errors  Last Runtime    Last Run
----------------------------------  -----  ---------  --------  ----------  --------------  -------------------
/opt/airflow/dags/ecommerce_etl.py                           1           0  0.16s           2026-02-05T18:01:31
================================================================================
[2026-02-05T18:02:21.711+0000] {manager.py:738} INFO - Searching for files in /opt/airflow/dags
[2026-02-05T18:02:21.774+0000] {manager.py:741} INFO - There are 1 files in /opt/airflow/dags
[2026-02-05T18:02:30.844+0000] {manager.py:879} INFO - 
================================================================================
DAG File Processing Stats

File Path                           PID    Runtime      # DAGs    # Errors  Last Runtime    Last Run
----------------------------------  -----  ---------  --------  ----------  --------------  -------------------
/opt/airflow/dags/ecommerce_etl.py                           1           0  0.18s           2026-02-05T18:02:01
================================================================================
[2026-02-05T18:03:01.080+0000] {manager.py:879} INFO - 
================================================================================
DAG File Processing Stats

File Path                           PID    Runtime      # DAGs    # Errors  Last Runtime    Last Run
----------------------------------  -----  ---------  --------  ----------  --------------  -------------------
/opt/airflow/dags/ecommerce_etl.py                           1           0  0.15s           2026-02-05T18:02:32
================================================================================
[2026-02-05T18:03:31.389+0000] {manager.py:879} INFO - 
================================================================================
DAG File Processing Stats

File Path                           PID    Runtime      # DAGs    # Errors  Last Runtime    Last Run
----------------------------------  -----  ---------  --------  ----------  --------------  -------------------
/opt/airflow/dags/ecommerce_etl.py                           1           0  0.21s           2026-02-05T18:03:02
================================================================================
[2026-02-05T18:04:01.665+0000] {manager.py:879} INFO - 
================================================================================
DAG File Processing Stats

File Path                           PID    Runtime      # DAGs    # Errors  Last Runtime    Last Run
----------------------------------  -----  ---------  --------  ----------  --------------  -------------------
/opt/airflow/dags/ecommerce_etl.py                           1           0  0.21s           2026-02-05T18:03:32
================================================================================
[2026-02-05T18:04:31.855+0000] {manager.py:879} INFO - 
================================================================================
DAG File Processing Stats

File Path                           PID    Runtime      # DAGs    # Errors  Last Runtime    Last Run
----------------------------------  -----  ---------  --------  ----------  --------------  -------------------
/opt/airflow/dags/ecommerce_etl.py                           1           0  0.13s           2026-02-05T18:04:02
================================================================================
[2026-02-05T18:05:02.116+0000] {manager.py:879} INFO - 
================================================================================
DAG File Processing Stats

File Path                           PID    Runtime      # DAGs    # Errors  Last Runtime    Last Run
----------------------------------  -----  ---------  --------  ----------  --------------  -------------------
/opt/airflow/dags/ecommerce_etl.py                           1           0  0.15s           2026-02-05T18:04:33
================================================================================
[2026-02-05T18:05:32.342+0000] {manager.py:879} INFO - 
================================================================================
DAG File Processing Stats

File Path                           PID    Runtime      # DAGs    # Errors  Last Runtime    Last Run
----------------------------------  -----  ---------  --------  ----------  --------------  -------------------
/opt/airflow/dags/ecommerce_etl.py                           1           0  0.14s           2026-02-05T18:05:03
================================================================================
[2026-02-05T18:06:02.589+0000] {manager.py:879} INFO - 
================================================================================
DAG File Processing Stats

File Path                           PID    Runtime      # DAGs    # Errors  Last Runtime    Last Run
----------------------------------  -----  ---------  --------  ----------  --------------  -------------------
/opt/airflow/dags/ecommerce_etl.py                           1           0  0.14s           2026-02-05T18:05:33
================================================================================
[2026-02-05T18:06:32.797+0000] {manager.py:879} INFO - 
================================================================================
DAG File Processing Stats

File Path                           PID    Runtime      # DAGs    # Errors  Last Runtime    Last Run
----------------------------------  -----  ---------  --------  ----------  --------------  -------------------
/opt/airflow/dags/ecommerce_etl.py                           1           0  0.15s           2026-02-05T18:06:03
================================================================================
[2026-02-05T18:07:03.053+0000] {manager.py:879} INFO - 
================================================================================
DAG File Processing Stats

File Path                           PID    Runtime      # DAGs    # Errors  Last Runtime    Last Run
----------------------------------  -----  ---------  --------  ----------  --------------  -------------------
/opt/airflow/dags/ecommerce_etl.py                           1           0  0.15s           2026-02-05T18:06:33
================================================================================
[2026-02-05T18:07:22.210+0000] {manager.py:738} INFO - Searching for files in /opt/airflow/dags
[2026-02-05T18:07:22.233+0000] {manager.py:741} INFO - There are 1 files in /opt/airflow/dags
[2026-02-05T18:07:33.317+0000] {manager.py:879} INFO - 
================================================================================
DAG File Processing Stats

File Path                           PID    Runtime      # DAGs    # Errors  Last Runtime    Last Run
----------------------------------  -----  ---------  --------  ----------  --------------  -------------------
/opt/airflow/dags/ecommerce_etl.py                           1           0  0.19s           2026-02-05T18:07:04
================================================================================
[2026-02-05T18:08:03.573+0000] {manager.py:879} INFO - 
================================================================================
DAG File Processing Stats

File Path                           PID    Runtime      # DAGs    # Errors  Last Runtime    Last Run
----------------------------------  -----  ---------  --------  ----------  --------------  -------------------
/opt/airflow/dags/ecommerce_etl.py                           1           0  0.14s           2026-02-05T18:07:34
================================================================================
[2026-02-05T18:08:33.780+0000] {manager.py:879} INFO - 
================================================================================
DAG File Processing Stats

File Path                           PID    Runtime      # DAGs    # Errors  Last Runtime    Last Run
----------------------------------  -----  ---------  --------  ----------  --------------  -------------------
/opt/airflow/dags/ecommerce_etl.py                           1           0  0.13s           2026-02-05T18:08:04
================================================================================
[2026-02-05T18:09:04.067+0000] {manager.py:879} INFO - 
================================================================================
DAG File Processing Stats

File Path                           PID    Runtime      # DAGs    # Errors  Last Runtime    Last Run
----------------------------------  -----  ---------  --------  ----------  --------------  -------------------
/opt/airflow/dags/ecommerce_etl.py                           1           0  0.16s           2026-02-05T18:08:34
================================================================================
[2026-02-05T18:09:34.326+0000] {manager.py:879} INFO - 
================================================================================
DAG File Processing Stats

File Path                           PID    Runtime      # DAGs    # Errors  Last Runtime    Last Run
----------------------------------  -----  ---------  --------  ----------  --------------  -------------------
/opt/airflow/dags/ecommerce_etl.py                           1           0  0.13s           2026-02-05T18:09:05
================================================================================
[2026-02-05T18:10:04.550+0000] {manager.py:879} INFO - 
================================================================================
DAG File Processing Stats

File Path                           PID    Runtime      # DAGs    # Errors  Last Runtime    Last Run
----------------------------------  -----  ---------  --------  ----------  --------------  -------------------
/opt/airflow/dags/ecommerce_etl.py                           1           0  0.14s           2026-02-05T18:09:35
================================================================================
[2026-02-05T18:10:34.800+0000] {manager.py:879} INFO - 
================================================================================
DAG File Processing Stats

File Path                           PID    Runtime      # DAGs    # Errors  Last Runtime    Last Run
----------------------------------  -----  ---------  --------  ----------  --------------  -------------------
/opt/airflow/dags/ecommerce_etl.py                           1           0  0.13s           2026-02-05T18:10:05
================================================================================
[2026-02-05T18:11:05.009+0000] {manager.py:879} INFO - 
================================================================================
DAG File Processing Stats

File Path                           PID    Runtime      # DAGs    # Errors  Last Runtime    Last Run
----------------------------------  -----  ---------  --------  ----------  --------------  -------------------
/opt/airflow/dags/ecommerce_etl.py                           1           0  0.14s           2026-02-05T18:10:35
================================================================================
[2026-02-05T18:11:35.266+0000] {manager.py:879} INFO - 
================================================================================
DAG File Processing Stats

File Path                           PID    Runtime      # DAGs    # Errors  Last Runtime    Last Run
----------------------------------  -----  ---------  --------  ----------  --------------  -------------------
/opt/airflow/dags/ecommerce_etl.py                           1           0  0.14s           2026-02-05T18:11:06
================================================================================
[2026-02-05T18:12:05.475+0000] {manager.py:879} INFO - 
================================================================================
DAG File Processing Stats

File Path                           PID    Runtime      # DAGs    # Errors  Last Runtime    Last Run
----------------------------------  -----  ---------  --------  ----------  --------------  -------------------
/opt/airflow/dags/ecommerce_etl.py                           1           0  0.15s           2026-02-05T18:11:36
================================================================================
[2026-02-05T18:12:22.683+0000] {manager.py:738} INFO - Searching for files in /opt/airflow/dags
[2026-02-05T18:12:22.713+0000] {manager.py:741} INFO - There are 1 files in /opt/airflow/dags
[2026-02-05T18:12:35.808+0000] {manager.py:879} INFO - 
================================================================================
DAG File Processing Stats

File Path                           PID    Runtime      # DAGs    # Errors  Last Runtime    Last Run
----------------------------------  -----  ---------  --------  ----------  --------------  -------------------
/opt/airflow/dags/ecommerce_etl.py                           1           0  0.15s           2026-02-05T18:12:06
================================================================================
[2026-02-05T18:13:06.000+0000] {manager.py:879} INFO - 
================================================================================
DAG File Processing Stats

File Path                           PID    Runtime      # DAGs    # Errors  Last Runtime    Last Run
----------------------------------  -----  ---------  --------  ----------  --------------  -------------------
/opt/airflow/dags/ecommerce_etl.py                           1           0  0.14s           2026-02-05T18:12:36
================================================================================
[2026-02-05T18:13:36.287+0000] {manager.py:879} INFO - 
================================================================================
DAG File Processing Stats

File Path                           PID    Runtime      # DAGs    # Errors  Last Runtime    Last Run
----------------------------------  -----  ---------  --------  ----------  --------------  -------------------
/opt/airflow/dags/ecommerce_etl.py                           1           0  0.14s           2026-02-05T18:13:07
================================================================================
[2026-02-05T18:14:06.502+0000] {manager.py:879} INFO - 
================================================================================
DAG File Processing Stats

File Path                           PID    Runtime      # DAGs    # Errors  Last Runtime    Last Run
----------------------------------  -----  ---------  --------  ----------  --------------  -------------------
/opt/airflow/dags/ecommerce_etl.py                           1           0  0.12s           2026-02-05T18:13:37
================================================================================
[2026-02-05T18:14:36.745+0000] {manager.py:879} INFO - 
================================================================================
DAG File Processing Stats

File Path                           PID    Runtime      # DAGs    # Errors  Last Runtime    Last Run
----------------------------------  -----  ---------  --------  ----------  --------------  -------------------
/opt/airflow/dags/ecommerce_etl.py                           1           0  0.17s           2026-02-05T18:14:07
================================================================================
[2026-02-05T18:15:07.046+0000] {manager.py:879} INFO - 
================================================================================
DAG File Processing Stats

File Path                           PID    Runtime      # DAGs    # Errors  Last Runtime    Last Run
----------------------------------  -----  ---------  --------  ----------  --------------  -------------------
/opt/airflow/dags/ecommerce_etl.py                           1           0  0.14s           2026-02-05T18:14:37
================================================================================
[2026-02-05T18:15:37.256+0000] {manager.py:879} INFO - 
================================================================================
DAG File Processing Stats

File Path                           PID    Runtime      # DAGs    # Errors  Last Runtime    Last Run
----------------------------------  -----  ---------  --------  ----------  --------------  -------------------
/opt/airflow/dags/ecommerce_etl.py                           1           0  0.15s           2026-02-05T18:15:08
================================================================================
[2026-02-05T18:16:07.546+0000] {manager.py:879} INFO - 
================================================================================
DAG File Processing Stats

File Path                           PID    Runtime      # DAGs    # Errors  Last Runtime    Last Run
----------------------------------  -----  ---------  --------  ----------  --------------  -------------------
/opt/airflow/dags/ecommerce_etl.py                           1           0  0.18s           2026-02-05T18:15:38
================================================================================
[2026-02-05T18:16:37.799+0000] {manager.py:879} INFO - 
================================================================================
DAG File Processing Stats

File Path                           PID    Runtime      # DAGs    # Errors  Last Runtime    Last Run
----------------------------------  -----  ---------  --------  ----------  --------------  -------------------
/opt/airflow/dags/ecommerce_etl.py                           1           0  0.14s           2026-02-05T18:16:08
================================================================================
[2026-02-05T18:17:08.035+0000] {manager.py:879} INFO - 
================================================================================
DAG File Processing Stats

File Path                           PID    Runtime      # DAGs    # Errors  Last Runtime    Last Run
----------------------------------  -----  ---------  --------  ----------  --------------  -------------------
/opt/airflow/dags/ecommerce_etl.py                           1           0  0.14s           2026-02-05T18:16:38
================================================================================
[2026-02-05T18:17:23.217+0000] {manager.py:738} INFO - Searching for files in /opt/airflow/dags
[2026-02-05T18:17:23.242+0000] {manager.py:741} INFO - There are 1 files in /opt/airflow/dags
[2026-02-05T18:17:38.360+0000] {manager.py:879} INFO - 
================================================================================
DAG File Processing Stats

File Path                           PID    Runtime      # DAGs    # Errors  Last Runtime    Last Run
----------------------------------  -----  ---------  --------  ----------  --------------  -------------------
/opt/airflow/dags/ecommerce_etl.py                           1           0  0.12s           2026-02-05T18:17:09
================================================================================
[2026-02-05T18:18:08.575+0000] {manager.py:879} INFO - 
================================================================================
DAG File Processing Stats

File Path                           PID    Runtime      # DAGs    # Errors  Last Runtime    Last Run
----------------------------------  -----  ---------  --------  ----------  --------------  -------------------
/opt/airflow/dags/ecommerce_etl.py                           1           0  0.15s           2026-02-05T18:17:39
================================================================================
[2026-02-05T18:18:38.868+0000] {manager.py:879} INFO - 
================================================================================
DAG File Processing Stats

File Path                           PID    Runtime      # DAGs    # Errors  Last Runtime    Last Run
----------------------------------  -----  ---------  --------  ----------  --------------  -------------------
/opt/airflow/dags/ecommerce_etl.py                           1           0  0.14s           2026-02-05T18:18:09
================================================================================
[2026-02-05T18:19:09.072+0000] {manager.py:879} INFO - 
================================================================================
DAG File Processing Stats

File Path                           PID    Runtime      # DAGs    # Errors  Last Runtime    Last Run
----------------------------------  -----  ---------  --------  ----------  --------------  -------------------
/opt/airflow/dags/ecommerce_etl.py                           1           0  0.13s           2026-02-05T18:18:40
================================================================================
[2026-02-05T18:19:39.310+0000] {manager.py:879} INFO - 
================================================================================
DAG File Processing Stats

File Path                           PID    Runtime      # DAGs    # Errors  Last Runtime    Last Run
----------------------------------  -----  ---------  --------  ----------  --------------  -------------------
/opt/airflow/dags/ecommerce_etl.py                           1           0  0.14s           2026-02-05T18:19:10
================================================================================
[2026-02-05T18:20:09.521+0000] {manager.py:879} INFO - 
================================================================================
DAG File Processing Stats

File Path                           PID    Runtime      # DAGs    # Errors  Last Runtime    Last Run
----------------------------------  -----  ---------  --------  ----------  --------------  -------------------
/opt/airflow/dags/ecommerce_etl.py                           1           0  0.13s           2026-02-05T18:19:40
================================================================================
[2026-02-05T18:20:39.766+0000] {manager.py:879} INFO - 
================================================================================
DAG File Processing Stats

File Path                           PID    Runtime      # DAGs    # Errors  Last Runtime    Last Run
----------------------------------  -----  ---------  --------  ----------  --------------  -------------------
/opt/airflow/dags/ecommerce_etl.py                           1           0  0.14s           2026-02-05T18:20:10
================================================================================
[2026-02-05T18:21:09.995+0000] {manager.py:879} INFO - 
================================================================================
DAG File Processing Stats

File Path                           PID    Runtime      # DAGs    # Errors  Last Runtime    Last Run
----------------------------------  -----  ---------  --------  ----------  --------------  -------------------
/opt/airflow/dags/ecommerce_etl.py                           1           0  0.27s           2026-02-05T18:20:41
================================================================================
[2026-02-05T18:21:40.374+0000] {manager.py:879} INFO - 
================================================================================
DAG File Processing Stats

File Path                           PID    Runtime      # DAGs    # Errors  Last Runtime    Last Run
----------------------------------  -----  ---------  --------  ----------  --------------  -------------------
/opt/airflow/dags/ecommerce_etl.py                           1           0  0.15s           2026-02-05T18:21:11
================================================================================
[2026-02-05T18:22:10.664+0000] {manager.py:879} INFO - 
================================================================================
DAG File Processing Stats

File Path                           PID    Runtime      # DAGs    # Errors  Last Runtime    Last Run
----------------------------------  -----  ---------  --------  ----------  --------------  -------------------
/opt/airflow/dags/ecommerce_etl.py                           1           0  0.18s           2026-02-05T18:21:41
================================================================================
[2026-02-05T18:22:23.777+0000] {manager.py:738} INFO - Searching for files in /opt/airflow/dags
[2026-02-05T18:22:23.820+0000] {manager.py:741} INFO - There are 1 files in /opt/airflow/dags
[2026-02-05T18:22:40.945+0000] {manager.py:879} INFO - 
================================================================================
DAG File Processing Stats

File Path                           PID    Runtime      # DAGs    # Errors  Last Runtime    Last Run
----------------------------------  -----  ---------  --------  ----------  --------------  -------------------
/opt/airflow/dags/ecommerce_etl.py                           1           0  0.13s           2026-02-05T18:22:11
================================================================================
[2026-02-05T18:23:11.159+0000] {manager.py:879} INFO - 
================================================================================
DAG File Processing Stats

File Path                           PID    Runtime      # DAGs    # Errors  Last Runtime    Last Run
----------------------------------  -----  ---------  --------  ----------  --------------  -------------------
/opt/airflow/dags/ecommerce_etl.py                           1           0  0.15s           2026-02-05T18:22:42
================================================================================
[2026-02-05T18:23:41.488+0000] {manager.py:879} INFO - 
================================================================================
DAG File Processing Stats

File Path                           PID    Runtime      # DAGs    # Errors  Last Runtime    Last Run
----------------------------------  -----  ---------  --------  ----------  --------------  -------------------
/opt/airflow/dags/ecommerce_etl.py                           1           0  0.14s           2026-02-05T18:23:12
================================================================================
[2026-02-05T18:24:11.690+0000] {manager.py:879} INFO - 
================================================================================
DAG File Processing Stats

File Path                           PID    Runtime      # DAGs    # Errors  Last Runtime    Last Run
----------------------------------  -----  ---------  --------  ----------  --------------  -------------------
/opt/airflow/dags/ecommerce_etl.py                           1           0  0.15s           2026-02-05T18:23:42
================================================================================
[2026-02-05T18:24:41.986+0000] {manager.py:879} INFO - 
================================================================================
DAG File Processing Stats

File Path                           PID    Runtime      # DAGs    # Errors  Last Runtime    Last Run
----------------------------------  -----  ---------  --------  ----------  --------------  -------------------
/opt/airflow/dags/ecommerce_etl.py                           1           0  0.13s           2026-02-05T18:24:12
================================================================================
[2026-02-05T18:25:12.175+0000] {manager.py:879} INFO - 
================================================================================
DAG File Processing Stats

File Path                           PID    Runtime      # DAGs    # Errors  Last Runtime    Last Run
----------------------------------  -----  ---------  --------  ----------  --------------  -------------------
/opt/airflow/dags/ecommerce_etl.py                           1           0  0.14s           2026-02-05T18:24:43
================================================================================
[2026-02-05T18:25:42.476+0000] {manager.py:879} INFO - 
================================================================================
DAG File Processing Stats

File Path                           PID    Runtime      # DAGs    # Errors  Last Runtime    Last Run
----------------------------------  -----  ---------  --------  ----------  --------------  -------------------
/opt/airflow/dags/ecommerce_etl.py                           1           0  0.14s           2026-02-05T18:25:13
================================================================================
[2026-02-05T18:26:12.682+0000] {manager.py:879} INFO - 
================================================================================
DAG File Processing Stats

File Path                           PID    Runtime      # DAGs    # Errors  Last Runtime    Last Run
----------------------------------  -----  ---------  --------  ----------  --------------  -------------------
/opt/airflow/dags/ecommerce_etl.py                           1           0  0.15s           2026-02-05T18:25:43
================================================================================
[2026-02-05T18:26:42.964+0000] {manager.py:879} INFO - 
================================================================================
DAG File Processing Stats

File Path                           PID    Runtime      # DAGs    # Errors  Last Runtime    Last Run
----------------------------------  -----  ---------  --------  ----------  --------------  -------------------
/opt/airflow/dags/ecommerce_etl.py                           1           0  0.13s           2026-02-05T18:26:13
================================================================================
[2026-02-05T18:27:13.154+0000] {manager.py:879} INFO - 
================================================================================
DAG File Processing Stats

File Path                           PID    Runtime      # DAGs    # Errors  Last Runtime    Last Run
----------------------------------  -----  ---------  --------  ----------  --------------  -------------------
/opt/airflow/dags/ecommerce_etl.py                           1           0  0.13s           2026-02-05T18:26:44
================================================================================
[2026-02-05T18:27:24.323+0000] {manager.py:738} INFO - Searching for files in /opt/airflow/dags
[2026-02-05T18:27:24.374+0000] {manager.py:741} INFO - There are 1 files in /opt/airflow/dags
[2026-02-05T18:27:43.501+0000] {manager.py:879} INFO - 
================================================================================
DAG File Processing Stats

File Path                           PID    Runtime      # DAGs    # Errors  Last Runtime    Last Run
----------------------------------  -----  ---------  --------  ----------  --------------  -------------------
/opt/airflow/dags/ecommerce_etl.py                           1           0  0.13s           2026-02-05T18:27:14
================================================================================
[2026-02-05T18:28:13.679+0000] {manager.py:879} INFO - 
================================================================================
DAG File Processing Stats

File Path                           PID    Runtime      # DAGs    # Errors  Last Runtime    Last Run
----------------------------------  -----  ---------  --------  ----------  --------------  -------------------
/opt/airflow/dags/ecommerce_etl.py                           1           0  0.19s           2026-02-05T18:27:44
================================================================================
[2026-02-05T18:28:44.013+0000] {manager.py:879} INFO - 
================================================================================
DAG File Processing Stats

File Path                           PID    Runtime      # DAGs    # Errors  Last Runtime    Last Run
----------------------------------  -----  ---------  --------  ----------  --------------  -------------------
/opt/airflow/dags/ecommerce_etl.py                           1           0  0.13s           2026-02-05T18:28:14
================================================================================
[2026-02-05T18:29:14.303+0000] {manager.py:879} INFO - 
================================================================================
DAG File Processing Stats

File Path                           PID    Runtime      # DAGs    # Errors  Last Runtime    Last Run
----------------------------------  -----  ---------  --------  ----------  --------------  -------------------
/opt/airflow/dags/ecommerce_etl.py                           1           0  0.16s           2026-02-05T18:28:45
================================================================================
[2026-02-05T18:29:44.509+0000] {manager.py:879} INFO - 
================================================================================
DAG File Processing Stats

File Path                           PID    Runtime      # DAGs    # Errors  Last Runtime    Last Run
----------------------------------  -----  ---------  --------  ----------  --------------  -------------------
/opt/airflow/dags/ecommerce_etl.py                           1           0  0.13s           2026-02-05T18:29:15
================================================================================
[2026-02-05T18:30:14.811+0000] {manager.py:879} INFO - 
================================================================================
DAG File Processing Stats

File Path                           PID    Runtime      # DAGs    # Errors  Last Runtime    Last Run
----------------------------------  -----  ---------  --------  ----------  --------------  -------------------
/opt/airflow/dags/ecommerce_etl.py                           1           0  0.13s           2026-02-05T18:29:45
================================================================================
[2026-02-05T18:30:45.020+0000] {manager.py:879} INFO - 
================================================================================
DAG File Processing Stats

File Path                           PID    Runtime      # DAGs    # Errors  Last Runtime    Last Run
----------------------------------  -----  ---------  --------  ----------  --------------  -------------------
/opt/airflow/dags/ecommerce_etl.py                           1           0  0.37s           2026-02-05T18:30:16
================================================================================
[2026-02-05T18:31:15.566+0000] {manager.py:879} INFO - 
================================================================================
DAG File Processing Stats

File Path                           PID    Runtime      # DAGs    # Errors  Last Runtime    Last Run
----------------------------------  -----  ---------  --------  ----------  --------------  -------------------
/opt/airflow/dags/ecommerce_etl.py                           1           0  0.14s           2026-02-05T18:30:46
================================================================================
[2026-02-05T18:31:45.836+0000] {manager.py:879} INFO - 
================================================================================
DAG File Processing Stats

File Path                           PID    Runtime      # DAGs    # Errors  Last Runtime    Last Run
----------------------------------  -----  ---------  --------  ----------  --------------  -------------------
/opt/airflow/dags/ecommerce_etl.py                           1           0  0.14s           2026-02-05T18:31:16
================================================================================
[2026-02-05T18:32:16.027+0000] {manager.py:879} INFO - 
================================================================================
DAG File Processing Stats

File Path                           PID    Runtime      # DAGs    # Errors  Last Runtime    Last Run
----------------------------------  -----  ---------  --------  ----------  --------------  -------------------
/opt/airflow/dags/ecommerce_etl.py                           1           0  0.13s           2026-02-05T18:31:46
================================================================================
[2026-02-05T18:32:25.188+0000] {manager.py:738} INFO - Searching for files in /opt/airflow/dags
[2026-02-05T18:32:25.224+0000] {manager.py:741} INFO - There are 1 files in /opt/airflow/dags
[2026-02-05T18:32:46.401+0000] {manager.py:879} INFO - 
================================================================================
DAG File Processing Stats

File Path                           PID    Runtime      # DAGs    # Errors  Last Runtime    Last Run
----------------------------------  -----  ---------  --------  ----------  --------------  -------------------
/opt/airflow/dags/ecommerce_etl.py                           1           0  0.12s           2026-02-05T18:32:17
================================================================================
[2026-02-05T18:33:16.709+0000] {manager.py:879} INFO - 
================================================================================
DAG File Processing Stats

File Path                           PID    Runtime      # DAGs    # Errors  Last Runtime    Last Run
----------------------------------  -----  ---------  --------  ----------  --------------  -------------------
/opt/airflow/dags/ecommerce_etl.py                           1           0  0.14s           2026-02-05T18:33:15
================================================================================
[2026-02-05T18:33:47.029+0000] {manager.py:879} INFO - 
================================================================================
DAG File Processing Stats

File Path                           PID    Runtime      # DAGs    # Errors  Last Runtime    Last Run
----------------------------------  -----  ---------  --------  ----------  --------------  -------------------
/opt/airflow/dags/ecommerce_etl.py                           1           0  0.12s           2026-02-05T18:33:46
================================================================================
[2026-02-05T18:33:58.125+0000] {manager.py:451} INFO - Exiting gracefully upon receiving signal 15
[2026-02-05T18:36:58.414+0000] {manager.py:469} INFO - Processing files using up to 2 processes at a time 
[2026-02-05T18:36:58.431+0000] {manager.py:470} INFO - Process each file at most once every 30 seconds
[2026-02-05T18:36:58.435+0000] {manager.py:471} INFO - Checking for new files in /opt/airflow/dags every 300 seconds
[2026-02-05T18:36:58.439+0000] {manager.py:738} INFO - Searching for files in /opt/airflow/dags
[2026-02-05T18:36:58.525+0000] {manager.py:741} INFO - There are 1 files in /opt/airflow/dags
[2026-02-05T18:36:58.902+0000] {manager.py:879} INFO - 
================================================================================
DAG File Processing Stats

File Path                             PID  Runtime      # DAGs    # Errors  Last Runtime    Last Run
----------------------------------  -----  ---------  --------  ----------  --------------  ----------
/opt/airflow/dags/ecommerce_etl.py    187  0.14s             0           0
================================================================================
[2026-02-05T18:37:28.952+0000] {manager.py:879} INFO - 
================================================================================
DAG File Processing Stats

File Path                           PID    Runtime      # DAGs    # Errors  Last Runtime    Last Run
----------------------------------  -----  ---------  --------  ----------  --------------  -------------------
/opt/airflow/dags/ecommerce_etl.py                           1           0  0.99s           2026-02-05T18:36:59
================================================================================
[2026-02-05T18:37:59.289+0000] {manager.py:879} INFO - 
================================================================================
DAG File Processing Stats

File Path                           PID    Runtime      # DAGs    # Errors  Last Runtime    Last Run
----------------------------------  -----  ---------  --------  ----------  --------------  -------------------
/opt/airflow/dags/ecommerce_etl.py                           1           0  0.38s           2026-02-05T18:37:30
================================================================================
[2026-02-05T18:38:29.669+0000] {manager.py:879} INFO - 
================================================================================
DAG File Processing Stats

File Path                           PID    Runtime      # DAGs    # Errors  Last Runtime    Last Run
----------------------------------  -----  ---------  --------  ----------  --------------  -------------------
/opt/airflow/dags/ecommerce_etl.py                           1           0  0.15s           2026-02-05T18:38:00
================================================================================
[2026-02-05T18:38:59.979+0000] {manager.py:879} INFO - 
================================================================================
DAG File Processing Stats

File Path                           PID    Runtime      # DAGs    # Errors  Last Runtime    Last Run
----------------------------------  -----  ---------  --------  ----------  --------------  -------------------
/opt/airflow/dags/ecommerce_etl.py                           1           0  0.16s           2026-02-05T18:38:30
================================================================================
[2026-02-05T18:39:30.166+0000] {manager.py:879} INFO - 
================================================================================
DAG File Processing Stats

File Path                           PID    Runtime      # DAGs    # Errors  Last Runtime    Last Run
----------------------------------  -----  ---------  --------  ----------  --------------  -------------------
/opt/airflow/dags/ecommerce_etl.py                           1           0  0.14s           2026-02-05T18:39:01
================================================================================
[2026-02-05T18:40:00.443+0000] {manager.py:879} INFO - 
================================================================================
DAG File Processing Stats

File Path                           PID    Runtime      # DAGs    # Errors  Last Runtime    Last Run
----------------------------------  -----  ---------  --------  ----------  --------------  -------------------
/opt/airflow/dags/ecommerce_etl.py                           1           0  0.15s           2026-02-05T18:39:31
================================================================================
[2026-02-05T18:40:30.678+0000] {manager.py:879} INFO - 
================================================================================
DAG File Processing Stats

File Path                           PID    Runtime      # DAGs    # Errors  Last Runtime    Last Run
----------------------------------  -----  ---------  --------  ----------  --------------  -------------------
/opt/airflow/dags/ecommerce_etl.py                           1           0  0.17s           2026-02-05T18:40:01
================================================================================
[2026-02-05T18:41:00.974+0000] {manager.py:879} INFO - 
================================================================================
DAG File Processing Stats

File Path                           PID    Runtime      # DAGs    # Errors  Last Runtime    Last Run
----------------------------------  -----  ---------  --------  ----------  --------------  -------------------
/opt/airflow/dags/ecommerce_etl.py                           1           0  0.13s           2026-02-05T18:40:31
================================================================================
[2026-02-05T18:41:31.196+0000] {manager.py:879} INFO - 
================================================================================
DAG File Processing Stats

File Path                           PID    Runtime      # DAGs    # Errors  Last Runtime    Last Run
----------------------------------  -----  ---------  --------  ----------  --------------  -------------------
/opt/airflow/dags/ecommerce_etl.py                           1           0  0.28s           2026-02-05T18:41:02
================================================================================
[2026-02-05T18:41:58.624+0000] {manager.py:738} INFO - Searching for files in /opt/airflow/dags
[2026-02-05T18:41:58.648+0000] {manager.py:741} INFO - There are 1 files in /opt/airflow/dags
[2026-02-05T18:42:01.678+0000] {manager.py:879} INFO - 
================================================================================
DAG File Processing Stats

File Path                           PID    Runtime      # DAGs    # Errors  Last Runtime    Last Run
----------------------------------  -----  ---------  --------  ----------  --------------  -------------------
/opt/airflow/dags/ecommerce_etl.py                           1           0  0.12s           2026-02-05T18:41:32
================================================================================
[2026-02-05T18:42:31.922+0000] {manager.py:879} INFO - 
================================================================================
DAG File Processing Stats

File Path                           PID    Runtime      # DAGs    # Errors  Last Runtime    Last Run
----------------------------------  -----  ---------  --------  ----------  --------------  -------------------
/opt/airflow/dags/ecommerce_etl.py                           1           0  0.12s           2026-02-05T18:42:02
================================================================================
[2026-02-05T18:43:02.157+0000] {manager.py:879} INFO - 
================================================================================
DAG File Processing Stats

File Path                           PID    Runtime      # DAGs    # Errors  Last Runtime    Last Run
----------------------------------  -----  ---------  --------  ----------  --------------  -------------------
/opt/airflow/dags/ecommerce_etl.py                           1           0  0.12s           2026-02-05T18:42:33
================================================================================
[2026-02-05T18:43:32.379+0000] {manager.py:879} INFO - 
================================================================================
DAG File Processing Stats

File Path                           PID    Runtime      # DAGs    # Errors  Last Runtime    Last Run
----------------------------------  -----  ---------  --------  ----------  --------------  -------------------
/opt/airflow/dags/ecommerce_etl.py                           1           0  0.12s           2026-02-05T18:43:03
================================================================================
[2026-02-05T18:44:02.616+0000] {manager.py:879} INFO - 
================================================================================
DAG File Processing Stats

File Path                           PID    Runtime      # DAGs    # Errors  Last Runtime    Last Run
----------------------------------  -----  ---------  --------  ----------  --------------  -------------------
/opt/airflow/dags/ecommerce_etl.py                           1           0  0.11s           2026-02-05T18:43:33
================================================================================
[2026-02-05T18:44:32.844+0000] {manager.py:879} INFO - 
================================================================================
DAG File Processing Stats

File Path                           PID    Runtime      # DAGs    # Errors  Last Runtime    Last Run
----------------------------------  -----  ---------  --------  ----------  --------------  -------------------
/opt/airflow/dags/ecommerce_etl.py                           1           0  0.12s           2026-02-05T18:44:03
================================================================================
[2026-02-05T18:45:03.106+0000] {manager.py:879} INFO - 
================================================================================
DAG File Processing Stats

File Path                           PID    Runtime      # DAGs    # Errors  Last Runtime    Last Run
----------------------------------  -----  ---------  --------  ----------  --------------  -------------------
/opt/airflow/dags/ecommerce_etl.py                           1           0  0.12s           2026-02-05T18:44:33
================================================================================
[2026-02-05T18:45:33.291+0000] {manager.py:879} INFO - 
================================================================================
DAG File Processing Stats

File Path                           PID    Runtime      # DAGs    # Errors  Last Runtime    Last Run
----------------------------------  -----  ---------  --------  ----------  --------------  -------------------
/opt/airflow/dags/ecommerce_etl.py                           1           0  0.12s           2026-02-05T18:45:04
================================================================================
[2026-02-05T18:46:03.569+0000] {manager.py:879} INFO - 
================================================================================
DAG File Processing Stats

File Path                           PID    Runtime      # DAGs    # Errors  Last Runtime    Last Run
----------------------------------  -----  ---------  --------  ----------  --------------  -------------------
/opt/airflow/dags/ecommerce_etl.py                           1           0  0.15s           2026-02-05T18:45:34
================================================================================
[2026-02-05T18:46:33.776+0000] {manager.py:879} INFO - 
================================================================================
DAG File Processing Stats

File Path                           PID    Runtime      # DAGs    # Errors  Last Runtime    Last Run
----------------------------------  -----  ---------  --------  ----------  --------------  -------------------
/opt/airflow/dags/ecommerce_etl.py                           1           0  0.13s           2026-02-05T18:46:04
================================================================================
[2026-02-05T18:46:59.034+0000] {manager.py:738} INFO - Searching for files in /opt/airflow/dags
[2026-02-05T18:46:59.079+0000] {manager.py:741} INFO - There are 1 files in /opt/airflow/dags
[2026-02-05T18:47:04.124+0000] {manager.py:879} INFO - 
================================================================================
DAG File Processing Stats

File Path                           PID    Runtime      # DAGs    # Errors  Last Runtime    Last Run
----------------------------------  -----  ---------  --------  ----------  --------------  -------------------
/opt/airflow/dags/ecommerce_etl.py                           1           0  0.14s           2026-02-05T18:46:34
================================================================================
[2026-02-05T18:47:34.308+0000] {manager.py:879} INFO - 
================================================================================
DAG File Processing Stats

File Path                           PID    Runtime      # DAGs    # Errors  Last Runtime    Last Run
----------------------------------  -----  ---------  --------  ----------  --------------  -------------------
/opt/airflow/dags/ecommerce_etl.py                           1           0  0.13s           2026-02-05T18:47:05
================================================================================
[2026-02-05T18:48:04.583+0000] {manager.py:879} INFO - 
================================================================================
DAG File Processing Stats

File Path                           PID    Runtime      # DAGs    # Errors  Last Runtime    Last Run
----------------------------------  -----  ---------  --------  ----------  --------------  -------------------
/opt/airflow/dags/ecommerce_etl.py                           1           0  0.12s           2026-02-05T18:47:35
================================================================================
[2026-02-05T18:48:34.776+0000] {manager.py:879} INFO - 
================================================================================
DAG File Processing Stats

File Path                           PID    Runtime      # DAGs    # Errors  Last Runtime    Last Run
----------------------------------  -----  ---------  --------  ----------  --------------  -------------------
/opt/airflow/dags/ecommerce_etl.py                           1           0  0.11s           2026-02-05T18:48:05
================================================================================
[2026-02-05T18:49:05.019+0000] {manager.py:879} INFO - 
================================================================================
DAG File Processing Stats

File Path                           PID    Runtime      # DAGs    # Errors  Last Runtime    Last Run
----------------------------------  -----  ---------  --------  ----------  --------------  -------------------
/opt/airflow/dags/ecommerce_etl.py                           1           0  0.12s           2026-02-05T18:48:35
================================================================================
[2026-02-05T18:49:35.214+0000] {manager.py:879} INFO - 
================================================================================
DAG File Processing Stats

File Path                           PID    Runtime      # DAGs    # Errors  Last Runtime    Last Run
----------------------------------  -----  ---------  --------  ----------  --------------  -------------------
/opt/airflow/dags/ecommerce_etl.py                           1           0  0.15s           2026-02-05T18:49:06
================================================================================
[2026-02-05T18:50:05.490+0000] {manager.py:879} INFO - 
================================================================================
DAG File Processing Stats

File Path                           PID    Runtime      # DAGs    # Errors  Last Runtime    Last Run
----------------------------------  -----  ---------  --------  ----------  --------------  -------------------
/opt/airflow/dags/ecommerce_etl.py                           1           0  0.14s           2026-02-05T18:49:36
================================================================================
[2026-02-05T18:50:35.685+0000] {manager.py:879} INFO - 
================================================================================
DAG File Processing Stats

File Path                           PID    Runtime      # DAGs    # Errors  Last Runtime    Last Run
----------------------------------  -----  ---------  --------  ----------  --------------  -------------------
/opt/airflow/dags/ecommerce_etl.py                           1           0  0.12s           2026-02-05T18:50:06
================================================================================
[2026-02-05T18:51:05.974+0000] {manager.py:879} INFO - 
================================================================================
DAG File Processing Stats

File Path                           PID    Runtime      # DAGs    # Errors  Last Runtime    Last Run
----------------------------------  -----  ---------  --------  ----------  --------------  -------------------
/opt/airflow/dags/ecommerce_etl.py                           1           0  0.12s           2026-02-05T18:50:36
================================================================================
[2026-02-05T18:51:36.190+0000] {manager.py:879} INFO - 
================================================================================
DAG File Processing Stats

File Path                           PID    Runtime      # DAGs    # Errors  Last Runtime    Last Run
----------------------------------  -----  ---------  --------  ----------  --------------  -------------------
/opt/airflow/dags/ecommerce_etl.py                           1           0  0.12s           2026-02-05T18:51:07
================================================================================
[2026-02-05T18:51:59.388+0000] {manager.py:738} INFO - Searching for files in /opt/airflow/dags
[2026-02-05T18:51:59.413+0000] {manager.py:741} INFO - There are 1 files in /opt/airflow/dags
[2026-02-05T18:52:06.470+0000] {manager.py:879} INFO - 
================================================================================
DAG File Processing Stats

File Path                           PID    Runtime      # DAGs    # Errors  Last Runtime    Last Run
----------------------------------  -----  ---------  --------  ----------  --------------  -------------------
/opt/airflow/dags/ecommerce_etl.py                           1           0  0.12s           2026-02-05T18:51:37
================================================================================
[2026-02-05T18:52:36.664+0000] {manager.py:879} INFO - 
================================================================================
DAG File Processing Stats

File Path                           PID    Runtime      # DAGs    # Errors  Last Runtime    Last Run
----------------------------------  -----  ---------  --------  ----------  --------------  -------------------
/opt/airflow/dags/ecommerce_etl.py                           1           0  0.12s           2026-02-05T18:52:07
================================================================================
[2026-02-05T18:53:06.938+0000] {manager.py:879} INFO - 
================================================================================
DAG File Processing Stats

File Path                           PID    Runtime      # DAGs    # Errors  Last Runtime    Last Run
----------------------------------  -----  ---------  --------  ----------  --------------  -------------------
/opt/airflow/dags/ecommerce_etl.py                           1           0  0.13s           2026-02-05T18:52:37
================================================================================
[2026-02-05T18:53:37.162+0000] {manager.py:879} INFO - 
================================================================================
DAG File Processing Stats

File Path                           PID    Runtime      # DAGs    # Errors  Last Runtime    Last Run
----------------------------------  -----  ---------  --------  ----------  --------------  -------------------
/opt/airflow/dags/ecommerce_etl.py                           1           0  0.11s           2026-02-05T18:53:08
================================================================================
[2026-02-05T18:54:07.421+0000] {manager.py:879} INFO - 
================================================================================
DAG File Processing Stats

File Path                           PID    Runtime      # DAGs    # Errors  Last Runtime    Last Run
----------------------------------  -----  ---------  --------  ----------  --------------  -------------------
/opt/airflow/dags/ecommerce_etl.py                           1           0  0.12s           2026-02-05T18:53:38
================================================================================
[2026-02-05T18:54:37.660+0000] {manager.py:879} INFO - 
================================================================================
DAG File Processing Stats

File Path                           PID    Runtime      # DAGs    # Errors  Last Runtime    Last Run
----------------------------------  -----  ---------  --------  ----------  --------------  -------------------
/opt/airflow/dags/ecommerce_etl.py                           1           0  0.13s           2026-02-05T18:54:08
================================================================================
[2026-02-05T18:54:44.776+0000] {manager.py:451} INFO - Exiting gracefully upon receiving signal 15
[2026-02-05T18:59:29.634+0000] {manager.py:469} INFO - Processing files using up to 2 processes at a time 
[2026-02-05T18:59:29.670+0000] {manager.py:470} INFO - Process each file at most once every 30 seconds
[2026-02-05T18:59:29.672+0000] {manager.py:471} INFO - Checking for new files in /opt/airflow/dags every 300 seconds
[2026-02-05T18:59:29.673+0000] {manager.py:738} INFO - Searching for files in /opt/airflow/dags
[2026-02-05T18:59:29.744+0000] {manager.py:741} INFO - There are 1 files in /opt/airflow/dags
[2026-02-05T18:59:30.065+0000] {manager.py:879} INFO - 
================================================================================
DAG File Processing Stats

File Path                             PID  Runtime      # DAGs    # Errors  Last Runtime    Last Run
----------------------------------  -----  ---------  --------  ----------  --------------  ----------
/opt/airflow/dags/ecommerce_etl.py    187  0.14s             0           0
================================================================================
[2026-02-05T19:00:00.215+0000] {manager.py:879} INFO - 
================================================================================
DAG File Processing Stats

File Path                           PID    Runtime      # DAGs    # Errors  Last Runtime    Last Run
----------------------------------  -----  ---------  --------  ----------  --------------  -------------------
/opt/airflow/dags/ecommerce_etl.py                           1           0  0.91s           2026-02-05T18:59:30
================================================================================
[2026-02-05T19:00:30.252+0000] {manager.py:879} INFO - 
================================================================================
DAG File Processing Stats

File Path                           PID    Runtime      # DAGs    # Errors  Last Runtime    Last Run
----------------------------------  -----  ---------  --------  ----------  --------------  -------------------
/opt/airflow/dags/ecommerce_etl.py                           1           0  1.08s           2026-02-05T19:00:02
================================================================================
[2026-02-05T19:01:00.413+0000] {manager.py:879} INFO - 
================================================================================
DAG File Processing Stats

File Path                           PID    Runtime      # DAGs    # Errors  Last Runtime    Last Run
----------------------------------  -----  ---------  --------  ----------  --------------  -------------------
/opt/airflow/dags/ecommerce_etl.py                           1           0  0.17s           2026-02-05T19:00:32
================================================================================
[2026-02-05T19:01:30.699+0000] {manager.py:879} INFO - 
================================================================================
DAG File Processing Stats

File Path                           PID    Runtime      # DAGs    # Errors  Last Runtime    Last Run
----------------------------------  -----  ---------  --------  ----------  --------------  -------------------
/opt/airflow/dags/ecommerce_etl.py                           1           0  0.14s           2026-02-05T19:01:02
================================================================================
[2026-02-05T19:02:00.885+0000] {manager.py:879} INFO - 
================================================================================
DAG File Processing Stats

File Path                           PID    Runtime      # DAGs    # Errors  Last Runtime    Last Run
----------------------------------  -----  ---------  --------  ----------  --------------  -------------------
/opt/airflow/dags/ecommerce_etl.py                           1           0  0.15s           2026-02-05T19:01:32
================================================================================
[2026-02-05T19:02:31.157+0000] {manager.py:879} INFO - 
================================================================================
DAG File Processing Stats

File Path                           PID    Runtime      # DAGs    # Errors  Last Runtime    Last Run
----------------------------------  -----  ---------  --------  ----------  --------------  -------------------
/opt/airflow/dags/ecommerce_etl.py                           1           0  0.13s           2026-02-05T19:02:03
================================================================================
[2026-02-05T19:03:01.340+0000] {manager.py:879} INFO - 
================================================================================
DAG File Processing Stats

File Path                           PID    Runtime      # DAGs    # Errors  Last Runtime    Last Run
----------------------------------  -----  ---------  --------  ----------  --------------  -------------------
/opt/airflow/dags/ecommerce_etl.py                           1           0  0.13s           2026-02-05T19:02:33
================================================================================
[2026-02-05T19:03:31.610+0000] {manager.py:879} INFO - 
================================================================================
DAG File Processing Stats

File Path                           PID    Runtime      # DAGs    # Errors  Last Runtime    Last Run
----------------------------------  -----  ---------  --------  ----------  --------------  -------------------
/opt/airflow/dags/ecommerce_etl.py                           1           0  0.15s           2026-02-05T19:03:03
================================================================================
[2026-02-05T19:04:01.820+0000] {manager.py:879} INFO - 
================================================================================
DAG File Processing Stats

File Path                           PID    Runtime      # DAGs    # Errors  Last Runtime    Last Run
----------------------------------  -----  ---------  --------  ----------  --------------  -------------------
/opt/airflow/dags/ecommerce_etl.py                           1           0  0.14s           2026-02-05T19:03:33
================================================================================
[2026-02-05T19:04:30.054+0000] {manager.py:738} INFO - Searching for files in /opt/airflow/dags
[2026-02-05T19:04:30.078+0000] {manager.py:741} INFO - There are 1 files in /opt/airflow/dags
[2026-02-05T19:04:32.101+0000] {manager.py:879} INFO - 
================================================================================
DAG File Processing Stats

File Path                           PID    Runtime      # DAGs    # Errors  Last Runtime    Last Run
----------------------------------  -----  ---------  --------  ----------  --------------  -------------------
/opt/airflow/dags/ecommerce_etl.py                           1           0  0.13s           2026-02-05T19:04:03
================================================================================
[2026-02-05T19:05:02.274+0000] {manager.py:879} INFO - 
================================================================================
DAG File Processing Stats

File Path                           PID    Runtime      # DAGs    # Errors  Last Runtime    Last Run
----------------------------------  -----  ---------  --------  ----------  --------------  -------------------
/opt/airflow/dags/ecommerce_etl.py                           1           0  0.12s           2026-02-05T19:04:34
================================================================================
[2026-02-05T19:05:32.548+0000] {manager.py:879} INFO - 
================================================================================
DAG File Processing Stats

File Path                           PID    Runtime      # DAGs    # Errors  Last Runtime    Last Run
----------------------------------  -----  ---------  --------  ----------  --------------  -------------------
/opt/airflow/dags/ecommerce_etl.py                           1           0  0.13s           2026-02-05T19:05:04
================================================================================
[2026-02-05T19:06:02.737+0000] {manager.py:879} INFO - 
================================================================================
DAG File Processing Stats

File Path                           PID    Runtime      # DAGs    # Errors  Last Runtime    Last Run
----------------------------------  -----  ---------  --------  ----------  --------------  -------------------
/opt/airflow/dags/ecommerce_etl.py                           1           0  0.23s           2026-02-05T19:05:34
================================================================================
[2026-02-05T19:06:33.131+0000] {manager.py:879} INFO - 
================================================================================
DAG File Processing Stats

File Path                           PID    Runtime      # DAGs    # Errors  Last Runtime    Last Run
----------------------------------  -----  ---------  --------  ----------  --------------  -------------------
/opt/airflow/dags/ecommerce_etl.py                           1           0  0.14s           2026-02-05T19:06:05
================================================================================
[2026-02-05T19:07:03.403+0000] {manager.py:879} INFO - 
================================================================================
DAG File Processing Stats

File Path                           PID    Runtime      # DAGs    # Errors  Last Runtime    Last Run
----------------------------------  -----  ---------  --------  ----------  --------------  -------------------
/opt/airflow/dags/ecommerce_etl.py                           1           0  0.12s           2026-02-05T19:06:35
================================================================================
[2026-02-05T19:07:33.602+0000] {manager.py:879} INFO - 
================================================================================
DAG File Processing Stats

File Path                           PID    Runtime      # DAGs    # Errors  Last Runtime    Last Run
----------------------------------  -----  ---------  --------  ----------  --------------  -------------------
/opt/airflow/dags/ecommerce_etl.py                           1           0  0.24s           2026-02-05T19:07:05
================================================================================
[2026-02-05T19:08:04.067+0000] {manager.py:879} INFO - 
================================================================================
DAG File Processing Stats

File Path                           PID    Runtime      # DAGs    # Errors  Last Runtime    Last Run
----------------------------------  -----  ---------  --------  ----------  --------------  -------------------
/opt/airflow/dags/ecommerce_etl.py                           1           0  0.12s           2026-02-05T19:07:35
================================================================================
[2026-02-05T19:08:34.290+0000] {manager.py:879} INFO - 
================================================================================
DAG File Processing Stats

File Path                           PID    Runtime      # DAGs    # Errors  Last Runtime    Last Run
----------------------------------  -----  ---------  --------  ----------  --------------  -------------------
/opt/airflow/dags/ecommerce_etl.py                           1           0  0.12s           2026-02-05T19:08:06
================================================================================
[2026-02-05T19:09:04.516+0000] {manager.py:879} INFO - 
================================================================================
DAG File Processing Stats

File Path                           PID    Runtime      # DAGs    # Errors  Last Runtime    Last Run
----------------------------------  -----  ---------  --------  ----------  --------------  -------------------
/opt/airflow/dags/ecommerce_etl.py                           1           0  0.13s           2026-02-05T19:08:36
================================================================================
[2026-02-05T19:09:30.768+0000] {manager.py:738} INFO - Searching for files in /opt/airflow/dags
[2026-02-05T19:09:30.804+0000] {manager.py:741} INFO - There are 1 files in /opt/airflow/dags
[2026-02-05T19:09:34.863+0000] {manager.py:879} INFO - 
================================================================================
DAG File Processing Stats

File Path                           PID    Runtime      # DAGs    # Errors  Last Runtime    Last Run
----------------------------------  -----  ---------  --------  ----------  --------------  -------------------
/opt/airflow/dags/ecommerce_etl.py                           1           0  0.14s           2026-02-05T19:09:06
================================================================================
[2026-02-05T19:10:05.095+0000] {manager.py:879} INFO - 
================================================================================
DAG File Processing Stats

File Path                           PID    Runtime      # DAGs    # Errors  Last Runtime    Last Run
----------------------------------  -----  ---------  --------  ----------  --------------  -------------------
/opt/airflow/dags/ecommerce_etl.py                           1           0  0.12s           2026-02-05T19:09:37
================================================================================
[2026-02-05T19:10:35.420+0000] {manager.py:879} INFO - 
================================================================================
DAG File Processing Stats

File Path                           PID    Runtime      # DAGs    # Errors  Last Runtime    Last Run
----------------------------------  -----  ---------  --------  ----------  --------------  -------------------
/opt/airflow/dags/ecommerce_etl.py                           1           0  0.12s           2026-02-05T19:10:07
================================================================================
[2026-02-05T19:11:05.655+0000] {manager.py:879} INFO - 
================================================================================
DAG File Processing Stats

File Path                           PID    Runtime      # DAGs    # Errors  Last Runtime    Last Run
----------------------------------  -----  ---------  --------  ----------  --------------  -------------------
/opt/airflow/dags/ecommerce_etl.py                           1           0  0.13s           2026-02-05T19:10:37
================================================================================
[2026-02-05T19:11:35.977+0000] {manager.py:879} INFO - 
================================================================================
DAG File Processing Stats

File Path                           PID    Runtime      # DAGs    # Errors  Last Runtime    Last Run
----------------------------------  -----  ---------  --------  ----------  --------------  -------------------
/opt/airflow/dags/ecommerce_etl.py                           1           0  0.14s           2026-02-05T19:11:07
================================================================================
[2026-02-05T19:12:06.182+0000] {manager.py:879} INFO - 
================================================================================
DAG File Processing Stats

File Path                           PID    Runtime      # DAGs    # Errors  Last Runtime    Last Run
----------------------------------  -----  ---------  --------  ----------  --------------  -------------------
/opt/airflow/dags/ecommerce_etl.py                           1           0  0.17s           2026-02-05T19:11:38
================================================================================
[2026-02-05T19:12:36.373+0000] {manager.py:879} INFO - 
================================================================================
DAG File Processing Stats

File Path                           PID    Runtime      # DAGs    # Errors  Last Runtime    Last Run
----------------------------------  -----  ---------  --------  ----------  --------------  -------------------
/opt/airflow/dags/ecommerce_etl.py                           1           0  0.14s           2026-02-05T19:12:08
================================================================================
[2026-02-05T19:13:06.667+0000] {manager.py:879} INFO - 
================================================================================
DAG File Processing Stats

File Path                           PID    Runtime      # DAGs    # Errors  Last Runtime    Last Run
----------------------------------  -----  ---------  --------  ----------  --------------  -------------------
/opt/airflow/dags/ecommerce_etl.py                           1           0  0.12s           2026-02-05T19:12:38
================================================================================
[2026-02-05T19:13:36.863+0000] {manager.py:879} INFO - 
================================================================================
DAG File Processing Stats

File Path                           PID    Runtime      # DAGs    # Errors  Last Runtime    Last Run
----------------------------------  -----  ---------  --------  ----------  --------------  -------------------
/opt/airflow/dags/ecommerce_etl.py                           1           0  0.14s           2026-02-05T19:13:08
================================================================================
[2026-02-05T20:11:48.660+0000] {manager.py:469} INFO - Processing files using up to 2 processes at a time 
[2026-02-05T20:11:48.675+0000] {manager.py:470} INFO - Process each file at most once every 30 seconds
[2026-02-05T20:11:48.678+0000] {manager.py:471} INFO - Checking for new files in /opt/airflow/dags every 300 seconds
[2026-02-05T20:11:48.680+0000] {manager.py:738} INFO - Searching for files in /opt/airflow/dags
[2026-02-05T20:11:48.846+0000] {manager.py:741} INFO - There are 1 files in /opt/airflow/dags
[2026-02-05T20:11:49.371+0000] {manager.py:879} INFO - 
================================================================================
DAG File Processing Stats

File Path                             PID  Runtime      # DAGs    # Errors  Last Runtime    Last Run
----------------------------------  -----  ---------  --------  ----------  --------------  ----------
/opt/airflow/dags/ecommerce_etl.py    182  0.23s             0           0
================================================================================
[2026-02-05T20:12:19.637+0000] {manager.py:879} INFO - 
================================================================================
DAG File Processing Stats

File Path                           PID    Runtime      # DAGs    # Errors  Last Runtime    Last Run
----------------------------------  -----  ---------  --------  ----------  --------------  -------------------
/opt/airflow/dags/ecommerce_etl.py                           1           0  0.57s           2026-02-05T20:11:49
================================================================================
[2026-02-05T20:12:50.036+0000] {manager.py:879} INFO - 
================================================================================
DAG File Processing Stats

File Path                           PID    Runtime      # DAGs    # Errors  Last Runtime    Last Run
----------------------------------  -----  ---------  --------  ----------  --------------  -------------------
/opt/airflow/dags/ecommerce_etl.py                           1           0  0.29s           2026-02-05T20:12:20
================================================================================
[2026-02-05T20:13:20.492+0000] {manager.py:879} INFO - 
================================================================================
DAG File Processing Stats

File Path                           PID    Runtime      # DAGs    # Errors  Last Runtime    Last Run
----------------------------------  -----  ---------  --------  ----------  --------------  -------------------
/opt/airflow/dags/ecommerce_etl.py                           1           0  0.16s           2026-02-05T20:12:50
================================================================================
[2026-02-05T20:13:50.823+0000] {manager.py:879} INFO - 
================================================================================
DAG File Processing Stats

File Path                             PID  Runtime      # DAGs    # Errors  Last Runtime    Last Run
----------------------------------  -----  ---------  --------  ----------  --------------  -------------------
/opt/airflow/dags/ecommerce_etl.py    244  0.01s             1           0  0.14s           2026-02-05T20:13:20
================================================================================
[2026-02-05T20:14:21.094+0000] {manager.py:879} INFO - 
================================================================================
DAG File Processing Stats

File Path                             PID  Runtime      # DAGs    # Errors  Last Runtime    Last Run
----------------------------------  -----  ---------  --------  ----------  --------------  -------------------
/opt/airflow/dags/ecommerce_etl.py    255  0.00s             1           0  0.17s           2026-02-05T20:13:50
================================================================================
[2026-02-05T20:14:51.276+0000] {manager.py:879} INFO - 
================================================================================
DAG File Processing Stats

File Path                           PID    Runtime      # DAGs    # Errors  Last Runtime    Last Run
----------------------------------  -----  ---------  --------  ----------  --------------  -------------------
/opt/airflow/dags/ecommerce_etl.py                           1           0  0.20s           2026-02-05T20:14:21
================================================================================
[2026-02-05T20:15:21.688+0000] {manager.py:879} INFO - 
================================================================================
DAG File Processing Stats

File Path                             PID  Runtime      # DAGs    # Errors  Last Runtime    Last Run
----------------------------------  -----  ---------  --------  ----------  --------------  -------------------
/opt/airflow/dags/ecommerce_etl.py    277  0.00s             1           0  0.12s           2026-02-05T20:14:51
================================================================================
[2026-02-05T20:15:51.988+0000] {manager.py:879} INFO - 
================================================================================
DAG File Processing Stats

File Path                             PID  Runtime      # DAGs    # Errors  Last Runtime    Last Run
----------------------------------  -----  ---------  --------  ----------  --------------  -------------------
/opt/airflow/dags/ecommerce_etl.py    288  0.00s             1           0  0.12s           2026-02-05T20:15:21
================================================================================
[2026-02-05T20:16:22.197+0000] {manager.py:879} INFO - 
================================================================================
DAG File Processing Stats

File Path                             PID  Runtime      # DAGs    # Errors  Last Runtime    Last Run
----------------------------------  -----  ---------  --------  ----------  --------------  -------------------
/opt/airflow/dags/ecommerce_etl.py    299  0.00s             1           0  0.12s           2026-02-05T20:15:52
================================================================================
[2026-02-05T20:16:49.456+0000] {manager.py:738} INFO - Searching for files in /opt/airflow/dags
[2026-02-05T20:16:49.480+0000] {manager.py:741} INFO - There are 1 files in /opt/airflow/dags
[2026-02-05T20:16:52.524+0000] {manager.py:879} INFO - 
================================================================================
DAG File Processing Stats

File Path                             PID  Runtime      # DAGs    # Errors  Last Runtime    Last Run
----------------------------------  -----  ---------  --------  ----------  --------------  -------------------
/opt/airflow/dags/ecommerce_etl.py    311  0.00s             1           0  0.12s           2026-02-05T20:16:22
================================================================================
[2026-02-05T20:17:22.724+0000] {manager.py:879} INFO - 
================================================================================
DAG File Processing Stats

File Path                             PID  Runtime      # DAGs    # Errors  Last Runtime    Last Run
----------------------------------  -----  ---------  --------  ----------  --------------  -------------------
/opt/airflow/dags/ecommerce_etl.py    322  0.00s             1           0  0.12s           2026-02-05T20:16:52
================================================================================
[2026-02-05T20:17:52.959+0000] {manager.py:879} INFO - 
================================================================================
DAG File Processing Stats

File Path                             PID  Runtime      # DAGs    # Errors  Last Runtime    Last Run
----------------------------------  -----  ---------  --------  ----------  --------------  -------------------
/opt/airflow/dags/ecommerce_etl.py    333  0.00s             1           0  0.14s           2026-02-05T20:17:22
================================================================================
[2026-02-05T20:18:23.137+0000] {manager.py:879} INFO - 
================================================================================
DAG File Processing Stats

File Path                             PID  Runtime      # DAGs    # Errors  Last Runtime    Last Run
----------------------------------  -----  ---------  --------  ----------  --------------  -------------------
/opt/airflow/dags/ecommerce_etl.py    344  0.00s             1           0  0.13s           2026-02-05T20:17:53
================================================================================
[2026-02-05T20:18:53.458+0000] {manager.py:879} INFO - 
================================================================================
DAG File Processing Stats

File Path                           PID    Runtime      # DAGs    # Errors  Last Runtime    Last Run
----------------------------------  -----  ---------  --------  ----------  --------------  -------------------
/opt/airflow/dags/ecommerce_etl.py                           1           0  0.15s           2026-02-05T20:18:50
================================================================================
[2026-02-05T20:19:23.724+0000] {manager.py:879} INFO - 
================================================================================
DAG File Processing Stats

File Path                           PID    Runtime      # DAGs    # Errors  Last Runtime    Last Run
----------------------------------  -----  ---------  --------  ----------  --------------  -------------------
/opt/airflow/dags/ecommerce_etl.py                           1           0  0.13s           2026-02-05T20:19:20
================================================================================
[2026-02-05T20:19:27.308+0000] {manager.py:451} INFO - Exiting gracefully upon receiving signal 15
[2026-02-05T20:24:50.962+0000] {manager.py:469} INFO - Processing files using up to 2 processes at a time 
[2026-02-05T20:24:50.980+0000] {manager.py:470} INFO - Process each file at most once every 30 seconds
[2026-02-05T20:24:50.982+0000] {manager.py:471} INFO - Checking for new files in /opt/airflow/dags every 300 seconds
[2026-02-05T20:24:50.984+0000] {manager.py:738} INFO - Searching for files in /opt/airflow/dags
[2026-02-05T20:24:51.050+0000] {manager.py:741} INFO - There are 1 files in /opt/airflow/dags
[2026-02-05T20:24:51.181+0000] {manager.py:879} INFO - 
================================================================================
DAG File Processing Stats

File Path                             PID  Runtime      # DAGs    # Errors  Last Runtime    Last Run
----------------------------------  -----  ---------  --------  ----------  --------------  ----------
/opt/airflow/dags/ecommerce_etl.py    186  0.05s             0           0
================================================================================
[2026-02-05T20:25:21.339+0000] {manager.py:879} INFO - 
================================================================================
DAG File Processing Stats

File Path                           PID    Runtime      # DAGs    # Errors  Last Runtime    Last Run
----------------------------------  -----  ---------  --------  ----------  --------------  -------------------
/opt/airflow/dags/ecommerce_etl.py                           1           0  0.58s           2026-02-05T20:24:51
================================================================================
[2026-02-05T20:25:52.094+0000] {manager.py:879} INFO - 
================================================================================
DAG File Processing Stats

File Path                             PID  Runtime      # DAGs    # Errors  Last Runtime    Last Run
----------------------------------  -----  ---------  --------  ----------  --------------  -------------------
/opt/airflow/dags/ecommerce_etl.py    290  0.00s             1           0  0.15s           2026-02-05T20:25:22
================================================================================
[2026-02-05T20:26:22.364+0000] {manager.py:879} INFO - 
================================================================================
DAG File Processing Stats

File Path                             PID  Runtime      # DAGs    # Errors  Last Runtime    Last Run
----------------------------------  -----  ---------  --------  ----------  --------------  -------------------
/opt/airflow/dags/ecommerce_etl.py    301  0.00s             1           0  0.14s           2026-02-05T20:25:52
================================================================================
[2026-02-05T20:26:52.558+0000] {manager.py:879} INFO - 
================================================================================
DAG File Processing Stats

File Path                             PID  Runtime      # DAGs    # Errors  Last Runtime    Last Run
----------------------------------  -----  ---------  --------  ----------  --------------  -------------------
/opt/airflow/dags/ecommerce_etl.py    312  0.00s             1           0  0.12s           2026-02-05T20:26:22
================================================================================
[2026-02-05T20:27:22.805+0000] {manager.py:879} INFO - 
================================================================================
DAG File Processing Stats

File Path                             PID  Runtime      # DAGs    # Errors  Last Runtime    Last Run
----------------------------------  -----  ---------  --------  ----------  --------------  -------------------
/opt/airflow/dags/ecommerce_etl.py    323  0.00s             1           0  0.12s           2026-02-05T20:26:52
================================================================================
[2026-02-05T20:27:52.994+0000] {manager.py:879} INFO - 
================================================================================
DAG File Processing Stats

File Path                             PID  Runtime      # DAGs    # Errors  Last Runtime    Last Run
----------------------------------  -----  ---------  --------  ----------  --------------  -------------------
/opt/airflow/dags/ecommerce_etl.py    334  0.00s             1           0  0.16s           2026-02-05T20:27:22
================================================================================
[2026-02-05T20:28:23.258+0000] {manager.py:879} INFO - 
================================================================================
DAG File Processing Stats

File Path                             PID  Runtime      # DAGs    # Errors  Last Runtime    Last Run
----------------------------------  -----  ---------  --------  ----------  --------------  -------------------
/opt/airflow/dags/ecommerce_etl.py    345  0.01s             1           0  0.13s           2026-02-05T20:27:53
================================================================================
[2026-02-05T20:28:53.436+0000] {manager.py:879} INFO - 
================================================================================
DAG File Processing Stats

File Path                             PID  Runtime      # DAGs    # Errors  Last Runtime    Last Run
----------------------------------  -----  ---------  --------  ----------  --------------  -------------------
/opt/airflow/dags/ecommerce_etl.py    356  0.00s             1           0  0.16s           2026-02-05T20:28:23
================================================================================
[2026-02-05T20:29:23.721+0000] {manager.py:879} INFO - 
================================================================================
DAG File Processing Stats

File Path                             PID  Runtime      # DAGs    # Errors  Last Runtime    Last Run
----------------------------------  -----  ---------  --------  ----------  --------------  -------------------
/opt/airflow/dags/ecommerce_etl.py    367  0.00s             1           0  0.13s           2026-02-05T20:28:53
================================================================================
[2026-02-05T20:29:51.080+0000] {manager.py:738} INFO - Searching for files in /opt/airflow/dags
[2026-02-05T20:29:51.112+0000] {manager.py:741} INFO - There are 1 files in /opt/airflow/dags
[2026-02-05T20:29:53.930+0000] {manager.py:879} INFO - 
================================================================================
DAG File Processing Stats

File Path                             PID  Runtime      # DAGs    # Errors  Last Runtime    Last Run
----------------------------------  -----  ---------  --------  ----------  --------------  -------------------
/opt/airflow/dags/ecommerce_etl.py    378  0.00s             1           0  0.14s           2026-02-05T20:29:23
================================================================================
[2026-02-05T20:30:24.121+0000] {manager.py:879} INFO - 
================================================================================
DAG File Processing Stats

File Path                             PID  Runtime      # DAGs    # Errors  Last Runtime    Last Run
----------------------------------  -----  ---------  --------  ----------  --------------  -------------------
/opt/airflow/dags/ecommerce_etl.py    389  0.01s             1           0  0.11s           2026-02-05T20:29:54
================================================================================
[2026-02-05T20:30:54.355+0000] {manager.py:879} INFO - 
================================================================================
DAG File Processing Stats

File Path                             PID  Runtime      # DAGs    # Errors  Last Runtime    Last Run
----------------------------------  -----  ---------  --------  ----------  --------------  -------------------
/opt/airflow/dags/ecommerce_etl.py    406  0.00s             1           0  0.12s           2026-02-05T20:30:24
================================================================================
[2026-02-05T20:31:24.528+0000] {manager.py:879} INFO - 
================================================================================
DAG File Processing Stats

File Path                             PID  Runtime      # DAGs    # Errors  Last Runtime    Last Run
----------------------------------  -----  ---------  --------  ----------  --------------  -------------------
/opt/airflow/dags/ecommerce_etl.py    417  0.00s             1           0  0.11s           2026-02-05T20:30:54
================================================================================
[2026-02-05T20:31:54.797+0000] {manager.py:879} INFO - 
================================================================================
DAG File Processing Stats

File Path                             PID  Runtime      # DAGs    # Errors  Last Runtime    Last Run
----------------------------------  -----  ---------  --------  ----------  --------------  -------------------
/opt/airflow/dags/ecommerce_etl.py    428  0.00s             1           0  0.12s           2026-02-05T20:31:24
================================================================================
[2026-02-05T20:32:25.009+0000] {manager.py:879} INFO - 
================================================================================
DAG File Processing Stats

File Path                             PID  Runtime      # DAGs    # Errors  Last Runtime    Last Run
----------------------------------  -----  ---------  --------  ----------  --------------  -------------------
/opt/airflow/dags/ecommerce_etl.py    439  0.00s             1           0  0.11s           2026-02-05T20:31:54
================================================================================
[2026-02-05T20:32:44.490+0000] {manager.py:469} INFO - Processing files using up to 2 processes at a time 
[2026-02-05T20:32:44.492+0000] {manager.py:470} INFO - Process each file at most once every 30 seconds
[2026-02-05T20:32:44.493+0000] {manager.py:471} INFO - Checking for new files in /opt/airflow/dags every 300 seconds
[2026-02-05T20:32:44.496+0000] {manager.py:738} INFO - Searching for files in /opt/airflow/dags
[2026-02-05T20:32:44.554+0000] {manager.py:741} INFO - There are 1 files in /opt/airflow/dags
[2026-02-05T20:32:44.662+0000] {manager.py:879} INFO - 
================================================================================
DAG File Processing Stats

File Path                             PID  Runtime      # DAGs    # Errors  Last Runtime    Last Run
----------------------------------  -----  ---------  --------  ----------  --------------  ----------
/opt/airflow/dags/ecommerce_etl.py    174  0.04s             0           0
================================================================================
[2026-02-05T20:33:08.832+0000] {manager.py:451} INFO - Exiting gracefully upon receiving signal 15
[2026-02-05T20:33:15.656+0000] {manager.py:469} INFO - Processing files using up to 2 processes at a time 
[2026-02-05T20:33:15.658+0000] {manager.py:470} INFO - Process each file at most once every 30 seconds
[2026-02-05T20:33:15.658+0000] {manager.py:471} INFO - Checking for new files in /opt/airflow/dags every 300 seconds
[2026-02-05T20:33:15.659+0000] {manager.py:738} INFO - Searching for files in /opt/airflow/dags
[2026-02-05T20:33:15.684+0000] {manager.py:741} INFO - There are 1 files in /opt/airflow/dags
[2026-02-05T20:33:15.776+0000] {manager.py:879} INFO - 
================================================================================
DAG File Processing Stats

File Path                             PID  Runtime      # DAGs    # Errors  Last Runtime    Last Run
----------------------------------  -----  ---------  --------  ----------  --------------  ----------
/opt/airflow/dags/ecommerce_etl.py    174  0.04s             0           0
================================================================================
[2026-02-05T20:33:46.015+0000] {manager.py:879} INFO - 
================================================================================
DAG File Processing Stats

File Path                             PID  Runtime      # DAGs    # Errors  Last Runtime    Last Run
----------------------------------  -----  ---------  --------  ----------  --------------  -------------------
/opt/airflow/dags/ecommerce_etl.py    209  0.01s             1           0  0.14s           2026-02-05T20:33:15
================================================================================
[2026-02-05T20:33:56.874+0000] {manager.py:451} INFO - Exiting gracefully upon receiving signal 15
[2026-02-05T20:34:03.747+0000] {manager.py:469} INFO - Processing files using up to 2 processes at a time 
[2026-02-05T20:34:03.749+0000] {manager.py:470} INFO - Process each file at most once every 30 seconds
[2026-02-05T20:34:03.750+0000] {manager.py:471} INFO - Checking for new files in /opt/airflow/dags every 300 seconds
[2026-02-05T20:34:03.751+0000] {manager.py:738} INFO - Searching for files in /opt/airflow/dags
[2026-02-05T20:34:03.773+0000] {manager.py:741} INFO - There are 1 files in /opt/airflow/dags
[2026-02-05T20:34:03.855+0000] {manager.py:879} INFO - 
================================================================================
DAG File Processing Stats

File Path                             PID  Runtime      # DAGs    # Errors  Last Runtime    Last Run
----------------------------------  -----  ---------  --------  ----------  --------------  ----------
/opt/airflow/dags/ecommerce_etl.py    174  0.04s             0           0
================================================================================
[2026-02-05T20:34:34.062+0000] {manager.py:879} INFO - 
================================================================================
DAG File Processing Stats

File Path                             PID  Runtime      # DAGs    # Errors  Last Runtime    Last Run
----------------------------------  -----  ---------  --------  ----------  --------------  -------------------
/opt/airflow/dags/ecommerce_etl.py    244  0.00s             1           0  0.13s           2026-02-05T20:34:03
================================================================================
[2026-02-05T20:35:04.309+0000] {manager.py:879} INFO - 
================================================================================
DAG File Processing Stats

File Path                             PID  Runtime      # DAGs    # Errors  Last Runtime    Last Run
----------------------------------  -----  ---------  --------  ----------  --------------  -------------------
/opt/airflow/dags/ecommerce_etl.py    256  0.01s             1           0  0.11s           2026-02-05T20:34:34
================================================================================
[2026-02-05T20:35:34.506+0000] {manager.py:879} INFO - 
================================================================================
DAG File Processing Stats

File Path                             PID  Runtime      # DAGs    # Errors  Last Runtime    Last Run
----------------------------------  -----  ---------  --------  ----------  --------------  -------------------
/opt/airflow/dags/ecommerce_etl.py    267  0.02s             1           0  0.16s           2026-02-05T20:35:04
================================================================================
[2026-02-05T20:36:04.808+0000] {manager.py:879} INFO - 
================================================================================
DAG File Processing Stats

File Path                             PID  Runtime      # DAGs    # Errors  Last Runtime    Last Run
----------------------------------  -----  ---------  --------  ----------  --------------  -------------------
/opt/airflow/dags/ecommerce_etl.py    278  0.01s             1           0  0.16s           2026-02-05T20:35:34
================================================================================
[2026-02-05T20:36:35.004+0000] {manager.py:879} INFO - 
================================================================================
DAG File Processing Stats

File Path                             PID  Runtime      # DAGs    # Errors  Last Runtime    Last Run
----------------------------------  -----  ---------  --------  ----------  --------------  -------------------
/opt/airflow/dags/ecommerce_etl.py    289  0.00s             1           0  0.15s           2026-02-05T20:36:04
================================================================================
[2026-02-05T20:37:05.285+0000] {manager.py:879} INFO - 
================================================================================
DAG File Processing Stats

File Path                             PID  Runtime      # DAGs    # Errors  Last Runtime    Last Run
----------------------------------  -----  ---------  --------  ----------  --------------  -------------------
/opt/airflow/dags/ecommerce_etl.py    300  0.01s             1           0  0.16s           2026-02-05T20:36:35
================================================================================
[2026-02-05T20:37:35.490+0000] {manager.py:879} INFO - 
================================================================================
DAG File Processing Stats

File Path                           PID    Runtime      # DAGs    # Errors  Last Runtime    Last Run
----------------------------------  -----  ---------  --------  ----------  --------------  -------------------
/opt/airflow/dags/ecommerce_etl.py                           1           0  0.25s           2026-02-05T20:37:05
================================================================================
[2026-02-05T20:38:05.950+0000] {manager.py:879} INFO - 
================================================================================
DAG File Processing Stats

File Path                             PID  Runtime      # DAGs    # Errors  Last Runtime    Last Run
----------------------------------  -----  ---------  --------  ----------  --------------  -------------------
/opt/airflow/dags/ecommerce_etl.py    322  0.01s             1           0  0.17s           2026-02-05T20:37:35
================================================================================
[2026-02-05T20:38:36.271+0000] {manager.py:879} INFO - 
================================================================================
DAG File Processing Stats

File Path                             PID  Runtime      # DAGs    # Errors  Last Runtime    Last Run
----------------------------------  -----  ---------  --------  ----------  --------------  -------------------
/opt/airflow/dags/ecommerce_etl.py    333  0.00s             1           0  0.15s           2026-02-05T20:38:06
================================================================================
[2026-02-05T20:39:04.433+0000] {manager.py:738} INFO - Searching for files in /opt/airflow/dags
[2026-02-05T20:39:04.456+0000] {manager.py:741} INFO - There are 1 files in /opt/airflow/dags
[2026-02-05T20:39:06.501+0000] {manager.py:879} INFO - 
================================================================================
DAG File Processing Stats

File Path                             PID  Runtime      # DAGs    # Errors  Last Runtime    Last Run
----------------------------------  -----  ---------  --------  ----------  --------------  -------------------
/opt/airflow/dags/ecommerce_etl.py    344  0.01s             1           0  0.17s           2026-02-05T20:38:36
================================================================================
[2026-02-05T20:39:36.852+0000] {manager.py:879} INFO - 
================================================================================
DAG File Processing Stats

File Path                             PID  Runtime      # DAGs    # Errors  Last Runtime    Last Run
----------------------------------  -----  ---------  --------  ----------  --------------  -------------------
/opt/airflow/dags/ecommerce_etl.py    358  0.00s             1           0  0.20s           2026-02-05T20:39:06
================================================================================
[2026-02-05T20:40:07.058+0000] {manager.py:879} INFO - 
================================================================================
DAG File Processing Stats

File Path                             PID  Runtime      # DAGs    # Errors  Last Runtime    Last Run
----------------------------------  -----  ---------  --------  ----------  --------------  -------------------
/opt/airflow/dags/ecommerce_etl.py    369  0.00s             1           0  0.12s           2026-02-05T20:39:36
================================================================================
[2026-02-05T20:40:37.295+0000] {manager.py:879} INFO - 
================================================================================
DAG File Processing Stats

File Path                             PID  Runtime      # DAGs    # Errors  Last Runtime    Last Run
----------------------------------  -----  ---------  --------  ----------  --------------  -------------------
/opt/airflow/dags/ecommerce_etl.py    380  0.00s             1           0  0.12s           2026-02-05T20:40:07
================================================================================
[2026-02-05T20:41:07.538+0000] {manager.py:879} INFO - 
================================================================================
DAG File Processing Stats

File Path                             PID  Runtime      # DAGs    # Errors  Last Runtime    Last Run
----------------------------------  -----  ---------  --------  ----------  --------------  -------------------
/opt/airflow/dags/ecommerce_etl.py    391  0.02s             1           0  0.12s           2026-02-05T20:40:37
================================================================================
[2026-02-05T20:41:37.734+0000] {manager.py:879} INFO - 
================================================================================
DAG File Processing Stats

File Path                           PID    Runtime      # DAGs    # Errors  Last Runtime    Last Run
----------------------------------  -----  ---------  --------  ----------  --------------  -------------------
/opt/airflow/dags/ecommerce_etl.py                           1           0  0.33s           2026-02-05T20:41:07
================================================================================
[2026-02-05T20:42:08.209+0000] {manager.py:879} INFO - 
================================================================================
DAG File Processing Stats

File Path                             PID  Runtime      # DAGs    # Errors  Last Runtime    Last Run
----------------------------------  -----  ---------  --------  ----------  --------------  -------------------
/opt/airflow/dags/ecommerce_etl.py    413  0.00s             1           0  0.13s           2026-02-05T20:41:38
================================================================================
[2026-02-05T20:42:38.474+0000] {manager.py:879} INFO - 
================================================================================
DAG File Processing Stats

File Path                             PID  Runtime      # DAGs    # Errors  Last Runtime    Last Run
----------------------------------  -----  ---------  --------  ----------  --------------  -------------------
/opt/airflow/dags/ecommerce_etl.py    424  0.01s             1           0  0.13s           2026-02-05T20:42:08
================================================================================
[2026-02-05T20:43:08.663+0000] {manager.py:879} INFO - 
================================================================================
DAG File Processing Stats

File Path                             PID  Runtime      # DAGs    # Errors  Last Runtime    Last Run
----------------------------------  -----  ---------  --------  ----------  --------------  -------------------
/opt/airflow/dags/ecommerce_etl.py    435  0.01s             1           0  0.13s           2026-02-05T20:42:38
================================================================================
[2026-02-05T20:43:38.907+0000] {manager.py:879} INFO - 
================================================================================
DAG File Processing Stats

File Path                             PID  Runtime      # DAGs    # Errors  Last Runtime    Last Run
----------------------------------  -----  ---------  --------  ----------  --------------  -------------------
/opt/airflow/dags/ecommerce_etl.py    446  0.00s             1           0  0.13s           2026-02-05T20:43:08
================================================================================
[2026-02-05T20:44:05.093+0000] {manager.py:738} INFO - Searching for files in /opt/airflow/dags
[2026-02-05T20:44:05.114+0000] {manager.py:741} INFO - There are 1 files in /opt/airflow/dags
[2026-02-05T20:44:09.159+0000] {manager.py:879} INFO - 
================================================================================
DAG File Processing Stats

File Path                             PID  Runtime      # DAGs    # Errors  Last Runtime    Last Run
----------------------------------  -----  ---------  --------  ----------  --------------  -------------------
/opt/airflow/dags/ecommerce_etl.py    457  0.00s             1           0  0.12s           2026-02-05T20:43:39
================================================================================
[2026-02-05T20:44:39.353+0000] {manager.py:879} INFO - 
================================================================================
DAG File Processing Stats

File Path                             PID  Runtime      # DAGs    # Errors  Last Runtime    Last Run
----------------------------------  -----  ---------  --------  ----------  --------------  -------------------
/opt/airflow/dags/ecommerce_etl.py    468  0.01s             1           0  0.14s           2026-02-05T20:44:09
================================================================================
[2026-02-05T20:45:09.650+0000] {manager.py:879} INFO - 
================================================================================
DAG File Processing Stats

File Path                             PID  Runtime      # DAGs    # Errors  Last Runtime    Last Run
----------------------------------  -----  ---------  --------  ----------  --------------  -------------------
/opt/airflow/dags/ecommerce_etl.py    479  0.00s             1           0  0.25s           2026-02-05T20:44:39
================================================================================
[2026-02-05T20:45:39.957+0000] {manager.py:879} INFO - 
================================================================================
DAG File Processing Stats

File Path                             PID  Runtime      # DAGs    # Errors  Last Runtime    Last Run
----------------------------------  -----  ---------  --------  ----------  --------------  -------------------
/opt/airflow/dags/ecommerce_etl.py    491  0.00s             1           0  0.12s           2026-02-05T20:45:09
================================================================================
[2026-02-05T20:46:10.180+0000] {manager.py:879} INFO - 
================================================================================
DAG File Processing Stats

File Path                             PID  Runtime      # DAGs    # Errors  Last Runtime    Last Run
----------------------------------  -----  ---------  --------  ----------  --------------  -------------------
/opt/airflow/dags/ecommerce_etl.py    502  0.01s             1           0  0.12s           2026-02-05T20:45:40
================================================================================
[2026-02-05T20:46:40.465+0000] {manager.py:879} INFO - 
================================================================================
DAG File Processing Stats

File Path                           PID    Runtime      # DAGs    # Errors  Last Runtime    Last Run
----------------------------------  -----  ---------  --------  ----------  --------------  -------------------
/opt/airflow/dags/ecommerce_etl.py                           1           0  0.18s           2026-02-05T20:46:24
================================================================================
[2026-02-05T20:47:10.668+0000] {manager.py:879} INFO - 
================================================================================
DAG File Processing Stats

File Path                           PID    Runtime      # DAGs    # Errors  Last Runtime    Last Run
----------------------------------  -----  ---------  --------  ----------  --------------  -------------------
/opt/airflow/dags/ecommerce_etl.py                           1           0  0.12s           2026-02-05T20:46:54
================================================================================
[2026-02-05T20:52:03.265+0000] {manager.py:469} INFO - Processing files using up to 2 processes at a time 
[2026-02-05T20:52:03.288+0000] {manager.py:470} INFO - Process each file at most once every 30 seconds
[2026-02-05T20:52:03.292+0000] {manager.py:471} INFO - Checking for new files in /opt/airflow/dags every 300 seconds
[2026-02-05T20:52:03.295+0000] {manager.py:738} INFO - Searching for files in /opt/airflow/dags
[2026-02-05T20:52:03.416+0000] {manager.py:741} INFO - There are 1 files in /opt/airflow/dags
[2026-02-05T20:52:03.663+0000] {manager.py:879} INFO - 
================================================================================
DAG File Processing Stats

File Path                             PID  Runtime      # DAGs    # Errors  Last Runtime    Last Run
----------------------------------  -----  ---------  --------  ----------  --------------  ----------
/opt/airflow/dags/ecommerce_etl.py    187  0.14s             0           0
================================================================================
[2026-02-05T20:52:33.850+0000] {manager.py:879} INFO - 
================================================================================
DAG File Processing Stats

File Path                           PID    Runtime      # DAGs    # Errors  Last Runtime    Last Run
----------------------------------  -----  ---------  --------  ----------  --------------  -------------------
/opt/airflow/dags/ecommerce_etl.py                           1           0  0.77s           2026-02-05T20:52:04
================================================================================
[2026-02-05T20:53:04.029+0000] {manager.py:879} INFO - 
================================================================================
DAG File Processing Stats

File Path                           PID    Runtime      # DAGs    # Errors  Last Runtime    Last Run
----------------------------------  -----  ---------  --------  ----------  --------------  -------------------
/opt/airflow/dags/ecommerce_etl.py                           1           0  0.39s           2026-02-05T20:52:34
================================================================================
[2026-02-05T20:53:34.226+0000] {manager.py:879} INFO - 
================================================================================
DAG File Processing Stats

File Path                           PID    Runtime      # DAGs    # Errors  Last Runtime    Last Run
----------------------------------  -----  ---------  --------  ----------  --------------  -------------------
/opt/airflow/dags/ecommerce_etl.py                           1           0  0.33s           2026-02-05T20:53:05
================================================================================
[2026-02-05T20:54:04.695+0000] {manager.py:879} INFO - 
================================================================================
DAG File Processing Stats

File Path                           PID    Runtime      # DAGs    # Errors  Last Runtime    Last Run
----------------------------------  -----  ---------  --------  ----------  --------------  -------------------
/opt/airflow/dags/ecommerce_etl.py                           1           0  0.38s           2026-02-05T20:53:35
================================================================================
[2026-02-05T20:54:34.835+0000] {manager.py:879} INFO - 
================================================================================
DAG File Processing Stats

File Path                           PID    Runtime      # DAGs    # Errors  Last Runtime    Last Run
----------------------------------  -----  ---------  --------  ----------  --------------  -------------------
/opt/airflow/dags/ecommerce_etl.py                           1           0  0.55s           2026-02-05T20:54:06
================================================================================
[2026-02-05T20:55:05.032+0000] {manager.py:879} INFO - 
================================================================================
DAG File Processing Stats

File Path                           PID    Runtime      # DAGs    # Errors  Last Runtime    Last Run
----------------------------------  -----  ---------  --------  ----------  --------------  -------------------
/opt/airflow/dags/ecommerce_etl.py                           1           0  0.17s           2026-02-05T20:54:37
================================================================================
[2026-02-05T20:55:35.336+0000] {manager.py:879} INFO - 
================================================================================
DAG File Processing Stats

File Path                           PID    Runtime      # DAGs    # Errors  Last Runtime    Last Run
----------------------------------  -----  ---------  --------  ----------  --------------  -------------------
/opt/airflow/dags/ecommerce_etl.py                           1           0  0.19s           2026-02-05T20:55:07
================================================================================
[2026-02-05T20:56:05.564+0000] {manager.py:879} INFO - 
================================================================================
DAG File Processing Stats

File Path                           PID    Runtime      # DAGs    # Errors  Last Runtime    Last Run
----------------------------------  -----  ---------  --------  ----------  --------------  -------------------
/opt/airflow/dags/ecommerce_etl.py                           1           0  0.15s           2026-02-05T20:55:37
================================================================================
[2026-02-05T20:56:35.886+0000] {manager.py:879} INFO - 
================================================================================
DAG File Processing Stats

File Path                           PID    Runtime      # DAGs    # Errors  Last Runtime    Last Run
----------------------------------  -----  ---------  --------  ----------  --------------  -------------------
/opt/airflow/dags/ecommerce_etl.py                           1           0  0.18s           2026-02-05T20:56:07
================================================================================
[2026-02-05T20:57:04.071+0000] {manager.py:738} INFO - Searching for files in /opt/airflow/dags
[2026-02-05T20:57:04.178+0000] {manager.py:741} INFO - There are 1 files in /opt/airflow/dags
[2026-02-05T20:57:06.203+0000] {manager.py:879} INFO - 
================================================================================
DAG File Processing Stats

File Path                           PID    Runtime      # DAGs    # Errors  Last Runtime    Last Run
----------------------------------  -----  ---------  --------  ----------  --------------  -------------------
/opt/airflow/dags/ecommerce_etl.py                           1           0  0.18s           2026-02-05T20:56:38
================================================================================
[2026-02-05T20:57:36.426+0000] {manager.py:879} INFO - 
================================================================================
DAG File Processing Stats

File Path                           PID    Runtime      # DAGs    # Errors  Last Runtime    Last Run
----------------------------------  -----  ---------  --------  ----------  --------------  -------------------
/opt/airflow/dags/ecommerce_etl.py                           1           0  0.12s           2026-02-05T20:57:08
================================================================================
[2026-02-05T20:58:06.684+0000] {manager.py:879} INFO - 
================================================================================
DAG File Processing Stats

File Path                           PID    Runtime      # DAGs    # Errors  Last Runtime    Last Run
----------------------------------  -----  ---------  --------  ----------  --------------  -------------------
/opt/airflow/dags/ecommerce_etl.py                           1           0  0.16s           2026-02-05T20:57:38
================================================================================
[2026-02-05T20:58:36.905+0000] {manager.py:879} INFO - 
================================================================================
DAG File Processing Stats

File Path                           PID    Runtime      # DAGs    # Errors  Last Runtime    Last Run
----------------------------------  -----  ---------  --------  ----------  --------------  -------------------
/opt/airflow/dags/ecommerce_etl.py                           1           0  0.18s           2026-02-05T20:58:08
================================================================================
[2026-02-05T20:59:07.178+0000] {manager.py:879} INFO - 
================================================================================
DAG File Processing Stats

File Path                           PID    Runtime      # DAGs    # Errors  Last Runtime    Last Run
----------------------------------  -----  ---------  --------  ----------  --------------  -------------------
/opt/airflow/dags/ecommerce_etl.py                           1           0  0.14s           2026-02-05T20:58:39
================================================================================
[2026-02-05T20:59:37.357+0000] {manager.py:879} INFO - 
================================================================================
DAG File Processing Stats

File Path                           PID    Runtime      # DAGs    # Errors  Last Runtime    Last Run
----------------------------------  -----  ---------  --------  ----------  --------------  -------------------
/opt/airflow/dags/ecommerce_etl.py                           1           0  0.18s           2026-02-05T20:59:09
================================================================================
[2026-02-05T21:00:07.705+0000] {manager.py:879} INFO - 
================================================================================
DAG File Processing Stats

File Path                           PID    Runtime      # DAGs    # Errors  Last Runtime    Last Run
----------------------------------  -----  ---------  --------  ----------  --------------  -------------------
/opt/airflow/dags/ecommerce_etl.py                           1           0  0.14s           2026-02-05T20:59:39
================================================================================
[2026-02-05T21:00:37.997+0000] {manager.py:879} INFO - 
================================================================================
DAG File Processing Stats

File Path                           PID    Runtime      # DAGs    # Errors  Last Runtime    Last Run
----------------------------------  -----  ---------  --------  ----------  --------------  -------------------
/opt/airflow/dags/ecommerce_etl.py                           1           0  0.13s           2026-02-05T21:00:09
================================================================================
[2026-02-05T21:01:08.204+0000] {manager.py:879} INFO - 
================================================================================
DAG File Processing Stats

File Path                           PID    Runtime      # DAGs    # Errors  Last Runtime    Last Run
----------------------------------  -----  ---------  --------  ----------  --------------  -------------------
/opt/airflow/dags/ecommerce_etl.py                           1           0  0.13s           2026-02-05T21:00:40
================================================================================
[2026-02-05T21:01:38.476+0000] {manager.py:879} INFO - 
================================================================================
DAG File Processing Stats

File Path                           PID    Runtime      # DAGs    # Errors  Last Runtime    Last Run
----------------------------------  -----  ---------  --------  ----------  --------------  -------------------
/opt/airflow/dags/ecommerce_etl.py                           1           0  0.15s           2026-02-05T21:01:10
================================================================================
[2026-02-05T21:02:04.672+0000] {manager.py:738} INFO - Searching for files in /opt/airflow/dags
[2026-02-05T21:02:04.706+0000] {manager.py:741} INFO - There are 1 files in /opt/airflow/dags
[2026-02-05T21:02:08.752+0000] {manager.py:879} INFO - 
================================================================================
DAG File Processing Stats

File Path                           PID    Runtime      # DAGs    # Errors  Last Runtime    Last Run
----------------------------------  -----  ---------  --------  ----------  --------------  -------------------
/opt/airflow/dags/ecommerce_etl.py                           1           0  0.13s           2026-02-05T21:01:40
================================================================================
[2026-02-05T21:02:38.936+0000] {manager.py:879} INFO - 
================================================================================
DAG File Processing Stats

File Path                           PID    Runtime      # DAGs    # Errors  Last Runtime    Last Run
----------------------------------  -----  ---------  --------  ----------  --------------  -------------------
/opt/airflow/dags/ecommerce_etl.py                           1           0  0.14s           2026-02-05T21:02:10
================================================================================
[2026-02-05T21:03:09.222+0000] {manager.py:879} INFO - 
================================================================================
DAG File Processing Stats

File Path                           PID    Runtime      # DAGs    # Errors  Last Runtime    Last Run
----------------------------------  -----  ---------  --------  ----------  --------------  -------------------
/opt/airflow/dags/ecommerce_etl.py                           1           0  0.13s           2026-02-05T21:02:41
================================================================================
[2026-02-05T21:03:39.519+0000] {manager.py:879} INFO - 
================================================================================
DAG File Processing Stats

File Path                           PID    Runtime      # DAGs    # Errors  Last Runtime    Last Run
----------------------------------  -----  ---------  --------  ----------  --------------  -------------------
/opt/airflow/dags/ecommerce_etl.py                           1           0  0.33s           2026-02-05T21:03:37
================================================================================
[2026-02-05T21:09:58.641+0000] {manager.py:469} INFO - Processing files using up to 2 processes at a time 
[2026-02-05T21:09:58.663+0000] {manager.py:470} INFO - Process each file at most once every 30 seconds
[2026-02-05T21:09:58.666+0000] {manager.py:471} INFO - Checking for new files in /opt/airflow/dags every 300 seconds
[2026-02-05T21:09:58.667+0000] {manager.py:738} INFO - Searching for files in /opt/airflow/dags
[2026-02-05T21:09:58.806+0000] {manager.py:741} INFO - There are 1 files in /opt/airflow/dags
[2026-02-05T21:09:59.363+0000] {manager.py:879} INFO - 
================================================================================
DAG File Processing Stats

File Path                             PID  Runtime      # DAGs    # Errors  Last Runtime    Last Run
----------------------------------  -----  ---------  --------  ----------  --------------  ----------
/opt/airflow/dags/ecommerce_etl.py    186  0.26s             0           0
================================================================================
[2026-02-05T21:10:29.554+0000] {manager.py:879} INFO - 
================================================================================
DAG File Processing Stats

File Path                           PID    Runtime      # DAGs    # Errors  Last Runtime    Last Run
----------------------------------  -----  ---------  --------  ----------  --------------  -------------------
/opt/airflow/dags/ecommerce_etl.py                           1           0  1.32s           2026-02-05T21:10:00
================================================================================
[2026-02-05T21:10:59.760+0000] {manager.py:879} INFO - 
================================================================================
DAG File Processing Stats

File Path                           PID    Runtime      # DAGs    # Errors  Last Runtime    Last Run
----------------------------------  -----  ---------  --------  ----------  --------------  -------------------
/opt/airflow/dags/ecommerce_etl.py                           1           0  0.25s           2026-02-05T21:10:30
================================================================================
[2026-02-05T21:11:30.139+0000] {manager.py:879} INFO - 
================================================================================
DAG File Processing Stats

File Path                           PID    Runtime      # DAGs    # Errors  Last Runtime    Last Run
----------------------------------  -----  ---------  --------  ----------  --------------  -------------------
/opt/airflow/dags/ecommerce_etl.py                           1           0  0.21s           2026-02-05T21:11:01
================================================================================
[2026-02-05T21:12:00.515+0000] {manager.py:879} INFO - 
================================================================================
DAG File Processing Stats

File Path                           PID    Runtime      # DAGs    # Errors  Last Runtime    Last Run
----------------------------------  -----  ---------  --------  ----------  --------------  -------------------
/opt/airflow/dags/ecommerce_etl.py                           1           0  0.14s           2026-02-05T21:11:31
================================================================================
[2026-02-05T21:12:31.114+0000] {manager.py:879} INFO - 
================================================================================
DAG File Processing Stats

File Path                           PID    Runtime      # DAGs    # Errors  Last Runtime    Last Run
----------------------------------  -----  ---------  --------  ----------  --------------  -------------------
/opt/airflow/dags/ecommerce_etl.py                           1           0  0.73s           2026-02-05T21:12:02
================================================================================
[2026-02-05T21:13:01.729+0000] {manager.py:879} INFO - 
================================================================================
DAG File Processing Stats

File Path                           PID    Runtime      # DAGs    # Errors  Last Runtime    Last Run
----------------------------------  -----  ---------  --------  ----------  --------------  -------------------
/opt/airflow/dags/ecommerce_etl.py                           1           0  0.29s           2026-02-05T21:12:32
================================================================================
[2026-02-05T21:13:32.143+0000] {manager.py:879} INFO - 
================================================================================
DAG File Processing Stats

File Path                           PID    Runtime      # DAGs    # Errors  Last Runtime    Last Run
----------------------------------  -----  ---------  --------  ----------  --------------  -------------------
/opt/airflow/dags/ecommerce_etl.py                           1           0  0.28s           2026-02-05T21:13:03
================================================================================
[2026-02-05T21:14:02.601+0000] {manager.py:879} INFO - 
================================================================================
DAG File Processing Stats

File Path                           PID    Runtime      # DAGs    # Errors  Last Runtime    Last Run
----------------------------------  -----  ---------  --------  ----------  --------------  -------------------
/opt/airflow/dags/ecommerce_etl.py                           1           0  0.19s           2026-02-05T21:13:33
================================================================================
[2026-02-05T21:14:32.955+0000] {manager.py:879} INFO - 
================================================================================
DAG File Processing Stats

File Path                           PID    Runtime      # DAGs    # Errors  Last Runtime    Last Run
----------------------------------  -----  ---------  --------  ----------  --------------  -------------------
/opt/airflow/dags/ecommerce_etl.py                           1           0  0.13s           2026-02-05T21:14:03
================================================================================
[2026-02-05T21:14:59.210+0000] {manager.py:738} INFO - Searching for files in /opt/airflow/dags
[2026-02-05T21:14:59.281+0000] {manager.py:741} INFO - There are 1 files in /opt/airflow/dags
[2026-02-05T21:15:03.343+0000] {manager.py:879} INFO - 
================================================================================
DAG File Processing Stats

File Path                           PID    Runtime      # DAGs    # Errors  Last Runtime    Last Run
----------------------------------  -----  ---------  --------  ----------  --------------  -------------------
/opt/airflow/dags/ecommerce_etl.py                           1           0  0.13s           2026-02-05T21:14:34
================================================================================
[2026-02-05T21:15:33.547+0000] {manager.py:879} INFO - 
================================================================================
DAG File Processing Stats

File Path                           PID    Runtime      # DAGs    # Errors  Last Runtime    Last Run
----------------------------------  -----  ---------  --------  ----------  --------------  -------------------
/opt/airflow/dags/ecommerce_etl.py                           1           0  0.15s           2026-02-05T21:15:04
================================================================================
[2026-02-05T21:16:03.909+0000] {manager.py:879} INFO - 
================================================================================
DAG File Processing Stats

File Path                           PID    Runtime      # DAGs    # Errors  Last Runtime    Last Run
----------------------------------  -----  ---------  --------  ----------  --------------  -------------------
/opt/airflow/dags/ecommerce_etl.py                           1           0  0.16s           2026-02-05T21:15:34
================================================================================
[2026-02-05T21:16:34.116+0000] {manager.py:879} INFO - 
================================================================================
DAG File Processing Stats

File Path                           PID    Runtime      # DAGs    # Errors  Last Runtime    Last Run
----------------------------------  -----  ---------  --------  ----------  --------------  -------------------
/opt/airflow/dags/ecommerce_etl.py                           1           0  0.12s           2026-02-05T21:16:05
================================================================================
[2026-02-05T21:17:04.424+0000] {manager.py:879} INFO - 
================================================================================
DAG File Processing Stats

File Path                           PID    Runtime      # DAGs    # Errors  Last Runtime    Last Run
----------------------------------  -----  ---------  --------  ----------  --------------  -------------------
/opt/airflow/dags/ecommerce_etl.py                           1           0  0.11s           2026-02-05T21:16:35
================================================================================
[2026-02-05T21:17:34.635+0000] {manager.py:879} INFO - 
================================================================================
DAG File Processing Stats

File Path                           PID    Runtime      # DAGs    # Errors  Last Runtime    Last Run
----------------------------------  -----  ---------  --------  ----------  --------------  -------------------
/opt/airflow/dags/ecommerce_etl.py                           1           0  0.13s           2026-02-05T21:17:05
================================================================================
[2026-02-05T21:18:04.950+0000] {manager.py:879} INFO - 
================================================================================
DAG File Processing Stats

File Path                           PID    Runtime      # DAGs    # Errors  Last Runtime    Last Run
----------------------------------  -----  ---------  --------  ----------  --------------  -------------------
/opt/airflow/dags/ecommerce_etl.py                           1           0  0.17s           2026-02-05T21:17:35
================================================================================
[2026-02-05T21:18:35.186+0000] {manager.py:879} INFO - 
================================================================================
DAG File Processing Stats

File Path                           PID    Runtime      # DAGs    # Errors  Last Runtime    Last Run
----------------------------------  -----  ---------  --------  ----------  --------------  -------------------
/opt/airflow/dags/ecommerce_etl.py                           1           0  0.12s           2026-02-05T21:18:06
================================================================================
[2026-02-05T21:19:05.422+0000] {manager.py:879} INFO - 
================================================================================
DAG File Processing Stats

File Path                           PID    Runtime      # DAGs    # Errors  Last Runtime    Last Run
----------------------------------  -----  ---------  --------  ----------  --------------  -------------------
/opt/airflow/dags/ecommerce_etl.py                           1           0  0.12s           2026-02-05T21:18:36
================================================================================
[2026-02-05T21:19:35.656+0000] {manager.py:879} INFO - 
================================================================================
DAG File Processing Stats

File Path                           PID    Runtime      # DAGs    # Errors  Last Runtime    Last Run
----------------------------------  -----  ---------  --------  ----------  --------------  -------------------
/opt/airflow/dags/ecommerce_etl.py                           1           0  0.15s           2026-02-05T21:19:06
================================================================================
[2026-02-05T21:19:59.905+0000] {manager.py:738} INFO - Searching for files in /opt/airflow/dags
[2026-02-05T21:19:59.933+0000] {manager.py:741} INFO - There are 1 files in /opt/airflow/dags
[2026-02-05T21:20:05.993+0000] {manager.py:879} INFO - 
================================================================================
DAG File Processing Stats

File Path                           PID    Runtime      # DAGs    # Errors  Last Runtime    Last Run
----------------------------------  -----  ---------  --------  ----------  --------------  -------------------
/opt/airflow/dags/ecommerce_etl.py                           1           0  0.15s           2026-02-05T21:19:36
================================================================================
[2026-02-05T21:20:36.222+0000] {manager.py:879} INFO - 
================================================================================
DAG File Processing Stats

File Path                           PID    Runtime      # DAGs    # Errors  Last Runtime    Last Run
----------------------------------  -----  ---------  --------  ----------  --------------  -------------------
/opt/airflow/dags/ecommerce_etl.py                           1           0  0.11s           2026-02-05T21:20:07
================================================================================
[2026-02-05T21:21:06.484+0000] {manager.py:879} INFO - 
================================================================================
DAG File Processing Stats

File Path                           PID    Runtime      # DAGs    # Errors  Last Runtime    Last Run
----------------------------------  -----  ---------  --------  ----------  --------------  -------------------
/opt/airflow/dags/ecommerce_etl.py                           1           0  0.12s           2026-02-05T21:20:37
================================================================================
[2026-02-05T21:21:36.722+0000] {manager.py:879} INFO - 
================================================================================
DAG File Processing Stats

File Path                           PID    Runtime      # DAGs    # Errors  Last Runtime    Last Run
----------------------------------  -----  ---------  --------  ----------  --------------  -------------------
/opt/airflow/dags/ecommerce_etl.py                           1           0  0.14s           2026-02-05T21:21:07
================================================================================
[2026-02-05T21:22:07.020+0000] {manager.py:879} INFO - 
================================================================================
DAG File Processing Stats

File Path                           PID    Runtime      # DAGs    # Errors  Last Runtime    Last Run
----------------------------------  -----  ---------  --------  ----------  --------------  -------------------
/opt/airflow/dags/ecommerce_etl.py                           1           0  0.12s           2026-02-05T21:21:37
================================================================================
[2026-02-05T21:22:37.230+0000] {manager.py:879} INFO - 
================================================================================
DAG File Processing Stats

File Path                           PID    Runtime      # DAGs    # Errors  Last Runtime    Last Run
----------------------------------  -----  ---------  --------  ----------  --------------  -------------------
/opt/airflow/dags/ecommerce_etl.py                           1           0  0.12s           2026-02-05T21:22:08
================================================================================
[2026-02-05T21:23:07.506+0000] {manager.py:879} INFO - 
================================================================================
DAG File Processing Stats

File Path                           PID    Runtime      # DAGs    # Errors  Last Runtime    Last Run
----------------------------------  -----  ---------  --------  ----------  --------------  -------------------
/opt/airflow/dags/ecommerce_etl.py                           1           0  0.16s           2026-02-05T21:22:38
================================================================================
[2026-02-05T21:23:37.787+0000] {manager.py:879} INFO - 
================================================================================
DAG File Processing Stats

File Path                           PID    Runtime      # DAGs    # Errors  Last Runtime    Last Run
----------------------------------  -----  ---------  --------  ----------  --------------  -------------------
/opt/airflow/dags/ecommerce_etl.py                           1           0  0.13s           2026-02-05T21:23:08
================================================================================
[2026-02-05T21:24:08.041+0000] {manager.py:879} INFO - 
================================================================================
DAG File Processing Stats

File Path                           PID    Runtime      # DAGs    # Errors  Last Runtime    Last Run
----------------------------------  -----  ---------  --------  ----------  --------------  -------------------
/opt/airflow/dags/ecommerce_etl.py                           1           0  0.12s           2026-02-05T21:23:38
================================================================================
[2026-02-05T21:24:38.326+0000] {manager.py:879} INFO - 
================================================================================
DAG File Processing Stats

File Path                           PID    Runtime      # DAGs    # Errors  Last Runtime    Last Run
----------------------------------  -----  ---------  --------  ----------  --------------  -------------------
/opt/airflow/dags/ecommerce_etl.py                           1           0  0.12s           2026-02-05T21:24:09
================================================================================
[2026-02-05T21:25:00.482+0000] {manager.py:738} INFO - Searching for files in /opt/airflow/dags
[2026-02-05T21:25:00.531+0000] {manager.py:741} INFO - There are 1 files in /opt/airflow/dags
[2026-02-05T21:25:08.602+0000] {manager.py:879} INFO - 
================================================================================
DAG File Processing Stats

File Path                           PID    Runtime      # DAGs    # Errors  Last Runtime    Last Run
----------------------------------  -----  ---------  --------  ----------  --------------  -------------------
/opt/airflow/dags/ecommerce_etl.py                           1           0  0.12s           2026-02-05T21:24:39
================================================================================
[2026-02-05T21:25:38.815+0000] {manager.py:879} INFO - 
================================================================================
DAG File Processing Stats

File Path                           PID    Runtime      # DAGs    # Errors  Last Runtime    Last Run
----------------------------------  -----  ---------  --------  ----------  --------------  -------------------
/opt/airflow/dags/ecommerce_etl.py                           1           0  0.15s           2026-02-05T21:25:09
================================================================================
[2026-02-05T21:26:09.121+0000] {manager.py:879} INFO - 
================================================================================
DAG File Processing Stats

File Path                           PID    Runtime      # DAGs    # Errors  Last Runtime    Last Run
----------------------------------  -----  ---------  --------  ----------  --------------  -------------------
/opt/airflow/dags/ecommerce_etl.py                           1           0  0.14s           2026-02-05T21:25:39
================================================================================
[2026-02-05T21:26:39.407+0000] {manager.py:879} INFO - 
================================================================================
DAG File Processing Stats

File Path                           PID    Runtime      # DAGs    # Errors  Last Runtime    Last Run
----------------------------------  -----  ---------  --------  ----------  --------------  -------------------
/opt/airflow/dags/ecommerce_etl.py                           1           0  0.12s           2026-02-05T21:26:10
================================================================================
[2026-02-05T21:27:09.754+0000] {manager.py:879} INFO - 
================================================================================
DAG File Processing Stats

File Path                           PID    Runtime      # DAGs    # Errors  Last Runtime    Last Run
----------------------------------  -----  ---------  --------  ----------  --------------  -------------------
/opt/airflow/dags/ecommerce_etl.py                           1           0  0.14s           2026-02-05T21:26:40
================================================================================
[2026-02-05T21:27:40.085+0000] {manager.py:879} INFO - 
================================================================================
DAG File Processing Stats

File Path                           PID    Runtime      # DAGs    # Errors  Last Runtime    Last Run
----------------------------------  -----  ---------  --------  ----------  --------------  -------------------
/opt/airflow/dags/ecommerce_etl.py                           1           0  0.12s           2026-02-05T21:27:10
================================================================================
[2026-02-05T21:28:10.358+0000] {manager.py:879} INFO - 
================================================================================
DAG File Processing Stats

File Path                           PID    Runtime      # DAGs    # Errors  Last Runtime    Last Run
----------------------------------  -----  ---------  --------  ----------  --------------  -------------------
/opt/airflow/dags/ecommerce_etl.py                           1           0  0.12s           2026-02-05T21:27:41
================================================================================
[2026-02-05T21:28:40.725+0000] {manager.py:879} INFO - 
================================================================================
DAG File Processing Stats

File Path                           PID    Runtime      # DAGs    # Errors  Last Runtime    Last Run
----------------------------------  -----  ---------  --------  ----------  --------------  -------------------
/opt/airflow/dags/ecommerce_etl.py                           1           0  0.11s           2026-02-05T21:28:11
================================================================================
[2026-02-05T21:29:10.972+0000] {manager.py:879} INFO - 
================================================================================
DAG File Processing Stats

File Path                           PID    Runtime      # DAGs    # Errors  Last Runtime    Last Run
----------------------------------  -----  ---------  --------  ----------  --------------  -------------------
/opt/airflow/dags/ecommerce_etl.py                           1           0  0.12s           2026-02-05T21:28:41
================================================================================
[2026-02-05T21:29:41.301+0000] {manager.py:879} INFO - 
================================================================================
DAG File Processing Stats

File Path                           PID    Runtime      # DAGs    # Errors  Last Runtime    Last Run
----------------------------------  -----  ---------  --------  ----------  --------------  -------------------
/opt/airflow/dags/ecommerce_etl.py                           1           0  0.12s           2026-02-05T21:29:12
================================================================================
[2026-02-05T21:30:00.555+0000] {manager.py:738} INFO - Searching for files in /opt/airflow/dags
[2026-02-05T21:30:00.586+0000] {manager.py:741} INFO - There are 1 files in /opt/airflow/dags
[2026-02-05T21:30:11.543+0000] {manager.py:879} INFO - 
================================================================================
DAG File Processing Stats

File Path                           PID    Runtime      # DAGs    # Errors  Last Runtime    Last Run
----------------------------------  -----  ---------  --------  ----------  --------------  -------------------
/opt/airflow/dags/ecommerce_etl.py                           1           0  0.12s           2026-02-05T21:29:42
================================================================================
[2026-02-05T21:30:41.839+0000] {manager.py:879} INFO - 
================================================================================
DAG File Processing Stats

File Path                           PID    Runtime      # DAGs    # Errors  Last Runtime    Last Run
----------------------------------  -----  ---------  --------  ----------  --------------  -------------------
/opt/airflow/dags/ecommerce_etl.py                           1           0  0.12s           2026-02-05T21:30:12
================================================================================
[2026-02-05T21:31:12.034+0000] {manager.py:879} INFO - 
================================================================================
DAG File Processing Stats

File Path                           PID    Runtime      # DAGs    # Errors  Last Runtime    Last Run
----------------------------------  -----  ---------  --------  ----------  --------------  -------------------
/opt/airflow/dags/ecommerce_etl.py                           1           0  0.13s           2026-02-05T21:30:42
================================================================================
[2026-02-05T21:31:42.299+0000] {manager.py:879} INFO - 
================================================================================
DAG File Processing Stats

File Path                           PID    Runtime      # DAGs    # Errors  Last Runtime    Last Run
----------------------------------  -----  ---------  --------  ----------  --------------  -------------------
/opt/airflow/dags/ecommerce_etl.py                           1           0  0.15s           2026-02-05T21:31:13
================================================================================
[2026-02-05T21:32:12.525+0000] {manager.py:879} INFO - 
================================================================================
DAG File Processing Stats

File Path                           PID    Runtime      # DAGs    # Errors  Last Runtime    Last Run
----------------------------------  -----  ---------  --------  ----------  --------------  -------------------
/opt/airflow/dags/ecommerce_etl.py                           1           0  0.13s           2026-02-05T21:31:43
================================================================================
[2026-02-05T21:32:42.841+0000] {manager.py:879} INFO - 
================================================================================
DAG File Processing Stats

File Path                           PID    Runtime      # DAGs    # Errors  Last Runtime    Last Run
----------------------------------  -----  ---------  --------  ----------  --------------  -------------------
/opt/airflow/dags/ecommerce_etl.py                           1           0  0.12s           2026-02-05T21:32:13
================================================================================
[2026-02-05T21:33:13.037+0000] {manager.py:879} INFO - 
================================================================================
DAG File Processing Stats

File Path                           PID    Runtime      # DAGs    # Errors  Last Runtime    Last Run
----------------------------------  -----  ---------  --------  ----------  --------------  -------------------
/opt/airflow/dags/ecommerce_etl.py                           1           0  0.12s           2026-02-05T21:32:43
================================================================================
[2026-02-05T21:33:43.305+0000] {manager.py:879} INFO - 
================================================================================
DAG File Processing Stats

File Path                           PID    Runtime      # DAGs    # Errors  Last Runtime    Last Run
----------------------------------  -----  ---------  --------  ----------  --------------  -------------------
/opt/airflow/dags/ecommerce_etl.py                           1           0  0.22s           2026-02-05T21:33:14
================================================================================
[2026-02-05T21:34:13.501+0000] {manager.py:879} INFO - 
================================================================================
DAG File Processing Stats

File Path                           PID    Runtime      # DAGs    # Errors  Last Runtime    Last Run
----------------------------------  -----  ---------  --------  ----------  --------------  -------------------
/opt/airflow/dags/ecommerce_etl.py                           1           0  0.14s           2026-02-05T21:33:44
================================================================================
[2026-02-05T21:34:43.811+0000] {manager.py:879} INFO - 
================================================================================
DAG File Processing Stats

File Path                           PID    Runtime      # DAGs    # Errors  Last Runtime    Last Run
----------------------------------  -----  ---------  --------  ----------  --------------  -------------------
/opt/airflow/dags/ecommerce_etl.py                           1           0  0.12s           2026-02-05T21:34:14
================================================================================
[2026-02-05T21:35:00.942+0000] {manager.py:738} INFO - Searching for files in /opt/airflow/dags
[2026-02-05T21:35:00.967+0000] {manager.py:741} INFO - There are 1 files in /opt/airflow/dags
[2026-02-05T21:35:14.076+0000] {manager.py:879} INFO - 
================================================================================
DAG File Processing Stats

File Path                           PID    Runtime      # DAGs    # Errors  Last Runtime    Last Run
----------------------------------  -----  ---------  --------  ----------  --------------  -------------------
/opt/airflow/dags/ecommerce_etl.py                           1           0  0.12s           2026-02-05T21:34:44
================================================================================
[2026-02-05T21:35:44.302+0000] {manager.py:879} INFO - 
================================================================================
DAG File Processing Stats

File Path                           PID    Runtime      # DAGs    # Errors  Last Runtime    Last Run
----------------------------------  -----  ---------  --------  ----------  --------------  -------------------
/opt/airflow/dags/ecommerce_etl.py                           1           0  0.12s           2026-02-05T21:35:15
================================================================================
[2026-02-05T21:36:14.567+0000] {manager.py:879} INFO - 
================================================================================
DAG File Processing Stats

File Path                           PID    Runtime      # DAGs    # Errors  Last Runtime    Last Run
----------------------------------  -----  ---------  --------  ----------  --------------  -------------------
/opt/airflow/dags/ecommerce_etl.py                           1           0  0.12s           2026-02-05T21:35:45
================================================================================
[2026-02-05T21:36:44.767+0000] {manager.py:879} INFO - 
================================================================================
DAG File Processing Stats

File Path                           PID    Runtime      # DAGs    # Errors  Last Runtime    Last Run
----------------------------------  -----  ---------  --------  ----------  --------------  -------------------
/opt/airflow/dags/ecommerce_etl.py                           1           0  0.13s           2026-02-05T21:36:15
================================================================================
[2026-02-05T21:37:15.048+0000] {manager.py:879} INFO - 
================================================================================
DAG File Processing Stats

File Path                           PID    Runtime      # DAGs    # Errors  Last Runtime    Last Run
----------------------------------  -----  ---------  --------  ----------  --------------  -------------------
/opt/airflow/dags/ecommerce_etl.py                           1           0  0.13s           2026-02-05T21:36:45
================================================================================
[2026-02-05T21:37:45.262+0000] {manager.py:879} INFO - 
================================================================================
DAG File Processing Stats

File Path                           PID    Runtime      # DAGs    # Errors  Last Runtime    Last Run
----------------------------------  -----  ---------  --------  ----------  --------------  -------------------
/opt/airflow/dags/ecommerce_etl.py                           1           0  0.15s           2026-02-05T21:37:16
================================================================================
[2026-02-05T21:38:15.535+0000] {manager.py:879} INFO - 
================================================================================
DAG File Processing Stats

File Path                           PID    Runtime      # DAGs    # Errors  Last Runtime    Last Run
----------------------------------  -----  ---------  --------  ----------  --------------  -------------------
/opt/airflow/dags/ecommerce_etl.py                           1           0  0.15s           2026-02-05T21:37:46
================================================================================
[2026-02-05T21:38:45.706+0000] {manager.py:879} INFO - 
================================================================================
DAG File Processing Stats

File Path                           PID    Runtime      # DAGs    # Errors  Last Runtime    Last Run
----------------------------------  -----  ---------  --------  ----------  --------------  -------------------
/opt/airflow/dags/ecommerce_etl.py                           1           0  1.79s           2026-02-05T21:38:18
================================================================================
[2026-02-05T21:39:15.808+0000] {manager.py:879} INFO - 
================================================================================
DAG File Processing Stats

File Path                           PID    Runtime      # DAGs    # Errors  Last Runtime    Last Run
----------------------------------  -----  ---------  --------  ----------  --------------  -------------------
/opt/airflow/dags/ecommerce_etl.py                           1           0  0.13s           2026-02-05T21:38:48
================================================================================
[2026-02-05T21:39:45.974+0000] {manager.py:879} INFO - 
================================================================================
DAG File Processing Stats

File Path                           PID    Runtime      # DAGs    # Errors  Last Runtime    Last Run
----------------------------------  -----  ---------  --------  ----------  --------------  -------------------
/opt/airflow/dags/ecommerce_etl.py                           1           0  0.38s           2026-02-05T21:39:19
================================================================================
[2026-02-05T21:40:01.544+0000] {manager.py:738} INFO - Searching for files in /opt/airflow/dags
[2026-02-05T21:40:01.606+0000] {manager.py:741} INFO - There are 2 files in /opt/airflow/dags
[2026-02-05T21:40:16.055+0000] {manager.py:879} INFO - 
================================================================================
DAG File Processing Stats

File Path                                 PID    Runtime      # DAGs    # Errors  Last Runtime    Last Run
----------------------------------------  -----  ---------  --------  ----------  --------------  -------------------
/opt/airflow/dags/data_quality_checks.py                           1           0  11.40s          2026-02-05T21:40:13
/opt/airflow/dags/ecommerce_etl.py                                 1           0  0.19s           2026-02-05T21:39:49
================================================================================
[2026-02-05T21:40:46.183+0000] {manager.py:879} INFO - 
================================================================================
DAG File Processing Stats

File Path                                   PID  Runtime      # DAGs    # Errors  Last Runtime    Last Run
----------------------------------------  -----  ---------  --------  ----------  --------------  -------------------
/opt/airflow/dags/data_quality_checks.py   1024  3.02s             1           0  11.40s          2026-02-05T21:40:13
/opt/airflow/dags/ecommerce_etl.py                                 1           0  0.16s           2026-02-05T21:40:20
================================================================================
[2026-02-05T21:41:16.449+0000] {manager.py:879} INFO - 
================================================================================
DAG File Processing Stats

File Path                                   PID  Runtime      # DAGs    # Errors  Last Runtime    Last Run
----------------------------------------  -----  ---------  --------  ----------  --------------  -------------------
/opt/airflow/dags/data_quality_checks.py   1053  0.00s             1           0  3.07s           2026-02-05T21:40:46
/opt/airflow/dags/ecommerce_etl.py                                 1           0  0.13s           2026-02-05T21:40:50
================================================================================
[2026-02-05T21:41:46.784+0000] {manager.py:879} INFO - 
================================================================================
DAG File Processing Stats

File Path                                 PID    Runtime      # DAGs    # Errors  Last Runtime    Last Run
----------------------------------------  -----  ---------  --------  ----------  --------------  -------------------
/opt/airflow/dags/data_quality_checks.py                           1           0  3.00s           2026-02-05T21:41:19
/opt/airflow/dags/ecommerce_etl.py                                 1           0  0.13s           2026-02-05T21:41:20
================================================================================
[2026-02-05T21:42:17.154+0000] {manager.py:879} INFO - 
================================================================================
DAG File Processing Stats

File Path                                 PID    Runtime      # DAGs    # Errors  Last Runtime    Last Run
----------------------------------------  -----  ---------  --------  ----------  --------------  -------------------
/opt/airflow/dags/data_quality_checks.py                           1           0  3.22s           2026-02-05T21:41:53
/opt/airflow/dags/ecommerce_etl.py                                 1           0  0.15s           2026-02-05T21:41:50
================================================================================
[2026-02-05T21:42:47.547+0000] {manager.py:879} INFO - 
================================================================================
DAG File Processing Stats

File Path                                 PID    Runtime      # DAGs    # Errors  Last Runtime    Last Run
----------------------------------------  -----  ---------  --------  ----------  --------------  -------------------
/opt/airflow/dags/data_quality_checks.py                           1           0  3.18s           2026-02-05T21:42:26
/opt/airflow/dags/ecommerce_etl.py                                 1           0  0.16s           2026-02-05T21:42:21
================================================================================
[2026-02-05T21:43:17.784+0000] {manager.py:879} INFO - 
================================================================================
DAG File Processing Stats

File Path                                 PID    Runtime      # DAGs    # Errors  Last Runtime    Last Run
----------------------------------------  -----  ---------  --------  ----------  --------------  -------------------
/opt/airflow/dags/data_quality_checks.py                           1           0  3.05s           2026-02-05T21:42:59
/opt/airflow/dags/ecommerce_etl.py                                 1           0  0.13s           2026-02-05T21:42:51
================================================================================
[2026-02-05T21:43:48.021+0000] {manager.py:879} INFO - 
================================================================================
DAG File Processing Stats

File Path                                 PID    Runtime      # DAGs    # Errors  Last Runtime    Last Run
----------------------------------------  -----  ---------  --------  ----------  --------------  -------------------
/opt/airflow/dags/data_quality_checks.py                           1           0  3.09s           2026-02-05T21:43:32
/opt/airflow/dags/ecommerce_etl.py                                 1           0  0.14s           2026-02-05T21:43:21
================================================================================
[2026-02-05T21:44:18.289+0000] {manager.py:879} INFO - 
================================================================================
DAG File Processing Stats

File Path                                 PID    Runtime      # DAGs    # Errors  Last Runtime    Last Run
----------------------------------------  -----  ---------  --------  ----------  --------------  -------------------
/opt/airflow/dags/data_quality_checks.py                           1           0  3.04s           2026-02-05T21:44:06
/opt/airflow/dags/ecommerce_etl.py                                 1           0  0.12s           2026-02-05T21:43:52
================================================================================
[2026-02-05T21:44:48.771+0000] {manager.py:879} INFO - 
================================================================================
DAG File Processing Stats

File Path                                 PID    Runtime      # DAGs    # Errors  Last Runtime    Last Run
----------------------------------------  -----  ---------  --------  ----------  --------------  -------------------
/opt/airflow/dags/data_quality_checks.py                           1           0  2.67s           2026-02-05T21:44:39
/opt/airflow/dags/ecommerce_etl.py                                 1           0  0.18s           2026-02-05T21:44:22
================================================================================
[2026-02-05T21:45:01.925+0000] {manager.py:738} INFO - Searching for files in /opt/airflow/dags
[2026-02-05T21:45:01.961+0000] {manager.py:741} INFO - There are 2 files in /opt/airflow/dags
[2026-02-05T21:45:19.027+0000] {manager.py:879} INFO - 
================================================================================
DAG File Processing Stats

File Path                                 PID    Runtime      # DAGs    # Errors  Last Runtime    Last Run
----------------------------------------  -----  ---------  --------  ----------  --------------  -------------------
/opt/airflow/dags/data_quality_checks.py                           1           0  2.93s           2026-02-05T21:45:12
/opt/airflow/dags/ecommerce_etl.py                                 1           0  0.13s           2026-02-05T21:44:52
================================================================================
[2026-02-05T21:45:49.330+0000] {manager.py:879} INFO - 
================================================================================
DAG File Processing Stats

File Path                                 PID    Runtime      # DAGs    # Errors  Last Runtime    Last Run
----------------------------------------  -----  ---------  --------  ----------  --------------  -------------------
/opt/airflow/dags/data_quality_checks.py                           1           0  2.93s           2026-02-05T21:45:46
/opt/airflow/dags/ecommerce_etl.py                                 1           0  0.13s           2026-02-05T21:45:23
================================================================================
[2026-02-05T21:46:19.396+0000] {manager.py:879} INFO - 
================================================================================
DAG File Processing Stats

File Path                                 PID    Runtime      # DAGs    # Errors  Last Runtime    Last Run
----------------------------------------  -----  ---------  --------  ----------  --------------  -------------------
/opt/airflow/dags/data_quality_checks.py                           1           0  2.77s           2026-02-05T21:46:19
/opt/airflow/dags/ecommerce_etl.py                                 1           0  0.13s           2026-02-05T21:45:53
================================================================================
[2026-02-05T21:46:49.938+0000] {manager.py:879} INFO - 
================================================================================
DAG File Processing Stats

File Path                                   PID  Runtime      # DAGs    # Errors  Last Runtime    Last Run
----------------------------------------  -----  ---------  --------  ----------  --------------  -------------------
/opt/airflow/dags/data_quality_checks.py   1361  0.00s             1           0  2.77s           2026-02-05T21:46:19
/opt/airflow/dags/ecommerce_etl.py                                 1           0  0.13s           2026-02-05T21:46:23
================================================================================
[2026-02-05T21:47:20.064+0000] {manager.py:879} INFO - 
================================================================================
DAG File Processing Stats

File Path                                 PID    Runtime      # DAGs    # Errors  Last Runtime    Last Run
----------------------------------------  -----  ---------  --------  ----------  --------------  -------------------
/opt/airflow/dags/data_quality_checks.py                           1           0  2.92s           2026-02-05T21:46:52
/opt/airflow/dags/ecommerce_etl.py                                 1           0  0.16s           2026-02-05T21:46:54
================================================================================
[2026-02-05T21:47:50.375+0000] {manager.py:879} INFO - 
================================================================================
DAG File Processing Stats

File Path                                 PID    Runtime      # DAGs    # Errors  Last Runtime    Last Run
----------------------------------------  -----  ---------  --------  ----------  --------------  -------------------
/opt/airflow/dags/data_quality_checks.py                           1           0  3.04s           2026-02-05T21:47:26
/opt/airflow/dags/ecommerce_etl.py                                 1           0  0.15s           2026-02-05T21:47:24
================================================================================
[2026-02-05T21:48:20.782+0000] {manager.py:879} INFO - 
================================================================================
DAG File Processing Stats

File Path                                 PID    Runtime      # DAGs    # Errors  Last Runtime    Last Run
----------------------------------------  -----  ---------  --------  ----------  --------------  -------------------
/opt/airflow/dags/data_quality_checks.py                           1           0  2.58s           2026-02-05T21:47:59
/opt/airflow/dags/ecommerce_etl.py                                 1           0  0.12s           2026-02-05T21:47:54
================================================================================
[2026-02-05T21:48:51.035+0000] {manager.py:879} INFO - 
================================================================================
DAG File Processing Stats

File Path                                 PID    Runtime      # DAGs    # Errors  Last Runtime    Last Run
----------------------------------------  -----  ---------  --------  ----------  --------------  -------------------
/opt/airflow/dags/data_quality_checks.py                           1           0  3.02s           2026-02-05T21:48:32
/opt/airflow/dags/ecommerce_etl.py                                 1           0  0.21s           2026-02-05T21:48:25
================================================================================
[2026-02-05T21:49:21.204+0000] {manager.py:879} INFO - 
================================================================================
DAG File Processing Stats

File Path                                 PID    Runtime      # DAGs    # Errors  Last Runtime    Last Run
----------------------------------------  -----  ---------  --------  ----------  --------------  -------------------
/opt/airflow/dags/data_quality_checks.py                           1           0  2.64s           2026-02-05T21:49:06
/opt/airflow/dags/ecommerce_etl.py                                 1           0  0.28s           2026-02-05T21:48:55
================================================================================
[2026-02-05T21:49:51.499+0000] {manager.py:879} INFO - 
================================================================================
DAG File Processing Stats

File Path                                 PID    Runtime      # DAGs    # Errors  Last Runtime    Last Run
----------------------------------------  -----  ---------  --------  ----------  --------------  -------------------
/opt/airflow/dags/data_quality_checks.py                           1           0  2.61s           2026-02-05T21:49:39
/opt/airflow/dags/ecommerce_etl.py                                 1           0  0.15s           2026-02-05T21:49:25
================================================================================
[2026-02-05T21:50:02.209+0000] {manager.py:738} INFO - Searching for files in /opt/airflow/dags
[2026-02-05T21:50:02.251+0000] {manager.py:741} INFO - There are 2 files in /opt/airflow/dags
[2026-02-05T21:50:22.006+0000] {manager.py:879} INFO - 
================================================================================
DAG File Processing Stats

File Path                                 PID    Runtime      # DAGs    # Errors  Last Runtime    Last Run
----------------------------------------  -----  ---------  --------  ----------  --------------  -------------------
/opt/airflow/dags/data_quality_checks.py                           1           0  2.55s           2026-02-05T21:50:12
/opt/airflow/dags/ecommerce_etl.py                                 1           0  0.12s           2026-02-05T21:49:56
================================================================================
[2026-02-05T21:50:52.441+0000] {manager.py:879} INFO - 
================================================================================
DAG File Processing Stats

File Path                                 PID    Runtime      # DAGs    # Errors  Last Runtime    Last Run
----------------------------------------  -----  ---------  --------  ----------  --------------  -------------------
/opt/airflow/dags/data_quality_checks.py                           1           0  2.67s           2026-02-05T21:50:46
/opt/airflow/dags/ecommerce_etl.py                                 1           0  0.12s           2026-02-05T21:50:26
================================================================================
[2026-02-05T21:51:22.793+0000] {manager.py:879} INFO - 
================================================================================
DAG File Processing Stats

File Path                                 PID    Runtime      # DAGs    # Errors  Last Runtime    Last Run
----------------------------------------  -----  ---------  --------  ----------  --------------  -------------------
/opt/airflow/dags/data_quality_checks.py                           1           0  2.50s           2026-02-05T21:51:19
/opt/airflow/dags/ecommerce_etl.py                                 1           0  0.12s           2026-02-05T21:50:57
================================================================================
[2026-02-05T21:51:53.154+0000] {manager.py:879} INFO - 
================================================================================
DAG File Processing Stats

File Path                                 PID    Runtime      # DAGs    # Errors  Last Runtime    Last Run
----------------------------------------  -----  ---------  --------  ----------  --------------  -------------------
/opt/airflow/dags/data_quality_checks.py                           1           0  2.48s           2026-02-05T21:51:52
/opt/airflow/dags/ecommerce_etl.py                                 1           0  0.12s           2026-02-05T21:51:27
================================================================================
[2026-02-05T21:52:24.045+0000] {manager.py:879} INFO - 
================================================================================
DAG File Processing Stats

File Path                                   PID  Runtime      # DAGs    # Errors  Last Runtime    Last Run
----------------------------------------  -----  ---------  --------  ----------  --------------  -------------------
/opt/airflow/dags/data_quality_checks.py   1662  1.01s             1           0  2.48s           2026-02-05T21:51:52
/opt/airflow/dags/ecommerce_etl.py                                 1           0  0.11s           2026-02-05T21:51:57
================================================================================
[2026-02-05T21:52:54.410+0000] {manager.py:879} INFO - 
================================================================================
DAG File Processing Stats

File Path                                 PID    Runtime      # DAGs    # Errors  Last Runtime    Last Run
----------------------------------------  -----  ---------  --------  ----------  --------------  -------------------
/opt/airflow/dags/data_quality_checks.py                           1           0  2.67s           2026-02-05T21:52:25
/opt/airflow/dags/ecommerce_etl.py                                 1           0  0.17s           2026-02-05T21:52:28
================================================================================
[2026-02-05T21:53:24.879+0000] {manager.py:879} INFO - 
================================================================================
DAG File Processing Stats

File Path                                 PID    Runtime      # DAGs    # Errors  Last Runtime    Last Run
----------------------------------------  -----  ---------  --------  ----------  --------------  -------------------
/opt/airflow/dags/data_quality_checks.py                           1           0  2.50s           2026-02-05T21:52:58
/opt/airflow/dags/ecommerce_etl.py                                 1           0  0.13s           2026-02-05T21:52:58
================================================================================
[2026-02-05T21:53:55.316+0000] {manager.py:879} INFO - 
================================================================================
DAG File Processing Stats

File Path                                 PID    Runtime      # DAGs    # Errors  Last Runtime    Last Run
----------------------------------------  -----  ---------  --------  ----------  --------------  -------------------
/opt/airflow/dags/data_quality_checks.py                           1           0  2.49s           2026-02-05T21:53:31
/opt/airflow/dags/ecommerce_etl.py                                 1           0  0.13s           2026-02-05T21:53:29
================================================================================
[2026-02-05T21:54:25.763+0000] {manager.py:879} INFO - 
================================================================================
DAG File Processing Stats

File Path                                 PID    Runtime      # DAGs    # Errors  Last Runtime    Last Run
----------------------------------------  -----  ---------  --------  ----------  --------------  -------------------
/opt/airflow/dags/data_quality_checks.py                           1           0  2.65s           2026-02-05T21:54:05
/opt/airflow/dags/ecommerce_etl.py                                 1           0  0.15s           2026-02-05T21:53:59
================================================================================
[2026-02-05T21:54:56.236+0000] {manager.py:879} INFO - 
================================================================================
DAG File Processing Stats

File Path                                 PID    Runtime      # DAGs    # Errors  Last Runtime    Last Run
----------------------------------------  -----  ---------  --------  ----------  --------------  -------------------
/opt/airflow/dags/data_quality_checks.py                           1           0  2.61s           2026-02-05T21:54:38
/opt/airflow/dags/ecommerce_etl.py                                 1           0  0.13s           2026-02-05T21:54:29
================================================================================
[2026-02-05T21:55:02.291+0000] {manager.py:738} INFO - Searching for files in /opt/airflow/dags
[2026-02-05T21:55:02.329+0000] {manager.py:741} INFO - There are 2 files in /opt/airflow/dags
[2026-02-05T21:55:26.703+0000] {manager.py:879} INFO - 
================================================================================
DAG File Processing Stats

File Path                                 PID    Runtime      # DAGs    # Errors  Last Runtime    Last Run
----------------------------------------  -----  ---------  --------  ----------  --------------  -------------------
/opt/airflow/dags/data_quality_checks.py                           1           0  2.52s           2026-02-05T21:55:11
/opt/airflow/dags/ecommerce_etl.py                                 1           0  0.18s           2026-02-05T21:55:00
================================================================================
[2026-02-05T21:55:57.039+0000] {manager.py:879} INFO - 
================================================================================
DAG File Processing Stats

File Path                                 PID    Runtime      # DAGs    # Errors  Last Runtime    Last Run
----------------------------------------  -----  ---------  --------  ----------  --------------  -------------------
/opt/airflow/dags/data_quality_checks.py                           1           0  2.83s           2026-02-05T21:55:44
/opt/airflow/dags/ecommerce_etl.py                                 1           0  0.12s           2026-02-05T21:55:30
================================================================================
[2026-02-05T21:56:27.515+0000] {manager.py:879} INFO - 
================================================================================
DAG File Processing Stats

File Path                                 PID    Runtime      # DAGs    # Errors  Last Runtime    Last Run
----------------------------------------  -----  ---------  --------  ----------  --------------  -------------------
/opt/airflow/dags/data_quality_checks.py                           1           0  2.58s           2026-02-05T21:56:17
/opt/airflow/dags/ecommerce_etl.py                                 1           0  0.17s           2026-02-05T21:56:01
================================================================================
[2026-02-05T21:56:57.965+0000] {manager.py:879} INFO - 
================================================================================
DAG File Processing Stats

File Path                                 PID    Runtime      # DAGs    # Errors  Last Runtime    Last Run
----------------------------------------  -----  ---------  --------  ----------  --------------  -------------------
/opt/airflow/dags/data_quality_checks.py                           1           0  2.53s           2026-02-05T21:56:51
/opt/airflow/dags/ecommerce_etl.py                                 1           0  0.17s           2026-02-05T21:56:31
================================================================================
[2026-02-05T21:57:28.418+0000] {manager.py:879} INFO - 
================================================================================
DAG File Processing Stats

File Path                                 PID    Runtime      # DAGs    # Errors  Last Runtime    Last Run
----------------------------------------  -----  ---------  --------  ----------  --------------  -------------------
/opt/airflow/dags/data_quality_checks.py                           1           0  2.53s           2026-02-05T21:57:23
/opt/airflow/dags/ecommerce_etl.py                                 1           0  0.14s           2026-02-05T21:57:02
================================================================================
[2026-02-05T21:57:58.854+0000] {manager.py:879} INFO - 
================================================================================
DAG File Processing Stats

File Path                                 PID    Runtime      # DAGs    # Errors  Last Runtime    Last Run
----------------------------------------  -----  ---------  --------  ----------  --------------  -------------------
/opt/airflow/dags/data_quality_checks.py                           1           0  2.60s           2026-02-05T21:57:57
/opt/airflow/dags/ecommerce_etl.py                                 1           0  0.13s           2026-02-05T21:57:32
================================================================================
[2026-02-05T21:58:29.145+0000] {manager.py:879} INFO - 
================================================================================
DAG File Processing Stats

File Path                                   PID  Runtime      # DAGs    # Errors  Last Runtime    Last Run
----------------------------------------  -----  ---------  --------  ----------  --------------  -------------------
/opt/airflow/dags/data_quality_checks.py   1993  1.01s             1           0  2.60s           2026-02-05T21:57:57
/opt/airflow/dags/ecommerce_etl.py                                 1           0  0.16s           2026-02-05T21:58:03
================================================================================
[2026-02-05T21:58:59.438+0000] {manager.py:879} INFO - 
================================================================================
DAG File Processing Stats

File Path                                 PID    Runtime      # DAGs    # Errors  Last Runtime    Last Run
----------------------------------------  -----  ---------  --------  ----------  --------------  -------------------
/opt/airflow/dags/data_quality_checks.py                           1           0  3.09s           2026-02-05T21:58:31
/opt/airflow/dags/ecommerce_etl.py                                 1           0  0.13s           2026-02-05T21:58:33
================================================================================
[2026-02-05T21:59:29.724+0000] {manager.py:879} INFO - 
================================================================================
DAG File Processing Stats

File Path                                 PID    Runtime      # DAGs    # Errors  Last Runtime    Last Run
----------------------------------------  -----  ---------  --------  ----------  --------------  -------------------
/opt/airflow/dags/data_quality_checks.py                           1           0  4.30s           2026-02-05T21:59:05
/opt/airflow/dags/ecommerce_etl.py                                 1           0  0.29s           2026-02-05T21:59:03
================================================================================
[2026-02-05T21:59:59.933+0000] {manager.py:879} INFO - 
================================================================================
DAG File Processing Stats

File Path                                 PID    Runtime      # DAGs    # Errors  Last Runtime    Last Run
----------------------------------------  -----  ---------  --------  ----------  --------------  -------------------
/opt/airflow/dags/data_quality_checks.py                           1           0  2.77s           2026-02-05T21:59:38
/opt/airflow/dags/ecommerce_etl.py                                 1           0  0.13s           2026-02-05T21:59:34
================================================================================
[2026-02-05T22:00:02.307+0000] {manager.py:738} INFO - Searching for files in /opt/airflow/dags
[2026-02-05T22:00:02.404+0000] {manager.py:741} INFO - There are 2 files in /opt/airflow/dags
[2026-02-05T22:00:30.012+0000] {manager.py:879} INFO - 
================================================================================
DAG File Processing Stats

File Path                                 PID    Runtime      # DAGs    # Errors  Last Runtime    Last Run
----------------------------------------  -----  ---------  --------  ----------  --------------  -------------------
/opt/airflow/dags/data_quality_checks.py                           1           0  3.52s           2026-02-05T22:00:12
/opt/airflow/dags/ecommerce_etl.py                                 1           0  0.26s           2026-02-05T22:00:04
================================================================================
[2026-02-05T22:01:00.106+0000] {manager.py:879} INFO - 
================================================================================
DAG File Processing Stats

File Path                                 PID    Runtime      # DAGs    # Errors  Last Runtime    Last Run
----------------------------------------  -----  ---------  --------  ----------  --------------  -------------------
/opt/airflow/dags/data_quality_checks.py                           1           0  2.86s           2026-02-05T22:00:45
/opt/airflow/dags/ecommerce_etl.py                                 1           0  0.19s           2026-02-05T22:00:35
================================================================================
[2026-02-05T22:01:30.533+0000] {manager.py:879} INFO - 
================================================================================
DAG File Processing Stats

File Path                                 PID    Runtime      # DAGs    # Errors  Last Runtime    Last Run
----------------------------------------  -----  ---------  --------  ----------  --------------  -------------------
/opt/airflow/dags/data_quality_checks.py                           1           0  2.87s           2026-02-05T22:01:19
/opt/airflow/dags/ecommerce_etl.py                                 1           0  0.21s           2026-02-05T22:01:05
================================================================================
[2026-02-05T22:02:00.643+0000] {manager.py:879} INFO - 
================================================================================
DAG File Processing Stats

File Path                                 PID    Runtime      # DAGs    # Errors  Last Runtime    Last Run
----------------------------------------  -----  ---------  --------  ----------  --------------  -------------------
/opt/airflow/dags/data_quality_checks.py                           1           0  2.49s           2026-02-05T22:01:52
/opt/airflow/dags/ecommerce_etl.py                                 1           0  0.12s           2026-02-05T22:01:36
================================================================================
[2026-02-05T22:02:31.206+0000] {manager.py:879} INFO - 
================================================================================
DAG File Processing Stats

File Path                                 PID    Runtime      # DAGs    # Errors  Last Runtime    Last Run
----------------------------------------  -----  ---------  --------  ----------  --------------  -------------------
/opt/airflow/dags/data_quality_checks.py                           1           0  2.69s           2026-02-05T22:02:26
/opt/airflow/dags/ecommerce_etl.py                                 1           0  0.12s           2026-02-05T22:02:06
================================================================================
[2026-02-05T22:03:01.508+0000] {manager.py:879} INFO - 
================================================================================
DAG File Processing Stats

File Path                                 PID    Runtime      # DAGs    # Errors  Last Runtime    Last Run
----------------------------------------  -----  ---------  --------  ----------  --------------  -------------------
/opt/airflow/dags/data_quality_checks.py                           1           0  2.70s           2026-02-05T22:02:59
/opt/airflow/dags/ecommerce_etl.py                                 1           0  0.14s           2026-02-05T22:02:36
================================================================================
[2026-02-05T22:03:32.254+0000] {manager.py:879} INFO - 
================================================================================
DAG File Processing Stats

File Path                                   PID  Runtime      # DAGs    # Errors  Last Runtime    Last Run
----------------------------------------  -----  ---------  --------  ----------  --------------  -------------------
/opt/airflow/dags/data_quality_checks.py   2272  2.02s             1           0  2.70s           2026-02-05T22:02:59
/opt/airflow/dags/ecommerce_etl.py                                 1           0  0.12s           2026-02-05T22:03:07
================================================================================
[2026-02-05T22:04:02.550+0000] {manager.py:879} INFO - 
================================================================================
DAG File Processing Stats

File Path                                 PID    Runtime      # DAGs    # Errors  Last Runtime    Last Run
----------------------------------------  -----  ---------  --------  ----------  --------------  -------------------
/opt/airflow/dags/data_quality_checks.py                           1           0  3.00s           2026-02-05T22:03:33
/opt/airflow/dags/ecommerce_etl.py                                 1           0  0.17s           2026-02-05T22:03:37
================================================================================
[2026-02-05T22:04:32.876+0000] {manager.py:879} INFO - 
================================================================================
DAG File Processing Stats

File Path                                 PID    Runtime      # DAGs    # Errors  Last Runtime    Last Run
----------------------------------------  -----  ---------  --------  ----------  --------------  -------------------
/opt/airflow/dags/data_quality_checks.py                           1           0  3.12s           2026-02-05T22:04:06
/opt/airflow/dags/ecommerce_etl.py                                 1           0  0.17s           2026-02-05T22:04:07
================================================================================
[2026-02-05T22:05:03.203+0000] {manager.py:738} INFO - Searching for files in /opt/airflow/dags
[2026-02-05T22:05:03.259+0000] {manager.py:741} INFO - There are 2 files in /opt/airflow/dags
[2026-02-05T22:05:03.270+0000] {manager.py:879} INFO - 
================================================================================
DAG File Processing Stats

File Path                                 PID    Runtime      # DAGs    # Errors  Last Runtime    Last Run
----------------------------------------  -----  ---------  --------  ----------  --------------  -------------------
/opt/airflow/dags/data_quality_checks.py                           1           0  3.19s           2026-02-05T22:04:40
/opt/airflow/dags/ecommerce_etl.py                                 1           0  0.18s           2026-02-05T22:04:38
================================================================================
[2026-02-05T22:05:33.366+0000] {manager.py:879} INFO - 
================================================================================
DAG File Processing Stats

File Path                                 PID    Runtime      # DAGs    # Errors  Last Runtime    Last Run
----------------------------------------  -----  ---------  --------  ----------  --------------  -------------------
/opt/airflow/dags/data_quality_checks.py                           1           0  2.91s           2026-02-05T22:05:13
/opt/airflow/dags/ecommerce_etl.py                                 1           0  0.15s           2026-02-05T22:05:08
================================================================================
[2026-02-05T22:06:03.555+0000] {manager.py:879} INFO - 
================================================================================
DAG File Processing Stats

File Path                                 PID    Runtime      # DAGs    # Errors  Last Runtime    Last Run
----------------------------------------  -----  ---------  --------  ----------  --------------  -------------------
/opt/airflow/dags/data_quality_checks.py                           1           0  3.75s           2026-02-05T22:05:47
/opt/airflow/dags/ecommerce_etl.py                                 1           0  0.20s           2026-02-05T22:05:38
================================================================================
[2026-02-05T22:06:33.926+0000] {manager.py:879} INFO - 
================================================================================
DAG File Processing Stats

File Path                                 PID    Runtime      # DAGs    # Errors  Last Runtime    Last Run
----------------------------------------  -----  ---------  --------  ----------  --------------  -------------------
/opt/airflow/dags/data_quality_checks.py                           1           0  2.72s           2026-02-05T22:06:20
/opt/airflow/dags/ecommerce_etl.py                                 1           0  0.15s           2026-02-05T22:06:09
================================================================================
[2026-02-05T22:07:04.581+0000] {manager.py:879} INFO - 
================================================================================
DAG File Processing Stats

File Path                                 PID    Runtime      # DAGs    # Errors  Last Runtime    Last Run
----------------------------------------  -----  ---------  --------  ----------  --------------  -------------------
/opt/airflow/dags/data_quality_checks.py                           1           0  3.02s           2026-02-05T22:06:54
/opt/airflow/dags/ecommerce_etl.py                                 1           0  0.12s           2026-02-05T22:06:39
================================================================================
[2026-02-05T22:07:34.877+0000] {manager.py:879} INFO - 
================================================================================
DAG File Processing Stats

File Path                                 PID    Runtime      # DAGs    # Errors  Last Runtime    Last Run
----------------------------------------  -----  ---------  --------  ----------  --------------  -------------------
/opt/airflow/dags/data_quality_checks.py                           1           0  3.12s           2026-02-05T22:07:27
/opt/airflow/dags/ecommerce_etl.py                                 1           0  0.20s           2026-02-05T22:07:09
================================================================================
[2026-02-05T22:08:04.896+0000] {manager.py:879} INFO - 
================================================================================
DAG File Processing Stats

File Path                                 PID    Runtime      # DAGs    # Errors  Last Runtime    Last Run
----------------------------------------  -----  ---------  --------  ----------  --------------  -------------------
/opt/airflow/dags/data_quality_checks.py                           1           0  2.72s           2026-02-05T22:08:00
/opt/airflow/dags/ecommerce_etl.py                                 1           0  0.14s           2026-02-05T22:07:40
================================================================================
[2026-02-05T22:08:35.277+0000] {manager.py:879} INFO - 
================================================================================
DAG File Processing Stats

File Path                                 PID    Runtime      # DAGs    # Errors  Last Runtime    Last Run
----------------------------------------  -----  ---------  --------  ----------  --------------  -------------------
/opt/airflow/dags/data_quality_checks.py                           1           0  2.84s           2026-02-05T22:08:34
/opt/airflow/dags/ecommerce_etl.py                                 1           0  0.13s           2026-02-05T22:08:10
================================================================================
[2026-02-05T22:09:05.789+0000] {manager.py:879} INFO - 
================================================================================
DAG File Processing Stats

File Path                                   PID  Runtime      # DAGs    # Errors  Last Runtime    Last Run
----------------------------------------  -----  ---------  --------  ----------  --------------  -------------------
/opt/airflow/dags/data_quality_checks.py   2591  1.01s             1           0  2.84s           2026-02-05T22:08:34
/opt/airflow/dags/ecommerce_etl.py                                 1           0  0.12s           2026-02-05T22:08:40
================================================================================
[2026-02-05T22:09:36.096+0000] {manager.py:879} INFO - 
================================================================================
DAG File Processing Stats

File Path                                 PID    Runtime      # DAGs    # Errors  Last Runtime    Last Run
----------------------------------------  -----  ---------  --------  ----------  --------------  -------------------
/opt/airflow/dags/data_quality_checks.py                           1           0  2.77s           2026-02-05T22:09:07
/opt/airflow/dags/ecommerce_etl.py                                 1           0  0.12s           2026-02-05T22:09:11
================================================================================
[2026-02-05T22:10:03.402+0000] {manager.py:738} INFO - Searching for files in /opt/airflow/dags
[2026-02-05T22:10:03.465+0000] {manager.py:741} INFO - There are 2 files in /opt/airflow/dags
[2026-02-05T22:10:06.498+0000] {manager.py:879} INFO - 
================================================================================
DAG File Processing Stats

File Path                                 PID    Runtime      # DAGs    # Errors  Last Runtime    Last Run
----------------------------------------  -----  ---------  --------  ----------  --------------  -------------------
/opt/airflow/dags/data_quality_checks.py                           1           0  2.73s           2026-02-05T22:09:40
/opt/airflow/dags/ecommerce_etl.py                                 1           0  0.16s           2026-02-05T22:09:41
================================================================================
[2026-02-05T22:10:36.899+0000] {manager.py:879} INFO - 
================================================================================
DAG File Processing Stats

File Path                                 PID    Runtime      # DAGs    # Errors  Last Runtime    Last Run
----------------------------------------  -----  ---------  --------  ----------  --------------  -------------------
/opt/airflow/dags/data_quality_checks.py                           1           0  2.74s           2026-02-05T22:10:14
/opt/airflow/dags/ecommerce_etl.py                                 1           0  0.13s           2026-02-05T22:10:11
================================================================================
[2026-02-05T22:11:07.226+0000] {manager.py:879} INFO - 
================================================================================
DAG File Processing Stats

File Path                                 PID    Runtime      # DAGs    # Errors  Last Runtime    Last Run
----------------------------------------  -----  ---------  --------  ----------  --------------  -------------------
/opt/airflow/dags/data_quality_checks.py                           1           0  3.30s           2026-02-05T22:10:48
/opt/airflow/dags/ecommerce_etl.py                                 1           0  0.12s           2026-02-05T22:10:42
================================================================================
[2026-02-05T22:11:37.620+0000] {manager.py:879} INFO - 
================================================================================
DAG File Processing Stats

File Path                                 PID    Runtime      # DAGs    # Errors  Last Runtime    Last Run
----------------------------------------  -----  ---------  --------  ----------  --------------  -------------------
/opt/airflow/dags/data_quality_checks.py                           1           0  2.62s           2026-02-05T22:11:21
/opt/airflow/dags/ecommerce_etl.py                                 1           0  0.17s           2026-02-05T22:11:12
================================================================================
[2026-02-05T22:12:07.981+0000] {manager.py:879} INFO - 
================================================================================
DAG File Processing Stats

File Path                                 PID    Runtime      # DAGs    # Errors  Last Runtime    Last Run
----------------------------------------  -----  ---------  --------  ----------  --------------  -------------------
/opt/airflow/dags/data_quality_checks.py                           1           0  2.68s           2026-02-05T22:11:54
/opt/airflow/dags/ecommerce_etl.py                                 1           0  0.13s           2026-02-05T22:11:42
================================================================================
[2026-02-05T22:12:38.314+0000] {manager.py:879} INFO - 
================================================================================
DAG File Processing Stats

File Path                                 PID    Runtime      # DAGs    # Errors  Last Runtime    Last Run
----------------------------------------  -----  ---------  --------  ----------  --------------  -------------------
/opt/airflow/dags/data_quality_checks.py                           1           0  2.76s           2026-02-05T22:12:27
/opt/airflow/dags/ecommerce_etl.py                                 1           0  0.12s           2026-02-05T22:12:13
================================================================================
[2026-02-05T22:13:08.641+0000] {manager.py:879} INFO - 
================================================================================
DAG File Processing Stats

File Path                                 PID    Runtime      # DAGs    # Errors  Last Runtime    Last Run
----------------------------------------  -----  ---------  --------  ----------  --------------  -------------------
/opt/airflow/dags/data_quality_checks.py                           1           0  3.13s           2026-02-05T22:13:01
/opt/airflow/dags/ecommerce_etl.py                                 1           0  0.11s           2026-02-05T22:12:43
================================================================================
[2026-02-05T22:13:38.760+0000] {manager.py:879} INFO - 
================================================================================
DAG File Processing Stats

File Path                                 PID    Runtime      # DAGs    # Errors  Last Runtime    Last Run
----------------------------------------  -----  ---------  --------  ----------  --------------  -------------------
/opt/airflow/dags/data_quality_checks.py                           1           0  2.90s           2026-02-05T22:13:34
/opt/airflow/dags/ecommerce_etl.py                                 1           0  0.14s           2026-02-05T22:13:13
================================================================================
[2026-02-05T22:14:09.179+0000] {manager.py:879} INFO - 
================================================================================
DAG File Processing Stats

File Path                                 PID    Runtime      # DAGs    # Errors  Last Runtime    Last Run
----------------------------------------  -----  ---------  --------  ----------  --------------  -------------------
/opt/airflow/dags/data_quality_checks.py                           1           0  3.02s           2026-02-05T22:14:08
/opt/airflow/dags/ecommerce_etl.py                                 1           0  0.12s           2026-02-05T22:13:44
================================================================================
[2026-02-05T22:14:39.528+0000] {manager.py:879} INFO - 
================================================================================
DAG File Processing Stats

File Path                                   PID  Runtime      # DAGs    # Errors  Last Runtime    Last Run
----------------------------------------  -----  ---------  --------  ----------  --------------  -------------------
/opt/airflow/dags/data_quality_checks.py   2892  1.02s             1           0  3.02s           2026-02-05T22:14:08
/opt/airflow/dags/ecommerce_etl.py                                 1           0  0.34s           2026-02-05T22:14:14
================================================================================
[2026-02-05T22:15:04.005+0000] {manager.py:738} INFO - Searching for files in /opt/airflow/dags
[2026-02-05T22:15:04.048+0000] {manager.py:741} INFO - There are 2 files in /opt/airflow/dags
[2026-02-05T22:15:10.108+0000] {manager.py:879} INFO - 
================================================================================
DAG File Processing Stats

File Path                                 PID    Runtime      # DAGs    # Errors  Last Runtime    Last Run
----------------------------------------  -----  ---------  --------  ----------  --------------  -------------------
/opt/airflow/dags/data_quality_checks.py                           1           0  3.57s           2026-02-05T22:14:42
/opt/airflow/dags/ecommerce_etl.py                                 1           0  0.13s           2026-02-05T22:14:45
================================================================================
[2026-02-05T22:15:40.369+0000] {manager.py:879} INFO - 
================================================================================
DAG File Processing Stats

File Path                                 PID    Runtime      # DAGs    # Errors  Last Runtime    Last Run
----------------------------------------  -----  ---------  --------  ----------  --------------  -------------------
/opt/airflow/dags/data_quality_checks.py                           1           0  4.19s           2026-02-05T22:15:16
/opt/airflow/dags/ecommerce_etl.py                                 1           0  0.20s           2026-02-05T22:15:15
================================================================================
[2026-02-05T22:16:10.757+0000] {manager.py:879} INFO - 
================================================================================
DAG File Processing Stats

File Path                                 PID    Runtime      # DAGs    # Errors  Last Runtime    Last Run
----------------------------------------  -----  ---------  --------  ----------  --------------  -------------------
/opt/airflow/dags/data_quality_checks.py                           1           0  3.27s           2026-02-05T22:15:49
/opt/airflow/dags/ecommerce_etl.py                                 1           0  0.13s           2026-02-05T22:15:45
================================================================================
[2026-02-05T22:16:41.010+0000] {manager.py:879} INFO - 
================================================================================
DAG File Processing Stats

File Path                                 PID    Runtime      # DAGs    # Errors  Last Runtime    Last Run
----------------------------------------  -----  ---------  --------  ----------  --------------  -------------------
/opt/airflow/dags/data_quality_checks.py                           1           0  3.04s           2026-02-05T22:16:22
/opt/airflow/dags/ecommerce_etl.py                                 1           0  0.13s           2026-02-05T22:16:15
================================================================================
[2026-02-05T22:17:11.173+0000] {manager.py:879} INFO - 
================================================================================
DAG File Processing Stats

File Path                                 PID    Runtime      # DAGs    # Errors  Last Runtime    Last Run
----------------------------------------  -----  ---------  --------  ----------  --------------  -------------------
/opt/airflow/dags/data_quality_checks.py                           1           0  2.97s           2026-02-05T22:16:56
/opt/airflow/dags/ecommerce_etl.py                                 1           0  0.14s           2026-02-05T22:16:46
================================================================================
[2026-02-05T22:17:41.486+0000] {manager.py:879} INFO - 
================================================================================
DAG File Processing Stats

File Path                                 PID    Runtime      # DAGs    # Errors  Last Runtime    Last Run
----------------------------------------  -----  ---------  --------  ----------  --------------  -------------------
/opt/airflow/dags/data_quality_checks.py                           1           0  2.97s           2026-02-05T22:17:29
/opt/airflow/dags/ecommerce_etl.py                                 1           0  0.23s           2026-02-05T22:17:16
================================================================================
[2026-02-05T22:18:11.818+0000] {manager.py:879} INFO - 
================================================================================
DAG File Processing Stats

File Path                                 PID    Runtime      # DAGs    # Errors  Last Runtime    Last Run
----------------------------------------  -----  ---------  --------  ----------  --------------  -------------------
/opt/airflow/dags/data_quality_checks.py                           1           0  3.06s           2026-02-05T22:18:02
/opt/airflow/dags/ecommerce_etl.py                                 1           0  0.16s           2026-02-05T22:17:46
================================================================================
[2026-02-05T22:18:42.020+0000] {manager.py:879} INFO - 
================================================================================
DAG File Processing Stats

File Path                                 PID    Runtime      # DAGs    # Errors  Last Runtime    Last Run
----------------------------------------  -----  ---------  --------  ----------  --------------  -------------------
/opt/airflow/dags/data_quality_checks.py                           1           0  2.97s           2026-02-05T22:18:35
/opt/airflow/dags/ecommerce_etl.py                                 1           0  0.17s           2026-02-05T22:18:17
================================================================================
[2026-02-05T22:19:12.375+0000] {manager.py:879} INFO - 
================================================================================
DAG File Processing Stats

File Path                                 PID    Runtime      # DAGs    # Errors  Last Runtime    Last Run
----------------------------------------  -----  ---------  --------  ----------  --------------  -------------------
/opt/airflow/dags/data_quality_checks.py                           1           0  3.02s           2026-02-05T22:19:09
/opt/airflow/dags/ecommerce_etl.py                                 1           0  0.15s           2026-02-05T22:18:47
================================================================================
[2026-02-05T22:19:42.532+0000] {manager.py:879} INFO - 
================================================================================
DAG File Processing Stats

File Path                                 PID    Runtime      # DAGs    # Errors  Last Runtime    Last Run
----------------------------------------  -----  ---------  --------  ----------  --------------  -------------------
/opt/airflow/dags/data_quality_checks.py                           1           0  2.93s           2026-02-05T22:19:42
/opt/airflow/dags/ecommerce_etl.py                                 1           0  0.14s           2026-02-05T22:19:17
================================================================================
[2026-02-05T22:20:04.861+0000] {manager.py:738} INFO - Searching for files in /opt/airflow/dags
[2026-02-05T22:20:04.892+0000] {manager.py:741} INFO - There are 2 files in /opt/airflow/dags
[2026-02-05T22:20:12.966+0000] {manager.py:879} INFO - 
================================================================================
DAG File Processing Stats

File Path                                   PID  Runtime      # DAGs    # Errors  Last Runtime    Last Run
----------------------------------------  -----  ---------  --------  ----------  --------------  -------------------
/opt/airflow/dags/data_quality_checks.py   3196  0.00s             1           0  2.93s           2026-02-05T22:19:42
/opt/airflow/dags/ecommerce_etl.py                                 1           0  0.14s           2026-02-05T22:19:47
================================================================================
[2026-02-05T22:20:43.241+0000] {manager.py:879} INFO - 
================================================================================
DAG File Processing Stats

File Path                                 PID    Runtime      # DAGs    # Errors  Last Runtime    Last Run
----------------------------------------  -----  ---------  --------  ----------  --------------  -------------------
/opt/airflow/dags/data_quality_checks.py                           1           0  2.79s           2026-02-05T22:20:15
/opt/airflow/dags/ecommerce_etl.py                                 1           0  0.17s           2026-02-05T22:20:18
================================================================================
[2026-02-05T22:21:13.586+0000] {manager.py:879} INFO - 
================================================================================
DAG File Processing Stats

File Path                                 PID    Runtime      # DAGs    # Errors  Last Runtime    Last Run
----------------------------------------  -----  ---------  --------  ----------  --------------  -------------------
/opt/airflow/dags/data_quality_checks.py                           1           0  2.79s           2026-02-05T22:20:49
/opt/airflow/dags/ecommerce_etl.py                                 1           0  0.15s           2026-02-05T22:20:48
================================================================================
[2026-02-05T22:21:43.903+0000] {manager.py:879} INFO - 
================================================================================
DAG File Processing Stats

File Path                                 PID    Runtime      # DAGs    # Errors  Last Runtime    Last Run
----------------------------------------  -----  ---------  --------  ----------  --------------  -------------------
/opt/airflow/dags/data_quality_checks.py                           1           0  2.73s           2026-02-05T22:21:22
/opt/airflow/dags/ecommerce_etl.py                                 1           0  0.13s           2026-02-05T22:21:18
================================================================================
[2026-02-05T22:22:14.198+0000] {manager.py:879} INFO - 
================================================================================
DAG File Processing Stats

File Path                                 PID    Runtime      # DAGs    # Errors  Last Runtime    Last Run
----------------------------------------  -----  ---------  --------  ----------  --------------  -------------------
/opt/airflow/dags/data_quality_checks.py                           1           0  2.79s           2026-02-05T22:21:55
/opt/airflow/dags/ecommerce_etl.py                                 1           0  0.12s           2026-02-05T22:21:49
================================================================================
[2026-02-05T22:22:44.213+0000] {manager.py:879} INFO - 
================================================================================
DAG File Processing Stats

File Path                                 PID    Runtime      # DAGs    # Errors  Last Runtime    Last Run
----------------------------------------  -----  ---------  --------  ----------  --------------  -------------------
/opt/airflow/dags/data_quality_checks.py                           1           0  2.82s           2026-02-05T22:22:29
/opt/airflow/dags/ecommerce_etl.py                                 1           0  0.14s           2026-02-05T22:22:19
================================================================================
[2026-02-05T22:23:14.613+0000] {manager.py:879} INFO - 
================================================================================
DAG File Processing Stats

File Path                                 PID    Runtime      # DAGs    # Errors  Last Runtime    Last Run
----------------------------------------  -----  ---------  --------  ----------  --------------  -------------------
/opt/airflow/dags/data_quality_checks.py                           1           0  2.87s           2026-02-05T22:23:02
/opt/airflow/dags/ecommerce_etl.py                                 1           0  0.23s           2026-02-05T22:22:49
================================================================================
[2026-02-05T22:23:44.808+0000] {manager.py:879} INFO - 
================================================================================
DAG File Processing Stats

File Path                                 PID    Runtime      # DAGs    # Errors  Last Runtime    Last Run
----------------------------------------  -----  ---------  --------  ----------  --------------  -------------------
/opt/airflow/dags/data_quality_checks.py                           1           0  2.65s           2026-02-05T22:23:35
/opt/airflow/dags/ecommerce_etl.py                                 1           0  0.12s           2026-02-05T22:23:20
================================================================================
[2026-02-05T22:24:15.595+0000] {manager.py:879} INFO - 
================================================================================
DAG File Processing Stats

File Path                                 PID    Runtime      # DAGs    # Errors  Last Runtime    Last Run
----------------------------------------  -----  ---------  --------  ----------  --------------  -------------------
/opt/airflow/dags/data_quality_checks.py                           1           0  3.19s           2026-02-05T22:24:09
/opt/airflow/dags/ecommerce_etl.py                                 1           0  0.12s           2026-02-05T22:23:50
================================================================================
[2026-02-05T22:24:45.621+0000] {manager.py:879} INFO - 
================================================================================
DAG File Processing Stats

File Path                                 PID    Runtime      # DAGs    # Errors  Last Runtime    Last Run
----------------------------------------  -----  ---------  --------  ----------  --------------  -------------------
/opt/airflow/dags/data_quality_checks.py                           1           0  2.76s           2026-02-05T22:24:42
/opt/airflow/dags/ecommerce_etl.py                                 1           0  0.12s           2026-02-05T22:24:20
================================================================================
[2026-02-05T22:25:05.028+0000] {manager.py:738} INFO - Searching for files in /opt/airflow/dags
[2026-02-05T22:25:05.058+0000] {manager.py:741} INFO - There are 2 files in /opt/airflow/dags
[2026-02-05T22:25:15.922+0000] {manager.py:879} INFO - 
================================================================================
DAG File Processing Stats

File Path                                 PID    Runtime      # DAGs    # Errors  Last Runtime    Last Run
----------------------------------------  -----  ---------  --------  ----------  --------------  -------------------
/opt/airflow/dags/data_quality_checks.py                           1           0  2.79s           2026-02-05T22:25:15
/opt/airflow/dags/ecommerce_etl.py                                 1           0  0.14s           2026-02-05T22:24:51
================================================================================
[2026-02-05T22:25:46.446+0000] {manager.py:879} INFO - 
================================================================================
DAG File Processing Stats

File Path                                   PID  Runtime      # DAGs    # Errors  Last Runtime    Last Run
----------------------------------------  -----  ---------  --------  ----------  --------------  -------------------
/opt/airflow/dags/data_quality_checks.py   3497  0.00s             1           0  2.79s           2026-02-05T22:25:15
/opt/airflow/dags/ecommerce_etl.py                                 1           0  0.12s           2026-02-05T22:25:21
================================================================================
[2026-02-05T22:26:16.740+0000] {manager.py:879} INFO - 
================================================================================
DAG File Processing Stats

File Path                                 PID    Runtime      # DAGs    # Errors  Last Runtime    Last Run
----------------------------------------  -----  ---------  --------  ----------  --------------  -------------------
/opt/airflow/dags/data_quality_checks.py                           1           0  2.79s           2026-02-05T22:25:49
/opt/airflow/dags/ecommerce_etl.py                                 1           0  0.12s           2026-02-05T22:25:51
================================================================================
[2026-02-05T22:26:47.110+0000] {manager.py:879} INFO - 
================================================================================
DAG File Processing Stats

File Path                                 PID    Runtime      # DAGs    # Errors  Last Runtime    Last Run
----------------------------------------  -----  ---------  --------  ----------  --------------  -------------------
/opt/airflow/dags/data_quality_checks.py                           1           0  2.68s           2026-02-05T22:26:22
/opt/airflow/dags/ecommerce_etl.py                                 1           0  0.15s           2026-02-05T22:26:21
================================================================================
[2026-02-05T22:27:17.414+0000] {manager.py:879} INFO - 
================================================================================
DAG File Processing Stats

File Path                                 PID    Runtime      # DAGs    # Errors  Last Runtime    Last Run
----------------------------------------  -----  ---------  --------  ----------  --------------  -------------------
/opt/airflow/dags/data_quality_checks.py                           1           0  2.70s           2026-02-05T22:26:55
/opt/airflow/dags/ecommerce_etl.py                                 1           0  0.11s           2026-02-05T22:26:52
================================================================================
[2026-02-05T22:27:47.760+0000] {manager.py:879} INFO - 
================================================================================
DAG File Processing Stats

File Path                                 PID    Runtime      # DAGs    # Errors  Last Runtime    Last Run
----------------------------------------  -----  ---------  --------  ----------  --------------  -------------------
/opt/airflow/dags/data_quality_checks.py                           1           0  2.77s           2026-02-05T22:27:29
/opt/airflow/dags/ecommerce_etl.py                                 1           0  0.13s           2026-02-05T22:27:22
================================================================================
[2026-02-05T22:28:18.113+0000] {manager.py:879} INFO - 
================================================================================
DAG File Processing Stats

File Path                                 PID    Runtime      # DAGs    # Errors  Last Runtime    Last Run
----------------------------------------  -----  ---------  --------  ----------  --------------  -------------------
/opt/airflow/dags/data_quality_checks.py                           1           0  2.63s           2026-02-05T22:28:02
/opt/airflow/dags/ecommerce_etl.py                                 1           0  0.14s           2026-02-05T22:27:52
================================================================================
[2026-02-05T22:28:48.468+0000] {manager.py:879} INFO - 
================================================================================
DAG File Processing Stats

File Path                                 PID    Runtime      # DAGs    # Errors  Last Runtime    Last Run
----------------------------------------  -----  ---------  --------  ----------  --------------  -------------------
/opt/airflow/dags/data_quality_checks.py                           1           0  2.64s           2026-02-05T22:28:35
/opt/airflow/dags/ecommerce_etl.py                                 1           0  0.13s           2026-02-05T22:28:23
================================================================================
[2026-02-05T22:29:18.551+0000] {manager.py:879} INFO - 
================================================================================
DAG File Processing Stats

File Path                                 PID    Runtime      # DAGs    # Errors  Last Runtime    Last Run
----------------------------------------  -----  ---------  --------  ----------  --------------  -------------------
/opt/airflow/dags/data_quality_checks.py                           1           0  2.88s           2026-02-05T22:29:09
/opt/airflow/dags/ecommerce_etl.py                                 1           0  0.12s           2026-02-05T22:28:53
================================================================================
[2026-02-05T22:29:48.648+0000] {manager.py:879} INFO - 
================================================================================
DAG File Processing Stats

File Path                                 PID    Runtime      # DAGs    # Errors  Last Runtime    Last Run
----------------------------------------  -----  ---------  --------  ----------  --------------  -------------------
/opt/airflow/dags/data_quality_checks.py                           1           0  2.64s           2026-02-05T22:29:42
/opt/airflow/dags/ecommerce_etl.py                                 1           0  0.12s           2026-02-05T22:29:23
================================================================================
[2026-02-05T22:30:05.224+0000] {manager.py:738} INFO - Searching for files in /opt/airflow/dags
[2026-02-05T22:30:05.257+0000] {manager.py:741} INFO - There are 2 files in /opt/airflow/dags
[2026-02-05T22:30:19.042+0000] {manager.py:879} INFO - 
================================================================================
DAG File Processing Stats

File Path                                 PID    Runtime      # DAGs    # Errors  Last Runtime    Last Run
----------------------------------------  -----  ---------  --------  ----------  --------------  -------------------
/opt/airflow/dags/data_quality_checks.py                           1           0  2.69s           2026-02-05T22:30:16
/opt/airflow/dags/ecommerce_etl.py                                 1           0  0.11s           2026-02-05T22:29:54
================================================================================
[2026-02-05T22:30:49.335+0000] {manager.py:879} INFO - 
================================================================================
DAG File Processing Stats

File Path                                 PID    Runtime      # DAGs    # Errors  Last Runtime    Last Run
----------------------------------------  -----  ---------  --------  ----------  --------------  -------------------
/opt/airflow/dags/data_quality_checks.py                           1           0  2.72s           2026-02-05T22:30:49
/opt/airflow/dags/ecommerce_etl.py                                 1           0  0.14s           2026-02-05T22:30:24
================================================================================
[2026-02-05T22:31:19.990+0000] {manager.py:879} INFO - 
================================================================================
DAG File Processing Stats

File Path                                   PID  Runtime      # DAGs    # Errors  Last Runtime    Last Run
----------------------------------------  -----  ---------  --------  ----------  --------------  -------------------
/opt/airflow/dags/data_quality_checks.py   3798  0.00s             1           0  2.72s           2026-02-05T22:30:49
/opt/airflow/dags/ecommerce_etl.py                                 1           0  0.13s           2026-02-05T22:30:54
================================================================================
[2026-02-05T22:31:50.328+0000] {manager.py:879} INFO - 
================================================================================
DAG File Processing Stats

File Path                                 PID    Runtime      # DAGs    # Errors  Last Runtime    Last Run
----------------------------------------  -----  ---------  --------  ----------  --------------  -------------------
/opt/airflow/dags/data_quality_checks.py                           1           0  2.64s           2026-02-05T22:31:22
/opt/airflow/dags/ecommerce_etl.py                                 1           0  0.12s           2026-02-05T22:31:25
================================================================================
[2026-02-05T22:32:20.683+0000] {manager.py:879} INFO - 
================================================================================
DAG File Processing Stats

File Path                                 PID    Runtime      # DAGs    # Errors  Last Runtime    Last Run
----------------------------------------  -----  ---------  --------  ----------  --------------  -------------------
/opt/airflow/dags/data_quality_checks.py                           1           0  2.67s           2026-02-05T22:31:56
/opt/airflow/dags/ecommerce_etl.py                                 1           0  0.13s           2026-02-05T22:31:55
================================================================================
[2026-02-05T22:32:50.694+0000] {manager.py:879} INFO - 
================================================================================
DAG File Processing Stats

File Path                                 PID    Runtime      # DAGs    # Errors  Last Runtime    Last Run
----------------------------------------  -----  ---------  --------  ----------  --------------  -------------------
/opt/airflow/dags/data_quality_checks.py                           1           0  2.80s           2026-02-05T22:32:29
/opt/airflow/dags/ecommerce_etl.py                                 1           0  0.12s           2026-02-05T22:32:25
================================================================================
[2026-02-05T22:33:20.774+0000] {manager.py:879} INFO - 
================================================================================
DAG File Processing Stats

File Path                                 PID    Runtime      # DAGs    # Errors  Last Runtime    Last Run
----------------------------------------  -----  ---------  --------  ----------  --------------  -------------------
/opt/airflow/dags/data_quality_checks.py                           1           0  2.60s           2026-02-05T22:33:02
/opt/airflow/dags/ecommerce_etl.py                                 1           0  0.12s           2026-02-05T22:32:56
================================================================================
[2026-02-05T22:33:51.374+0000] {manager.py:879} INFO - 
================================================================================
DAG File Processing Stats

File Path                                 PID    Runtime      # DAGs    # Errors  Last Runtime    Last Run
----------------------------------------  -----  ---------  --------  ----------  --------------  -------------------
/opt/airflow/dags/data_quality_checks.py                           1           0  2.86s           2026-02-05T22:33:36
/opt/airflow/dags/ecommerce_etl.py                                 1           0  0.12s           2026-02-05T22:33:26
================================================================================
[2026-02-05T22:34:21.662+0000] {manager.py:879} INFO - 
================================================================================
DAG File Processing Stats

File Path                                 PID    Runtime      # DAGs    # Errors  Last Runtime    Last Run
----------------------------------------  -----  ---------  --------  ----------  --------------  -------------------
/opt/airflow/dags/data_quality_checks.py                           1           0  2.84s           2026-02-05T22:34:09
/opt/airflow/dags/ecommerce_etl.py                                 1           0  0.13s           2026-02-05T22:33:56
================================================================================
[2026-02-05T22:34:51.786+0000] {manager.py:879} INFO - 
================================================================================
DAG File Processing Stats

File Path                                 PID    Runtime      # DAGs    # Errors  Last Runtime    Last Run
----------------------------------------  -----  ---------  --------  ----------  --------------  -------------------
/opt/airflow/dags/data_quality_checks.py                           1           0  2.65s           2026-02-05T22:34:42
/opt/airflow/dags/ecommerce_etl.py                                 1           0  0.15s           2026-02-05T22:34:27
================================================================================
[2026-02-05T22:35:05.380+0000] {manager.py:738} INFO - Searching for files in /opt/airflow/dags
[2026-02-05T22:35:05.411+0000] {manager.py:741} INFO - There are 2 files in /opt/airflow/dags
[2026-02-05T22:35:22.216+0000] {manager.py:879} INFO - 
================================================================================
DAG File Processing Stats

File Path                                 PID    Runtime      # DAGs    # Errors  Last Runtime    Last Run
----------------------------------------  -----  ---------  --------  ----------  --------------  -------------------
/opt/airflow/dags/data_quality_checks.py                           1           0  2.69s           2026-02-05T22:35:16
/opt/airflow/dags/ecommerce_etl.py                                 1           0  0.14s           2026-02-05T22:34:57
================================================================================
[2026-02-05T22:35:52.644+0000] {manager.py:879} INFO - 
================================================================================
DAG File Processing Stats

File Path                                 PID    Runtime      # DAGs    # Errors  Last Runtime    Last Run
----------------------------------------  -----  ---------  --------  ----------  --------------  -------------------
/opt/airflow/dags/data_quality_checks.py                           1           0  2.81s           2026-02-05T22:35:49
/opt/airflow/dags/ecommerce_etl.py                                 1           0  0.12s           2026-02-05T22:35:27
================================================================================
[2026-02-05T22:36:22.824+0000] {manager.py:879} INFO - 
================================================================================
DAG File Processing Stats

File Path                                 PID    Runtime      # DAGs    # Errors  Last Runtime    Last Run
----------------------------------------  -----  ---------  --------  ----------  --------------  -------------------
/opt/airflow/dags/data_quality_checks.py                           1           0  2.65s           2026-02-05T22:36:22
/opt/airflow/dags/ecommerce_etl.py                                 1           0  0.14s           2026-02-05T22:35:58
================================================================================
[2026-02-05T22:36:53.534+0000] {manager.py:879} INFO - 
================================================================================
DAG File Processing Stats

File Path                                   PID  Runtime      # DAGs    # Errors  Last Runtime    Last Run
----------------------------------------  -----  ---------  --------  ----------  --------------  -------------------
/opt/airflow/dags/data_quality_checks.py   4099  0.00s             1           0  2.65s           2026-02-05T22:36:22
/opt/airflow/dags/ecommerce_etl.py                                 1           0  0.12s           2026-02-05T22:36:28
================================================================================
[2026-02-05T22:37:23.845+0000] {manager.py:879} INFO - 
================================================================================
DAG File Processing Stats

File Path                                 PID    Runtime      # DAGs    # Errors  Last Runtime    Last Run
----------------------------------------  -----  ---------  --------  ----------  --------------  -------------------
/opt/airflow/dags/data_quality_checks.py                           1           0  2.61s           2026-02-05T22:36:56
/opt/airflow/dags/ecommerce_etl.py                                 1           0  0.12s           2026-02-05T22:36:58
================================================================================
[2026-02-05T22:37:53.880+0000] {manager.py:879} INFO - 
================================================================================
DAG File Processing Stats

File Path                                 PID    Runtime      # DAGs    # Errors  Last Runtime    Last Run
----------------------------------------  -----  ---------  --------  ----------  --------------  -------------------
/opt/airflow/dags/data_quality_checks.py                           1           0  2.76s           2026-02-05T22:37:29
/opt/airflow/dags/ecommerce_etl.py                                 1           0  0.13s           2026-02-05T22:37:29
================================================================================
[2026-02-05T22:38:24.020+0000] {manager.py:879} INFO - 
================================================================================
DAG File Processing Stats

File Path                                 PID    Runtime      # DAGs    # Errors  Last Runtime    Last Run
----------------------------------------  -----  ---------  --------  ----------  --------------  -------------------
/opt/airflow/dags/data_quality_checks.py                           1           0  2.63s           2026-02-05T22:38:02
/opt/airflow/dags/ecommerce_etl.py                                 1           0  0.13s           2026-02-05T22:37:59
================================================================================
[2026-02-05T22:38:54.377+0000] {manager.py:879} INFO - 
================================================================================
DAG File Processing Stats

File Path                                 PID    Runtime      # DAGs    # Errors  Last Runtime    Last Run
----------------------------------------  -----  ---------  --------  ----------  --------------  -------------------
/opt/airflow/dags/data_quality_checks.py                           1           0  2.65s           2026-02-05T22:38:36
/opt/airflow/dags/ecommerce_etl.py                                 1           0  0.13s           2026-02-05T22:38:29
================================================================================
[2026-02-05T22:39:24.923+0000] {manager.py:879} INFO - 
================================================================================
DAG File Processing Stats

File Path                                 PID    Runtime      # DAGs    # Errors  Last Runtime    Last Run
----------------------------------------  -----  ---------  --------  ----------  --------------  -------------------
/opt/airflow/dags/data_quality_checks.py                           1           0  2.87s           2026-02-05T22:39:09
/opt/airflow/dags/ecommerce_etl.py                                 1           0  0.12s           2026-02-05T22:39:00
================================================================================
[2026-02-05T22:39:55.558+0000] {manager.py:879} INFO - 
================================================================================
DAG File Processing Stats

File Path                                 PID    Runtime      # DAGs    # Errors  Last Runtime    Last Run
----------------------------------------  -----  ---------  --------  ----------  --------------  -------------------
/opt/airflow/dags/data_quality_checks.py                           1           0  3.35s           2026-02-05T22:39:43
/opt/airflow/dags/ecommerce_etl.py                                 1           0  0.18s           2026-02-05T22:39:30
================================================================================
[2026-02-05T22:40:05.639+0000] {manager.py:738} INFO - Searching for files in /opt/airflow/dags
[2026-02-05T22:40:05.668+0000] {manager.py:741} INFO - There are 2 files in /opt/airflow/dags
[2026-02-05T22:40:25.796+0000] {manager.py:879} INFO - 
================================================================================
DAG File Processing Stats

File Path                                 PID    Runtime      # DAGs    # Errors  Last Runtime    Last Run
----------------------------------------  -----  ---------  --------  ----------  --------------  -------------------
/opt/airflow/dags/data_quality_checks.py                           1           0  3.96s           2026-02-05T22:40:17
/opt/airflow/dags/ecommerce_etl.py                                 1           0  0.12s           2026-02-05T22:40:00
================================================================================
[2026-02-05T22:40:56.161+0000] {manager.py:879} INFO - 
================================================================================
DAG File Processing Stats

File Path                                 PID    Runtime      # DAGs    # Errors  Last Runtime    Last Run
----------------------------------------  -----  ---------  --------  ----------  --------------  -------------------
/opt/airflow/dags/data_quality_checks.py                           1           0  3.11s           2026-02-05T22:40:51
/opt/airflow/dags/ecommerce_etl.py                                 1           0  0.14s           2026-02-05T22:40:30
================================================================================
[2026-02-05T22:41:26.442+0000] {manager.py:879} INFO - 
================================================================================
DAG File Processing Stats

File Path                                 PID    Runtime      # DAGs    # Errors  Last Runtime    Last Run
----------------------------------------  -----  ---------  --------  ----------  --------------  -------------------
/opt/airflow/dags/data_quality_checks.py                           1           0  3.01s           2026-02-05T22:41:24
/opt/airflow/dags/ecommerce_etl.py                                 1           0  0.12s           2026-02-05T22:41:01
================================================================================
[2026-02-05T22:41:56.692+0000] {manager.py:879} INFO - 
================================================================================
DAG File Processing Stats

File Path                                   PID  Runtime      # DAGs    # Errors  Last Runtime    Last Run
----------------------------------------  -----  ---------  --------  ----------  --------------  -------------------
/opt/airflow/dags/data_quality_checks.py   4371  2.02s             1           0  3.01s           2026-02-05T22:41:24
/opt/airflow/dags/ecommerce_etl.py                                 1           0  0.12s           2026-02-05T22:41:31
================================================================================
[2026-02-05T22:42:26.798+0000] {manager.py:879} INFO - 
================================================================================
DAG File Processing Stats

File Path                                 PID    Runtime      # DAGs    # Errors  Last Runtime    Last Run
----------------------------------------  -----  ---------  --------  ----------  --------------  -------------------
/opt/airflow/dags/data_quality_checks.py                           1           0  3.92s           2026-02-05T22:41:58
/opt/airflow/dags/ecommerce_etl.py                                 1           0  0.12s           2026-02-05T22:42:01
================================================================================
[2026-02-05T22:42:57.116+0000] {manager.py:879} INFO - 
================================================================================
DAG File Processing Stats

File Path                                 PID    Runtime      # DAGs    # Errors  Last Runtime    Last Run
----------------------------------------  -----  ---------  --------  ----------  --------------  -------------------
/opt/airflow/dags/data_quality_checks.py                           1           0  2.74s           2026-02-05T22:42:31
/opt/airflow/dags/ecommerce_etl.py                                 1           0  0.15s           2026-02-05T22:42:32
================================================================================
[2026-02-05T22:43:27.473+0000] {manager.py:879} INFO - 
================================================================================
DAG File Processing Stats

File Path                                 PID    Runtime      # DAGs    # Errors  Last Runtime    Last Run
----------------------------------------  -----  ---------  --------  ----------  --------------  -------------------
/opt/airflow/dags/data_quality_checks.py                           1           0  2.75s           2026-02-05T22:43:04
/opt/airflow/dags/ecommerce_etl.py                                 1           0  0.13s           2026-02-05T22:43:02
================================================================================
[2026-02-05T22:43:57.603+0000] {manager.py:879} INFO - 
================================================================================
DAG File Processing Stats

File Path                                 PID    Runtime      # DAGs    # Errors  Last Runtime    Last Run
----------------------------------------  -----  ---------  --------  ----------  --------------  -------------------
/opt/airflow/dags/data_quality_checks.py                           1           0  2.90s           2026-02-05T22:43:38
/opt/airflow/dags/ecommerce_etl.py                                 1           0  0.15s           2026-02-05T22:43:32
================================================================================
[2026-02-05T22:44:27.813+0000] {manager.py:879} INFO - 
================================================================================
DAG File Processing Stats

File Path                                 PID    Runtime      # DAGs    # Errors  Last Runtime    Last Run
----------------------------------------  -----  ---------  --------  ----------  --------------  -------------------
/opt/airflow/dags/data_quality_checks.py                           1           0  2.79s           2026-02-05T22:44:11
/opt/airflow/dags/ecommerce_etl.py                                 1           0  0.12s           2026-02-05T22:44:02
================================================================================
[2026-02-05T22:44:58.491+0000] {manager.py:879} INFO - 
================================================================================
DAG File Processing Stats

File Path                                 PID    Runtime      # DAGs    # Errors  Last Runtime    Last Run
----------------------------------------  -----  ---------  --------  ----------  --------------  -------------------
/opt/airflow/dags/data_quality_checks.py                           1           0  3.44s           2026-02-05T22:44:45
/opt/airflow/dags/ecommerce_etl.py                                 1           0  0.15s           2026-02-05T22:44:33
================================================================================
[2026-02-05T22:45:05.698+0000] {manager.py:738} INFO - Searching for files in /opt/airflow/dags
[2026-02-05T22:45:05.729+0000] {manager.py:741} INFO - There are 2 files in /opt/airflow/dags
[2026-02-05T22:45:28.901+0000] {manager.py:879} INFO - 
================================================================================
DAG File Processing Stats

File Path                                 PID    Runtime      # DAGs    # Errors  Last Runtime    Last Run
----------------------------------------  -----  ---------  --------  ----------  --------------  -------------------
/opt/airflow/dags/data_quality_checks.py                           1           0  3.23s           2026-02-05T22:45:19
/opt/airflow/dags/ecommerce_etl.py                                 1           0  0.15s           2026-02-05T22:45:03
================================================================================
[2026-02-05T22:45:59.104+0000] {manager.py:879} INFO - 
================================================================================
DAG File Processing Stats

File Path                                 PID    Runtime      # DAGs    # Errors  Last Runtime    Last Run
----------------------------------------  -----  ---------  --------  ----------  --------------  -------------------
/opt/airflow/dags/data_quality_checks.py                           1           0  2.99s           2026-02-05T22:45:52
/opt/airflow/dags/ecommerce_etl.py                                 1           0  0.13s           2026-02-05T22:45:34
================================================================================
[2026-02-05T22:46:29.497+0000] {manager.py:879} INFO - 
================================================================================
DAG File Processing Stats

File Path                                 PID    Runtime      # DAGs    # Errors  Last Runtime    Last Run
----------------------------------------  -----  ---------  --------  ----------  --------------  -------------------
/opt/airflow/dags/data_quality_checks.py                           1           0  3.13s           2026-02-05T22:46:25
/opt/airflow/dags/ecommerce_etl.py                                 1           0  0.19s           2026-02-05T22:46:04
================================================================================
[2026-02-05T22:46:59.823+0000] {manager.py:879} INFO - 
================================================================================
DAG File Processing Stats

File Path                                 PID    Runtime      # DAGs    # Errors  Last Runtime    Last Run
----------------------------------------  -----  ---------  --------  ----------  --------------  -------------------
/opt/airflow/dags/data_quality_checks.py                           1           0  3.09s           2026-02-05T22:46:58
/opt/airflow/dags/ecommerce_etl.py                                 1           0  0.12s           2026-02-05T22:46:34
================================================================================
[2026-02-05T22:47:30.059+0000] {manager.py:879} INFO - 
================================================================================
DAG File Processing Stats

File Path                                   PID  Runtime      # DAGs    # Errors  Last Runtime    Last Run
----------------------------------------  -----  ---------  --------  ----------  --------------  -------------------
/opt/airflow/dags/data_quality_checks.py   4672  1.01s             1           0  3.09s           2026-02-05T22:46:58
/opt/airflow/dags/ecommerce_etl.py                                 1           0  0.13s           2026-02-05T22:47:04
================================================================================
[2026-02-05T22:48:00.355+0000] {manager.py:879} INFO - 
================================================================================
DAG File Processing Stats

File Path                                 PID    Runtime      # DAGs    # Errors  Last Runtime    Last Run
----------------------------------------  -----  ---------  --------  ----------  --------------  -------------------
/opt/airflow/dags/data_quality_checks.py                           1           0  3.92s           2026-02-05T22:47:32
/opt/airflow/dags/ecommerce_etl.py                                 1           0  0.15s           2026-02-05T22:47:35
================================================================================
[2026-02-05T22:48:30.764+0000] {manager.py:879} INFO - 
================================================================================
DAG File Processing Stats

File Path                                 PID    Runtime      # DAGs    # Errors  Last Runtime    Last Run
----------------------------------------  -----  ---------  --------  ----------  --------------  -------------------
/opt/airflow/dags/data_quality_checks.py                           1           0  3.47s           2026-02-05T22:48:06
/opt/airflow/dags/ecommerce_etl.py                                 1           0  0.17s           2026-02-05T22:48:05
================================================================================
[2026-02-05T22:49:01.128+0000] {manager.py:879} INFO - 
================================================================================
DAG File Processing Stats

File Path                                 PID    Runtime      # DAGs    # Errors  Last Runtime    Last Run
----------------------------------------  -----  ---------  --------  ----------  --------------  -------------------
/opt/airflow/dags/data_quality_checks.py                           1           0  4.16s           2026-02-05T22:48:41
/opt/airflow/dags/ecommerce_etl.py                                 1           0  0.11s           2026-02-05T22:48:35
================================================================================
[2026-02-05T22:49:31.449+0000] {manager.py:879} INFO - 
================================================================================
DAG File Processing Stats

File Path                                 PID    Runtime      # DAGs    # Errors  Last Runtime    Last Run
----------------------------------------  -----  ---------  --------  ----------  --------------  -------------------
/opt/airflow/dags/data_quality_checks.py                           1           0  3.51s           2026-02-05T22:49:14
/opt/airflow/dags/ecommerce_etl.py                                 1           0  0.12s           2026-02-05T22:49:06
================================================================================
[2026-02-05T22:50:01.676+0000] {manager.py:879} INFO - 
================================================================================
DAG File Processing Stats

File Path                                 PID    Runtime      # DAGs    # Errors  Last Runtime    Last Run
----------------------------------------  -----  ---------  --------  ----------  --------------  -------------------
/opt/airflow/dags/data_quality_checks.py                           1           0  3.08s           2026-02-05T22:49:48
/opt/airflow/dags/ecommerce_etl.py                                 1           0  0.12s           2026-02-05T22:49:36
================================================================================
[2026-02-05T22:50:05.704+0000] {manager.py:738} INFO - Searching for files in /opt/airflow/dags
[2026-02-05T22:50:05.734+0000] {manager.py:741} INFO - There are 2 files in /opt/airflow/dags
[2026-02-05T22:50:31.974+0000] {manager.py:879} INFO - 
================================================================================
DAG File Processing Stats

File Path                                 PID    Runtime      # DAGs    # Errors  Last Runtime    Last Run
----------------------------------------  -----  ---------  --------  ----------  --------------  -------------------
/opt/airflow/dags/data_quality_checks.py                           1           0  2.98s           2026-02-05T22:50:21
/opt/airflow/dags/ecommerce_etl.py                                 1           0  0.35s           2026-02-05T22:50:07
================================================================================
[2026-02-05T22:51:02.385+0000] {manager.py:879} INFO - 
================================================================================
DAG File Processing Stats

File Path                                 PID    Runtime      # DAGs    # Errors  Last Runtime    Last Run
----------------------------------------  -----  ---------  --------  ----------  --------------  -------------------
/opt/airflow/dags/data_quality_checks.py                           1           0  2.84s           2026-02-05T22:50:55
/opt/airflow/dags/ecommerce_etl.py                                 1           0  0.39s           2026-02-05T22:50:37
================================================================================
[2026-02-05T22:51:32.475+0000] {manager.py:879} INFO - 
================================================================================
DAG File Processing Stats

File Path                                 PID    Runtime      # DAGs    # Errors  Last Runtime    Last Run
----------------------------------------  -----  ---------  --------  ----------  --------------  -------------------
/opt/airflow/dags/data_quality_checks.py                           1           0  2.67s           2026-02-05T22:51:28
/opt/airflow/dags/ecommerce_etl.py                                 1           0  0.29s           2026-02-05T22:51:08
================================================================================
[2026-02-05T22:52:02.851+0000] {manager.py:879} INFO - 
================================================================================
DAG File Processing Stats

File Path                                 PID    Runtime      # DAGs    # Errors  Last Runtime    Last Run
----------------------------------------  -----  ---------  --------  ----------  --------------  -------------------
/opt/airflow/dags/data_quality_checks.py                           1           0  2.72s           2026-02-05T22:52:01
/opt/airflow/dags/ecommerce_etl.py                                 1           0  0.12s           2026-02-05T22:51:38
================================================================================
[2026-02-05T22:52:33.094+0000] {manager.py:879} INFO - 
================================================================================
DAG File Processing Stats

File Path                                   PID  Runtime      # DAGs    # Errors  Last Runtime    Last Run
----------------------------------------  -----  ---------  --------  ----------  --------------  -------------------
/opt/airflow/dags/data_quality_checks.py   4952  1.01s             1           0  2.72s           2026-02-05T22:52:01
/opt/airflow/dags/ecommerce_etl.py                                 1           0  0.22s           2026-02-05T22:52:09
================================================================================
[2026-02-05T22:53:03.549+0000] {manager.py:879} INFO - 
================================================================================
DAG File Processing Stats

File Path                                 PID    Runtime      # DAGs    # Errors  Last Runtime    Last Run
----------------------------------------  -----  ---------  --------  ----------  --------------  -------------------
/opt/airflow/dags/data_quality_checks.py                           1           0  2.60s           2026-02-05T22:52:34
/opt/airflow/dags/ecommerce_etl.py                                 1           0  0.13s           2026-02-05T22:52:39
================================================================================
[2026-02-05T22:53:33.917+0000] {manager.py:879} INFO - 
================================================================================
DAG File Processing Stats

File Path                                 PID    Runtime      # DAGs    # Errors  Last Runtime    Last Run
----------------------------------------  -----  ---------  --------  ----------  --------------  -------------------
/opt/airflow/dags/data_quality_checks.py                           1           0  2.88s           2026-02-05T22:53:08
/opt/airflow/dags/ecommerce_etl.py                                 1           0  0.12s           2026-02-05T22:53:09
================================================================================
[2026-02-05T22:54:03.932+0000] {manager.py:879} INFO - 
================================================================================
DAG File Processing Stats

File Path                                 PID    Runtime      # DAGs    # Errors  Last Runtime    Last Run
----------------------------------------  -----  ---------  --------  ----------  --------------  -------------------
/opt/airflow/dags/data_quality_checks.py                           1           0  2.77s           2026-02-05T22:53:41
/opt/airflow/dags/ecommerce_etl.py                                 1           0  0.18s           2026-02-05T22:53:40
================================================================================
