[0m17:49:53.056402 [debug] [MainThread]: Sending event: {'category': 'dbt', 'action': 'invocation', 'label': 'start', 'context': [<snowplow_tracker.self_describing_json.SelfDescribingJson object at 0x744f127a9650>, <snowplow_tracker.self_describing_json.SelfDescribingJson object at 0x744f12336690>, <snowplow_tracker.self_describing_json.SelfDescribingJson object at 0x744f11f23390>]}


============================== 17:49:53.192355 | e16d2c46-896d-4c53-aa76-c745fd5dda64 ==============================
[0m17:49:53.192355 [info ] [MainThread]: Running with dbt=1.7.7
[0m17:49:53.193785 [debug] [MainThread]: running dbt with arguments {'printer_width': '80', 'indirect_selection': 'eager', 'write_json': 'True', 'log_cache_events': 'False', 'partial_parse': 'True', 'cache_selected_only': 'False', 'warn_error': 'None', 'version_check': 'True', 'debug': 'False', 'log_path': '/opt/airflow/dbt_project/logs', 'fail_fast': 'False', 'profiles_dir': '.', 'use_colors': 'True', 'use_experimental_parser': 'False', 'no_print': 'None', 'quiet': 'False', 'warn_error_options': 'WarnErrorOptions(include=[], exclude=[])', 'introspect': 'True', 'static_parser': 'True', 'invocation_command': 'dbt debug --profiles-dir .', 'target_path': 'None', 'log_format': 'default', 'send_anonymous_usage_stats': 'True'}
[0m17:49:53.221389 [info ] [MainThread]: dbt version: 1.7.7
[0m17:49:53.223192 [info ] [MainThread]: python version: 3.11.8
[0m17:49:53.224623 [info ] [MainThread]: python path: /usr/local/bin/python
[0m17:49:53.225982 [info ] [MainThread]: os info: Linux-6.6.87.2-microsoft-standard-WSL2-x86_64-with-glibc2.36
[0m17:49:53.454134 [info ] [MainThread]: Using profiles dir at .
[0m17:49:53.456552 [info ] [MainThread]: Using profiles.yml file at ./profiles.yml
[0m17:49:53.458261 [info ] [MainThread]: Using dbt_project.yml file at /opt/airflow/dbt_project/dbt_project.yml
[0m17:49:53.460447 [info ] [MainThread]: adapter type: postgres
[0m17:49:53.462170 [info ] [MainThread]: adapter version: 1.7.7
[0m17:49:53.530348 [info ] [MainThread]: Configuration:
[0m17:49:53.532169 [info ] [MainThread]:   profiles.yml file [[32mOK found and valid[0m]
[0m17:49:53.533566 [info ] [MainThread]:   dbt_project.yml file [[32mOK found and valid[0m]
[0m17:49:53.535155 [info ] [MainThread]: Required dependencies:
[0m17:49:53.536593 [debug] [MainThread]: Executing "git --help"
[0m17:49:53.540042 [info ] [MainThread]:  - git [[31mERROR[0m]

[0m17:49:53.541579 [info ] [MainThread]: Connection:
[0m17:49:53.543149 [info ] [MainThread]:   host: postgres
[0m17:49:53.544879 [info ] [MainThread]:   port: 5432
[0m17:49:53.546164 [info ] [MainThread]:   user: airflow
[0m17:49:53.547518 [info ] [MainThread]:   database: warehouse
[0m17:49:53.548769 [info ] [MainThread]:   schema: public
[0m17:49:53.549933 [info ] [MainThread]:   connect_timeout: 10
[0m17:49:53.551070 [info ] [MainThread]:   role: None
[0m17:49:53.552402 [info ] [MainThread]:   search_path: None
[0m17:49:53.553793 [info ] [MainThread]:   keepalives_idle: 0
[0m17:49:53.555232 [info ] [MainThread]:   sslmode: None
[0m17:49:53.556786 [info ] [MainThread]:   sslcert: None
[0m17:49:53.558620 [info ] [MainThread]:   sslkey: None
[0m17:49:53.559897 [info ] [MainThread]:   sslrootcert: None
[0m17:49:53.561295 [info ] [MainThread]:   application_name: dbt
[0m17:49:53.562517 [info ] [MainThread]:   retries: 1
[0m17:49:53.563845 [info ] [MainThread]: Registered adapter: postgres=1.7.7
[0m17:49:53.565996 [debug] [MainThread]: Acquiring new postgres connection 'debug'
[0m17:49:53.567910 [debug] [MainThread]: Using postgres connection "debug"
[0m17:49:53.569712 [debug] [MainThread]: On debug: select 1 as id
[0m17:49:53.571297 [debug] [MainThread]: Opening a new connection, currently in state init
[0m17:49:53.587242 [debug] [MainThread]: SQL status: SELECT 1 in 0.0 seconds
[0m17:49:53.589973 [debug] [MainThread]: On debug: Close
[0m17:49:53.591606 [info ] [MainThread]:   Connection test: [[32mOK connection ok[0m]

[0m17:49:53.593179 [info ] [MainThread]: [31m1 check failed:[0m
[0m17:49:53.594540 [info ] [MainThread]: Error from git --help: User does not have permissions for this command: "git"

[0m17:49:53.597560 [debug] [MainThread]: Resource report: {"command_name": "debug", "command_wall_clock_time": 0.6412514, "process_user_time": 2.366192, "process_kernel_time": 1.019773, "process_mem_max_rss": "127908", "process_in_blocks": "13816", "process_out_blocks": "4688", "command_success": false}
[0m17:49:53.599844 [debug] [MainThread]: Command `dbt debug` failed at 17:49:53.599595 after 0.64 seconds
[0m17:49:53.601478 [debug] [MainThread]: Connection 'debug' was properly closed.
[0m17:49:53.603062 [debug] [MainThread]: Sending event: {'category': 'dbt', 'action': 'invocation', 'label': 'end', 'context': [<snowplow_tracker.self_describing_json.SelfDescribingJson object at 0x744f119daf90>, <snowplow_tracker.self_describing_json.SelfDescribingJson object at 0x744f119e2350>, <snowplow_tracker.self_describing_json.SelfDescribingJson object at 0x744f11c53fd0>]}
[0m17:49:53.604714 [debug] [MainThread]: Flushing usage events
[0m17:49:58.981170 [debug] [MainThread]: Sending event: {'category': 'dbt', 'action': 'invocation', 'label': 'start', 'context': [<snowplow_tracker.self_describing_json.SelfDescribingJson object at 0x705cb1b4f910>, <snowplow_tracker.self_describing_json.SelfDescribingJson object at 0x705cb0d4ab10>, <snowplow_tracker.self_describing_json.SelfDescribingJson object at 0x705cb0cb7e90>]}


============================== 17:49:58.987256 | 9e1d1970-a900-4f9a-a62c-e62ebe1f7ab8 ==============================
[0m17:49:58.987256 [info ] [MainThread]: Running with dbt=1.7.7
[0m17:49:58.988615 [debug] [MainThread]: running dbt with arguments {'printer_width': '80', 'indirect_selection': 'eager', 'log_cache_events': 'False', 'write_json': 'True', 'partial_parse': 'True', 'cache_selected_only': 'False', 'warn_error': 'None', 'fail_fast': 'False', 'debug': 'False', 'log_path': '/opt/airflow/dbt_project/logs', 'version_check': 'True', 'profiles_dir': '.', 'use_colors': 'True', 'use_experimental_parser': 'False', 'no_print': 'None', 'quiet': 'False', 'warn_error_options': 'WarnErrorOptions(include=[], exclude=[])', 'invocation_command': 'dbt list --profiles-dir .', 'static_parser': 'True', 'introspect': 'True', 'target_path': 'None', 'log_format': 'default', 'send_anonymous_usage_stats': 'True'}
[0m17:49:59.284495 [debug] [MainThread]: Sending event: {'category': 'dbt', 'action': 'project_id', 'label': '9e1d1970-a900-4f9a-a62c-e62ebe1f7ab8', 'context': [<snowplow_tracker.self_describing_json.SelfDescribingJson object at 0x705caf1d3b50>]}
[0m17:49:59.433916 [debug] [MainThread]: Sending event: {'category': 'dbt', 'action': 'adapter_info', 'label': '9e1d1970-a900-4f9a-a62c-e62ebe1f7ab8', 'context': [<snowplow_tracker.self_describing_json.SelfDescribingJson object at 0x705caf2f7ad0>]}
[0m17:49:59.436261 [info ] [MainThread]: Registered adapter: postgres=1.7.7
[0m17:49:59.446446 [debug] [MainThread]: checksum: 54188551c516f4dd1c42b8d9c289f2bf49f18ae42632e2ba36a64ad29fd60da4, vars: {}, profile: , target: , version: 1.7.7
[0m17:49:59.451264 [info ] [MainThread]: Unable to do partial parsing because saved manifest not found. Starting full parse.
[0m17:49:59.452593 [debug] [MainThread]: Sending event: {'category': 'dbt', 'action': 'partial_parser', 'label': '9e1d1970-a900-4f9a-a62c-e62ebe1f7ab8', 'context': [<snowplow_tracker.self_describing_json.SelfDescribingJson object at 0x705cae9b4f10>]}
[0m17:50:00.577622 [debug] [MainThread]: Sending event: {'category': 'dbt', 'action': 'load_project', 'label': '9e1d1970-a900-4f9a-a62c-e62ebe1f7ab8', 'context': [<snowplow_tracker.self_describing_json.SelfDescribingJson object at 0x705cad578890>]}
[0m17:50:00.661275 [debug] [MainThread]: Sending event: {'category': 'dbt', 'action': 'resource_counts', 'label': '9e1d1970-a900-4f9a-a62c-e62ebe1f7ab8', 'context': [<snowplow_tracker.self_describing_json.SelfDescribingJson object at 0x705cad55c7d0>]}
[0m17:50:00.663018 [info ] [MainThread]: Found 6 models, 8 tests, 7 sources, 0 exposures, 0 metrics, 401 macros, 0 groups, 0 semantic models
[0m17:50:00.664646 [debug] [MainThread]: Sending event: {'category': 'dbt', 'action': 'runnable_timing', 'label': '9e1d1970-a900-4f9a-a62c-e62ebe1f7ab8', 'context': [<snowplow_tracker.self_describing_json.SelfDescribingJson object at 0x705cae125510>]}
[0m17:50:00.668377 [debug] [MainThread]: Resource report: {"command_name": "list", "command_success": true, "command_wall_clock_time": 1.7359918, "process_user_time": 3.074474, "process_kernel_time": 0.487258, "process_mem_max_rss": "135696", "process_in_blocks": "920", "process_out_blocks": "0"}
[0m17:50:00.670281 [debug] [MainThread]: Command `dbt list` succeeded at 17:50:00.670100 after 1.74 seconds
[0m17:50:00.671427 [debug] [MainThread]: Sending event: {'category': 'dbt', 'action': 'invocation', 'label': 'end', 'context': [<snowplow_tracker.self_describing_json.SelfDescribingJson object at 0x705caf1c4790>, <snowplow_tracker.self_describing_json.SelfDescribingJson object at 0x705caf1c5190>, <snowplow_tracker.self_describing_json.SelfDescribingJson object at 0x705caf3925d0>]}
[0m17:50:00.672585 [debug] [MainThread]: Flushing usage events
[0m21:13:26.968612 [debug] [MainThread]: Sending event: {'category': 'dbt', 'action': 'invocation', 'label': 'start', 'context': [<snowplow_tracker.self_describing_json.SelfDescribingJson object at 0x7c812ac15d50>, <snowplow_tracker.self_describing_json.SelfDescribingJson object at 0x7c812ac15290>, <snowplow_tracker.self_describing_json.SelfDescribingJson object at 0x7c812b725d50>]}


============================== 21:13:27.011762 | 7c578171-7878-41ca-8cb7-bf2c754f7375 ==============================
[0m21:13:27.011762 [info ] [MainThread]: Running with dbt=1.7.7
[0m21:13:27.013574 [debug] [MainThread]: running dbt with arguments {'printer_width': '80', 'indirect_selection': 'eager', 'write_json': 'True', 'log_cache_events': 'False', 'partial_parse': 'True', 'cache_selected_only': 'False', 'profiles_dir': '.', 'debug': 'False', 'warn_error': 'None', 'log_path': '/opt/airflow/dbt_project/logs', 'fail_fast': 'False', 'version_check': 'True', 'use_colors': 'True', 'use_experimental_parser': 'False', 'no_print': 'None', 'quiet': 'False', 'warn_error_options': 'WarnErrorOptions(include=[], exclude=[])', 'invocation_command': 'dbt run --profiles-dir . --full-refresh', 'introspect': 'True', 'static_parser': 'True', 'target_path': 'None', 'log_format': 'default', 'send_anonymous_usage_stats': 'True'}
[0m21:13:27.407968 [debug] [MainThread]: Sending event: {'category': 'dbt', 'action': 'project_id', 'label': '7c578171-7878-41ca-8cb7-bf2c754f7375', 'context': [<snowplow_tracker.self_describing_json.SelfDescribingJson object at 0x7c812b06f550>]}
[0m21:13:27.479414 [debug] [MainThread]: Sending event: {'category': 'dbt', 'action': 'adapter_info', 'label': '7c578171-7878-41ca-8cb7-bf2c754f7375', 'context': [<snowplow_tracker.self_describing_json.SelfDescribingJson object at 0x7c812abcbcd0>]}
[0m21:13:27.482328 [info ] [MainThread]: Registered adapter: postgres=1.7.7
[0m21:13:27.495711 [debug] [MainThread]: checksum: 54188551c516f4dd1c42b8d9c289f2bf49f18ae42632e2ba36a64ad29fd60da4, vars: {}, profile: , target: , version: 1.7.7
[0m21:13:27.786997 [debug] [MainThread]: Partial parsing enabled: 0 files deleted, 0 files added, 0 files changed.
[0m21:13:27.789647 [debug] [MainThread]: Partial parsing enabled, no changes found, skipping parsing
[0m21:13:27.797228 [debug] [MainThread]: Sending event: {'category': 'dbt', 'action': 'load_project', 'label': '7c578171-7878-41ca-8cb7-bf2c754f7375', 'context': [<snowplow_tracker.self_describing_json.SelfDescribingJson object at 0x7c812ab82cd0>]}
[0m21:13:27.834835 [debug] [MainThread]: Sending event: {'category': 'dbt', 'action': 'resource_counts', 'label': '7c578171-7878-41ca-8cb7-bf2c754f7375', 'context': [<snowplow_tracker.self_describing_json.SelfDescribingJson object at 0x7c812a1e4bd0>]}
[0m21:13:27.836440 [info ] [MainThread]: Found 6 models, 8 tests, 7 sources, 0 exposures, 0 metrics, 401 macros, 0 groups, 0 semantic models
[0m21:13:27.838487 [debug] [MainThread]: Sending event: {'category': 'dbt', 'action': 'runnable_timing', 'label': '7c578171-7878-41ca-8cb7-bf2c754f7375', 'context': [<snowplow_tracker.self_describing_json.SelfDescribingJson object at 0x7c812accd090>]}
[0m21:13:27.841853 [info ] [MainThread]: 
[0m21:13:27.844327 [debug] [MainThread]: Acquiring new postgres connection 'master'
[0m21:13:27.847294 [debug] [ThreadPool]: Acquiring new postgres connection 'list_warehouse'
[0m21:13:27.848774 [debug] [ThreadPool]: Acquiring new postgres connection 'list_warehouse'
[0m21:13:27.859188 [debug] [ThreadPool]: Using postgres connection "list_warehouse"
[0m21:13:27.861999 [debug] [ThreadPool]: Using postgres connection "list_warehouse"
[0m21:13:27.863518 [debug] [ThreadPool]: On list_warehouse: /* {"app": "dbt", "dbt_version": "1.7.7", "profile_name": "ecommerce_warehouse", "target_name": "dev", "connection_name": "list_warehouse"} */

    select distinct nspname from pg_namespace
  
[0m21:13:27.864914 [debug] [ThreadPool]: On list_warehouse: /* {"app": "dbt", "dbt_version": "1.7.7", "profile_name": "ecommerce_warehouse", "target_name": "dev", "connection_name": "list_warehouse"} */

    select distinct nspname from pg_namespace
  
[0m21:13:27.865910 [debug] [ThreadPool]: Opening a new connection, currently in state init
[0m21:13:27.866805 [debug] [ThreadPool]: Opening a new connection, currently in state init
[0m21:13:27.876064 [debug] [ThreadPool]: SQL status: SELECT 7 in 0.0 seconds
[0m21:13:27.876719 [debug] [ThreadPool]: SQL status: SELECT 7 in 0.0 seconds
[0m21:13:27.879110 [debug] [ThreadPool]: On list_warehouse: Close
[0m21:13:27.881638 [debug] [ThreadPool]: On list_warehouse: Close
[0m21:13:27.886765 [debug] [ThreadPool]: Re-using an available connection from the pool (formerly list_warehouse, now create_warehouse_public_gold)
[0m21:13:27.887546 [debug] [ThreadPool]: Re-using an available connection from the pool (formerly list_warehouse, now create_warehouse_public_silver)
[0m21:13:27.889400 [debug] [ThreadPool]: Creating schema "database: "warehouse"
schema: "public_gold"
"
[0m21:13:27.890876 [debug] [ThreadPool]: Creating schema "database: "warehouse"
schema: "public_silver"
"
[0m21:13:27.895876 [debug] [ThreadPool]: Using postgres connection "create_warehouse_public_gold"
[0m21:13:27.899013 [debug] [ThreadPool]: Using postgres connection "create_warehouse_public_silver"
[0m21:13:27.900382 [debug] [ThreadPool]: On create_warehouse_public_gold: BEGIN
[0m21:13:27.901479 [debug] [ThreadPool]: On create_warehouse_public_silver: BEGIN
[0m21:13:27.902578 [debug] [ThreadPool]: Opening a new connection, currently in state closed
[0m21:13:27.903688 [debug] [ThreadPool]: Opening a new connection, currently in state closed
[0m21:13:27.910641 [debug] [ThreadPool]: SQL status: BEGIN in 0.0 seconds
[0m21:13:27.911118 [debug] [ThreadPool]: SQL status: BEGIN in 0.0 seconds
[0m21:13:27.911964 [debug] [ThreadPool]: Using postgres connection "create_warehouse_public_gold"
[0m21:13:27.913087 [debug] [ThreadPool]: Using postgres connection "create_warehouse_public_silver"
[0m21:13:27.914028 [debug] [ThreadPool]: On create_warehouse_public_gold: /* {"app": "dbt", "dbt_version": "1.7.7", "profile_name": "ecommerce_warehouse", "target_name": "dev", "connection_name": "create_warehouse_public_gold"} */
create schema if not exists "public_gold"
[0m21:13:27.914983 [debug] [ThreadPool]: On create_warehouse_public_silver: /* {"app": "dbt", "dbt_version": "1.7.7", "profile_name": "ecommerce_warehouse", "target_name": "dev", "connection_name": "create_warehouse_public_silver"} */
create schema if not exists "public_silver"
[0m21:13:27.917018 [debug] [ThreadPool]: SQL status: CREATE SCHEMA in 0.0 seconds
[0m21:13:27.917423 [debug] [ThreadPool]: SQL status: CREATE SCHEMA in 0.0 seconds
[0m21:13:27.918625 [debug] [ThreadPool]: On create_warehouse_public_silver: COMMIT
[0m21:13:27.921251 [debug] [ThreadPool]: On create_warehouse_public_gold: COMMIT
[0m21:13:27.922584 [debug] [ThreadPool]: Using postgres connection "create_warehouse_public_silver"
[0m21:13:27.923699 [debug] [ThreadPool]: Using postgres connection "create_warehouse_public_gold"
[0m21:13:27.924698 [debug] [ThreadPool]: On create_warehouse_public_silver: COMMIT
[0m21:13:27.925651 [debug] [ThreadPool]: On create_warehouse_public_gold: COMMIT
[0m21:13:27.927699 [debug] [ThreadPool]: SQL status: COMMIT in 0.0 seconds
[0m21:13:27.928966 [debug] [ThreadPool]: SQL status: COMMIT in 0.0 seconds
[0m21:13:27.929510 [debug] [ThreadPool]: On create_warehouse_public_silver: Close
[0m21:13:27.931091 [debug] [ThreadPool]: On create_warehouse_public_gold: Close
[0m21:13:27.936565 [debug] [ThreadPool]: Re-using an available connection from the pool (formerly create_warehouse_public_silver, now list_warehouse_public_gold)
[0m21:13:27.937575 [debug] [ThreadPool]: Re-using an available connection from the pool (formerly create_warehouse_public_gold, now list_warehouse_public_silver)
[0m21:13:27.943136 [debug] [ThreadPool]: Using postgres connection "list_warehouse_public_gold"
[0m21:13:27.946077 [debug] [ThreadPool]: Using postgres connection "list_warehouse_public_silver"
[0m21:13:27.947404 [debug] [ThreadPool]: On list_warehouse_public_gold: BEGIN
[0m21:13:27.948465 [debug] [ThreadPool]: On list_warehouse_public_silver: BEGIN
[0m21:13:27.949345 [debug] [ThreadPool]: Opening a new connection, currently in state closed
[0m21:13:27.950403 [debug] [ThreadPool]: Opening a new connection, currently in state closed
[0m21:13:27.957052 [debug] [ThreadPool]: SQL status: BEGIN in 0.0 seconds
[0m21:13:27.957795 [debug] [ThreadPool]: SQL status: BEGIN in 0.0 seconds
[0m21:13:27.958627 [debug] [ThreadPool]: Using postgres connection "list_warehouse_public_gold"
[0m21:13:27.959598 [debug] [ThreadPool]: Using postgres connection "list_warehouse_public_silver"
[0m21:13:27.960547 [debug] [ThreadPool]: On list_warehouse_public_gold: /* {"app": "dbt", "dbt_version": "1.7.7", "profile_name": "ecommerce_warehouse", "target_name": "dev", "connection_name": "list_warehouse_public_gold"} */
select
      'warehouse' as database,
      tablename as name,
      schemaname as schema,
      'table' as type
    from pg_tables
    where schemaname ilike 'public_gold'
    union all
    select
      'warehouse' as database,
      viewname as name,
      schemaname as schema,
      'view' as type
    from pg_views
    where schemaname ilike 'public_gold'
    union all
    select
      'warehouse' as database,
      matviewname as name,
      schemaname as schema,
      'materialized_view' as type
    from pg_matviews
    where schemaname ilike 'public_gold'
  
[0m21:13:27.961407 [debug] [ThreadPool]: On list_warehouse_public_silver: /* {"app": "dbt", "dbt_version": "1.7.7", "profile_name": "ecommerce_warehouse", "target_name": "dev", "connection_name": "list_warehouse_public_silver"} */
select
      'warehouse' as database,
      tablename as name,
      schemaname as schema,
      'table' as type
    from pg_tables
    where schemaname ilike 'public_silver'
    union all
    select
      'warehouse' as database,
      viewname as name,
      schemaname as schema,
      'view' as type
    from pg_views
    where schemaname ilike 'public_silver'
    union all
    select
      'warehouse' as database,
      matviewname as name,
      schemaname as schema,
      'materialized_view' as type
    from pg_matviews
    where schemaname ilike 'public_silver'
  
[0m21:13:27.965808 [debug] [ThreadPool]: SQL status: SELECT 0 in 0.0 seconds
[0m21:13:27.966236 [debug] [ThreadPool]: SQL status: SELECT 0 in 0.0 seconds
[0m21:13:27.967751 [debug] [ThreadPool]: On list_warehouse_public_silver: ROLLBACK
[0m21:13:27.969720 [debug] [ThreadPool]: On list_warehouse_public_gold: ROLLBACK
[0m21:13:27.971147 [debug] [ThreadPool]: On list_warehouse_public_silver: Close
[0m21:13:27.972158 [debug] [ThreadPool]: On list_warehouse_public_gold: Close
[0m21:13:27.978263 [debug] [MainThread]: Using postgres connection "master"
[0m21:13:27.979506 [debug] [MainThread]: On master: BEGIN
[0m21:13:27.980583 [debug] [MainThread]: Opening a new connection, currently in state init
[0m21:13:27.986573 [debug] [MainThread]: SQL status: BEGIN in 0.0 seconds
[0m21:13:27.987824 [debug] [MainThread]: Using postgres connection "master"
[0m21:13:27.988824 [debug] [MainThread]: On master: /* {"app": "dbt", "dbt_version": "1.7.7", "profile_name": "ecommerce_warehouse", "target_name": "dev", "connection_name": "master"} */
with relation as (
        select
            pg_rewrite.ev_class as class,
            pg_rewrite.oid as id
        from pg_rewrite
    ),
    class as (
        select
            oid as id,
            relname as name,
            relnamespace as schema,
            relkind as kind
        from pg_class
    ),
    dependency as (
        select distinct
            pg_depend.objid as id,
            pg_depend.refobjid as ref
        from pg_depend
    ),
    schema as (
        select
            pg_namespace.oid as id,
            pg_namespace.nspname as name
        from pg_namespace
        where nspname != 'information_schema' and nspname not like 'pg\_%'
    ),
    referenced as (
        select
            relation.id AS id,
            referenced_class.name ,
            referenced_class.schema ,
            referenced_class.kind
        from relation
        join class as referenced_class on relation.class=referenced_class.id
        where referenced_class.kind in ('r', 'v', 'm')
    ),
    relationships as (
        select
            referenced.name as referenced_name,
            referenced.schema as referenced_schema_id,
            dependent_class.name as dependent_name,
            dependent_class.schema as dependent_schema_id,
            referenced.kind as kind
        from referenced
        join dependency on referenced.id=dependency.id
        join class as dependent_class on dependency.ref=dependent_class.id
        where
            (referenced.name != dependent_class.name or
             referenced.schema != dependent_class.schema)
    )

    select
        referenced_schema.name as referenced_schema,
        relationships.referenced_name as referenced_name,
        dependent_schema.name as dependent_schema,
        relationships.dependent_name as dependent_name
    from relationships
    join schema as dependent_schema on relationships.dependent_schema_id=dependent_schema.id
    join schema as referenced_schema on relationships.referenced_schema_id=referenced_schema.id
    group by referenced_schema, referenced_name, dependent_schema, dependent_name
    order by referenced_schema, referenced_name, dependent_schema, dependent_name;
[0m21:13:28.001480 [debug] [MainThread]: SQL status: SELECT 0 in 0.0 seconds
[0m21:13:28.003918 [debug] [MainThread]: Sending event: {'category': 'dbt', 'action': 'runnable_timing', 'label': '7c578171-7878-41ca-8cb7-bf2c754f7375', 'context': [<snowplow_tracker.self_describing_json.SelfDescribingJson object at 0x7c8129da0250>]}
[0m21:13:28.005164 [debug] [MainThread]: On master: ROLLBACK
[0m21:13:28.006338 [debug] [MainThread]: Using postgres connection "master"
[0m21:13:28.007344 [debug] [MainThread]: On master: BEGIN
[0m21:13:28.008579 [debug] [MainThread]: SQL status: BEGIN in 0.0 seconds
[0m21:13:28.009445 [debug] [MainThread]: On master: COMMIT
[0m21:13:28.010370 [debug] [MainThread]: Using postgres connection "master"
[0m21:13:28.011916 [debug] [MainThread]: On master: COMMIT
[0m21:13:28.013897 [debug] [MainThread]: SQL status: COMMIT in 0.0 seconds
[0m21:13:28.015035 [debug] [MainThread]: On master: Close
[0m21:13:28.016495 [info ] [MainThread]: Concurrency: 4 threads (target='dev')
[0m21:13:28.017778 [info ] [MainThread]: 
[0m21:13:28.026894 [debug] [Thread-1 (]: Began running node model.ecommerce_warehouse.silver_customers
[0m21:13:28.027479 [debug] [Thread-2 (]: Began running node model.ecommerce_warehouse.silver_order_items
[0m21:13:28.027966 [debug] [Thread-3 (]: Began running node model.ecommerce_warehouse.silver_orders
[0m21:13:28.028413 [debug] [Thread-4 (]: Began running node model.ecommerce_warehouse.silver_products
[0m21:13:28.029087 [info ] [Thread-1 (]: 1 of 6 START sql table model public_silver.silver_customers .................... [RUN]
[0m21:13:28.030345 [info ] [Thread-2 (]: 2 of 6 START sql table model public_silver.silver_order_items .................. [RUN]
[0m21:13:28.031424 [info ] [Thread-3 (]: 3 of 6 START sql table model public_silver.silver_orders ....................... [RUN]
[0m21:13:28.032631 [info ] [Thread-4 (]: 4 of 6 START sql table model public_silver.silver_products ..................... [RUN]
[0m21:13:28.034339 [debug] [Thread-1 (]: Re-using an available connection from the pool (formerly list_warehouse_public_gold, now model.ecommerce_warehouse.silver_customers)
[0m21:13:28.035969 [debug] [Thread-2 (]: Re-using an available connection from the pool (formerly list_warehouse_public_silver, now model.ecommerce_warehouse.silver_order_items)
[0m21:13:28.037441 [debug] [Thread-3 (]: Acquiring new postgres connection 'model.ecommerce_warehouse.silver_orders'
[0m21:13:28.038922 [debug] [Thread-4 (]: Acquiring new postgres connection 'model.ecommerce_warehouse.silver_products'
[0m21:13:28.040205 [debug] [Thread-1 (]: Began compiling node model.ecommerce_warehouse.silver_customers
[0m21:13:28.041164 [debug] [Thread-2 (]: Began compiling node model.ecommerce_warehouse.silver_order_items
[0m21:13:28.042232 [debug] [Thread-3 (]: Began compiling node model.ecommerce_warehouse.silver_orders
[0m21:13:28.043716 [debug] [Thread-4 (]: Began compiling node model.ecommerce_warehouse.silver_products
[0m21:13:28.050473 [debug] [Thread-1 (]: Writing injected SQL for node "model.ecommerce_warehouse.silver_customers"
[0m21:13:28.054589 [debug] [Thread-2 (]: Writing injected SQL for node "model.ecommerce_warehouse.silver_order_items"
[0m21:13:28.059339 [debug] [Thread-3 (]: Writing injected SQL for node "model.ecommerce_warehouse.silver_orders"
[0m21:13:28.063310 [debug] [Thread-4 (]: Writing injected SQL for node "model.ecommerce_warehouse.silver_products"
[0m21:13:28.076076 [debug] [Thread-1 (]: Timing info for model.ecommerce_warehouse.silver_customers (compile): 21:13:28.044615 => 21:13:28.075684
[0m21:13:28.077701 [debug] [Thread-1 (]: Began executing node model.ecommerce_warehouse.silver_customers
[0m21:13:28.078456 [debug] [Thread-4 (]: Timing info for model.ecommerce_warehouse.silver_products (compile): 21:13:28.060831 => 21:13:28.078156
[0m21:13:28.084885 [debug] [Thread-3 (]: Timing info for model.ecommerce_warehouse.silver_orders (compile): 21:13:28.056448 => 21:13:28.084539
[0m21:13:28.106917 [debug] [Thread-2 (]: Timing info for model.ecommerce_warehouse.silver_order_items (compile): 21:13:28.051244 => 21:13:28.106498
[0m21:13:28.117306 [debug] [Thread-4 (]: Began executing node model.ecommerce_warehouse.silver_products
[0m21:13:28.119730 [debug] [Thread-1 (]: Writing runtime sql for node "model.ecommerce_warehouse.silver_customers"
[0m21:13:28.121570 [debug] [Thread-3 (]: Began executing node model.ecommerce_warehouse.silver_orders
[0m21:13:28.123369 [debug] [Thread-2 (]: Began executing node model.ecommerce_warehouse.silver_order_items
[0m21:13:28.128376 [debug] [Thread-4 (]: Writing runtime sql for node "model.ecommerce_warehouse.silver_products"
[0m21:13:28.134599 [debug] [Thread-3 (]: Writing runtime sql for node "model.ecommerce_warehouse.silver_orders"
[0m21:13:28.139962 [debug] [Thread-2 (]: Writing runtime sql for node "model.ecommerce_warehouse.silver_order_items"
[0m21:13:28.152569 [debug] [Thread-4 (]: Using postgres connection "model.ecommerce_warehouse.silver_products"
[0m21:13:28.154089 [debug] [Thread-4 (]: On model.ecommerce_warehouse.silver_products: BEGIN
[0m21:13:28.154662 [debug] [Thread-3 (]: Using postgres connection "model.ecommerce_warehouse.silver_orders"
[0m21:13:28.155659 [debug] [Thread-4 (]: Opening a new connection, currently in state init
[0m21:13:28.156232 [debug] [Thread-1 (]: Using postgres connection "model.ecommerce_warehouse.silver_customers"
[0m21:13:28.157224 [debug] [Thread-3 (]: On model.ecommerce_warehouse.silver_orders: BEGIN
[0m21:13:28.157956 [debug] [Thread-2 (]: Using postgres connection "model.ecommerce_warehouse.silver_order_items"
[0m21:13:28.160103 [debug] [Thread-1 (]: On model.ecommerce_warehouse.silver_customers: BEGIN
[0m21:13:28.162731 [debug] [Thread-3 (]: Opening a new connection, currently in state init
[0m21:13:28.165878 [debug] [Thread-2 (]: On model.ecommerce_warehouse.silver_order_items: BEGIN
[0m21:13:28.166443 [debug] [Thread-4 (]: SQL status: BEGIN in 0.0 seconds
[0m21:13:28.167374 [debug] [Thread-1 (]: Opening a new connection, currently in state closed
[0m21:13:28.170260 [debug] [Thread-2 (]: Opening a new connection, currently in state closed
[0m21:13:28.171567 [debug] [Thread-4 (]: Using postgres connection "model.ecommerce_warehouse.silver_products"
[0m21:13:28.174997 [debug] [Thread-3 (]: SQL status: BEGIN in 0.0 seconds
[0m21:13:28.175599 [debug] [Thread-4 (]: On model.ecommerce_warehouse.silver_products: /* {"app": "dbt", "dbt_version": "1.7.7", "profile_name": "ecommerce_warehouse", "target_name": "dev", "node_id": "model.ecommerce_warehouse.silver_products"} */

  
    

  create  table "warehouse"."public_silver"."silver_products__dbt_tmp"
  
  
    as
  
  (
    

SELECT
    product_id,
    TRIM(product_category_name) AS product_category_name,
    product_name_lenght AS product_name_length,
    product_description_lenght AS product_description_length,
    product_photos_qty,
    product_weight_g,
    product_length_cm,
    product_height_cm,
    product_width_cm,
    loaded_at,
    CURRENT_TIMESTAMP AS transformed_at
FROM "warehouse"."bronze"."products"
WHERE product_id IS NOT NULL
  );
  
[0m21:13:28.177950 [debug] [Thread-1 (]: SQL status: BEGIN in 0.0 seconds
[0m21:13:28.178716 [debug] [Thread-3 (]: Using postgres connection "model.ecommerce_warehouse.silver_orders"
[0m21:13:28.179163 [debug] [Thread-2 (]: SQL status: BEGIN in 0.0 seconds
[0m21:13:28.180812 [debug] [Thread-1 (]: Using postgres connection "model.ecommerce_warehouse.silver_customers"
[0m21:13:28.183265 [debug] [Thread-3 (]: On model.ecommerce_warehouse.silver_orders: /* {"app": "dbt", "dbt_version": "1.7.7", "profile_name": "ecommerce_warehouse", "target_name": "dev", "node_id": "model.ecommerce_warehouse.silver_orders"} */

  
    

  create  table "warehouse"."public_silver"."silver_orders__dbt_tmp"
  
  
    as
  
  (
    

SELECT
    order_id,
    customer_id,
    order_status,
    order_purchase_timestamp::TIMESTAMP AS order_purchase_timestamp,
    order_approved_at::TIMESTAMP AS order_approved_at,
    order_delivered_carrier_date::TIMESTAMP AS order_delivered_carrier_date,
    order_delivered_customer_date::TIMESTAMP AS order_delivered_customer_date,
    order_estimated_delivery_date::TIMESTAMP AS order_estimated_delivery_date,
    loaded_at,
    CURRENT_TIMESTAMP AS transformed_at
FROM "warehouse"."bronze"."orders"
WHERE order_id IS NOT NULL
  AND order_status IS NOT NULL
  );
  
[0m21:13:28.189196 [debug] [Thread-2 (]: Using postgres connection "model.ecommerce_warehouse.silver_order_items"
[0m21:13:28.190756 [debug] [Thread-1 (]: On model.ecommerce_warehouse.silver_customers: /* {"app": "dbt", "dbt_version": "1.7.7", "profile_name": "ecommerce_warehouse", "target_name": "dev", "node_id": "model.ecommerce_warehouse.silver_customers"} */

  
    

  create  table "warehouse"."public_silver"."silver_customers__dbt_tmp"
  
  
    as
  
  (
    

SELECT
    customer_id,
    customer_unique_id,
    UPPER(TRIM(customer_zip_code_prefix::TEXT)) AS customer_zip_code,
    UPPER(TRIM(customer_city)) AS customer_city,
    UPPER(TRIM(customer_state)) AS customer_state,
    loaded_at,
    CURRENT_TIMESTAMP AS transformed_at
FROM "warehouse"."bronze"."customers"
WHERE customer_id IS NOT NULL
  );
  
[0m21:13:28.192511 [debug] [Thread-2 (]: On model.ecommerce_warehouse.silver_order_items: /* {"app": "dbt", "dbt_version": "1.7.7", "profile_name": "ecommerce_warehouse", "target_name": "dev", "node_id": "model.ecommerce_warehouse.silver_order_items"} */

  
    

  create  table "warehouse"."public_silver"."silver_order_items__dbt_tmp"
  
  
    as
  
  (
    

SELECT
    order_id,
    order_item_id,
    product_id,
    seller_id,
    price::NUMERIC(10,2) AS price,
    freight_value::NUMERIC(10,2) AS freight_value,
    loaded_at,
    CURRENT_TIMESTAMP AS transformed_at
FROM "warehouse"."bronze"."order_items"
WHERE order_id IS NOT NULL
  AND product_id IS NOT NULL
  AND price >= 0
  );
  
[0m21:13:28.246362 [debug] [Thread-4 (]: SQL status: SELECT 32951 in 0.0 seconds
[0m21:13:28.255104 [debug] [Thread-4 (]: Using postgres connection "model.ecommerce_warehouse.silver_products"
[0m21:13:28.257168 [debug] [Thread-4 (]: On model.ecommerce_warehouse.silver_products: /* {"app": "dbt", "dbt_version": "1.7.7", "profile_name": "ecommerce_warehouse", "target_name": "dev", "node_id": "model.ecommerce_warehouse.silver_products"} */
alter table "warehouse"."public_silver"."silver_products__dbt_tmp" rename to "silver_products"
[0m21:13:28.259352 [debug] [Thread-4 (]: SQL status: ALTER TABLE in 0.0 seconds
[0m21:13:28.278285 [debug] [Thread-4 (]: On model.ecommerce_warehouse.silver_products: COMMIT
[0m21:13:28.280226 [debug] [Thread-4 (]: Using postgres connection "model.ecommerce_warehouse.silver_products"
[0m21:13:28.284556 [debug] [Thread-4 (]: On model.ecommerce_warehouse.silver_products: COMMIT
[0m21:13:28.325973 [debug] [Thread-4 (]: SQL status: COMMIT in 0.0 seconds
[0m21:13:28.332716 [debug] [Thread-4 (]: Applying DROP to: "warehouse"."public_silver"."silver_products__dbt_backup"
[0m21:13:28.340279 [debug] [Thread-4 (]: Using postgres connection "model.ecommerce_warehouse.silver_products"
[0m21:13:28.342039 [debug] [Thread-4 (]: On model.ecommerce_warehouse.silver_products: /* {"app": "dbt", "dbt_version": "1.7.7", "profile_name": "ecommerce_warehouse", "target_name": "dev", "node_id": "model.ecommerce_warehouse.silver_products"} */
drop table if exists "warehouse"."public_silver"."silver_products__dbt_backup" cascade
[0m21:13:28.343986 [debug] [Thread-4 (]: SQL status: DROP TABLE in 0.0 seconds
[0m21:13:28.347102 [debug] [Thread-4 (]: Timing info for model.ecommerce_warehouse.silver_products (execute): 21:13:28.124612 => 21:13:28.346852
[0m21:13:28.348707 [debug] [Thread-4 (]: On model.ecommerce_warehouse.silver_products: Close
[0m21:13:28.350782 [debug] [Thread-4 (]: Sending event: {'category': 'dbt', 'action': 'run_model', 'label': '7c578171-7878-41ca-8cb7-bf2c754f7375', 'context': [<snowplow_tracker.self_describing_json.SelfDescribingJson object at 0x7c8129909210>]}
[0m21:13:28.352807 [info ] [Thread-4 (]: 4 of 6 OK created sql table model public_silver.silver_products ................ [[32mSELECT 32951[0m in 0.31s]
[0m21:13:28.354904 [debug] [Thread-4 (]: Finished running node model.ecommerce_warehouse.silver_products
[0m21:13:29.005535 [debug] [Thread-1 (]: SQL status: SELECT 99441 in 1.0 seconds
[0m21:13:29.010364 [debug] [Thread-1 (]: Using postgres connection "model.ecommerce_warehouse.silver_customers"
[0m21:13:29.012084 [debug] [Thread-1 (]: On model.ecommerce_warehouse.silver_customers: /* {"app": "dbt", "dbt_version": "1.7.7", "profile_name": "ecommerce_warehouse", "target_name": "dev", "node_id": "model.ecommerce_warehouse.silver_customers"} */
alter table "warehouse"."public_silver"."silver_customers__dbt_tmp" rename to "silver_customers"
[0m21:13:29.013897 [debug] [Thread-1 (]: SQL status: ALTER TABLE in 0.0 seconds
[0m21:13:29.017514 [debug] [Thread-1 (]: On model.ecommerce_warehouse.silver_customers: COMMIT
[0m21:13:29.020180 [debug] [Thread-1 (]: Using postgres connection "model.ecommerce_warehouse.silver_customers"
[0m21:13:29.022246 [debug] [Thread-1 (]: On model.ecommerce_warehouse.silver_customers: COMMIT
[0m21:13:29.028598 [debug] [Thread-1 (]: SQL status: COMMIT in 0.0 seconds
[0m21:13:29.032365 [debug] [Thread-1 (]: Applying DROP to: "warehouse"."public_silver"."silver_customers__dbt_backup"
[0m21:13:29.034275 [debug] [Thread-1 (]: Using postgres connection "model.ecommerce_warehouse.silver_customers"
[0m21:13:29.035720 [debug] [Thread-1 (]: On model.ecommerce_warehouse.silver_customers: /* {"app": "dbt", "dbt_version": "1.7.7", "profile_name": "ecommerce_warehouse", "target_name": "dev", "node_id": "model.ecommerce_warehouse.silver_customers"} */
drop table if exists "warehouse"."public_silver"."silver_customers__dbt_backup" cascade
[0m21:13:29.037733 [debug] [Thread-1 (]: SQL status: DROP TABLE in 0.0 seconds
[0m21:13:29.040769 [debug] [Thread-1 (]: Timing info for model.ecommerce_warehouse.silver_customers (execute): 21:13:28.079349 => 21:13:29.040539
[0m21:13:29.042297 [debug] [Thread-1 (]: On model.ecommerce_warehouse.silver_customers: Close
[0m21:13:29.044263 [debug] [Thread-1 (]: Sending event: {'category': 'dbt', 'action': 'run_model', 'label': '7c578171-7878-41ca-8cb7-bf2c754f7375', 'context': [<snowplow_tracker.self_describing_json.SelfDescribingJson object at 0x7c812a1af010>]}
[0m21:13:29.045837 [info ] [Thread-1 (]: 1 of 6 OK created sql table model public_silver.silver_customers ............... [[32mSELECT 99441[0m in 1.01s]
[0m21:13:29.047308 [debug] [Thread-1 (]: Finished running node model.ecommerce_warehouse.silver_customers
[0m21:13:29.167571 [debug] [Thread-3 (]: SQL status: SELECT 99441 in 1.0 seconds
[0m21:13:29.168348 [debug] [Thread-2 (]: SQL status: SELECT 112650 in 1.0 seconds
[0m21:13:29.173697 [debug] [Thread-3 (]: Using postgres connection "model.ecommerce_warehouse.silver_orders"
[0m21:13:29.180702 [debug] [Thread-2 (]: Using postgres connection "model.ecommerce_warehouse.silver_order_items"
[0m21:13:29.182482 [debug] [Thread-3 (]: On model.ecommerce_warehouse.silver_orders: /* {"app": "dbt", "dbt_version": "1.7.7", "profile_name": "ecommerce_warehouse", "target_name": "dev", "node_id": "model.ecommerce_warehouse.silver_orders"} */
alter table "warehouse"."public_silver"."silver_orders__dbt_tmp" rename to "silver_orders"
[0m21:13:29.184205 [debug] [Thread-2 (]: On model.ecommerce_warehouse.silver_order_items: /* {"app": "dbt", "dbt_version": "1.7.7", "profile_name": "ecommerce_warehouse", "target_name": "dev", "node_id": "model.ecommerce_warehouse.silver_order_items"} */
alter table "warehouse"."public_silver"."silver_order_items__dbt_tmp" rename to "silver_order_items"
[0m21:13:29.187122 [debug] [Thread-3 (]: SQL status: ALTER TABLE in 0.0 seconds
[0m21:13:29.188510 [debug] [Thread-2 (]: SQL status: ALTER TABLE in 0.0 seconds
[0m21:13:29.191252 [debug] [Thread-3 (]: On model.ecommerce_warehouse.silver_orders: COMMIT
[0m21:13:29.194543 [debug] [Thread-2 (]: On model.ecommerce_warehouse.silver_order_items: COMMIT
[0m21:13:29.195818 [debug] [Thread-3 (]: Using postgres connection "model.ecommerce_warehouse.silver_orders"
[0m21:13:29.196992 [debug] [Thread-2 (]: Using postgres connection "model.ecommerce_warehouse.silver_order_items"
[0m21:13:29.198198 [debug] [Thread-3 (]: On model.ecommerce_warehouse.silver_orders: COMMIT
[0m21:13:29.199390 [debug] [Thread-2 (]: On model.ecommerce_warehouse.silver_order_items: COMMIT
[0m21:13:29.437453 [debug] [Thread-3 (]: SQL status: COMMIT in 0.0 seconds
[0m21:13:29.438507 [debug] [Thread-2 (]: SQL status: COMMIT in 0.0 seconds
[0m21:13:29.442802 [debug] [Thread-3 (]: Applying DROP to: "warehouse"."public_silver"."silver_orders__dbt_backup"
[0m21:13:29.447279 [debug] [Thread-2 (]: Applying DROP to: "warehouse"."public_silver"."silver_order_items__dbt_backup"
[0m21:13:29.450130 [debug] [Thread-3 (]: Using postgres connection "model.ecommerce_warehouse.silver_orders"
[0m21:13:29.453047 [debug] [Thread-2 (]: Using postgres connection "model.ecommerce_warehouse.silver_order_items"
[0m21:13:29.457119 [debug] [Thread-3 (]: On model.ecommerce_warehouse.silver_orders: /* {"app": "dbt", "dbt_version": "1.7.7", "profile_name": "ecommerce_warehouse", "target_name": "dev", "node_id": "model.ecommerce_warehouse.silver_orders"} */
drop table if exists "warehouse"."public_silver"."silver_orders__dbt_backup" cascade
[0m21:13:29.458678 [debug] [Thread-2 (]: On model.ecommerce_warehouse.silver_order_items: /* {"app": "dbt", "dbt_version": "1.7.7", "profile_name": "ecommerce_warehouse", "target_name": "dev", "node_id": "model.ecommerce_warehouse.silver_order_items"} */
drop table if exists "warehouse"."public_silver"."silver_order_items__dbt_backup" cascade
[0m21:13:29.460468 [debug] [Thread-3 (]: SQL status: DROP TABLE in 0.0 seconds
[0m21:13:29.461883 [debug] [Thread-2 (]: SQL status: DROP TABLE in 0.0 seconds
[0m21:13:29.464980 [debug] [Thread-3 (]: Timing info for model.ecommerce_warehouse.silver_orders (execute): 21:13:28.130742 => 21:13:29.464700
[0m21:13:29.468168 [debug] [Thread-2 (]: Timing info for model.ecommerce_warehouse.silver_order_items (execute): 21:13:28.136319 => 21:13:29.467944
[0m21:13:29.469837 [debug] [Thread-3 (]: On model.ecommerce_warehouse.silver_orders: Close
[0m21:13:29.472174 [debug] [Thread-2 (]: On model.ecommerce_warehouse.silver_order_items: Close
[0m21:13:29.474909 [debug] [Thread-3 (]: Sending event: {'category': 'dbt', 'action': 'run_model', 'label': '7c578171-7878-41ca-8cb7-bf2c754f7375', 'context': [<snowplow_tracker.self_describing_json.SelfDescribingJson object at 0x7c812a107fd0>]}
[0m21:13:29.476645 [debug] [Thread-2 (]: Sending event: {'category': 'dbt', 'action': 'run_model', 'label': '7c578171-7878-41ca-8cb7-bf2c754f7375', 'context': [<snowplow_tracker.self_describing_json.SelfDescribingJson object at 0x7c812a1affd0>]}
[0m21:13:29.477820 [info ] [Thread-3 (]: 3 of 6 OK created sql table model public_silver.silver_orders .................. [[32mSELECT 99441[0m in 1.44s]
[0m21:13:29.479465 [info ] [Thread-2 (]: 2 of 6 OK created sql table model public_silver.silver_order_items ............. [[32mSELECT 112650[0m in 1.44s]
[0m21:13:29.481264 [debug] [Thread-3 (]: Finished running node model.ecommerce_warehouse.silver_orders
[0m21:13:29.482894 [debug] [Thread-2 (]: Finished running node model.ecommerce_warehouse.silver_order_items
[0m21:13:29.485763 [debug] [Thread-4 (]: Began running node model.ecommerce_warehouse.gold_customer_lifetime_value
[0m21:13:29.486916 [debug] [Thread-1 (]: Began running node model.ecommerce_warehouse.gold_sales_by_state
[0m21:13:29.488587 [info ] [Thread-4 (]: 5 of 6 START sql table model public_gold.gold_customer_lifetime_value .......... [RUN]
[0m21:13:29.490088 [info ] [Thread-1 (]: 6 of 6 START sql table model public_gold.gold_sales_by_state ................... [RUN]
[0m21:13:29.491624 [debug] [Thread-4 (]: Re-using an available connection from the pool (formerly model.ecommerce_warehouse.silver_products, now model.ecommerce_warehouse.gold_customer_lifetime_value)
[0m21:13:29.493244 [debug] [Thread-1 (]: Re-using an available connection from the pool (formerly model.ecommerce_warehouse.silver_customers, now model.ecommerce_warehouse.gold_sales_by_state)
[0m21:13:29.494510 [debug] [Thread-4 (]: Began compiling node model.ecommerce_warehouse.gold_customer_lifetime_value
[0m21:13:29.495610 [debug] [Thread-1 (]: Began compiling node model.ecommerce_warehouse.gold_sales_by_state
[0m21:13:29.499366 [debug] [Thread-4 (]: Writing injected SQL for node "model.ecommerce_warehouse.gold_customer_lifetime_value"
[0m21:13:29.505136 [debug] [Thread-1 (]: Writing injected SQL for node "model.ecommerce_warehouse.gold_sales_by_state"
[0m21:13:29.514885 [debug] [Thread-4 (]: Timing info for model.ecommerce_warehouse.gold_customer_lifetime_value (compile): 21:13:29.496508 => 21:13:29.514465
[0m21:13:29.516864 [debug] [Thread-4 (]: Began executing node model.ecommerce_warehouse.gold_customer_lifetime_value
[0m21:13:29.517777 [debug] [Thread-1 (]: Timing info for model.ecommerce_warehouse.gold_sales_by_state (compile): 21:13:29.500993 => 21:13:29.517288
[0m21:13:29.529390 [debug] [Thread-4 (]: Writing runtime sql for node "model.ecommerce_warehouse.gold_customer_lifetime_value"
[0m21:13:29.531598 [debug] [Thread-1 (]: Began executing node model.ecommerce_warehouse.gold_sales_by_state
[0m21:13:29.541875 [debug] [Thread-1 (]: Writing runtime sql for node "model.ecommerce_warehouse.gold_sales_by_state"
[0m21:13:29.553704 [debug] [Thread-4 (]: Using postgres connection "model.ecommerce_warehouse.gold_customer_lifetime_value"
[0m21:13:29.555829 [debug] [Thread-4 (]: On model.ecommerce_warehouse.gold_customer_lifetime_value: BEGIN
[0m21:13:29.556775 [debug] [Thread-1 (]: Using postgres connection "model.ecommerce_warehouse.gold_sales_by_state"
[0m21:13:29.557922 [debug] [Thread-4 (]: Opening a new connection, currently in state closed
[0m21:13:29.559349 [debug] [Thread-1 (]: On model.ecommerce_warehouse.gold_sales_by_state: BEGIN
[0m21:13:29.561692 [debug] [Thread-1 (]: Opening a new connection, currently in state closed
[0m21:13:29.569520 [debug] [Thread-4 (]: SQL status: BEGIN in 0.0 seconds
[0m21:13:29.570657 [debug] [Thread-1 (]: SQL status: BEGIN in 0.0 seconds
[0m21:13:29.571986 [debug] [Thread-4 (]: Using postgres connection "model.ecommerce_warehouse.gold_customer_lifetime_value"
[0m21:13:29.573500 [debug] [Thread-1 (]: Using postgres connection "model.ecommerce_warehouse.gold_sales_by_state"
[0m21:13:29.574835 [debug] [Thread-4 (]: On model.ecommerce_warehouse.gold_customer_lifetime_value: /* {"app": "dbt", "dbt_version": "1.7.7", "profile_name": "ecommerce_warehouse", "target_name": "dev", "node_id": "model.ecommerce_warehouse.gold_customer_lifetime_value"} */

  
    

  create  table "warehouse"."public_gold"."gold_customer_lifetime_value__dbt_tmp"
  
  
    as
  
  (
    

WITH customer_orders AS (
    SELECT
        c.customer_id,
        c.customer_state,
        c.customer_city,
        COUNT(DISTINCT o.order_id) AS total_orders,
        MIN(o.order_purchase_timestamp) AS first_order_date,
        MAX(o.order_purchase_timestamp) AS last_order_date,
        SUM(oi.price + oi.freight_value) AS lifetime_value,
        AVG(oi.price + oi.freight_value) AS avg_order_value
    FROM "warehouse"."public_silver"."silver_customers" c
    INNER JOIN "warehouse"."public_silver"."silver_orders" o ON c.customer_id = o.customer_id
    INNER JOIN "warehouse"."public_silver"."silver_order_items" oi ON o.order_id = oi.order_id
    WHERE o.order_status = 'delivered'
    GROUP BY 1, 2, 3
)

SELECT
    *,
    EXTRACT(DAY FROM (last_order_date - first_order_date)) AS customer_lifetime_days,
    CURRENT_TIMESTAMP AS calculated_at
FROM customer_orders
ORDER BY lifetime_value DESC
  );
  
[0m21:13:29.576162 [debug] [Thread-1 (]: On model.ecommerce_warehouse.gold_sales_by_state: /* {"app": "dbt", "dbt_version": "1.7.7", "profile_name": "ecommerce_warehouse", "target_name": "dev", "node_id": "model.ecommerce_warehouse.gold_sales_by_state"} */

  
    

  create  table "warehouse"."public_gold"."gold_sales_by_state__dbt_tmp"
  
  
    as
  
  (
    

WITH orders AS (
    SELECT * FROM "warehouse"."public_silver"."silver_orders"
),

order_items AS (
    SELECT * FROM "warehouse"."public_silver"."silver_order_items"
),

customers AS (
    SELECT * FROM "warehouse"."public_silver"."silver_customers"
),

sales_data AS (
    SELECT
        c.customer_state,
        DATE_TRUNC('month', o.order_purchase_timestamp) AS order_month,
        COUNT(DISTINCT o.order_id) AS total_orders,
        COUNT(DISTINCT o.customer_id) AS unique_customers,
        SUM(oi.price) AS total_revenue,
        SUM(oi.freight_value) AS total_freight,
        AVG(oi.price) AS avg_order_value,
        MIN(o.order_purchase_timestamp) AS first_order,
        MAX(o.order_purchase_timestamp) AS last_order
    FROM orders o
    INNER JOIN customers c ON o.customer_id = c.customer_id
    INNER JOIN order_items oi ON o.order_id = oi.order_id
    WHERE o.order_status = 'delivered'
    GROUP BY 1, 2
)

SELECT
    *,
    CURRENT_TIMESTAMP AS calculated_at
FROM sales_data
ORDER BY order_month DESC, total_revenue DESC
  );
  
[0m21:13:31.717904 [debug] [Thread-1 (]: SQL status: SELECT 556 in 2.0 seconds
[0m21:13:31.724899 [debug] [Thread-1 (]: Using postgres connection "model.ecommerce_warehouse.gold_sales_by_state"
[0m21:13:31.726844 [debug] [Thread-1 (]: On model.ecommerce_warehouse.gold_sales_by_state: /* {"app": "dbt", "dbt_version": "1.7.7", "profile_name": "ecommerce_warehouse", "target_name": "dev", "node_id": "model.ecommerce_warehouse.gold_sales_by_state"} */
alter table "warehouse"."public_gold"."gold_sales_by_state__dbt_tmp" rename to "gold_sales_by_state"
[0m21:13:31.728970 [debug] [Thread-1 (]: SQL status: ALTER TABLE in 0.0 seconds
[0m21:13:31.732698 [debug] [Thread-1 (]: On model.ecommerce_warehouse.gold_sales_by_state: COMMIT
[0m21:13:31.740934 [debug] [Thread-1 (]: Using postgres connection "model.ecommerce_warehouse.gold_sales_by_state"
[0m21:13:31.742855 [debug] [Thread-1 (]: On model.ecommerce_warehouse.gold_sales_by_state: COMMIT
[0m21:13:31.745820 [debug] [Thread-1 (]: SQL status: COMMIT in 0.0 seconds
[0m21:13:31.750331 [debug] [Thread-1 (]: Applying DROP to: "warehouse"."public_gold"."gold_sales_by_state__dbt_backup"
[0m21:13:31.753175 [debug] [Thread-1 (]: Using postgres connection "model.ecommerce_warehouse.gold_sales_by_state"
[0m21:13:31.755154 [debug] [Thread-1 (]: On model.ecommerce_warehouse.gold_sales_by_state: /* {"app": "dbt", "dbt_version": "1.7.7", "profile_name": "ecommerce_warehouse", "target_name": "dev", "node_id": "model.ecommerce_warehouse.gold_sales_by_state"} */
drop table if exists "warehouse"."public_gold"."gold_sales_by_state__dbt_backup" cascade
[0m21:13:31.757088 [debug] [Thread-1 (]: SQL status: DROP TABLE in 0.0 seconds
[0m21:13:31.759624 [debug] [Thread-1 (]: Timing info for model.ecommerce_warehouse.gold_sales_by_state (execute): 21:13:29.535268 => 21:13:31.759395
[0m21:13:31.761023 [debug] [Thread-1 (]: On model.ecommerce_warehouse.gold_sales_by_state: Close
[0m21:13:31.762988 [debug] [Thread-1 (]: Sending event: {'category': 'dbt', 'action': 'run_model', 'label': '7c578171-7878-41ca-8cb7-bf2c754f7375', 'context': [<snowplow_tracker.self_describing_json.SelfDescribingJson object at 0x7c8129da0510>]}
[0m21:13:31.769474 [info ] [Thread-1 (]: 6 of 6 OK created sql table model public_gold.gold_sales_by_state .............. [[32mSELECT 556[0m in 2.27s]
[0m21:13:31.771393 [debug] [Thread-1 (]: Finished running node model.ecommerce_warehouse.gold_sales_by_state
[0m21:13:32.083858 [debug] [Thread-4 (]: SQL status: SELECT 96478 in 3.0 seconds
[0m21:13:32.088875 [debug] [Thread-4 (]: Using postgres connection "model.ecommerce_warehouse.gold_customer_lifetime_value"
[0m21:13:32.090689 [debug] [Thread-4 (]: On model.ecommerce_warehouse.gold_customer_lifetime_value: /* {"app": "dbt", "dbt_version": "1.7.7", "profile_name": "ecommerce_warehouse", "target_name": "dev", "node_id": "model.ecommerce_warehouse.gold_customer_lifetime_value"} */
alter table "warehouse"."public_gold"."gold_customer_lifetime_value__dbt_tmp" rename to "gold_customer_lifetime_value"
[0m21:13:32.092845 [debug] [Thread-4 (]: SQL status: ALTER TABLE in 0.0 seconds
[0m21:13:32.095619 [debug] [Thread-4 (]: On model.ecommerce_warehouse.gold_customer_lifetime_value: COMMIT
[0m21:13:32.097048 [debug] [Thread-4 (]: Using postgres connection "model.ecommerce_warehouse.gold_customer_lifetime_value"
[0m21:13:32.098406 [debug] [Thread-4 (]: On model.ecommerce_warehouse.gold_customer_lifetime_value: COMMIT
[0m21:13:32.141168 [debug] [Thread-4 (]: SQL status: COMMIT in 0.0 seconds
[0m21:13:32.144894 [debug] [Thread-4 (]: Applying DROP to: "warehouse"."public_gold"."gold_customer_lifetime_value__dbt_backup"
[0m21:13:32.146642 [debug] [Thread-4 (]: Using postgres connection "model.ecommerce_warehouse.gold_customer_lifetime_value"
[0m21:13:32.147700 [debug] [Thread-4 (]: On model.ecommerce_warehouse.gold_customer_lifetime_value: /* {"app": "dbt", "dbt_version": "1.7.7", "profile_name": "ecommerce_warehouse", "target_name": "dev", "node_id": "model.ecommerce_warehouse.gold_customer_lifetime_value"} */
drop table if exists "warehouse"."public_gold"."gold_customer_lifetime_value__dbt_backup" cascade
[0m21:13:32.149216 [debug] [Thread-4 (]: SQL status: DROP TABLE in 0.0 seconds
[0m21:13:32.151157 [debug] [Thread-4 (]: Timing info for model.ecommerce_warehouse.gold_customer_lifetime_value (execute): 21:13:29.519608 => 21:13:32.150968
[0m21:13:32.152505 [debug] [Thread-4 (]: On model.ecommerce_warehouse.gold_customer_lifetime_value: Close
[0m21:13:32.154494 [debug] [Thread-4 (]: Sending event: {'category': 'dbt', 'action': 'run_model', 'label': '7c578171-7878-41ca-8cb7-bf2c754f7375', 'context': [<snowplow_tracker.self_describing_json.SelfDescribingJson object at 0x7c8129991d90>]}
[0m21:13:32.155942 [info ] [Thread-4 (]: 5 of 6 OK created sql table model public_gold.gold_customer_lifetime_value ..... [[32mSELECT 96478[0m in 2.66s]
[0m21:13:32.157254 [debug] [Thread-4 (]: Finished running node model.ecommerce_warehouse.gold_customer_lifetime_value
[0m21:13:32.159935 [debug] [MainThread]: Using postgres connection "master"
[0m21:13:32.161072 [debug] [MainThread]: On master: BEGIN
[0m21:13:32.162010 [debug] [MainThread]: Opening a new connection, currently in state closed
[0m21:13:32.168918 [debug] [MainThread]: SQL status: BEGIN in 0.0 seconds
[0m21:13:32.170298 [debug] [MainThread]: On master: COMMIT
[0m21:13:32.171366 [debug] [MainThread]: Using postgres connection "master"
[0m21:13:32.172453 [debug] [MainThread]: On master: COMMIT
[0m21:13:32.173664 [debug] [MainThread]: SQL status: COMMIT in 0.0 seconds
[0m21:13:32.174443 [debug] [MainThread]: On master: Close
[0m21:13:32.175772 [debug] [MainThread]: Connection 'master' was properly closed.
[0m21:13:32.176835 [debug] [MainThread]: Connection 'model.ecommerce_warehouse.gold_sales_by_state' was properly closed.
[0m21:13:32.177668 [debug] [MainThread]: Connection 'model.ecommerce_warehouse.silver_order_items' was properly closed.
[0m21:13:32.178389 [debug] [MainThread]: Connection 'model.ecommerce_warehouse.silver_orders' was properly closed.
[0m21:13:32.179231 [debug] [MainThread]: Connection 'model.ecommerce_warehouse.gold_customer_lifetime_value' was properly closed.
[0m21:13:32.181289 [info ] [MainThread]: 
[0m21:13:32.182489 [info ] [MainThread]: Finished running 6 table models in 0 hours 0 minutes and 4.34 seconds (4.34s).
[0m21:13:32.184288 [debug] [MainThread]: Command end result
[0m21:13:32.208069 [info ] [MainThread]: 
[0m21:13:32.209544 [info ] [MainThread]: [32mCompleted successfully[0m
[0m21:13:32.210906 [info ] [MainThread]: 
[0m21:13:32.212298 [info ] [MainThread]: Done. PASS=6 WARN=0 ERROR=0 SKIP=0 TOTAL=6
[0m21:13:32.214484 [debug] [MainThread]: Resource report: {"command_name": "run", "command_success": true, "command_wall_clock_time": 5.2941723, "process_user_time": 3.019261, "process_kernel_time": 0.568097, "process_mem_max_rss": "161812", "process_in_blocks": "47136", "process_out_blocks": "4552"}
[0m21:13:32.215985 [debug] [MainThread]: Command `dbt run` succeeded at 21:13:32.215803 after 5.30 seconds
[0m21:13:32.217168 [debug] [MainThread]: Sending event: {'category': 'dbt', 'action': 'invocation', 'label': 'end', 'context': [<snowplow_tracker.self_describing_json.SelfDescribingJson object at 0x7c812ac40550>, <snowplow_tracker.self_describing_json.SelfDescribingJson object at 0x7c812b3856d0>, <snowplow_tracker.self_describing_json.SelfDescribingJson object at 0x7c812b05a3d0>]}
[0m21:13:32.218187 [debug] [MainThread]: Flushing usage events
[0m21:13:36.444483 [debug] [MainThread]: Sending event: {'category': 'dbt', 'action': 'invocation', 'label': 'start', 'context': [<snowplow_tracker.self_describing_json.SelfDescribingJson object at 0x7cf38b831850>, <snowplow_tracker.self_describing_json.SelfDescribingJson object at 0x7cf38b833ad0>, <snowplow_tracker.self_describing_json.SelfDescribingJson object at 0x7cf38bd7d3d0>]}


============================== 21:13:36.450612 | cc9635ad-b87d-4652-ba1c-d9d264412d2c ==============================
[0m21:13:36.450612 [info ] [MainThread]: Running with dbt=1.7.7
[0m21:13:36.451913 [debug] [MainThread]: running dbt with arguments {'printer_width': '80', 'indirect_selection': 'eager', 'write_json': 'True', 'log_cache_events': 'False', 'partial_parse': 'True', 'cache_selected_only': 'False', 'profiles_dir': '.', 'debug': 'False', 'version_check': 'True', 'log_path': '/opt/airflow/dbt_project/logs', 'warn_error': 'None', 'fail_fast': 'False', 'use_colors': 'True', 'use_experimental_parser': 'False', 'no_print': 'None', 'quiet': 'False', 'log_format': 'default', 'static_parser': 'True', 'introspect': 'True', 'invocation_command': 'dbt test --profiles-dir .', 'target_path': 'None', 'warn_error_options': 'WarnErrorOptions(include=[], exclude=[])', 'send_anonymous_usage_stats': 'True'}
[0m21:13:36.718413 [debug] [MainThread]: Sending event: {'category': 'dbt', 'action': 'project_id', 'label': 'cc9635ad-b87d-4652-ba1c-d9d264412d2c', 'context': [<snowplow_tracker.self_describing_json.SelfDescribingJson object at 0x7cf38c328650>]}
[0m21:13:36.799684 [debug] [MainThread]: Sending event: {'category': 'dbt', 'action': 'adapter_info', 'label': 'cc9635ad-b87d-4652-ba1c-d9d264412d2c', 'context': [<snowplow_tracker.self_describing_json.SelfDescribingJson object at 0x7cf38c89ab10>]}
[0m21:13:36.801527 [info ] [MainThread]: Registered adapter: postgres=1.7.7
[0m21:13:36.815598 [debug] [MainThread]: checksum: 54188551c516f4dd1c42b8d9c289f2bf49f18ae42632e2ba36a64ad29fd60da4, vars: {}, profile: , target: , version: 1.7.7
[0m21:13:36.955438 [debug] [MainThread]: Partial parsing enabled: 0 files deleted, 0 files added, 0 files changed.
[0m21:13:36.957025 [debug] [MainThread]: Partial parsing enabled, no changes found, skipping parsing
[0m21:13:36.963323 [debug] [MainThread]: Sending event: {'category': 'dbt', 'action': 'load_project', 'label': 'cc9635ad-b87d-4652-ba1c-d9d264412d2c', 'context': [<snowplow_tracker.self_describing_json.SelfDescribingJson object at 0x7cf38a99ae10>]}
[0m21:13:36.993362 [debug] [MainThread]: Sending event: {'category': 'dbt', 'action': 'resource_counts', 'label': 'cc9635ad-b87d-4652-ba1c-d9d264412d2c', 'context': [<snowplow_tracker.self_describing_json.SelfDescribingJson object at 0x7cf38a9841d0>]}
[0m21:13:36.994641 [info ] [MainThread]: Found 6 models, 8 tests, 7 sources, 0 exposures, 0 metrics, 401 macros, 0 groups, 0 semantic models
[0m21:13:36.995708 [debug] [MainThread]: Sending event: {'category': 'dbt', 'action': 'runnable_timing', 'label': 'cc9635ad-b87d-4652-ba1c-d9d264412d2c', 'context': [<snowplow_tracker.self_describing_json.SelfDescribingJson object at 0x7cf38b161e10>]}
[0m21:13:36.998968 [info ] [MainThread]: 
[0m21:13:37.000815 [debug] [MainThread]: Acquiring new postgres connection 'master'
[0m21:13:37.003049 [debug] [ThreadPool]: Acquiring new postgres connection 'list_warehouse_public_silver'
[0m21:13:37.004867 [debug] [ThreadPool]: Acquiring new postgres connection 'list_warehouse_public_gold'
[0m21:13:37.014325 [debug] [ThreadPool]: Using postgres connection "list_warehouse_public_silver"
[0m21:13:37.017106 [debug] [ThreadPool]: Using postgres connection "list_warehouse_public_gold"
[0m21:13:37.018418 [debug] [ThreadPool]: On list_warehouse_public_silver: BEGIN
[0m21:13:37.019729 [debug] [ThreadPool]: On list_warehouse_public_gold: BEGIN
[0m21:13:37.020826 [debug] [ThreadPool]: Opening a new connection, currently in state init
[0m21:13:37.021829 [debug] [ThreadPool]: Opening a new connection, currently in state init
[0m21:13:37.028949 [debug] [ThreadPool]: SQL status: BEGIN in 0.0 seconds
[0m21:13:37.029459 [debug] [ThreadPool]: SQL status: BEGIN in 0.0 seconds
[0m21:13:37.031676 [debug] [ThreadPool]: Using postgres connection "list_warehouse_public_gold"
[0m21:13:37.032838 [debug] [ThreadPool]: Using postgres connection "list_warehouse_public_silver"
[0m21:13:37.033749 [debug] [ThreadPool]: On list_warehouse_public_gold: /* {"app": "dbt", "dbt_version": "1.7.7", "profile_name": "ecommerce_warehouse", "target_name": "dev", "connection_name": "list_warehouse_public_gold"} */
select
      'warehouse' as database,
      tablename as name,
      schemaname as schema,
      'table' as type
    from pg_tables
    where schemaname ilike 'public_gold'
    union all
    select
      'warehouse' as database,
      viewname as name,
      schemaname as schema,
      'view' as type
    from pg_views
    where schemaname ilike 'public_gold'
    union all
    select
      'warehouse' as database,
      matviewname as name,
      schemaname as schema,
      'materialized_view' as type
    from pg_matviews
    where schemaname ilike 'public_gold'
  
[0m21:13:37.034744 [debug] [ThreadPool]: On list_warehouse_public_silver: /* {"app": "dbt", "dbt_version": "1.7.7", "profile_name": "ecommerce_warehouse", "target_name": "dev", "connection_name": "list_warehouse_public_silver"} */
select
      'warehouse' as database,
      tablename as name,
      schemaname as schema,
      'table' as type
    from pg_tables
    where schemaname ilike 'public_silver'
    union all
    select
      'warehouse' as database,
      viewname as name,
      schemaname as schema,
      'view' as type
    from pg_views
    where schemaname ilike 'public_silver'
    union all
    select
      'warehouse' as database,
      matviewname as name,
      schemaname as schema,
      'materialized_view' as type
    from pg_matviews
    where schemaname ilike 'public_silver'
  
[0m21:13:37.041415 [debug] [ThreadPool]: SQL status: SELECT 4 in 0.0 seconds
[0m21:13:37.041923 [debug] [ThreadPool]: SQL status: SELECT 2 in 0.0 seconds
[0m21:13:37.043701 [debug] [ThreadPool]: On list_warehouse_public_silver: ROLLBACK
[0m21:13:37.045692 [debug] [ThreadPool]: On list_warehouse_public_gold: ROLLBACK
[0m21:13:37.047081 [debug] [ThreadPool]: On list_warehouse_public_silver: Close
[0m21:13:37.047983 [debug] [ThreadPool]: On list_warehouse_public_gold: Close
[0m21:13:37.054056 [debug] [MainThread]: Using postgres connection "master"
[0m21:13:37.055233 [debug] [MainThread]: On master: BEGIN
[0m21:13:37.056019 [debug] [MainThread]: Opening a new connection, currently in state init
[0m21:13:37.062128 [debug] [MainThread]: SQL status: BEGIN in 0.0 seconds
[0m21:13:37.063314 [debug] [MainThread]: Using postgres connection "master"
[0m21:13:37.064345 [debug] [MainThread]: On master: /* {"app": "dbt", "dbt_version": "1.7.7", "profile_name": "ecommerce_warehouse", "target_name": "dev", "connection_name": "master"} */
with relation as (
        select
            pg_rewrite.ev_class as class,
            pg_rewrite.oid as id
        from pg_rewrite
    ),
    class as (
        select
            oid as id,
            relname as name,
            relnamespace as schema,
            relkind as kind
        from pg_class
    ),
    dependency as (
        select distinct
            pg_depend.objid as id,
            pg_depend.refobjid as ref
        from pg_depend
    ),
    schema as (
        select
            pg_namespace.oid as id,
            pg_namespace.nspname as name
        from pg_namespace
        where nspname != 'information_schema' and nspname not like 'pg\_%'
    ),
    referenced as (
        select
            relation.id AS id,
            referenced_class.name ,
            referenced_class.schema ,
            referenced_class.kind
        from relation
        join class as referenced_class on relation.class=referenced_class.id
        where referenced_class.kind in ('r', 'v', 'm')
    ),
    relationships as (
        select
            referenced.name as referenced_name,
            referenced.schema as referenced_schema_id,
            dependent_class.name as dependent_name,
            dependent_class.schema as dependent_schema_id,
            referenced.kind as kind
        from referenced
        join dependency on referenced.id=dependency.id
        join class as dependent_class on dependency.ref=dependent_class.id
        where
            (referenced.name != dependent_class.name or
             referenced.schema != dependent_class.schema)
    )

    select
        referenced_schema.name as referenced_schema,
        relationships.referenced_name as referenced_name,
        dependent_schema.name as dependent_schema,
        relationships.dependent_name as dependent_name
    from relationships
    join schema as dependent_schema on relationships.dependent_schema_id=dependent_schema.id
    join schema as referenced_schema on relationships.referenced_schema_id=referenced_schema.id
    group by referenced_schema, referenced_name, dependent_schema, dependent_name
    order by referenced_schema, referenced_name, dependent_schema, dependent_name;
[0m21:13:37.077832 [debug] [MainThread]: SQL status: SELECT 0 in 0.0 seconds
[0m21:13:37.080491 [debug] [MainThread]: Sending event: {'category': 'dbt', 'action': 'runnable_timing', 'label': 'cc9635ad-b87d-4652-ba1c-d9d264412d2c', 'context': [<snowplow_tracker.self_describing_json.SelfDescribingJson object at 0x7cf38b0ce110>]}
[0m21:13:37.082072 [debug] [MainThread]: On master: ROLLBACK
[0m21:13:37.083310 [debug] [MainThread]: Using postgres connection "master"
[0m21:13:37.084166 [debug] [MainThread]: On master: BEGIN
[0m21:13:37.085516 [debug] [MainThread]: SQL status: BEGIN in 0.0 seconds
[0m21:13:37.086791 [debug] [MainThread]: On master: COMMIT
[0m21:13:37.087918 [debug] [MainThread]: Using postgres connection "master"
[0m21:13:37.089060 [debug] [MainThread]: On master: COMMIT
[0m21:13:37.090472 [debug] [MainThread]: SQL status: COMMIT in 0.0 seconds
[0m21:13:37.091539 [debug] [MainThread]: On master: Close
[0m21:13:37.092944 [info ] [MainThread]: Concurrency: 4 threads (target='dev')
[0m21:13:37.093977 [info ] [MainThread]: 
[0m21:13:37.102076 [debug] [Thread-1 (]: Began running node test.ecommerce_warehouse.not_null_silver_customers_customer_id.9f5f8d4493
[0m21:13:37.102843 [debug] [Thread-2 (]: Began running node test.ecommerce_warehouse.not_null_silver_order_items_order_id.a7ed830788
[0m21:13:37.103305 [debug] [Thread-3 (]: Began running node test.ecommerce_warehouse.not_null_silver_orders_customer_id.c470afc0be
[0m21:13:37.103863 [debug] [Thread-4 (]: Began running node test.ecommerce_warehouse.not_null_silver_orders_order_id.36e5019145
[0m21:13:37.104675 [info ] [Thread-1 (]: 1 of 8 START test not_null_silver_customers_customer_id ........................ [RUN]
[0m21:13:37.105915 [info ] [Thread-2 (]: 2 of 8 START test not_null_silver_order_items_order_id ......................... [RUN]
[0m21:13:37.107035 [info ] [Thread-3 (]: 3 of 8 START test not_null_silver_orders_customer_id ........................... [RUN]
[0m21:13:37.108254 [info ] [Thread-4 (]: 4 of 8 START test not_null_silver_orders_order_id .............................. [RUN]
[0m21:13:37.109623 [debug] [Thread-1 (]: Re-using an available connection from the pool (formerly list_warehouse_public_gold, now test.ecommerce_warehouse.not_null_silver_customers_customer_id.9f5f8d4493)
[0m21:13:37.110955 [debug] [Thread-2 (]: Re-using an available connection from the pool (formerly list_warehouse_public_silver, now test.ecommerce_warehouse.not_null_silver_order_items_order_id.a7ed830788)
[0m21:13:37.112140 [debug] [Thread-3 (]: Acquiring new postgres connection 'test.ecommerce_warehouse.not_null_silver_orders_customer_id.c470afc0be'
[0m21:13:37.113385 [debug] [Thread-4 (]: Acquiring new postgres connection 'test.ecommerce_warehouse.not_null_silver_orders_order_id.36e5019145'
[0m21:13:37.114313 [debug] [Thread-1 (]: Began compiling node test.ecommerce_warehouse.not_null_silver_customers_customer_id.9f5f8d4493
[0m21:13:37.115186 [debug] [Thread-2 (]: Began compiling node test.ecommerce_warehouse.not_null_silver_order_items_order_id.a7ed830788
[0m21:13:37.116082 [debug] [Thread-3 (]: Began compiling node test.ecommerce_warehouse.not_null_silver_orders_customer_id.c470afc0be
[0m21:13:37.116989 [debug] [Thread-4 (]: Began compiling node test.ecommerce_warehouse.not_null_silver_orders_order_id.36e5019145
[0m21:13:37.130674 [debug] [Thread-1 (]: Writing injected SQL for node "test.ecommerce_warehouse.not_null_silver_customers_customer_id.9f5f8d4493"
[0m21:13:37.134460 [debug] [Thread-2 (]: Writing injected SQL for node "test.ecommerce_warehouse.not_null_silver_order_items_order_id.a7ed830788"
[0m21:13:37.139410 [debug] [Thread-3 (]: Writing injected SQL for node "test.ecommerce_warehouse.not_null_silver_orders_customer_id.c470afc0be"
[0m21:13:37.144766 [debug] [Thread-4 (]: Writing injected SQL for node "test.ecommerce_warehouse.not_null_silver_orders_order_id.36e5019145"
[0m21:13:37.153695 [debug] [Thread-1 (]: Timing info for test.ecommerce_warehouse.not_null_silver_customers_customer_id.9f5f8d4493 (compile): 21:13:37.117744 => 21:13:37.152991
[0m21:13:37.155228 [debug] [Thread-1 (]: Began executing node test.ecommerce_warehouse.not_null_silver_customers_customer_id.9f5f8d4493
[0m21:13:37.155855 [debug] [Thread-2 (]: Timing info for test.ecommerce_warehouse.not_null_silver_order_items_order_id.a7ed830788 (compile): 21:13:37.131252 => 21:13:37.155577
[0m21:13:37.168170 [debug] [Thread-4 (]: Timing info for test.ecommerce_warehouse.not_null_silver_orders_order_id.36e5019145 (compile): 21:13:37.140863 => 21:13:37.167833
[0m21:13:37.170808 [debug] [Thread-1 (]: Writing runtime sql for node "test.ecommerce_warehouse.not_null_silver_customers_customer_id.9f5f8d4493"
[0m21:13:37.172553 [debug] [Thread-2 (]: Began executing node test.ecommerce_warehouse.not_null_silver_order_items_order_id.a7ed830788
[0m21:13:37.173756 [debug] [Thread-3 (]: Timing info for test.ecommerce_warehouse.not_null_silver_orders_customer_id.c470afc0be (compile): 21:13:37.135782 => 21:13:37.173212
[0m21:13:37.175218 [debug] [Thread-4 (]: Began executing node test.ecommerce_warehouse.not_null_silver_orders_order_id.36e5019145
[0m21:13:37.179589 [debug] [Thread-2 (]: Writing runtime sql for node "test.ecommerce_warehouse.not_null_silver_order_items_order_id.a7ed830788"
[0m21:13:37.181027 [debug] [Thread-3 (]: Began executing node test.ecommerce_warehouse.not_null_silver_orders_customer_id.c470afc0be
[0m21:13:37.184118 [debug] [Thread-4 (]: Writing runtime sql for node "test.ecommerce_warehouse.not_null_silver_orders_order_id.36e5019145"
[0m21:13:37.189648 [debug] [Thread-3 (]: Writing runtime sql for node "test.ecommerce_warehouse.not_null_silver_orders_customer_id.c470afc0be"
[0m21:13:37.333636 [debug] [Thread-1 (]: Using postgres connection "test.ecommerce_warehouse.not_null_silver_customers_customer_id.9f5f8d4493"
[0m21:13:37.334898 [debug] [Thread-4 (]: Using postgres connection "test.ecommerce_warehouse.not_null_silver_orders_order_id.36e5019145"
[0m21:13:37.335399 [debug] [Thread-1 (]: On test.ecommerce_warehouse.not_null_silver_customers_customer_id.9f5f8d4493: BEGIN
[0m21:13:37.337164 [debug] [Thread-4 (]: On test.ecommerce_warehouse.not_null_silver_orders_order_id.36e5019145: BEGIN
[0m21:13:37.337914 [debug] [Thread-3 (]: Using postgres connection "test.ecommerce_warehouse.not_null_silver_orders_customer_id.c470afc0be"
[0m21:13:37.339541 [debug] [Thread-1 (]: Opening a new connection, currently in state closed
[0m21:13:37.340399 [debug] [Thread-2 (]: Using postgres connection "test.ecommerce_warehouse.not_null_silver_order_items_order_id.a7ed830788"
[0m21:13:37.341972 [debug] [Thread-4 (]: Opening a new connection, currently in state init
[0m21:13:37.344068 [debug] [Thread-3 (]: On test.ecommerce_warehouse.not_null_silver_orders_customer_id.c470afc0be: BEGIN
[0m21:13:37.347110 [debug] [Thread-2 (]: On test.ecommerce_warehouse.not_null_silver_order_items_order_id.a7ed830788: BEGIN
[0m21:13:37.349955 [debug] [Thread-3 (]: Opening a new connection, currently in state init
[0m21:13:37.352646 [debug] [Thread-1 (]: SQL status: BEGIN in 0.0 seconds
[0m21:13:37.353736 [debug] [Thread-2 (]: Opening a new connection, currently in state closed
[0m21:13:37.355406 [debug] [Thread-4 (]: SQL status: BEGIN in 0.0 seconds
[0m21:13:37.356817 [debug] [Thread-1 (]: Using postgres connection "test.ecommerce_warehouse.not_null_silver_customers_customer_id.9f5f8d4493"
[0m21:13:37.358941 [debug] [Thread-4 (]: Using postgres connection "test.ecommerce_warehouse.not_null_silver_orders_order_id.36e5019145"
[0m21:13:37.360719 [debug] [Thread-1 (]: On test.ecommerce_warehouse.not_null_silver_customers_customer_id.9f5f8d4493: /* {"app": "dbt", "dbt_version": "1.7.7", "profile_name": "ecommerce_warehouse", "target_name": "dev", "node_id": "test.ecommerce_warehouse.not_null_silver_customers_customer_id.9f5f8d4493"} */
select
      count(*) as failures,
      count(*) != 0 as should_warn,
      count(*) != 0 as should_error
    from (
      
    
    



select customer_id
from "warehouse"."public_silver"."silver_customers"
where customer_id is null



      
    ) dbt_internal_test
[0m21:13:37.361512 [debug] [Thread-3 (]: SQL status: BEGIN in 0.0 seconds
[0m21:13:37.362190 [debug] [Thread-4 (]: On test.ecommerce_warehouse.not_null_silver_orders_order_id.36e5019145: /* {"app": "dbt", "dbt_version": "1.7.7", "profile_name": "ecommerce_warehouse", "target_name": "dev", "node_id": "test.ecommerce_warehouse.not_null_silver_orders_order_id.36e5019145"} */
select
      count(*) as failures,
      count(*) != 0 as should_warn,
      count(*) != 0 as should_error
    from (
      
    
    



select order_id
from "warehouse"."public_silver"."silver_orders"
where order_id is null



      
    ) dbt_internal_test
[0m21:13:37.362831 [debug] [Thread-2 (]: SQL status: BEGIN in 0.0 seconds
[0m21:13:37.364055 [debug] [Thread-3 (]: Using postgres connection "test.ecommerce_warehouse.not_null_silver_orders_customer_id.c470afc0be"
[0m21:13:37.365729 [debug] [Thread-2 (]: Using postgres connection "test.ecommerce_warehouse.not_null_silver_order_items_order_id.a7ed830788"
[0m21:13:37.366622 [debug] [Thread-3 (]: On test.ecommerce_warehouse.not_null_silver_orders_customer_id.c470afc0be: /* {"app": "dbt", "dbt_version": "1.7.7", "profile_name": "ecommerce_warehouse", "target_name": "dev", "node_id": "test.ecommerce_warehouse.not_null_silver_orders_customer_id.c470afc0be"} */
select
      count(*) as failures,
      count(*) != 0 as should_warn,
      count(*) != 0 as should_error
    from (
      
    
    



select customer_id
from "warehouse"."public_silver"."silver_orders"
where customer_id is null



      
    ) dbt_internal_test
[0m21:13:37.367542 [debug] [Thread-2 (]: On test.ecommerce_warehouse.not_null_silver_order_items_order_id.a7ed830788: /* {"app": "dbt", "dbt_version": "1.7.7", "profile_name": "ecommerce_warehouse", "target_name": "dev", "node_id": "test.ecommerce_warehouse.not_null_silver_order_items_order_id.a7ed830788"} */
select
      count(*) as failures,
      count(*) != 0 as should_warn,
      count(*) != 0 as should_error
    from (
      
    
    



select order_id
from "warehouse"."public_silver"."silver_order_items"
where order_id is null



      
    ) dbt_internal_test
[0m21:13:37.370621 [debug] [Thread-1 (]: SQL status: SELECT 1 in 0.0 seconds
[0m21:13:37.374563 [debug] [Thread-1 (]: Timing info for test.ecommerce_warehouse.not_null_silver_customers_customer_id.9f5f8d4493 (execute): 21:13:37.156833 => 21:13:37.374204
[0m21:13:37.375117 [debug] [Thread-4 (]: SQL status: SELECT 1 in 0.0 seconds
[0m21:13:37.376395 [debug] [Thread-1 (]: On test.ecommerce_warehouse.not_null_silver_customers_customer_id.9f5f8d4493: ROLLBACK
[0m21:13:37.377469 [debug] [Thread-3 (]: SQL status: SELECT 1 in 0.0 seconds
[0m21:13:37.379289 [debug] [Thread-4 (]: Timing info for test.ecommerce_warehouse.not_null_silver_orders_order_id.36e5019145 (execute): 21:13:37.182102 => 21:13:37.379049
[0m21:13:37.379716 [debug] [Thread-2 (]: SQL status: SELECT 1 in 0.0 seconds
[0m21:13:37.380755 [debug] [Thread-1 (]: On test.ecommerce_warehouse.not_null_silver_customers_customer_id.9f5f8d4493: Close
[0m21:13:37.382577 [debug] [Thread-3 (]: Timing info for test.ecommerce_warehouse.not_null_silver_orders_customer_id.c470afc0be (execute): 21:13:37.187153 => 21:13:37.382351
[0m21:13:37.383542 [debug] [Thread-4 (]: On test.ecommerce_warehouse.not_null_silver_orders_order_id.36e5019145: ROLLBACK
[0m21:13:37.385404 [debug] [Thread-2 (]: Timing info for test.ecommerce_warehouse.not_null_silver_order_items_order_id.a7ed830788 (execute): 21:13:37.177404 => 21:13:37.385192
[0m21:13:37.388586 [info ] [Thread-1 (]: 1 of 8 PASS not_null_silver_customers_customer_id .............................. [[32mPASS[0m in 0.28s]
[0m21:13:37.390704 [debug] [Thread-3 (]: On test.ecommerce_warehouse.not_null_silver_orders_customer_id.c470afc0be: ROLLBACK
[0m21:13:37.392533 [debug] [Thread-4 (]: On test.ecommerce_warehouse.not_null_silver_orders_order_id.36e5019145: Close
[0m21:13:37.393882 [debug] [Thread-2 (]: On test.ecommerce_warehouse.not_null_silver_order_items_order_id.a7ed830788: ROLLBACK
[0m21:13:37.395273 [debug] [Thread-1 (]: Finished running node test.ecommerce_warehouse.not_null_silver_customers_customer_id.9f5f8d4493
[0m21:13:37.396576 [debug] [Thread-3 (]: On test.ecommerce_warehouse.not_null_silver_orders_customer_id.c470afc0be: Close
[0m21:13:37.397859 [info ] [Thread-4 (]: 4 of 8 PASS not_null_silver_orders_order_id .................................... [[32mPASS[0m in 0.28s]
[0m21:13:37.398848 [debug] [Thread-2 (]: On test.ecommerce_warehouse.not_null_silver_order_items_order_id.a7ed830788: Close
[0m21:13:37.399698 [debug] [Thread-1 (]: Began running node test.ecommerce_warehouse.relationships_silver_order_items_order_id__order_id__ref_silver_orders_.1d0f2101da
[0m21:13:37.401180 [info ] [Thread-3 (]: 3 of 8 PASS not_null_silver_orders_customer_id ................................. [[32mPASS[0m in 0.29s]
[0m21:13:37.402152 [debug] [Thread-4 (]: Finished running node test.ecommerce_warehouse.not_null_silver_orders_order_id.36e5019145
[0m21:13:37.403857 [info ] [Thread-2 (]: 2 of 8 PASS not_null_silver_order_items_order_id ............................... [[32mPASS[0m in 0.29s]
[0m21:13:37.404869 [info ] [Thread-1 (]: 5 of 8 START test relationships_silver_order_items_order_id__order_id__ref_silver_orders_  [RUN]
[0m21:13:37.406358 [debug] [Thread-3 (]: Finished running node test.ecommerce_warehouse.not_null_silver_orders_customer_id.c470afc0be
[0m21:13:37.407797 [debug] [Thread-4 (]: Began running node test.ecommerce_warehouse.relationships_silver_orders_customer_id__customer_id__ref_silver_customers_.5e306cf33e
[0m21:13:37.409159 [debug] [Thread-2 (]: Finished running node test.ecommerce_warehouse.not_null_silver_order_items_order_id.a7ed830788
[0m21:13:37.410472 [debug] [Thread-1 (]: Re-using an available connection from the pool (formerly test.ecommerce_warehouse.not_null_silver_customers_customer_id.9f5f8d4493, now test.ecommerce_warehouse.relationships_silver_order_items_order_id__order_id__ref_silver_orders_.1d0f2101da)
[0m21:13:37.411583 [debug] [Thread-3 (]: Began running node test.ecommerce_warehouse.unique_silver_customers_customer_id.4fbff98be3
[0m21:13:37.412566 [info ] [Thread-4 (]: 6 of 8 START test relationships_silver_orders_customer_id__customer_id__ref_silver_customers_  [RUN]
[0m21:13:37.413652 [debug] [Thread-2 (]: Began running node test.ecommerce_warehouse.unique_silver_orders_order_id.94ba774900
[0m21:13:37.414645 [debug] [Thread-1 (]: Began compiling node test.ecommerce_warehouse.relationships_silver_order_items_order_id__order_id__ref_silver_orders_.1d0f2101da
[0m21:13:37.415424 [info ] [Thread-3 (]: 7 of 8 START test unique_silver_customers_customer_id .......................... [RUN]
[0m21:13:37.416607 [debug] [Thread-4 (]: Re-using an available connection from the pool (formerly test.ecommerce_warehouse.not_null_silver_orders_order_id.36e5019145, now test.ecommerce_warehouse.relationships_silver_orders_customer_id__customer_id__ref_silver_customers_.5e306cf33e)
[0m21:13:37.417776 [info ] [Thread-2 (]: 8 of 8 START test unique_silver_orders_order_id ................................ [RUN]
[0m21:13:37.425524 [debug] [Thread-1 (]: Writing injected SQL for node "test.ecommerce_warehouse.relationships_silver_order_items_order_id__order_id__ref_silver_orders_.1d0f2101da"
[0m21:13:37.426619 [debug] [Thread-3 (]: Re-using an available connection from the pool (formerly test.ecommerce_warehouse.not_null_silver_orders_customer_id.c470afc0be, now test.ecommerce_warehouse.unique_silver_customers_customer_id.4fbff98be3)
[0m21:13:37.427748 [debug] [Thread-4 (]: Began compiling node test.ecommerce_warehouse.relationships_silver_orders_customer_id__customer_id__ref_silver_customers_.5e306cf33e
[0m21:13:37.428883 [debug] [Thread-2 (]: Re-using an available connection from the pool (formerly test.ecommerce_warehouse.not_null_silver_order_items_order_id.a7ed830788, now test.ecommerce_warehouse.unique_silver_orders_order_id.94ba774900)
[0m21:13:37.430475 [debug] [Thread-3 (]: Began compiling node test.ecommerce_warehouse.unique_silver_customers_customer_id.4fbff98be3
[0m21:13:37.437220 [debug] [Thread-4 (]: Writing injected SQL for node "test.ecommerce_warehouse.relationships_silver_orders_customer_id__customer_id__ref_silver_customers_.5e306cf33e"
[0m21:13:37.438120 [debug] [Thread-2 (]: Began compiling node test.ecommerce_warehouse.unique_silver_orders_order_id.94ba774900
[0m21:13:37.444534 [debug] [Thread-3 (]: Writing injected SQL for node "test.ecommerce_warehouse.unique_silver_customers_customer_id.4fbff98be3"
[0m21:13:37.450068 [debug] [Thread-2 (]: Writing injected SQL for node "test.ecommerce_warehouse.unique_silver_orders_order_id.94ba774900"
[0m21:13:37.451685 [debug] [Thread-1 (]: Timing info for test.ecommerce_warehouse.relationships_silver_order_items_order_id__order_id__ref_silver_orders_.1d0f2101da (compile): 21:13:37.418607 => 21:13:37.451386
[0m21:13:37.452464 [debug] [Thread-4 (]: Timing info for test.ecommerce_warehouse.relationships_silver_orders_customer_id__customer_id__ref_silver_customers_.5e306cf33e (compile): 21:13:37.431265 => 21:13:37.452087
[0m21:13:37.454183 [debug] [Thread-1 (]: Began executing node test.ecommerce_warehouse.relationships_silver_order_items_order_id__order_id__ref_silver_orders_.1d0f2101da
[0m21:13:37.455303 [debug] [Thread-4 (]: Began executing node test.ecommerce_warehouse.relationships_silver_orders_customer_id__customer_id__ref_silver_customers_.5e306cf33e
[0m21:13:37.458368 [debug] [Thread-1 (]: Writing runtime sql for node "test.ecommerce_warehouse.relationships_silver_order_items_order_id__order_id__ref_silver_orders_.1d0f2101da"
[0m21:13:37.459707 [debug] [Thread-3 (]: Timing info for test.ecommerce_warehouse.unique_silver_customers_customer_id.4fbff98be3 (compile): 21:13:37.439069 => 21:13:37.459405
[0m21:13:37.462812 [debug] [Thread-4 (]: Writing runtime sql for node "test.ecommerce_warehouse.relationships_silver_orders_customer_id__customer_id__ref_silver_customers_.5e306cf33e"
[0m21:13:37.463587 [debug] [Thread-2 (]: Timing info for test.ecommerce_warehouse.unique_silver_orders_order_id.94ba774900 (compile): 21:13:37.446133 => 21:13:37.463219
[0m21:13:37.465558 [debug] [Thread-3 (]: Began executing node test.ecommerce_warehouse.unique_silver_customers_customer_id.4fbff98be3
[0m21:13:37.467409 [debug] [Thread-2 (]: Began executing node test.ecommerce_warehouse.unique_silver_orders_order_id.94ba774900
[0m21:13:37.471184 [debug] [Thread-3 (]: Writing runtime sql for node "test.ecommerce_warehouse.unique_silver_customers_customer_id.4fbff98be3"
[0m21:13:37.473346 [debug] [Thread-4 (]: Using postgres connection "test.ecommerce_warehouse.relationships_silver_orders_customer_id__customer_id__ref_silver_customers_.5e306cf33e"
[0m21:13:37.476133 [debug] [Thread-2 (]: Writing runtime sql for node "test.ecommerce_warehouse.unique_silver_orders_order_id.94ba774900"
[0m21:13:37.477963 [debug] [Thread-1 (]: Using postgres connection "test.ecommerce_warehouse.relationships_silver_order_items_order_id__order_id__ref_silver_orders_.1d0f2101da"
[0m21:13:37.479067 [debug] [Thread-4 (]: On test.ecommerce_warehouse.relationships_silver_orders_customer_id__customer_id__ref_silver_customers_.5e306cf33e: BEGIN
[0m21:13:37.481370 [debug] [Thread-1 (]: On test.ecommerce_warehouse.relationships_silver_order_items_order_id__order_id__ref_silver_orders_.1d0f2101da: BEGIN
[0m21:13:37.482532 [debug] [Thread-4 (]: Opening a new connection, currently in state closed
[0m21:13:37.483713 [debug] [Thread-1 (]: Opening a new connection, currently in state closed
[0m21:13:37.485407 [debug] [Thread-3 (]: Using postgres connection "test.ecommerce_warehouse.unique_silver_customers_customer_id.4fbff98be3"
[0m21:13:37.491006 [debug] [Thread-3 (]: On test.ecommerce_warehouse.unique_silver_customers_customer_id.4fbff98be3: BEGIN
[0m21:13:37.491715 [debug] [Thread-2 (]: Using postgres connection "test.ecommerce_warehouse.unique_silver_orders_order_id.94ba774900"
[0m21:13:37.493398 [debug] [Thread-4 (]: SQL status: BEGIN in 0.0 seconds
[0m21:13:37.494168 [debug] [Thread-3 (]: Opening a new connection, currently in state closed
[0m21:13:37.496413 [debug] [Thread-2 (]: On test.ecommerce_warehouse.unique_silver_orders_order_id.94ba774900: BEGIN
[0m21:13:37.497221 [debug] [Thread-1 (]: SQL status: BEGIN in 0.0 seconds
[0m21:13:37.498366 [debug] [Thread-4 (]: Using postgres connection "test.ecommerce_warehouse.relationships_silver_orders_customer_id__customer_id__ref_silver_customers_.5e306cf33e"
[0m21:13:37.501080 [debug] [Thread-2 (]: Opening a new connection, currently in state closed
[0m21:13:37.502709 [debug] [Thread-1 (]: Using postgres connection "test.ecommerce_warehouse.relationships_silver_order_items_order_id__order_id__ref_silver_orders_.1d0f2101da"
[0m21:13:37.504547 [debug] [Thread-4 (]: On test.ecommerce_warehouse.relationships_silver_orders_customer_id__customer_id__ref_silver_customers_.5e306cf33e: /* {"app": "dbt", "dbt_version": "1.7.7", "profile_name": "ecommerce_warehouse", "target_name": "dev", "node_id": "test.ecommerce_warehouse.relationships_silver_orders_customer_id__customer_id__ref_silver_customers_.5e306cf33e"} */
select
      count(*) as failures,
      count(*) != 0 as should_warn,
      count(*) != 0 as should_error
    from (
      
    
    

with child as (
    select customer_id as from_field
    from "warehouse"."public_silver"."silver_orders"
    where customer_id is not null
),

parent as (
    select customer_id as to_field
    from "warehouse"."public_silver"."silver_customers"
)

select
    from_field

from child
left join parent
    on child.from_field = parent.to_field

where parent.to_field is null



      
    ) dbt_internal_test
[0m21:13:37.507040 [debug] [Thread-3 (]: SQL status: BEGIN in 0.0 seconds
[0m21:13:37.508416 [debug] [Thread-1 (]: On test.ecommerce_warehouse.relationships_silver_order_items_order_id__order_id__ref_silver_orders_.1d0f2101da: /* {"app": "dbt", "dbt_version": "1.7.7", "profile_name": "ecommerce_warehouse", "target_name": "dev", "node_id": "test.ecommerce_warehouse.relationships_silver_order_items_order_id__order_id__ref_silver_orders_.1d0f2101da"} */
select
      count(*) as failures,
      count(*) != 0 as should_warn,
      count(*) != 0 as should_error
    from (
      
    
    

with child as (
    select order_id as from_field
    from "warehouse"."public_silver"."silver_order_items"
    where order_id is not null
),

parent as (
    select order_id as to_field
    from "warehouse"."public_silver"."silver_orders"
)

select
    from_field

from child
left join parent
    on child.from_field = parent.to_field

where parent.to_field is null



      
    ) dbt_internal_test
[0m21:13:37.513554 [debug] [Thread-2 (]: SQL status: BEGIN in 0.0 seconds
[0m21:13:37.517802 [debug] [Thread-3 (]: Using postgres connection "test.ecommerce_warehouse.unique_silver_customers_customer_id.4fbff98be3"
[0m21:13:37.521268 [debug] [Thread-2 (]: Using postgres connection "test.ecommerce_warehouse.unique_silver_orders_order_id.94ba774900"
[0m21:13:37.523140 [debug] [Thread-3 (]: On test.ecommerce_warehouse.unique_silver_customers_customer_id.4fbff98be3: /* {"app": "dbt", "dbt_version": "1.7.7", "profile_name": "ecommerce_warehouse", "target_name": "dev", "node_id": "test.ecommerce_warehouse.unique_silver_customers_customer_id.4fbff98be3"} */
select
      count(*) as failures,
      count(*) != 0 as should_warn,
      count(*) != 0 as should_error
    from (
      
    
    

select
    customer_id as unique_field,
    count(*) as n_records

from "warehouse"."public_silver"."silver_customers"
where customer_id is not null
group by customer_id
having count(*) > 1



      
    ) dbt_internal_test
[0m21:13:37.525076 [debug] [Thread-2 (]: On test.ecommerce_warehouse.unique_silver_orders_order_id.94ba774900: /* {"app": "dbt", "dbt_version": "1.7.7", "profile_name": "ecommerce_warehouse", "target_name": "dev", "node_id": "test.ecommerce_warehouse.unique_silver_orders_order_id.94ba774900"} */
select
      count(*) as failures,
      count(*) != 0 as should_warn,
      count(*) != 0 as should_error
    from (
      
    
    

select
    order_id as unique_field,
    count(*) as n_records

from "warehouse"."public_silver"."silver_orders"
where order_id is not null
group by order_id
having count(*) > 1



      
    ) dbt_internal_test
[0m21:13:37.574337 [debug] [Thread-4 (]: SQL status: SELECT 1 in 0.0 seconds
[0m21:13:37.577999 [debug] [Thread-4 (]: Timing info for test.ecommerce_warehouse.relationships_silver_orders_customer_id__customer_id__ref_silver_customers_.5e306cf33e (execute): 21:13:37.460295 => 21:13:37.577616
[0m21:13:37.580076 [debug] [Thread-4 (]: On test.ecommerce_warehouse.relationships_silver_orders_customer_id__customer_id__ref_silver_customers_.5e306cf33e: ROLLBACK
[0m21:13:37.582304 [debug] [Thread-4 (]: On test.ecommerce_warehouse.relationships_silver_orders_customer_id__customer_id__ref_silver_customers_.5e306cf33e: Close
[0m21:13:37.583824 [debug] [Thread-1 (]: SQL status: SELECT 1 in 0.0 seconds
[0m21:13:37.586919 [info ] [Thread-4 (]: 6 of 8 PASS relationships_silver_orders_customer_id__customer_id__ref_silver_customers_  [[32mPASS[0m in 0.17s]
[0m21:13:37.591466 [debug] [Thread-1 (]: Timing info for test.ecommerce_warehouse.relationships_silver_order_items_order_id__order_id__ref_silver_orders_.1d0f2101da (execute): 21:13:37.456215 => 21:13:37.590862
[0m21:13:37.594042 [debug] [Thread-4 (]: Finished running node test.ecommerce_warehouse.relationships_silver_orders_customer_id__customer_id__ref_silver_customers_.5e306cf33e
[0m21:13:37.595815 [debug] [Thread-1 (]: On test.ecommerce_warehouse.relationships_silver_order_items_order_id__order_id__ref_silver_orders_.1d0f2101da: ROLLBACK
[0m21:13:37.598890 [debug] [Thread-1 (]: On test.ecommerce_warehouse.relationships_silver_order_items_order_id__order_id__ref_silver_orders_.1d0f2101da: Close
[0m21:13:37.600999 [info ] [Thread-1 (]: 5 of 8 PASS relationships_silver_order_items_order_id__order_id__ref_silver_orders_  [[32mPASS[0m in 0.19s]
[0m21:13:37.602967 [debug] [Thread-1 (]: Finished running node test.ecommerce_warehouse.relationships_silver_order_items_order_id__order_id__ref_silver_orders_.1d0f2101da
[0m21:13:37.626138 [debug] [Thread-3 (]: SQL status: SELECT 1 in 0.0 seconds
[0m21:13:37.629542 [debug] [Thread-3 (]: Timing info for test.ecommerce_warehouse.unique_silver_customers_customer_id.4fbff98be3 (execute): 21:13:37.468555 => 21:13:37.629158
[0m21:13:37.631633 [debug] [Thread-3 (]: On test.ecommerce_warehouse.unique_silver_customers_customer_id.4fbff98be3: ROLLBACK
[0m21:13:37.633680 [debug] [Thread-3 (]: On test.ecommerce_warehouse.unique_silver_customers_customer_id.4fbff98be3: Close
[0m21:13:37.636110 [info ] [Thread-3 (]: 7 of 8 PASS unique_silver_customers_customer_id ................................ [[32mPASS[0m in 0.21s]
[0m21:13:37.638259 [debug] [Thread-3 (]: Finished running node test.ecommerce_warehouse.unique_silver_customers_customer_id.4fbff98be3
[0m21:13:37.642308 [debug] [Thread-2 (]: SQL status: SELECT 1 in 0.0 seconds
[0m21:13:37.645772 [debug] [Thread-2 (]: Timing info for test.ecommerce_warehouse.unique_silver_orders_order_id.94ba774900 (execute): 21:13:37.473785 => 21:13:37.645391
[0m21:13:37.647324 [debug] [Thread-2 (]: On test.ecommerce_warehouse.unique_silver_orders_order_id.94ba774900: ROLLBACK
[0m21:13:37.649000 [debug] [Thread-2 (]: On test.ecommerce_warehouse.unique_silver_orders_order_id.94ba774900: Close
[0m21:13:37.650929 [info ] [Thread-2 (]: 8 of 8 PASS unique_silver_orders_order_id ...................................... [[32mPASS[0m in 0.22s]
[0m21:13:37.653137 [debug] [Thread-2 (]: Finished running node test.ecommerce_warehouse.unique_silver_orders_order_id.94ba774900
[0m21:13:37.657708 [debug] [MainThread]: Using postgres connection "master"
[0m21:13:37.659346 [debug] [MainThread]: On master: BEGIN
[0m21:13:37.660570 [debug] [MainThread]: Opening a new connection, currently in state closed
[0m21:13:37.667716 [debug] [MainThread]: SQL status: BEGIN in 0.0 seconds
[0m21:13:37.669475 [debug] [MainThread]: On master: COMMIT
[0m21:13:37.670886 [debug] [MainThread]: Using postgres connection "master"
[0m21:13:37.672049 [debug] [MainThread]: On master: COMMIT
[0m21:13:37.673521 [debug] [MainThread]: SQL status: COMMIT in 0.0 seconds
[0m21:13:37.674600 [debug] [MainThread]: On master: Close
[0m21:13:37.675909 [debug] [MainThread]: Connection 'master' was properly closed.
[0m21:13:37.676832 [debug] [MainThread]: Connection 'test.ecommerce_warehouse.unique_silver_orders_order_id.94ba774900' was properly closed.
[0m21:13:37.677860 [debug] [MainThread]: Connection 'test.ecommerce_warehouse.relationships_silver_order_items_order_id__order_id__ref_silver_orders_.1d0f2101da' was properly closed.
[0m21:13:37.678662 [debug] [MainThread]: Connection 'test.ecommerce_warehouse.unique_silver_customers_customer_id.4fbff98be3' was properly closed.
[0m21:13:37.679481 [debug] [MainThread]: Connection 'test.ecommerce_warehouse.relationships_silver_orders_customer_id__customer_id__ref_silver_customers_.5e306cf33e' was properly closed.
[0m21:13:37.680668 [info ] [MainThread]: 
[0m21:13:37.681718 [info ] [MainThread]: Finished running 8 tests in 0 hours 0 minutes and 0.68 seconds (0.68s).
[0m21:13:37.683604 [debug] [MainThread]: Command end result
[0m21:13:37.707949 [info ] [MainThread]: 
[0m21:13:37.709729 [info ] [MainThread]: [32mCompleted successfully[0m
[0m21:13:37.711314 [info ] [MainThread]: 
[0m21:13:37.713397 [info ] [MainThread]: Done. PASS=8 WARN=0 ERROR=0 SKIP=0 TOTAL=8
[0m21:13:37.716356 [debug] [MainThread]: Resource report: {"command_name": "test", "command_success": true, "command_wall_clock_time": 1.3184344, "process_user_time": 2.604594, "process_kernel_time": 0.288947, "process_mem_max_rss": "161644", "process_in_blocks": "1056", "process_out_blocks": "0"}
[0m21:13:37.718412 [debug] [MainThread]: Command `dbt test` succeeded at 21:13:37.718152 after 1.32 seconds
[0m21:13:37.720290 [debug] [MainThread]: Sending event: {'category': 'dbt', 'action': 'invocation', 'label': 'end', 'context': [<snowplow_tracker.self_describing_json.SelfDescribingJson object at 0x7cf38b65edd0>, <snowplow_tracker.self_describing_json.SelfDescribingJson object at 0x7cf38d80a090>, <snowplow_tracker.self_describing_json.SelfDescribingJson object at 0x7cf38ba95b90>]}
[0m21:13:37.722305 [debug] [MainThread]: Flushing usage events
[0m21:14:57.283364 [debug] [MainThread]: Sending event: {'category': 'dbt', 'action': 'invocation', 'label': 'start', 'context': [<snowplow_tracker.self_describing_json.SelfDescribingJson object at 0x79b656516e50>, <snowplow_tracker.self_describing_json.SelfDescribingJson object at 0x79b656aa65d0>, <snowplow_tracker.self_describing_json.SelfDescribingJson object at 0x79b656aa6f50>]}


============================== 21:14:57.289726 | a6c60ca9-d27b-4639-91f3-390af530e733 ==============================
[0m21:14:57.289726 [info ] [MainThread]: Running with dbt=1.7.7
[0m21:14:57.291319 [debug] [MainThread]: running dbt with arguments {'printer_width': '80', 'indirect_selection': 'eager', 'log_cache_events': 'False', 'write_json': 'True', 'partial_parse': 'True', 'cache_selected_only': 'False', 'warn_error': 'None', 'debug': 'False', 'profiles_dir': '.', 'log_path': '/opt/airflow/dbt_project/logs', 'fail_fast': 'False', 'version_check': 'True', 'use_colors': 'True', 'use_experimental_parser': 'False', 'no_print': 'None', 'quiet': 'False', 'log_format': 'default', 'introspect': 'True', 'static_parser': 'True', 'invocation_command': 'dbt run --profiles-dir . --full-refresh', 'target_path': 'None', 'warn_error_options': 'WarnErrorOptions(include=[], exclude=[])', 'send_anonymous_usage_stats': 'True'}
[0m21:14:57.572920 [debug] [MainThread]: Sending event: {'category': 'dbt', 'action': 'project_id', 'label': 'a6c60ca9-d27b-4639-91f3-390af530e733', 'context': [<snowplow_tracker.self_describing_json.SelfDescribingJson object at 0x79b65679d490>]}
[0m21:14:57.651071 [debug] [MainThread]: Sending event: {'category': 'dbt', 'action': 'adapter_info', 'label': 'a6c60ca9-d27b-4639-91f3-390af530e733', 'context': [<snowplow_tracker.self_describing_json.SelfDescribingJson object at 0x79b65574c210>]}
[0m21:14:57.653830 [info ] [MainThread]: Registered adapter: postgres=1.7.7
[0m21:14:57.668278 [debug] [MainThread]: checksum: 54188551c516f4dd1c42b8d9c289f2bf49f18ae42632e2ba36a64ad29fd60da4, vars: {}, profile: , target: , version: 1.7.7
[0m21:14:57.815162 [debug] [MainThread]: Partial parsing enabled: 0 files deleted, 0 files added, 0 files changed.
[0m21:14:57.816952 [debug] [MainThread]: Partial parsing enabled, no changes found, skipping parsing
[0m21:14:57.823090 [debug] [MainThread]: Sending event: {'category': 'dbt', 'action': 'load_project', 'label': 'a6c60ca9-d27b-4639-91f3-390af530e733', 'context': [<snowplow_tracker.self_describing_json.SelfDescribingJson object at 0x79b655b26ad0>]}
[0m21:14:57.851117 [debug] [MainThread]: Sending event: {'category': 'dbt', 'action': 'resource_counts', 'label': 'a6c60ca9-d27b-4639-91f3-390af530e733', 'context': [<snowplow_tracker.self_describing_json.SelfDescribingJson object at 0x79b655340350>]}
[0m21:14:57.854243 [info ] [MainThread]: Found 6 models, 8 tests, 7 sources, 0 exposures, 0 metrics, 401 macros, 0 groups, 0 semantic models
[0m21:14:57.855823 [debug] [MainThread]: Sending event: {'category': 'dbt', 'action': 'runnable_timing', 'label': 'a6c60ca9-d27b-4639-91f3-390af530e733', 'context': [<snowplow_tracker.self_describing_json.SelfDescribingJson object at 0x79b6553675d0>]}
[0m21:14:57.859689 [info ] [MainThread]: 
[0m21:14:57.861771 [debug] [MainThread]: Acquiring new postgres connection 'master'
[0m21:14:57.864472 [debug] [ThreadPool]: Acquiring new postgres connection 'list_warehouse'
[0m21:14:57.865627 [debug] [ThreadPool]: Acquiring new postgres connection 'list_warehouse'
[0m21:14:57.877095 [debug] [ThreadPool]: Using postgres connection "list_warehouse"
[0m21:14:57.880306 [debug] [ThreadPool]: Using postgres connection "list_warehouse"
[0m21:14:57.881922 [debug] [ThreadPool]: On list_warehouse: /* {"app": "dbt", "dbt_version": "1.7.7", "profile_name": "ecommerce_warehouse", "target_name": "dev", "connection_name": "list_warehouse"} */

    select distinct nspname from pg_namespace
  
[0m21:14:57.883349 [debug] [ThreadPool]: On list_warehouse: /* {"app": "dbt", "dbt_version": "1.7.7", "profile_name": "ecommerce_warehouse", "target_name": "dev", "connection_name": "list_warehouse"} */

    select distinct nspname from pg_namespace
  
[0m21:14:57.884730 [debug] [ThreadPool]: Opening a new connection, currently in state init
[0m21:14:57.887323 [debug] [ThreadPool]: Opening a new connection, currently in state init
[0m21:14:57.897455 [debug] [ThreadPool]: SQL status: SELECT 9 in 0.0 seconds
[0m21:14:57.898073 [debug] [ThreadPool]: SQL status: SELECT 9 in 0.0 seconds
[0m21:14:57.901172 [debug] [ThreadPool]: On list_warehouse: Close
[0m21:14:57.904133 [debug] [ThreadPool]: On list_warehouse: Close
[0m21:14:57.909843 [debug] [ThreadPool]: Re-using an available connection from the pool (formerly list_warehouse, now list_warehouse_public_gold)
[0m21:14:57.911477 [debug] [ThreadPool]: Re-using an available connection from the pool (formerly list_warehouse, now list_warehouse_public_silver)
[0m21:14:57.917859 [debug] [ThreadPool]: Using postgres connection "list_warehouse_public_gold"
[0m21:14:57.921454 [debug] [ThreadPool]: Using postgres connection "list_warehouse_public_silver"
[0m21:14:57.922921 [debug] [ThreadPool]: On list_warehouse_public_gold: BEGIN
[0m21:14:57.924419 [debug] [ThreadPool]: On list_warehouse_public_silver: BEGIN
[0m21:14:57.925406 [debug] [ThreadPool]: Opening a new connection, currently in state closed
[0m21:14:57.926760 [debug] [ThreadPool]: Opening a new connection, currently in state closed
[0m21:14:57.933548 [debug] [ThreadPool]: SQL status: BEGIN in 0.0 seconds
[0m21:14:57.934322 [debug] [ThreadPool]: SQL status: BEGIN in 0.0 seconds
[0m21:14:57.935627 [debug] [ThreadPool]: Using postgres connection "list_warehouse_public_gold"
[0m21:14:57.938072 [debug] [ThreadPool]: Using postgres connection "list_warehouse_public_silver"
[0m21:14:57.939455 [debug] [ThreadPool]: On list_warehouse_public_gold: /* {"app": "dbt", "dbt_version": "1.7.7", "profile_name": "ecommerce_warehouse", "target_name": "dev", "connection_name": "list_warehouse_public_gold"} */
select
      'warehouse' as database,
      tablename as name,
      schemaname as schema,
      'table' as type
    from pg_tables
    where schemaname ilike 'public_gold'
    union all
    select
      'warehouse' as database,
      viewname as name,
      schemaname as schema,
      'view' as type
    from pg_views
    where schemaname ilike 'public_gold'
    union all
    select
      'warehouse' as database,
      matviewname as name,
      schemaname as schema,
      'materialized_view' as type
    from pg_matviews
    where schemaname ilike 'public_gold'
  
[0m21:14:57.940698 [debug] [ThreadPool]: On list_warehouse_public_silver: /* {"app": "dbt", "dbt_version": "1.7.7", "profile_name": "ecommerce_warehouse", "target_name": "dev", "connection_name": "list_warehouse_public_silver"} */
select
      'warehouse' as database,
      tablename as name,
      schemaname as schema,
      'table' as type
    from pg_tables
    where schemaname ilike 'public_silver'
    union all
    select
      'warehouse' as database,
      viewname as name,
      schemaname as schema,
      'view' as type
    from pg_views
    where schemaname ilike 'public_silver'
    union all
    select
      'warehouse' as database,
      matviewname as name,
      schemaname as schema,
      'materialized_view' as type
    from pg_matviews
    where schemaname ilike 'public_silver'
  
[0m21:14:57.944338 [debug] [ThreadPool]: SQL status: SELECT 2 in 0.0 seconds
[0m21:14:57.944828 [debug] [ThreadPool]: SQL status: SELECT 4 in 0.0 seconds
[0m21:14:57.946624 [debug] [ThreadPool]: On list_warehouse_public_gold: ROLLBACK
[0m21:14:57.948714 [debug] [ThreadPool]: On list_warehouse_public_silver: ROLLBACK
[0m21:14:57.949883 [debug] [ThreadPool]: On list_warehouse_public_gold: Close
[0m21:14:57.950786 [debug] [ThreadPool]: On list_warehouse_public_silver: Close
[0m21:14:57.958716 [debug] [MainThread]: Using postgres connection "master"
[0m21:14:57.960040 [debug] [MainThread]: On master: BEGIN
[0m21:14:57.960911 [debug] [MainThread]: Opening a new connection, currently in state init
[0m21:14:57.966776 [debug] [MainThread]: SQL status: BEGIN in 0.0 seconds
[0m21:14:57.967924 [debug] [MainThread]: Using postgres connection "master"
[0m21:14:57.969091 [debug] [MainThread]: On master: /* {"app": "dbt", "dbt_version": "1.7.7", "profile_name": "ecommerce_warehouse", "target_name": "dev", "connection_name": "master"} */
with relation as (
        select
            pg_rewrite.ev_class as class,
            pg_rewrite.oid as id
        from pg_rewrite
    ),
    class as (
        select
            oid as id,
            relname as name,
            relnamespace as schema,
            relkind as kind
        from pg_class
    ),
    dependency as (
        select distinct
            pg_depend.objid as id,
            pg_depend.refobjid as ref
        from pg_depend
    ),
    schema as (
        select
            pg_namespace.oid as id,
            pg_namespace.nspname as name
        from pg_namespace
        where nspname != 'information_schema' and nspname not like 'pg\_%'
    ),
    referenced as (
        select
            relation.id AS id,
            referenced_class.name ,
            referenced_class.schema ,
            referenced_class.kind
        from relation
        join class as referenced_class on relation.class=referenced_class.id
        where referenced_class.kind in ('r', 'v', 'm')
    ),
    relationships as (
        select
            referenced.name as referenced_name,
            referenced.schema as referenced_schema_id,
            dependent_class.name as dependent_name,
            dependent_class.schema as dependent_schema_id,
            referenced.kind as kind
        from referenced
        join dependency on referenced.id=dependency.id
        join class as dependent_class on dependency.ref=dependent_class.id
        where
            (referenced.name != dependent_class.name or
             referenced.schema != dependent_class.schema)
    )

    select
        referenced_schema.name as referenced_schema,
        relationships.referenced_name as referenced_name,
        dependent_schema.name as dependent_schema,
        relationships.dependent_name as dependent_name
    from relationships
    join schema as dependent_schema on relationships.dependent_schema_id=dependent_schema.id
    join schema as referenced_schema on relationships.referenced_schema_id=referenced_schema.id
    group by referenced_schema, referenced_name, dependent_schema, dependent_name
    order by referenced_schema, referenced_name, dependent_schema, dependent_name;
[0m21:14:57.981534 [debug] [MainThread]: SQL status: SELECT 0 in 0.0 seconds
[0m21:14:57.984161 [debug] [MainThread]: Sending event: {'category': 'dbt', 'action': 'runnable_timing', 'label': 'a6c60ca9-d27b-4639-91f3-390af530e733', 'context': [<snowplow_tracker.self_describing_json.SelfDescribingJson object at 0x79b655be9750>]}
[0m21:14:57.987282 [debug] [MainThread]: On master: ROLLBACK
[0m21:14:57.989282 [debug] [MainThread]: Using postgres connection "master"
[0m21:14:57.990263 [debug] [MainThread]: On master: BEGIN
[0m21:14:57.991399 [debug] [MainThread]: SQL status: BEGIN in 0.0 seconds
[0m21:14:57.992241 [debug] [MainThread]: On master: COMMIT
[0m21:14:57.993019 [debug] [MainThread]: Using postgres connection "master"
[0m21:14:57.993969 [debug] [MainThread]: On master: COMMIT
[0m21:14:57.995156 [debug] [MainThread]: SQL status: COMMIT in 0.0 seconds
[0m21:14:57.996407 [debug] [MainThread]: On master: Close
[0m21:14:57.998594 [info ] [MainThread]: Concurrency: 4 threads (target='dev')
[0m21:14:57.999781 [info ] [MainThread]: 
[0m21:14:58.010450 [debug] [Thread-1 (]: Began running node model.ecommerce_warehouse.silver_customers
[0m21:14:58.011037 [debug] [Thread-2 (]: Began running node model.ecommerce_warehouse.silver_order_items
[0m21:14:58.011524 [debug] [Thread-3 (]: Began running node model.ecommerce_warehouse.silver_orders
[0m21:14:58.011993 [debug] [Thread-4 (]: Began running node model.ecommerce_warehouse.silver_products
[0m21:14:58.012746 [info ] [Thread-1 (]: 1 of 6 START sql table model public_silver.silver_customers .................... [RUN]
[0m21:14:58.014054 [info ] [Thread-2 (]: 2 of 6 START sql table model public_silver.silver_order_items .................. [RUN]
[0m21:14:58.015230 [info ] [Thread-3 (]: 3 of 6 START sql table model public_silver.silver_orders ....................... [RUN]
[0m21:14:58.016631 [info ] [Thread-4 (]: 4 of 6 START sql table model public_silver.silver_products ..................... [RUN]
[0m21:14:58.018015 [debug] [Thread-1 (]: Re-using an available connection from the pool (formerly list_warehouse_public_silver, now model.ecommerce_warehouse.silver_customers)
[0m21:14:58.019683 [debug] [Thread-2 (]: Re-using an available connection from the pool (formerly list_warehouse_public_gold, now model.ecommerce_warehouse.silver_order_items)
[0m21:14:58.021311 [debug] [Thread-3 (]: Acquiring new postgres connection 'model.ecommerce_warehouse.silver_orders'
[0m21:14:58.022750 [debug] [Thread-4 (]: Acquiring new postgres connection 'model.ecommerce_warehouse.silver_products'
[0m21:14:58.023694 [debug] [Thread-1 (]: Began compiling node model.ecommerce_warehouse.silver_customers
[0m21:14:58.024612 [debug] [Thread-2 (]: Began compiling node model.ecommerce_warehouse.silver_order_items
[0m21:14:58.025518 [debug] [Thread-3 (]: Began compiling node model.ecommerce_warehouse.silver_orders
[0m21:14:58.026425 [debug] [Thread-4 (]: Began compiling node model.ecommerce_warehouse.silver_products
[0m21:14:58.032691 [debug] [Thread-1 (]: Writing injected SQL for node "model.ecommerce_warehouse.silver_customers"
[0m21:14:58.035669 [debug] [Thread-2 (]: Writing injected SQL for node "model.ecommerce_warehouse.silver_order_items"
[0m21:14:58.039837 [debug] [Thread-3 (]: Writing injected SQL for node "model.ecommerce_warehouse.silver_orders"
[0m21:14:58.043556 [debug] [Thread-4 (]: Writing injected SQL for node "model.ecommerce_warehouse.silver_products"
[0m21:14:58.048953 [debug] [Thread-3 (]: Timing info for model.ecommerce_warehouse.silver_orders (compile): 21:14:58.037107 => 21:14:58.048585
[0m21:14:58.049915 [debug] [Thread-2 (]: Timing info for model.ecommerce_warehouse.silver_order_items (compile): 21:14:58.033396 => 21:14:58.049613
[0m21:14:58.050679 [debug] [Thread-3 (]: Began executing node model.ecommerce_warehouse.silver_orders
[0m21:14:58.051181 [debug] [Thread-1 (]: Timing info for model.ecommerce_warehouse.silver_customers (compile): 21:14:58.027104 => 21:14:58.050964
[0m21:14:58.051649 [debug] [Thread-4 (]: Timing info for model.ecommerce_warehouse.silver_products (compile): 21:14:58.041110 => 21:14:58.051403
[0m21:14:58.052664 [debug] [Thread-2 (]: Began executing node model.ecommerce_warehouse.silver_order_items
[0m21:14:58.076355 [debug] [Thread-1 (]: Began executing node model.ecommerce_warehouse.silver_customers
[0m21:14:58.085603 [debug] [Thread-3 (]: Writing runtime sql for node "model.ecommerce_warehouse.silver_orders"
[0m21:14:58.087870 [debug] [Thread-4 (]: Began executing node model.ecommerce_warehouse.silver_products
[0m21:14:58.093149 [debug] [Thread-2 (]: Writing runtime sql for node "model.ecommerce_warehouse.silver_order_items"
[0m21:14:58.099144 [debug] [Thread-1 (]: Writing runtime sql for node "model.ecommerce_warehouse.silver_customers"
[0m21:14:58.105563 [debug] [Thread-4 (]: Writing runtime sql for node "model.ecommerce_warehouse.silver_products"
[0m21:14:58.111627 [debug] [Thread-3 (]: Using postgres connection "model.ecommerce_warehouse.silver_orders"
[0m21:14:58.112882 [debug] [Thread-1 (]: Using postgres connection "model.ecommerce_warehouse.silver_customers"
[0m21:14:58.113598 [debug] [Thread-3 (]: On model.ecommerce_warehouse.silver_orders: BEGIN
[0m21:14:58.114123 [debug] [Thread-2 (]: Using postgres connection "model.ecommerce_warehouse.silver_order_items"
[0m21:14:58.115076 [debug] [Thread-1 (]: On model.ecommerce_warehouse.silver_customers: BEGIN
[0m21:14:58.115521 [debug] [Thread-4 (]: Using postgres connection "model.ecommerce_warehouse.silver_products"
[0m21:14:58.116300 [debug] [Thread-3 (]: Opening a new connection, currently in state init
[0m21:14:58.117287 [debug] [Thread-2 (]: On model.ecommerce_warehouse.silver_order_items: BEGIN
[0m21:14:58.118489 [debug] [Thread-1 (]: Opening a new connection, currently in state closed
[0m21:14:58.120764 [debug] [Thread-4 (]: On model.ecommerce_warehouse.silver_products: BEGIN
[0m21:14:58.123231 [debug] [Thread-2 (]: Opening a new connection, currently in state closed
[0m21:14:58.126161 [debug] [Thread-4 (]: Opening a new connection, currently in state init
[0m21:14:58.128746 [debug] [Thread-3 (]: SQL status: BEGIN in 0.0 seconds
[0m21:14:58.131382 [debug] [Thread-3 (]: Using postgres connection "model.ecommerce_warehouse.silver_orders"
[0m21:14:58.131961 [debug] [Thread-1 (]: SQL status: BEGIN in 0.0 seconds
[0m21:14:58.133007 [debug] [Thread-3 (]: On model.ecommerce_warehouse.silver_orders: /* {"app": "dbt", "dbt_version": "1.7.7", "profile_name": "ecommerce_warehouse", "target_name": "dev", "node_id": "model.ecommerce_warehouse.silver_orders"} */

  
    

  create  table "warehouse"."public_silver"."silver_orders__dbt_tmp"
  
  
    as
  
  (
    

SELECT
    order_id,
    customer_id,
    order_status,
    order_purchase_timestamp::TIMESTAMP AS order_purchase_timestamp,
    order_approved_at::TIMESTAMP AS order_approved_at,
    order_delivered_carrier_date::TIMESTAMP AS order_delivered_carrier_date,
    order_delivered_customer_date::TIMESTAMP AS order_delivered_customer_date,
    order_estimated_delivery_date::TIMESTAMP AS order_estimated_delivery_date,
    loaded_at,
    CURRENT_TIMESTAMP AS transformed_at
FROM "warehouse"."bronze"."orders"
WHERE order_id IS NOT NULL
  AND order_status IS NOT NULL
  );
  
[0m21:14:58.134394 [debug] [Thread-1 (]: Using postgres connection "model.ecommerce_warehouse.silver_customers"
[0m21:14:58.134952 [debug] [Thread-2 (]: SQL status: BEGIN in 0.0 seconds
[0m21:14:58.136504 [debug] [Thread-4 (]: SQL status: BEGIN in 0.0 seconds
[0m21:14:58.138714 [debug] [Thread-1 (]: On model.ecommerce_warehouse.silver_customers: /* {"app": "dbt", "dbt_version": "1.7.7", "profile_name": "ecommerce_warehouse", "target_name": "dev", "node_id": "model.ecommerce_warehouse.silver_customers"} */

  
    

  create  table "warehouse"."public_silver"."silver_customers__dbt_tmp"
  
  
    as
  
  (
    

SELECT
    customer_id,
    customer_unique_id,
    UPPER(TRIM(customer_zip_code_prefix::TEXT)) AS customer_zip_code,
    UPPER(TRIM(customer_city)) AS customer_city,
    UPPER(TRIM(customer_state)) AS customer_state,
    loaded_at,
    CURRENT_TIMESTAMP AS transformed_at
FROM "warehouse"."bronze"."customers"
WHERE customer_id IS NOT NULL
  );
  
[0m21:14:58.141032 [debug] [Thread-2 (]: Using postgres connection "model.ecommerce_warehouse.silver_order_items"
[0m21:14:58.142607 [debug] [Thread-4 (]: Using postgres connection "model.ecommerce_warehouse.silver_products"
[0m21:14:58.145097 [debug] [Thread-2 (]: On model.ecommerce_warehouse.silver_order_items: /* {"app": "dbt", "dbt_version": "1.7.7", "profile_name": "ecommerce_warehouse", "target_name": "dev", "node_id": "model.ecommerce_warehouse.silver_order_items"} */

  
    

  create  table "warehouse"."public_silver"."silver_order_items__dbt_tmp"
  
  
    as
  
  (
    

SELECT
    order_id,
    order_item_id,
    product_id,
    seller_id,
    price::NUMERIC(10,2) AS price,
    freight_value::NUMERIC(10,2) AS freight_value,
    loaded_at,
    CURRENT_TIMESTAMP AS transformed_at
FROM "warehouse"."bronze"."order_items"
WHERE order_id IS NOT NULL
  AND product_id IS NOT NULL
  AND price >= 0
  );
  
[0m21:14:58.146665 [debug] [Thread-4 (]: On model.ecommerce_warehouse.silver_products: /* {"app": "dbt", "dbt_version": "1.7.7", "profile_name": "ecommerce_warehouse", "target_name": "dev", "node_id": "model.ecommerce_warehouse.silver_products"} */

  
    

  create  table "warehouse"."public_silver"."silver_products__dbt_tmp"
  
  
    as
  
  (
    

SELECT
    product_id,
    TRIM(product_category_name) AS product_category_name,
    product_name_lenght AS product_name_length,
    product_description_lenght AS product_description_length,
    product_photos_qty,
    product_weight_g,
    product_length_cm,
    product_height_cm,
    product_width_cm,
    loaded_at,
    CURRENT_TIMESTAMP AS transformed_at
FROM "warehouse"."bronze"."products"
WHERE product_id IS NOT NULL
  );
  
[0m21:14:58.276679 [debug] [Thread-4 (]: SQL status: SELECT 32951 in 0.0 seconds
[0m21:14:58.285201 [debug] [Thread-4 (]: Using postgres connection "model.ecommerce_warehouse.silver_products"
[0m21:14:58.287618 [debug] [Thread-4 (]: On model.ecommerce_warehouse.silver_products: /* {"app": "dbt", "dbt_version": "1.7.7", "profile_name": "ecommerce_warehouse", "target_name": "dev", "node_id": "model.ecommerce_warehouse.silver_products"} */
alter table "warehouse"."public_silver"."silver_products" rename to "silver_products__dbt_backup"
[0m21:14:58.289784 [debug] [Thread-4 (]: SQL status: ALTER TABLE in 0.0 seconds
[0m21:14:58.295179 [debug] [Thread-4 (]: Using postgres connection "model.ecommerce_warehouse.silver_products"
[0m21:14:58.297056 [debug] [Thread-4 (]: On model.ecommerce_warehouse.silver_products: /* {"app": "dbt", "dbt_version": "1.7.7", "profile_name": "ecommerce_warehouse", "target_name": "dev", "node_id": "model.ecommerce_warehouse.silver_products"} */
alter table "warehouse"."public_silver"."silver_products__dbt_tmp" rename to "silver_products"
[0m21:14:58.299174 [debug] [Thread-4 (]: SQL status: ALTER TABLE in 0.0 seconds
[0m21:14:58.336515 [debug] [Thread-4 (]: On model.ecommerce_warehouse.silver_products: COMMIT
[0m21:14:58.340663 [debug] [Thread-4 (]: Using postgres connection "model.ecommerce_warehouse.silver_products"
[0m21:14:58.343662 [debug] [Thread-4 (]: On model.ecommerce_warehouse.silver_products: COMMIT
[0m21:14:58.403433 [debug] [Thread-4 (]: SQL status: COMMIT in 0.0 seconds
[0m21:14:58.412206 [debug] [Thread-4 (]: Applying DROP to: "warehouse"."public_silver"."silver_products__dbt_backup"
[0m21:14:58.422110 [debug] [Thread-4 (]: Using postgres connection "model.ecommerce_warehouse.silver_products"
[0m21:14:58.424289 [debug] [Thread-4 (]: On model.ecommerce_warehouse.silver_products: /* {"app": "dbt", "dbt_version": "1.7.7", "profile_name": "ecommerce_warehouse", "target_name": "dev", "node_id": "model.ecommerce_warehouse.silver_products"} */
drop table if exists "warehouse"."public_silver"."silver_products__dbt_backup" cascade
[0m21:14:58.436366 [debug] [Thread-4 (]: SQL status: DROP TABLE in 0.0 seconds
[0m21:14:58.440680 [debug] [Thread-4 (]: Timing info for model.ecommerce_warehouse.silver_products (execute): 21:14:58.101085 => 21:14:58.440232
[0m21:14:58.442490 [debug] [Thread-4 (]: On model.ecommerce_warehouse.silver_products: Close
[0m21:14:58.444464 [debug] [Thread-4 (]: Sending event: {'category': 'dbt', 'action': 'run_model', 'label': 'a6c60ca9-d27b-4639-91f3-390af530e733', 'context': [<snowplow_tracker.self_describing_json.SelfDescribingJson object at 0x79b6557e9d50>]}
[0m21:14:58.446054 [info ] [Thread-4 (]: 4 of 6 OK created sql table model public_silver.silver_products ................ [[32mSELECT 32951[0m in 0.42s]
[0m21:14:58.448189 [debug] [Thread-4 (]: Finished running node model.ecommerce_warehouse.silver_products
[0m21:14:58.678005 [debug] [Thread-1 (]: SQL status: SELECT 99441 in 1.0 seconds
[0m21:14:58.685100 [debug] [Thread-1 (]: Using postgres connection "model.ecommerce_warehouse.silver_customers"
[0m21:14:58.687711 [debug] [Thread-1 (]: On model.ecommerce_warehouse.silver_customers: /* {"app": "dbt", "dbt_version": "1.7.7", "profile_name": "ecommerce_warehouse", "target_name": "dev", "node_id": "model.ecommerce_warehouse.silver_customers"} */
alter table "warehouse"."public_silver"."silver_customers" rename to "silver_customers__dbt_backup"
[0m21:14:58.690362 [debug] [Thread-1 (]: SQL status: ALTER TABLE in 0.0 seconds
[0m21:14:58.695190 [debug] [Thread-1 (]: Using postgres connection "model.ecommerce_warehouse.silver_customers"
[0m21:14:58.696979 [debug] [Thread-1 (]: On model.ecommerce_warehouse.silver_customers: /* {"app": "dbt", "dbt_version": "1.7.7", "profile_name": "ecommerce_warehouse", "target_name": "dev", "node_id": "model.ecommerce_warehouse.silver_customers"} */
alter table "warehouse"."public_silver"."silver_customers__dbt_tmp" rename to "silver_customers"
[0m21:14:58.698769 [debug] [Thread-1 (]: SQL status: ALTER TABLE in 0.0 seconds
[0m21:14:58.702307 [debug] [Thread-1 (]: On model.ecommerce_warehouse.silver_customers: COMMIT
[0m21:14:58.704720 [debug] [Thread-1 (]: Using postgres connection "model.ecommerce_warehouse.silver_customers"
[0m21:14:58.706572 [debug] [Thread-1 (]: On model.ecommerce_warehouse.silver_customers: COMMIT
[0m21:14:58.754886 [debug] [Thread-1 (]: SQL status: COMMIT in 0.0 seconds
[0m21:14:58.758828 [debug] [Thread-1 (]: Applying DROP to: "warehouse"."public_silver"."silver_customers__dbt_backup"
[0m21:14:58.760685 [debug] [Thread-1 (]: Using postgres connection "model.ecommerce_warehouse.silver_customers"
[0m21:14:58.761999 [debug] [Thread-1 (]: On model.ecommerce_warehouse.silver_customers: /* {"app": "dbt", "dbt_version": "1.7.7", "profile_name": "ecommerce_warehouse", "target_name": "dev", "node_id": "model.ecommerce_warehouse.silver_customers"} */
drop table if exists "warehouse"."public_silver"."silver_customers__dbt_backup" cascade
[0m21:14:58.767249 [debug] [Thread-1 (]: SQL status: DROP TABLE in 0.0 seconds
[0m21:14:58.771363 [debug] [Thread-1 (]: Timing info for model.ecommerce_warehouse.silver_customers (execute): 21:14:58.094382 => 21:14:58.770949
[0m21:14:58.773330 [debug] [Thread-1 (]: On model.ecommerce_warehouse.silver_customers: Close
[0m21:14:58.775363 [debug] [Thread-1 (]: Sending event: {'category': 'dbt', 'action': 'run_model', 'label': 'a6c60ca9-d27b-4639-91f3-390af530e733', 'context': [<snowplow_tracker.self_describing_json.SelfDescribingJson object at 0x79b6557e9e90>]}
[0m21:14:58.777437 [info ] [Thread-1 (]: 1 of 6 OK created sql table model public_silver.silver_customers ............... [[32mSELECT 99441[0m in 0.76s]
[0m21:14:58.779361 [debug] [Thread-1 (]: Finished running node model.ecommerce_warehouse.silver_customers
[0m21:14:58.806198 [debug] [Thread-2 (]: SQL status: SELECT 112650 in 1.0 seconds
[0m21:14:58.807325 [debug] [Thread-3 (]: SQL status: SELECT 99441 in 1.0 seconds
[0m21:14:58.811649 [debug] [Thread-2 (]: Using postgres connection "model.ecommerce_warehouse.silver_order_items"
[0m21:14:58.817884 [debug] [Thread-3 (]: Using postgres connection "model.ecommerce_warehouse.silver_orders"
[0m21:14:58.820278 [debug] [Thread-2 (]: On model.ecommerce_warehouse.silver_order_items: /* {"app": "dbt", "dbt_version": "1.7.7", "profile_name": "ecommerce_warehouse", "target_name": "dev", "node_id": "model.ecommerce_warehouse.silver_order_items"} */
alter table "warehouse"."public_silver"."silver_order_items" rename to "silver_order_items__dbt_backup"
[0m21:14:58.821759 [debug] [Thread-3 (]: On model.ecommerce_warehouse.silver_orders: /* {"app": "dbt", "dbt_version": "1.7.7", "profile_name": "ecommerce_warehouse", "target_name": "dev", "node_id": "model.ecommerce_warehouse.silver_orders"} */
alter table "warehouse"."public_silver"."silver_orders" rename to "silver_orders__dbt_backup"
[0m21:14:58.823827 [debug] [Thread-2 (]: SQL status: ALTER TABLE in 0.0 seconds
[0m21:14:58.825037 [debug] [Thread-3 (]: SQL status: ALTER TABLE in 0.0 seconds
[0m21:14:58.828201 [debug] [Thread-2 (]: Using postgres connection "model.ecommerce_warehouse.silver_order_items"
[0m21:14:58.832661 [debug] [Thread-3 (]: Using postgres connection "model.ecommerce_warehouse.silver_orders"
[0m21:14:58.833927 [debug] [Thread-2 (]: On model.ecommerce_warehouse.silver_order_items: /* {"app": "dbt", "dbt_version": "1.7.7", "profile_name": "ecommerce_warehouse", "target_name": "dev", "node_id": "model.ecommerce_warehouse.silver_order_items"} */
alter table "warehouse"."public_silver"."silver_order_items__dbt_tmp" rename to "silver_order_items"
[0m21:14:58.835761 [debug] [Thread-3 (]: On model.ecommerce_warehouse.silver_orders: /* {"app": "dbt", "dbt_version": "1.7.7", "profile_name": "ecommerce_warehouse", "target_name": "dev", "node_id": "model.ecommerce_warehouse.silver_orders"} */
alter table "warehouse"."public_silver"."silver_orders__dbt_tmp" rename to "silver_orders"
[0m21:14:58.839123 [debug] [Thread-2 (]: SQL status: ALTER TABLE in 0.0 seconds
[0m21:14:58.840218 [debug] [Thread-3 (]: SQL status: ALTER TABLE in 0.0 seconds
[0m21:14:58.842336 [debug] [Thread-2 (]: On model.ecommerce_warehouse.silver_order_items: COMMIT
[0m21:14:58.844840 [debug] [Thread-3 (]: On model.ecommerce_warehouse.silver_orders: COMMIT
[0m21:14:58.845812 [debug] [Thread-2 (]: Using postgres connection "model.ecommerce_warehouse.silver_order_items"
[0m21:14:58.846855 [debug] [Thread-3 (]: Using postgres connection "model.ecommerce_warehouse.silver_orders"
[0m21:14:58.847948 [debug] [Thread-2 (]: On model.ecommerce_warehouse.silver_order_items: COMMIT
[0m21:14:58.849111 [debug] [Thread-3 (]: On model.ecommerce_warehouse.silver_orders: COMMIT
[0m21:14:58.853928 [debug] [Thread-2 (]: SQL status: COMMIT in 0.0 seconds
[0m21:14:58.854612 [debug] [Thread-3 (]: SQL status: COMMIT in 0.0 seconds
[0m21:14:58.859235 [debug] [Thread-2 (]: Applying DROP to: "warehouse"."public_silver"."silver_order_items__dbt_backup"
[0m21:14:58.862746 [debug] [Thread-3 (]: Applying DROP to: "warehouse"."public_silver"."silver_orders__dbt_backup"
[0m21:14:58.864370 [debug] [Thread-2 (]: Using postgres connection "model.ecommerce_warehouse.silver_order_items"
[0m21:14:58.866117 [debug] [Thread-3 (]: Using postgres connection "model.ecommerce_warehouse.silver_orders"
[0m21:14:58.867126 [debug] [Thread-2 (]: On model.ecommerce_warehouse.silver_order_items: /* {"app": "dbt", "dbt_version": "1.7.7", "profile_name": "ecommerce_warehouse", "target_name": "dev", "node_id": "model.ecommerce_warehouse.silver_order_items"} */
drop table if exists "warehouse"."public_silver"."silver_order_items__dbt_backup" cascade
[0m21:14:58.868090 [debug] [Thread-3 (]: On model.ecommerce_warehouse.silver_orders: /* {"app": "dbt", "dbt_version": "1.7.7", "profile_name": "ecommerce_warehouse", "target_name": "dev", "node_id": "model.ecommerce_warehouse.silver_orders"} */
drop table if exists "warehouse"."public_silver"."silver_orders__dbt_backup" cascade
[0m21:14:58.874264 [debug] [Thread-3 (]: SQL status: DROP TABLE in 0.0 seconds
[0m21:14:58.874901 [debug] [Thread-2 (]: SQL status: DROP TABLE in 0.0 seconds
[0m21:14:58.877380 [debug] [Thread-3 (]: Timing info for model.ecommerce_warehouse.silver_orders (execute): 21:14:58.053665 => 21:14:58.877176
[0m21:14:58.879555 [debug] [Thread-2 (]: Timing info for model.ecommerce_warehouse.silver_order_items (execute): 21:14:58.089240 => 21:14:58.879363
[0m21:14:58.880879 [debug] [Thread-3 (]: On model.ecommerce_warehouse.silver_orders: Close
[0m21:14:58.882764 [debug] [Thread-2 (]: On model.ecommerce_warehouse.silver_order_items: Close
[0m21:14:58.884975 [debug] [Thread-3 (]: Sending event: {'category': 'dbt', 'action': 'run_model', 'label': 'a6c60ca9-d27b-4639-91f3-390af530e733', 'context': [<snowplow_tracker.self_describing_json.SelfDescribingJson object at 0x79b654f4d690>]}
[0m21:14:58.887196 [debug] [Thread-2 (]: Sending event: {'category': 'dbt', 'action': 'run_model', 'label': 'a6c60ca9-d27b-4639-91f3-390af530e733', 'context': [<snowplow_tracker.self_describing_json.SelfDescribingJson object at 0x79b6566bc990>]}
[0m21:14:58.888959 [info ] [Thread-3 (]: 3 of 6 OK created sql table model public_silver.silver_orders .................. [[32mSELECT 99441[0m in 0.86s]
[0m21:14:58.891101 [info ] [Thread-2 (]: 2 of 6 OK created sql table model public_silver.silver_order_items ............. [[32mSELECT 112650[0m in 0.87s]
[0m21:14:58.892636 [debug] [Thread-3 (]: Finished running node model.ecommerce_warehouse.silver_orders
[0m21:14:58.893971 [debug] [Thread-2 (]: Finished running node model.ecommerce_warehouse.silver_order_items
[0m21:14:58.896675 [debug] [Thread-4 (]: Began running node model.ecommerce_warehouse.gold_customer_lifetime_value
[0m21:14:58.897220 [debug] [Thread-1 (]: Began running node model.ecommerce_warehouse.gold_sales_by_state
[0m21:14:58.898583 [info ] [Thread-4 (]: 5 of 6 START sql table model public_gold.gold_customer_lifetime_value .......... [RUN]
[0m21:14:58.900125 [info ] [Thread-1 (]: 6 of 6 START sql table model public_gold.gold_sales_by_state ................... [RUN]
[0m21:14:58.901760 [debug] [Thread-4 (]: Re-using an available connection from the pool (formerly model.ecommerce_warehouse.silver_products, now model.ecommerce_warehouse.gold_customer_lifetime_value)
[0m21:14:58.903822 [debug] [Thread-1 (]: Re-using an available connection from the pool (formerly model.ecommerce_warehouse.silver_customers, now model.ecommerce_warehouse.gold_sales_by_state)
[0m21:14:58.905338 [debug] [Thread-4 (]: Began compiling node model.ecommerce_warehouse.gold_customer_lifetime_value
[0m21:14:58.906694 [debug] [Thread-1 (]: Began compiling node model.ecommerce_warehouse.gold_sales_by_state
[0m21:14:58.911295 [debug] [Thread-4 (]: Writing injected SQL for node "model.ecommerce_warehouse.gold_customer_lifetime_value"
[0m21:14:58.915740 [debug] [Thread-1 (]: Writing injected SQL for node "model.ecommerce_warehouse.gold_sales_by_state"
[0m21:14:58.923721 [debug] [Thread-4 (]: Timing info for model.ecommerce_warehouse.gold_customer_lifetime_value (compile): 21:14:58.907973 => 21:14:58.923097
[0m21:14:58.924583 [debug] [Thread-1 (]: Timing info for model.ecommerce_warehouse.gold_sales_by_state (compile): 21:14:58.912660 => 21:14:58.924230
[0m21:14:58.925990 [debug] [Thread-4 (]: Began executing node model.ecommerce_warehouse.gold_customer_lifetime_value
[0m21:14:58.928081 [debug] [Thread-1 (]: Began executing node model.ecommerce_warehouse.gold_sales_by_state
[0m21:14:58.932783 [debug] [Thread-4 (]: Writing runtime sql for node "model.ecommerce_warehouse.gold_customer_lifetime_value"
[0m21:14:58.937529 [debug] [Thread-1 (]: Writing runtime sql for node "model.ecommerce_warehouse.gold_sales_by_state"
[0m21:14:58.944123 [debug] [Thread-1 (]: Using postgres connection "model.ecommerce_warehouse.gold_sales_by_state"
[0m21:14:58.945717 [debug] [Thread-4 (]: Using postgres connection "model.ecommerce_warehouse.gold_customer_lifetime_value"
[0m21:14:58.946244 [debug] [Thread-1 (]: On model.ecommerce_warehouse.gold_sales_by_state: BEGIN
[0m21:14:58.947363 [debug] [Thread-4 (]: On model.ecommerce_warehouse.gold_customer_lifetime_value: BEGIN
[0m21:14:58.948373 [debug] [Thread-1 (]: Opening a new connection, currently in state closed
[0m21:14:58.949305 [debug] [Thread-4 (]: Opening a new connection, currently in state closed
[0m21:14:58.956044 [debug] [Thread-4 (]: SQL status: BEGIN in 0.0 seconds
[0m21:14:58.956552 [debug] [Thread-1 (]: SQL status: BEGIN in 0.0 seconds
[0m21:14:58.957542 [debug] [Thread-4 (]: Using postgres connection "model.ecommerce_warehouse.gold_customer_lifetime_value"
[0m21:14:58.958745 [debug] [Thread-1 (]: Using postgres connection "model.ecommerce_warehouse.gold_sales_by_state"
[0m21:14:58.959871 [debug] [Thread-4 (]: On model.ecommerce_warehouse.gold_customer_lifetime_value: /* {"app": "dbt", "dbt_version": "1.7.7", "profile_name": "ecommerce_warehouse", "target_name": "dev", "node_id": "model.ecommerce_warehouse.gold_customer_lifetime_value"} */

  
    

  create  table "warehouse"."public_gold"."gold_customer_lifetime_value__dbt_tmp"
  
  
    as
  
  (
    

WITH customer_orders AS (
    SELECT
        c.customer_id,
        c.customer_state,
        c.customer_city,
        COUNT(DISTINCT o.order_id) AS total_orders,
        MIN(o.order_purchase_timestamp) AS first_order_date,
        MAX(o.order_purchase_timestamp) AS last_order_date,
        SUM(oi.price + oi.freight_value) AS lifetime_value,
        AVG(oi.price + oi.freight_value) AS avg_order_value
    FROM "warehouse"."public_silver"."silver_customers" c
    INNER JOIN "warehouse"."public_silver"."silver_orders" o ON c.customer_id = o.customer_id
    INNER JOIN "warehouse"."public_silver"."silver_order_items" oi ON o.order_id = oi.order_id
    WHERE o.order_status = 'delivered'
    GROUP BY 1, 2, 3
)

SELECT
    *,
    EXTRACT(DAY FROM (last_order_date - first_order_date)) AS customer_lifetime_days,
    CURRENT_TIMESTAMP AS calculated_at
FROM customer_orders
ORDER BY lifetime_value DESC
  );
  
[0m21:14:58.960852 [debug] [Thread-1 (]: On model.ecommerce_warehouse.gold_sales_by_state: /* {"app": "dbt", "dbt_version": "1.7.7", "profile_name": "ecommerce_warehouse", "target_name": "dev", "node_id": "model.ecommerce_warehouse.gold_sales_by_state"} */

  
    

  create  table "warehouse"."public_gold"."gold_sales_by_state__dbt_tmp"
  
  
    as
  
  (
    

WITH orders AS (
    SELECT * FROM "warehouse"."public_silver"."silver_orders"
),

order_items AS (
    SELECT * FROM "warehouse"."public_silver"."silver_order_items"
),

customers AS (
    SELECT * FROM "warehouse"."public_silver"."silver_customers"
),

sales_data AS (
    SELECT
        c.customer_state,
        DATE_TRUNC('month', o.order_purchase_timestamp) AS order_month,
        COUNT(DISTINCT o.order_id) AS total_orders,
        COUNT(DISTINCT o.customer_id) AS unique_customers,
        SUM(oi.price) AS total_revenue,
        SUM(oi.freight_value) AS total_freight,
        AVG(oi.price) AS avg_order_value,
        MIN(o.order_purchase_timestamp) AS first_order,
        MAX(o.order_purchase_timestamp) AS last_order
    FROM orders o
    INNER JOIN customers c ON o.customer_id = c.customer_id
    INNER JOIN order_items oi ON o.order_id = oi.order_id
    WHERE o.order_status = 'delivered'
    GROUP BY 1, 2
)

SELECT
    *,
    CURRENT_TIMESTAMP AS calculated_at
FROM sales_data
ORDER BY order_month DESC, total_revenue DESC
  );
  
[0m21:15:00.822555 [debug] [Thread-1 (]: SQL status: SELECT 556 in 2.0 seconds
[0m21:15:00.829012 [debug] [Thread-1 (]: Using postgres connection "model.ecommerce_warehouse.gold_sales_by_state"
[0m21:15:00.831303 [debug] [Thread-1 (]: On model.ecommerce_warehouse.gold_sales_by_state: /* {"app": "dbt", "dbt_version": "1.7.7", "profile_name": "ecommerce_warehouse", "target_name": "dev", "node_id": "model.ecommerce_warehouse.gold_sales_by_state"} */
alter table "warehouse"."public_gold"."gold_sales_by_state" rename to "gold_sales_by_state__dbt_backup"
[0m21:15:00.833662 [debug] [Thread-1 (]: SQL status: ALTER TABLE in 0.0 seconds
[0m21:15:00.841684 [debug] [Thread-1 (]: Using postgres connection "model.ecommerce_warehouse.gold_sales_by_state"
[0m21:15:00.844222 [debug] [Thread-1 (]: On model.ecommerce_warehouse.gold_sales_by_state: /* {"app": "dbt", "dbt_version": "1.7.7", "profile_name": "ecommerce_warehouse", "target_name": "dev", "node_id": "model.ecommerce_warehouse.gold_sales_by_state"} */
alter table "warehouse"."public_gold"."gold_sales_by_state__dbt_tmp" rename to "gold_sales_by_state"
[0m21:15:00.846608 [debug] [Thread-1 (]: SQL status: ALTER TABLE in 0.0 seconds
[0m21:15:00.850857 [debug] [Thread-1 (]: On model.ecommerce_warehouse.gold_sales_by_state: COMMIT
[0m21:15:00.854299 [debug] [Thread-1 (]: Using postgres connection "model.ecommerce_warehouse.gold_sales_by_state"
[0m21:15:00.856623 [debug] [Thread-1 (]: On model.ecommerce_warehouse.gold_sales_by_state: COMMIT
[0m21:15:00.859314 [debug] [Thread-1 (]: SQL status: COMMIT in 0.0 seconds
[0m21:15:00.864338 [debug] [Thread-1 (]: Applying DROP to: "warehouse"."public_gold"."gold_sales_by_state__dbt_backup"
[0m21:15:00.867360 [debug] [Thread-1 (]: Using postgres connection "model.ecommerce_warehouse.gold_sales_by_state"
[0m21:15:00.869492 [debug] [Thread-1 (]: On model.ecommerce_warehouse.gold_sales_by_state: /* {"app": "dbt", "dbt_version": "1.7.7", "profile_name": "ecommerce_warehouse", "target_name": "dev", "node_id": "model.ecommerce_warehouse.gold_sales_by_state"} */
drop table if exists "warehouse"."public_gold"."gold_sales_by_state__dbt_backup" cascade
[0m21:15:00.874103 [debug] [Thread-1 (]: SQL status: DROP TABLE in 0.0 seconds
[0m21:15:00.877270 [debug] [Thread-1 (]: Timing info for model.ecommerce_warehouse.gold_sales_by_state (execute): 21:14:58.933857 => 21:15:00.877007
[0m21:15:00.878859 [debug] [Thread-1 (]: On model.ecommerce_warehouse.gold_sales_by_state: Close
[0m21:15:00.880942 [debug] [Thread-1 (]: Sending event: {'category': 'dbt', 'action': 'run_model', 'label': 'a6c60ca9-d27b-4639-91f3-390af530e733', 'context': [<snowplow_tracker.self_describing_json.SelfDescribingJson object at 0x79b654b31250>]}
[0m21:15:00.882847 [info ] [Thread-1 (]: 6 of 6 OK created sql table model public_gold.gold_sales_by_state .............. [[32mSELECT 556[0m in 1.98s]
[0m21:15:00.884640 [debug] [Thread-1 (]: Finished running node model.ecommerce_warehouse.gold_sales_by_state
[0m21:15:01.323214 [debug] [Thread-4 (]: SQL status: SELECT 96478 in 2.0 seconds
[0m21:15:01.328772 [debug] [Thread-4 (]: Using postgres connection "model.ecommerce_warehouse.gold_customer_lifetime_value"
[0m21:15:01.330444 [debug] [Thread-4 (]: On model.ecommerce_warehouse.gold_customer_lifetime_value: /* {"app": "dbt", "dbt_version": "1.7.7", "profile_name": "ecommerce_warehouse", "target_name": "dev", "node_id": "model.ecommerce_warehouse.gold_customer_lifetime_value"} */
alter table "warehouse"."public_gold"."gold_customer_lifetime_value" rename to "gold_customer_lifetime_value__dbt_backup"
[0m21:15:01.332439 [debug] [Thread-4 (]: SQL status: ALTER TABLE in 0.0 seconds
[0m21:15:01.338390 [debug] [Thread-4 (]: Using postgres connection "model.ecommerce_warehouse.gold_customer_lifetime_value"
[0m21:15:01.341064 [debug] [Thread-4 (]: On model.ecommerce_warehouse.gold_customer_lifetime_value: /* {"app": "dbt", "dbt_version": "1.7.7", "profile_name": "ecommerce_warehouse", "target_name": "dev", "node_id": "model.ecommerce_warehouse.gold_customer_lifetime_value"} */
alter table "warehouse"."public_gold"."gold_customer_lifetime_value__dbt_tmp" rename to "gold_customer_lifetime_value"
[0m21:15:01.343173 [debug] [Thread-4 (]: SQL status: ALTER TABLE in 0.0 seconds
[0m21:15:01.346586 [debug] [Thread-4 (]: On model.ecommerce_warehouse.gold_customer_lifetime_value: COMMIT
[0m21:15:01.348949 [debug] [Thread-4 (]: Using postgres connection "model.ecommerce_warehouse.gold_customer_lifetime_value"
[0m21:15:01.350505 [debug] [Thread-4 (]: On model.ecommerce_warehouse.gold_customer_lifetime_value: COMMIT
[0m21:15:01.364585 [debug] [Thread-4 (]: SQL status: COMMIT in 0.0 seconds
[0m21:15:01.370259 [debug] [Thread-4 (]: Applying DROP to: "warehouse"."public_gold"."gold_customer_lifetime_value__dbt_backup"
[0m21:15:01.373312 [debug] [Thread-4 (]: Using postgres connection "model.ecommerce_warehouse.gold_customer_lifetime_value"
[0m21:15:01.374729 [debug] [Thread-4 (]: On model.ecommerce_warehouse.gold_customer_lifetime_value: /* {"app": "dbt", "dbt_version": "1.7.7", "profile_name": "ecommerce_warehouse", "target_name": "dev", "node_id": "model.ecommerce_warehouse.gold_customer_lifetime_value"} */
drop table if exists "warehouse"."public_gold"."gold_customer_lifetime_value__dbt_backup" cascade
[0m21:15:01.380200 [debug] [Thread-4 (]: SQL status: DROP TABLE in 0.0 seconds
[0m21:15:01.382933 [debug] [Thread-4 (]: Timing info for model.ecommerce_warehouse.gold_customer_lifetime_value (execute): 21:14:58.929094 => 21:15:01.382732
[0m21:15:01.384130 [debug] [Thread-4 (]: On model.ecommerce_warehouse.gold_customer_lifetime_value: Close
[0m21:15:01.386496 [debug] [Thread-4 (]: Sending event: {'category': 'dbt', 'action': 'run_model', 'label': 'a6c60ca9-d27b-4639-91f3-390af530e733', 'context': [<snowplow_tracker.self_describing_json.SelfDescribingJson object at 0x79b654f56490>]}
[0m21:15:01.388867 [info ] [Thread-4 (]: 5 of 6 OK created sql table model public_gold.gold_customer_lifetime_value ..... [[32mSELECT 96478[0m in 2.48s]
[0m21:15:01.390388 [debug] [Thread-4 (]: Finished running node model.ecommerce_warehouse.gold_customer_lifetime_value
[0m21:15:01.393698 [debug] [MainThread]: Using postgres connection "master"
[0m21:15:01.395765 [debug] [MainThread]: On master: BEGIN
[0m21:15:01.397671 [debug] [MainThread]: Opening a new connection, currently in state closed
[0m21:15:01.407318 [debug] [MainThread]: SQL status: BEGIN in 0.0 seconds
[0m21:15:01.409163 [debug] [MainThread]: On master: COMMIT
[0m21:15:01.410459 [debug] [MainThread]: Using postgres connection "master"
[0m21:15:01.411404 [debug] [MainThread]: On master: COMMIT
[0m21:15:01.412544 [debug] [MainThread]: SQL status: COMMIT in 0.0 seconds
[0m21:15:01.413515 [debug] [MainThread]: On master: Close
[0m21:15:01.414981 [debug] [MainThread]: Connection 'master' was properly closed.
[0m21:15:01.416113 [debug] [MainThread]: Connection 'model.ecommerce_warehouse.silver_order_items' was properly closed.
[0m21:15:01.417054 [debug] [MainThread]: Connection 'model.ecommerce_warehouse.gold_sales_by_state' was properly closed.
[0m21:15:01.418044 [debug] [MainThread]: Connection 'model.ecommerce_warehouse.silver_orders' was properly closed.
[0m21:15:01.419835 [debug] [MainThread]: Connection 'model.ecommerce_warehouse.gold_customer_lifetime_value' was properly closed.
[0m21:15:01.421397 [info ] [MainThread]: 
[0m21:15:01.422716 [info ] [MainThread]: Finished running 6 table models in 0 hours 0 minutes and 3.56 seconds (3.56s).
[0m21:15:01.424776 [debug] [MainThread]: Command end result
[0m21:15:01.453633 [info ] [MainThread]: 
[0m21:15:01.456794 [info ] [MainThread]: [32mCompleted successfully[0m
[0m21:15:01.459055 [info ] [MainThread]: 
[0m21:15:01.461258 [info ] [MainThread]: Done. PASS=6 WARN=0 ERROR=0 SKIP=0 TOTAL=6
[0m21:15:01.463654 [debug] [MainThread]: Resource report: {"command_name": "run", "command_success": true, "command_wall_clock_time": 4.23187, "process_user_time": 2.84024, "process_kernel_time": 0.294932, "process_mem_max_rss": "161676", "process_in_blocks": "0", "process_out_blocks": "0"}
[0m21:15:01.465669 [debug] [MainThread]: Command `dbt run` succeeded at 21:15:01.465358 after 4.23 seconds
[0m21:15:01.467315 [debug] [MainThread]: Sending event: {'category': 'dbt', 'action': 'invocation', 'label': 'end', 'context': [<snowplow_tracker.self_describing_json.SelfDescribingJson object at 0x79b656516e50>, <snowplow_tracker.self_describing_json.SelfDescribingJson object at 0x79b65b3ec750>, <snowplow_tracker.self_describing_json.SelfDescribingJson object at 0x79b656776f10>]}
[0m21:15:01.469674 [debug] [MainThread]: Flushing usage events
[0m21:15:06.428006 [debug] [MainThread]: Sending event: {'category': 'dbt', 'action': 'invocation', 'label': 'start', 'context': [<snowplow_tracker.self_describing_json.SelfDescribingJson object at 0x7c9a54411410>, <snowplow_tracker.self_describing_json.SelfDescribingJson object at 0x7c9a544136d0>, <snowplow_tracker.self_describing_json.SelfDescribingJson object at 0x7c9a54410ad0>]}


============================== 21:15:06.434282 | f567d318-7da4-41cf-ba8f-91e711850dc4 ==============================
[0m21:15:06.434282 [info ] [MainThread]: Running with dbt=1.7.7
[0m21:15:06.436193 [debug] [MainThread]: running dbt with arguments {'printer_width': '80', 'indirect_selection': 'eager', 'log_cache_events': 'False', 'write_json': 'True', 'partial_parse': 'True', 'cache_selected_only': 'False', 'profiles_dir': '.', 'debug': 'False', 'warn_error': 'None', 'log_path': '/opt/airflow/dbt_project/logs', 'version_check': 'True', 'fail_fast': 'False', 'use_colors': 'True', 'use_experimental_parser': 'False', 'no_print': 'None', 'quiet': 'False', 'log_format': 'default', 'introspect': 'True', 'static_parser': 'True', 'invocation_command': 'dbt test --profiles-dir .', 'target_path': 'None', 'warn_error_options': 'WarnErrorOptions(include=[], exclude=[])', 'send_anonymous_usage_stats': 'True'}
[0m21:15:06.735494 [debug] [MainThread]: Sending event: {'category': 'dbt', 'action': 'project_id', 'label': 'f567d318-7da4-41cf-ba8f-91e711850dc4', 'context': [<snowplow_tracker.self_describing_json.SelfDescribingJson object at 0x7c9a544a1b90>]}
[0m21:15:06.824183 [debug] [MainThread]: Sending event: {'category': 'dbt', 'action': 'adapter_info', 'label': 'f567d318-7da4-41cf-ba8f-91e711850dc4', 'context': [<snowplow_tracker.self_describing_json.SelfDescribingJson object at 0x7c9a5430d7d0>]}
[0m21:15:06.826650 [info ] [MainThread]: Registered adapter: postgres=1.7.7
[0m21:15:06.841688 [debug] [MainThread]: checksum: 54188551c516f4dd1c42b8d9c289f2bf49f18ae42632e2ba36a64ad29fd60da4, vars: {}, profile: , target: , version: 1.7.7
[0m21:15:06.988231 [debug] [MainThread]: Partial parsing enabled: 0 files deleted, 0 files added, 0 files changed.
[0m21:15:06.989851 [debug] [MainThread]: Partial parsing enabled, no changes found, skipping parsing
[0m21:15:06.996237 [debug] [MainThread]: Sending event: {'category': 'dbt', 'action': 'load_project', 'label': 'f567d318-7da4-41cf-ba8f-91e711850dc4', 'context': [<snowplow_tracker.self_describing_json.SelfDescribingJson object at 0x7c9a537541d0>]}
[0m21:15:07.025509 [debug] [MainThread]: Sending event: {'category': 'dbt', 'action': 'resource_counts', 'label': 'f567d318-7da4-41cf-ba8f-91e711850dc4', 'context': [<snowplow_tracker.self_describing_json.SelfDescribingJson object at 0x7c9a52fa7cd0>]}
[0m21:15:07.026871 [info ] [MainThread]: Found 6 models, 8 tests, 7 sources, 0 exposures, 0 metrics, 401 macros, 0 groups, 0 semantic models
[0m21:15:07.028005 [debug] [MainThread]: Sending event: {'category': 'dbt', 'action': 'runnable_timing', 'label': 'f567d318-7da4-41cf-ba8f-91e711850dc4', 'context': [<snowplow_tracker.self_describing_json.SelfDescribingJson object at 0x7c9a53733ad0>]}
[0m21:15:07.030947 [info ] [MainThread]: 
[0m21:15:07.033062 [debug] [MainThread]: Acquiring new postgres connection 'master'
[0m21:15:07.036270 [debug] [ThreadPool]: Acquiring new postgres connection 'list_warehouse_public_gold'
[0m21:15:07.037605 [debug] [ThreadPool]: Acquiring new postgres connection 'list_warehouse_public_silver'
[0m21:15:07.047317 [debug] [ThreadPool]: Using postgres connection "list_warehouse_public_gold"
[0m21:15:07.049720 [debug] [ThreadPool]: Using postgres connection "list_warehouse_public_silver"
[0m21:15:07.050976 [debug] [ThreadPool]: On list_warehouse_public_gold: BEGIN
[0m21:15:07.052395 [debug] [ThreadPool]: On list_warehouse_public_silver: BEGIN
[0m21:15:07.054900 [debug] [ThreadPool]: Opening a new connection, currently in state init
[0m21:15:07.056138 [debug] [ThreadPool]: Opening a new connection, currently in state init
[0m21:15:07.062952 [debug] [ThreadPool]: SQL status: BEGIN in 0.0 seconds
[0m21:15:07.063498 [debug] [ThreadPool]: SQL status: BEGIN in 0.0 seconds
[0m21:15:07.065434 [debug] [ThreadPool]: Using postgres connection "list_warehouse_public_gold"
[0m21:15:07.066418 [debug] [ThreadPool]: Using postgres connection "list_warehouse_public_silver"
[0m21:15:07.067353 [debug] [ThreadPool]: On list_warehouse_public_gold: /* {"app": "dbt", "dbt_version": "1.7.7", "profile_name": "ecommerce_warehouse", "target_name": "dev", "connection_name": "list_warehouse_public_gold"} */
select
      'warehouse' as database,
      tablename as name,
      schemaname as schema,
      'table' as type
    from pg_tables
    where schemaname ilike 'public_gold'
    union all
    select
      'warehouse' as database,
      viewname as name,
      schemaname as schema,
      'view' as type
    from pg_views
    where schemaname ilike 'public_gold'
    union all
    select
      'warehouse' as database,
      matviewname as name,
      schemaname as schema,
      'materialized_view' as type
    from pg_matviews
    where schemaname ilike 'public_gold'
  
[0m21:15:07.068287 [debug] [ThreadPool]: On list_warehouse_public_silver: /* {"app": "dbt", "dbt_version": "1.7.7", "profile_name": "ecommerce_warehouse", "target_name": "dev", "connection_name": "list_warehouse_public_silver"} */
select
      'warehouse' as database,
      tablename as name,
      schemaname as schema,
      'table' as type
    from pg_tables
    where schemaname ilike 'public_silver'
    union all
    select
      'warehouse' as database,
      viewname as name,
      schemaname as schema,
      'view' as type
    from pg_views
    where schemaname ilike 'public_silver'
    union all
    select
      'warehouse' as database,
      matviewname as name,
      schemaname as schema,
      'materialized_view' as type
    from pg_matviews
    where schemaname ilike 'public_silver'
  
[0m21:15:07.073103 [debug] [ThreadPool]: SQL status: SELECT 2 in 0.0 seconds
[0m21:15:07.073764 [debug] [ThreadPool]: SQL status: SELECT 4 in 0.0 seconds
[0m21:15:07.075400 [debug] [ThreadPool]: On list_warehouse_public_gold: ROLLBACK
[0m21:15:07.077194 [debug] [ThreadPool]: On list_warehouse_public_silver: ROLLBACK
[0m21:15:07.078291 [debug] [ThreadPool]: On list_warehouse_public_gold: Close
[0m21:15:07.079233 [debug] [ThreadPool]: On list_warehouse_public_silver: Close
[0m21:15:07.085351 [debug] [MainThread]: Using postgres connection "master"
[0m21:15:07.086751 [debug] [MainThread]: On master: BEGIN
[0m21:15:07.088536 [debug] [MainThread]: Opening a new connection, currently in state init
[0m21:15:07.094954 [debug] [MainThread]: SQL status: BEGIN in 0.0 seconds
[0m21:15:07.096443 [debug] [MainThread]: Using postgres connection "master"
[0m21:15:07.097816 [debug] [MainThread]: On master: /* {"app": "dbt", "dbt_version": "1.7.7", "profile_name": "ecommerce_warehouse", "target_name": "dev", "connection_name": "master"} */
with relation as (
        select
            pg_rewrite.ev_class as class,
            pg_rewrite.oid as id
        from pg_rewrite
    ),
    class as (
        select
            oid as id,
            relname as name,
            relnamespace as schema,
            relkind as kind
        from pg_class
    ),
    dependency as (
        select distinct
            pg_depend.objid as id,
            pg_depend.refobjid as ref
        from pg_depend
    ),
    schema as (
        select
            pg_namespace.oid as id,
            pg_namespace.nspname as name
        from pg_namespace
        where nspname != 'information_schema' and nspname not like 'pg\_%'
    ),
    referenced as (
        select
            relation.id AS id,
            referenced_class.name ,
            referenced_class.schema ,
            referenced_class.kind
        from relation
        join class as referenced_class on relation.class=referenced_class.id
        where referenced_class.kind in ('r', 'v', 'm')
    ),
    relationships as (
        select
            referenced.name as referenced_name,
            referenced.schema as referenced_schema_id,
            dependent_class.name as dependent_name,
            dependent_class.schema as dependent_schema_id,
            referenced.kind as kind
        from referenced
        join dependency on referenced.id=dependency.id
        join class as dependent_class on dependency.ref=dependent_class.id
        where
            (referenced.name != dependent_class.name or
             referenced.schema != dependent_class.schema)
    )

    select
        referenced_schema.name as referenced_schema,
        relationships.referenced_name as referenced_name,
        dependent_schema.name as dependent_schema,
        relationships.dependent_name as dependent_name
    from relationships
    join schema as dependent_schema on relationships.dependent_schema_id=dependent_schema.id
    join schema as referenced_schema on relationships.referenced_schema_id=referenced_schema.id
    group by referenced_schema, referenced_name, dependent_schema, dependent_name
    order by referenced_schema, referenced_name, dependent_schema, dependent_name;
[0m21:15:07.110713 [debug] [MainThread]: SQL status: SELECT 0 in 0.0 seconds
[0m21:15:07.113652 [debug] [MainThread]: Sending event: {'category': 'dbt', 'action': 'runnable_timing', 'label': 'f567d318-7da4-41cf-ba8f-91e711850dc4', 'context': [<snowplow_tracker.self_describing_json.SelfDescribingJson object at 0x7c9a540fd8d0>]}
[0m21:15:07.115224 [debug] [MainThread]: On master: ROLLBACK
[0m21:15:07.116485 [debug] [MainThread]: Using postgres connection "master"
[0m21:15:07.117514 [debug] [MainThread]: On master: BEGIN
[0m21:15:07.118953 [debug] [MainThread]: SQL status: BEGIN in 0.0 seconds
[0m21:15:07.120811 [debug] [MainThread]: On master: COMMIT
[0m21:15:07.122127 [debug] [MainThread]: Using postgres connection "master"
[0m21:15:07.123911 [debug] [MainThread]: On master: COMMIT
[0m21:15:07.125546 [debug] [MainThread]: SQL status: COMMIT in 0.0 seconds
[0m21:15:07.126820 [debug] [MainThread]: On master: Close
[0m21:15:07.128639 [info ] [MainThread]: Concurrency: 4 threads (target='dev')
[0m21:15:07.129880 [info ] [MainThread]: 
[0m21:15:07.139018 [debug] [Thread-1 (]: Began running node test.ecommerce_warehouse.not_null_silver_customers_customer_id.9f5f8d4493
[0m21:15:07.139609 [debug] [Thread-2 (]: Began running node test.ecommerce_warehouse.not_null_silver_order_items_order_id.a7ed830788
[0m21:15:07.140092 [debug] [Thread-3 (]: Began running node test.ecommerce_warehouse.not_null_silver_orders_customer_id.c470afc0be
[0m21:15:07.140797 [debug] [Thread-4 (]: Began running node test.ecommerce_warehouse.not_null_silver_orders_order_id.36e5019145
[0m21:15:07.141529 [info ] [Thread-1 (]: 1 of 8 START test not_null_silver_customers_customer_id ........................ [RUN]
[0m21:15:07.143042 [info ] [Thread-2 (]: 2 of 8 START test not_null_silver_order_items_order_id ......................... [RUN]
[0m21:15:07.144307 [info ] [Thread-3 (]: 3 of 8 START test not_null_silver_orders_customer_id ........................... [RUN]
[0m21:15:07.145394 [info ] [Thread-4 (]: 4 of 8 START test not_null_silver_orders_order_id .............................. [RUN]
[0m21:15:07.146803 [debug] [Thread-1 (]: Re-using an available connection from the pool (formerly list_warehouse_public_silver, now test.ecommerce_warehouse.not_null_silver_customers_customer_id.9f5f8d4493)
[0m21:15:07.148166 [debug] [Thread-2 (]: Re-using an available connection from the pool (formerly list_warehouse_public_gold, now test.ecommerce_warehouse.not_null_silver_order_items_order_id.a7ed830788)
[0m21:15:07.149465 [debug] [Thread-3 (]: Acquiring new postgres connection 'test.ecommerce_warehouse.not_null_silver_orders_customer_id.c470afc0be'
[0m21:15:07.150802 [debug] [Thread-4 (]: Acquiring new postgres connection 'test.ecommerce_warehouse.not_null_silver_orders_order_id.36e5019145'
[0m21:15:07.152226 [debug] [Thread-1 (]: Began compiling node test.ecommerce_warehouse.not_null_silver_customers_customer_id.9f5f8d4493
[0m21:15:07.153703 [debug] [Thread-2 (]: Began compiling node test.ecommerce_warehouse.not_null_silver_order_items_order_id.a7ed830788
[0m21:15:07.155314 [debug] [Thread-3 (]: Began compiling node test.ecommerce_warehouse.not_null_silver_orders_customer_id.c470afc0be
[0m21:15:07.157154 [debug] [Thread-4 (]: Began compiling node test.ecommerce_warehouse.not_null_silver_orders_order_id.36e5019145
[0m21:15:07.173402 [debug] [Thread-1 (]: Writing injected SQL for node "test.ecommerce_warehouse.not_null_silver_customers_customer_id.9f5f8d4493"
[0m21:15:07.178842 [debug] [Thread-2 (]: Writing injected SQL for node "test.ecommerce_warehouse.not_null_silver_order_items_order_id.a7ed830788"
[0m21:15:07.184967 [debug] [Thread-3 (]: Writing injected SQL for node "test.ecommerce_warehouse.not_null_silver_orders_customer_id.c470afc0be"
[0m21:15:07.192112 [debug] [Thread-4 (]: Writing injected SQL for node "test.ecommerce_warehouse.not_null_silver_orders_order_id.36e5019145"
[0m21:15:07.200376 [debug] [Thread-2 (]: Timing info for test.ecommerce_warehouse.not_null_silver_order_items_order_id.a7ed830788 (compile): 21:15:07.174318 => 21:15:07.199909
[0m21:15:07.201132 [debug] [Thread-3 (]: Timing info for test.ecommerce_warehouse.not_null_silver_orders_customer_id.c470afc0be (compile): 21:15:07.180533 => 21:15:07.200765
[0m21:15:07.202861 [debug] [Thread-2 (]: Began executing node test.ecommerce_warehouse.not_null_silver_order_items_order_id.a7ed830788
[0m21:15:07.204131 [debug] [Thread-4 (]: Timing info for test.ecommerce_warehouse.not_null_silver_orders_order_id.36e5019145 (compile): 21:15:07.187140 => 21:15:07.203621
[0m21:15:07.204884 [debug] [Thread-1 (]: Timing info for test.ecommerce_warehouse.not_null_silver_customers_customer_id.9f5f8d4493 (compile): 21:15:07.158136 => 21:15:07.204576
[0m21:15:07.206216 [debug] [Thread-3 (]: Began executing node test.ecommerce_warehouse.not_null_silver_orders_customer_id.c470afc0be
[0m21:15:07.223595 [debug] [Thread-2 (]: Writing runtime sql for node "test.ecommerce_warehouse.not_null_silver_order_items_order_id.a7ed830788"
[0m21:15:07.224912 [debug] [Thread-4 (]: Began executing node test.ecommerce_warehouse.not_null_silver_orders_order_id.36e5019145
[0m21:15:07.226920 [debug] [Thread-1 (]: Began executing node test.ecommerce_warehouse.not_null_silver_customers_customer_id.9f5f8d4493
[0m21:15:07.230732 [debug] [Thread-3 (]: Writing runtime sql for node "test.ecommerce_warehouse.not_null_silver_orders_customer_id.c470afc0be"
[0m21:15:07.237844 [debug] [Thread-4 (]: Writing runtime sql for node "test.ecommerce_warehouse.not_null_silver_orders_order_id.36e5019145"
[0m21:15:07.241887 [debug] [Thread-1 (]: Writing runtime sql for node "test.ecommerce_warehouse.not_null_silver_customers_customer_id.9f5f8d4493"
[0m21:15:07.245030 [debug] [Thread-2 (]: Using postgres connection "test.ecommerce_warehouse.not_null_silver_order_items_order_id.a7ed830788"
[0m21:15:07.247766 [debug] [Thread-3 (]: Using postgres connection "test.ecommerce_warehouse.not_null_silver_orders_customer_id.c470afc0be"
[0m21:15:07.249106 [debug] [Thread-2 (]: On test.ecommerce_warehouse.not_null_silver_order_items_order_id.a7ed830788: BEGIN
[0m21:15:07.250813 [debug] [Thread-4 (]: Using postgres connection "test.ecommerce_warehouse.not_null_silver_orders_order_id.36e5019145"
[0m21:15:07.251494 [debug] [Thread-3 (]: On test.ecommerce_warehouse.not_null_silver_orders_customer_id.c470afc0be: BEGIN
[0m21:15:07.253378 [debug] [Thread-2 (]: Opening a new connection, currently in state closed
[0m21:15:07.254167 [debug] [Thread-1 (]: Using postgres connection "test.ecommerce_warehouse.not_null_silver_customers_customer_id.9f5f8d4493"
[0m21:15:07.255762 [debug] [Thread-4 (]: On test.ecommerce_warehouse.not_null_silver_orders_order_id.36e5019145: BEGIN
[0m21:15:07.257826 [debug] [Thread-3 (]: Opening a new connection, currently in state init
[0m21:15:07.261323 [debug] [Thread-1 (]: On test.ecommerce_warehouse.not_null_silver_customers_customer_id.9f5f8d4493: BEGIN
[0m21:15:07.262719 [debug] [Thread-4 (]: Opening a new connection, currently in state init
[0m21:15:07.265358 [debug] [Thread-1 (]: Opening a new connection, currently in state closed
[0m21:15:07.266596 [debug] [Thread-2 (]: SQL status: BEGIN in 0.0 seconds
[0m21:15:07.270939 [debug] [Thread-3 (]: SQL status: BEGIN in 0.0 seconds
[0m21:15:07.272401 [debug] [Thread-2 (]: Using postgres connection "test.ecommerce_warehouse.not_null_silver_order_items_order_id.a7ed830788"
[0m21:15:07.273926 [debug] [Thread-3 (]: Using postgres connection "test.ecommerce_warehouse.not_null_silver_orders_customer_id.c470afc0be"
[0m21:15:07.274989 [debug] [Thread-4 (]: SQL status: BEGIN in 0.0 seconds
[0m21:15:07.275804 [debug] [Thread-2 (]: On test.ecommerce_warehouse.not_null_silver_order_items_order_id.a7ed830788: /* {"app": "dbt", "dbt_version": "1.7.7", "profile_name": "ecommerce_warehouse", "target_name": "dev", "node_id": "test.ecommerce_warehouse.not_null_silver_order_items_order_id.a7ed830788"} */
select
      count(*) as failures,
      count(*) != 0 as should_warn,
      count(*) != 0 as should_error
    from (
      
    
    



select order_id
from "warehouse"."public_silver"."silver_order_items"
where order_id is null



      
    ) dbt_internal_test
[0m21:15:07.276341 [debug] [Thread-1 (]: SQL status: BEGIN in 0.0 seconds
[0m21:15:07.277357 [debug] [Thread-3 (]: On test.ecommerce_warehouse.not_null_silver_orders_customer_id.c470afc0be: /* {"app": "dbt", "dbt_version": "1.7.7", "profile_name": "ecommerce_warehouse", "target_name": "dev", "node_id": "test.ecommerce_warehouse.not_null_silver_orders_customer_id.c470afc0be"} */
select
      count(*) as failures,
      count(*) != 0 as should_warn,
      count(*) != 0 as should_error
    from (
      
    
    



select customer_id
from "warehouse"."public_silver"."silver_orders"
where customer_id is null



      
    ) dbt_internal_test
[0m21:15:07.278695 [debug] [Thread-4 (]: Using postgres connection "test.ecommerce_warehouse.not_null_silver_orders_order_id.36e5019145"
[0m21:15:07.281187 [debug] [Thread-1 (]: Using postgres connection "test.ecommerce_warehouse.not_null_silver_customers_customer_id.9f5f8d4493"
[0m21:15:07.283370 [debug] [Thread-4 (]: On test.ecommerce_warehouse.not_null_silver_orders_order_id.36e5019145: /* {"app": "dbt", "dbt_version": "1.7.7", "profile_name": "ecommerce_warehouse", "target_name": "dev", "node_id": "test.ecommerce_warehouse.not_null_silver_orders_order_id.36e5019145"} */
select
      count(*) as failures,
      count(*) != 0 as should_warn,
      count(*) != 0 as should_error
    from (
      
    
    



select order_id
from "warehouse"."public_silver"."silver_orders"
where order_id is null



      
    ) dbt_internal_test
[0m21:15:07.284737 [debug] [Thread-1 (]: On test.ecommerce_warehouse.not_null_silver_customers_customer_id.9f5f8d4493: /* {"app": "dbt", "dbt_version": "1.7.7", "profile_name": "ecommerce_warehouse", "target_name": "dev", "node_id": "test.ecommerce_warehouse.not_null_silver_customers_customer_id.9f5f8d4493"} */
select
      count(*) as failures,
      count(*) != 0 as should_warn,
      count(*) != 0 as should_error
    from (
      
    
    



select customer_id
from "warehouse"."public_silver"."silver_customers"
where customer_id is null



      
    ) dbt_internal_test
[0m21:15:07.290860 [debug] [Thread-2 (]: SQL status: SELECT 1 in 0.0 seconds
[0m21:15:07.294462 [debug] [Thread-2 (]: Timing info for test.ecommerce_warehouse.not_null_silver_order_items_order_id.a7ed830788 (execute): 21:15:07.207588 => 21:15:07.294071
[0m21:15:07.295112 [debug] [Thread-3 (]: SQL status: SELECT 1 in 0.0 seconds
[0m21:15:07.295765 [debug] [Thread-1 (]: SQL status: SELECT 1 in 0.0 seconds
[0m21:15:07.296575 [debug] [Thread-2 (]: On test.ecommerce_warehouse.not_null_silver_order_items_order_id.a7ed830788: ROLLBACK
[0m21:15:07.297488 [debug] [Thread-4 (]: SQL status: SELECT 1 in 0.0 seconds
[0m21:15:07.299955 [debug] [Thread-3 (]: Timing info for test.ecommerce_warehouse.not_null_silver_orders_customer_id.c470afc0be (execute): 21:15:07.228124 => 21:15:07.299621
[0m21:15:07.303325 [debug] [Thread-1 (]: Timing info for test.ecommerce_warehouse.not_null_silver_customers_customer_id.9f5f8d4493 (execute): 21:15:07.239572 => 21:15:07.302949
[0m21:15:07.305527 [debug] [Thread-2 (]: On test.ecommerce_warehouse.not_null_silver_order_items_order_id.a7ed830788: Close
[0m21:15:07.308267 [debug] [Thread-4 (]: Timing info for test.ecommerce_warehouse.not_null_silver_orders_order_id.36e5019145 (execute): 21:15:07.233370 => 21:15:07.307792
[0m21:15:07.310292 [debug] [Thread-3 (]: On test.ecommerce_warehouse.not_null_silver_orders_customer_id.c470afc0be: ROLLBACK
[0m21:15:07.311671 [debug] [Thread-1 (]: On test.ecommerce_warehouse.not_null_silver_customers_customer_id.9f5f8d4493: ROLLBACK
[0m21:15:07.313662 [info ] [Thread-2 (]: 2 of 8 PASS not_null_silver_order_items_order_id ............................... [[32mPASS[0m in 0.17s]
[0m21:15:07.314737 [debug] [Thread-4 (]: On test.ecommerce_warehouse.not_null_silver_orders_order_id.36e5019145: ROLLBACK
[0m21:15:07.316487 [debug] [Thread-3 (]: On test.ecommerce_warehouse.not_null_silver_orders_customer_id.c470afc0be: Close
[0m21:15:07.317666 [debug] [Thread-1 (]: On test.ecommerce_warehouse.not_null_silver_customers_customer_id.9f5f8d4493: Close
[0m21:15:07.318985 [debug] [Thread-2 (]: Finished running node test.ecommerce_warehouse.not_null_silver_order_items_order_id.a7ed830788
[0m21:15:07.321516 [debug] [Thread-4 (]: On test.ecommerce_warehouse.not_null_silver_orders_order_id.36e5019145: Close
[0m21:15:07.323831 [info ] [Thread-3 (]: 3 of 8 PASS not_null_silver_orders_customer_id ................................. [[32mPASS[0m in 0.17s]
[0m21:15:07.325892 [info ] [Thread-1 (]: 1 of 8 PASS not_null_silver_customers_customer_id .............................. [[32mPASS[0m in 0.18s]
[0m21:15:07.327438 [debug] [Thread-2 (]: Began running node test.ecommerce_warehouse.relationships_silver_order_items_order_id__order_id__ref_silver_orders_.1d0f2101da
[0m21:15:07.329485 [info ] [Thread-4 (]: 4 of 8 PASS not_null_silver_orders_order_id .................................... [[32mPASS[0m in 0.18s]
[0m21:15:07.330752 [debug] [Thread-3 (]: Finished running node test.ecommerce_warehouse.not_null_silver_orders_customer_id.c470afc0be
[0m21:15:07.332542 [debug] [Thread-1 (]: Finished running node test.ecommerce_warehouse.not_null_silver_customers_customer_id.9f5f8d4493
[0m21:15:07.334392 [info ] [Thread-2 (]: 5 of 8 START test relationships_silver_order_items_order_id__order_id__ref_silver_orders_  [RUN]
[0m21:15:07.336621 [debug] [Thread-4 (]: Finished running node test.ecommerce_warehouse.not_null_silver_orders_order_id.36e5019145
[0m21:15:07.338712 [debug] [Thread-3 (]: Began running node test.ecommerce_warehouse.relationships_silver_orders_customer_id__customer_id__ref_silver_customers_.5e306cf33e
[0m21:15:07.340317 [debug] [Thread-1 (]: Began running node test.ecommerce_warehouse.unique_silver_customers_customer_id.4fbff98be3
[0m21:15:07.342080 [debug] [Thread-2 (]: Re-using an available connection from the pool (formerly test.ecommerce_warehouse.not_null_silver_order_items_order_id.a7ed830788, now test.ecommerce_warehouse.relationships_silver_order_items_order_id__order_id__ref_silver_orders_.1d0f2101da)
[0m21:15:07.343546 [debug] [Thread-4 (]: Began running node test.ecommerce_warehouse.unique_silver_orders_order_id.94ba774900
[0m21:15:07.344906 [info ] [Thread-3 (]: 6 of 8 START test relationships_silver_orders_customer_id__customer_id__ref_silver_customers_  [RUN]
[0m21:15:07.345983 [info ] [Thread-1 (]: 7 of 8 START test unique_silver_customers_customer_id .......................... [RUN]
[0m21:15:07.347118 [debug] [Thread-2 (]: Began compiling node test.ecommerce_warehouse.relationships_silver_order_items_order_id__order_id__ref_silver_orders_.1d0f2101da
[0m21:15:07.348134 [info ] [Thread-4 (]: 8 of 8 START test unique_silver_orders_order_id ................................ [RUN]
[0m21:15:07.349482 [debug] [Thread-3 (]: Re-using an available connection from the pool (formerly test.ecommerce_warehouse.not_null_silver_orders_customer_id.c470afc0be, now test.ecommerce_warehouse.relationships_silver_orders_customer_id__customer_id__ref_silver_customers_.5e306cf33e)
[0m21:15:07.350773 [debug] [Thread-1 (]: Re-using an available connection from the pool (formerly test.ecommerce_warehouse.not_null_silver_customers_customer_id.9f5f8d4493, now test.ecommerce_warehouse.unique_silver_customers_customer_id.4fbff98be3)
[0m21:15:07.359116 [debug] [Thread-2 (]: Writing injected SQL for node "test.ecommerce_warehouse.relationships_silver_order_items_order_id__order_id__ref_silver_orders_.1d0f2101da"
[0m21:15:07.360695 [debug] [Thread-4 (]: Re-using an available connection from the pool (formerly test.ecommerce_warehouse.not_null_silver_orders_order_id.36e5019145, now test.ecommerce_warehouse.unique_silver_orders_order_id.94ba774900)
[0m21:15:07.362194 [debug] [Thread-3 (]: Began compiling node test.ecommerce_warehouse.relationships_silver_orders_customer_id__customer_id__ref_silver_customers_.5e306cf33e
[0m21:15:07.363307 [debug] [Thread-1 (]: Began compiling node test.ecommerce_warehouse.unique_silver_customers_customer_id.4fbff98be3
[0m21:15:07.365112 [debug] [Thread-4 (]: Began compiling node test.ecommerce_warehouse.unique_silver_orders_order_id.94ba774900
[0m21:15:07.375856 [debug] [Thread-3 (]: Writing injected SQL for node "test.ecommerce_warehouse.relationships_silver_orders_customer_id__customer_id__ref_silver_customers_.5e306cf33e"
[0m21:15:07.382769 [debug] [Thread-1 (]: Writing injected SQL for node "test.ecommerce_warehouse.unique_silver_customers_customer_id.4fbff98be3"
[0m21:15:07.389628 [debug] [Thread-2 (]: Timing info for test.ecommerce_warehouse.relationships_silver_order_items_order_id__order_id__ref_silver_orders_.1d0f2101da (compile): 21:15:07.351664 => 21:15:07.389193
[0m21:15:07.388804 [debug] [Thread-4 (]: Writing injected SQL for node "test.ecommerce_warehouse.unique_silver_orders_order_id.94ba774900"
[0m21:15:07.393080 [debug] [Thread-2 (]: Began executing node test.ecommerce_warehouse.relationships_silver_order_items_order_id__order_id__ref_silver_orders_.1d0f2101da
[0m21:15:07.397389 [debug] [Thread-2 (]: Writing runtime sql for node "test.ecommerce_warehouse.relationships_silver_order_items_order_id__order_id__ref_silver_orders_.1d0f2101da"
[0m21:15:07.403670 [debug] [Thread-4 (]: Timing info for test.ecommerce_warehouse.unique_silver_orders_order_id.94ba774900 (compile): 21:15:07.383957 => 21:15:07.403282
[0m21:15:07.404755 [debug] [Thread-1 (]: Timing info for test.ecommerce_warehouse.unique_silver_customers_customer_id.4fbff98be3 (compile): 21:15:07.376754 => 21:15:07.404423
[0m21:15:07.405593 [debug] [Thread-4 (]: Began executing node test.ecommerce_warehouse.unique_silver_orders_order_id.94ba774900
[0m21:15:07.410104 [debug] [Thread-1 (]: Began executing node test.ecommerce_warehouse.unique_silver_customers_customer_id.4fbff98be3
[0m21:15:07.410806 [debug] [Thread-3 (]: Timing info for test.ecommerce_warehouse.relationships_silver_orders_customer_id__customer_id__ref_silver_customers_.5e306cf33e (compile): 21:15:07.366086 => 21:15:07.410475
[0m21:15:07.411290 [debug] [Thread-2 (]: Using postgres connection "test.ecommerce_warehouse.relationships_silver_order_items_order_id__order_id__ref_silver_orders_.1d0f2101da"
[0m21:15:07.413918 [debug] [Thread-4 (]: Writing runtime sql for node "test.ecommerce_warehouse.unique_silver_orders_order_id.94ba774900"
[0m21:15:07.416617 [debug] [Thread-1 (]: Writing runtime sql for node "test.ecommerce_warehouse.unique_silver_customers_customer_id.4fbff98be3"
[0m21:15:07.422092 [debug] [Thread-3 (]: Began executing node test.ecommerce_warehouse.relationships_silver_orders_customer_id__customer_id__ref_silver_customers_.5e306cf33e
[0m21:15:07.423562 [debug] [Thread-2 (]: On test.ecommerce_warehouse.relationships_silver_order_items_order_id__order_id__ref_silver_orders_.1d0f2101da: BEGIN
[0m21:15:07.431104 [debug] [Thread-4 (]: Using postgres connection "test.ecommerce_warehouse.unique_silver_orders_order_id.94ba774900"
[0m21:15:07.433416 [debug] [Thread-3 (]: Writing runtime sql for node "test.ecommerce_warehouse.relationships_silver_orders_customer_id__customer_id__ref_silver_customers_.5e306cf33e"
[0m21:15:07.434611 [debug] [Thread-2 (]: Opening a new connection, currently in state closed
[0m21:15:07.435166 [debug] [Thread-1 (]: Using postgres connection "test.ecommerce_warehouse.unique_silver_customers_customer_id.4fbff98be3"
[0m21:15:07.436205 [debug] [Thread-4 (]: On test.ecommerce_warehouse.unique_silver_orders_order_id.94ba774900: BEGIN
[0m21:15:07.439957 [debug] [Thread-1 (]: On test.ecommerce_warehouse.unique_silver_customers_customer_id.4fbff98be3: BEGIN
[0m21:15:07.441388 [debug] [Thread-4 (]: Opening a new connection, currently in state closed
[0m21:15:07.442506 [debug] [Thread-1 (]: Opening a new connection, currently in state closed
[0m21:15:07.444244 [debug] [Thread-2 (]: SQL status: BEGIN in 0.0 seconds
[0m21:15:07.445611 [debug] [Thread-2 (]: Using postgres connection "test.ecommerce_warehouse.relationships_silver_order_items_order_id__order_id__ref_silver_orders_.1d0f2101da"
[0m21:15:07.446959 [debug] [Thread-2 (]: On test.ecommerce_warehouse.relationships_silver_order_items_order_id__order_id__ref_silver_orders_.1d0f2101da: /* {"app": "dbt", "dbt_version": "1.7.7", "profile_name": "ecommerce_warehouse", "target_name": "dev", "node_id": "test.ecommerce_warehouse.relationships_silver_order_items_order_id__order_id__ref_silver_orders_.1d0f2101da"} */
select
      count(*) as failures,
      count(*) != 0 as should_warn,
      count(*) != 0 as should_error
    from (
      
    
    

with child as (
    select order_id as from_field
    from "warehouse"."public_silver"."silver_order_items"
    where order_id is not null
),

parent as (
    select order_id as to_field
    from "warehouse"."public_silver"."silver_orders"
)

select
    from_field

from child
left join parent
    on child.from_field = parent.to_field

where parent.to_field is null



      
    ) dbt_internal_test
[0m21:15:07.447644 [debug] [Thread-3 (]: Using postgres connection "test.ecommerce_warehouse.relationships_silver_orders_customer_id__customer_id__ref_silver_customers_.5e306cf33e"
[0m21:15:07.448994 [debug] [Thread-4 (]: SQL status: BEGIN in 0.0 seconds
[0m21:15:07.449725 [debug] [Thread-3 (]: On test.ecommerce_warehouse.relationships_silver_orders_customer_id__customer_id__ref_silver_customers_.5e306cf33e: BEGIN
[0m21:15:07.450136 [debug] [Thread-1 (]: SQL status: BEGIN in 0.0 seconds
[0m21:15:07.451138 [debug] [Thread-4 (]: Using postgres connection "test.ecommerce_warehouse.unique_silver_orders_order_id.94ba774900"
[0m21:15:07.452777 [debug] [Thread-3 (]: Opening a new connection, currently in state closed
[0m21:15:07.454973 [debug] [Thread-1 (]: Using postgres connection "test.ecommerce_warehouse.unique_silver_customers_customer_id.4fbff98be3"
[0m21:15:07.456717 [debug] [Thread-4 (]: On test.ecommerce_warehouse.unique_silver_orders_order_id.94ba774900: /* {"app": "dbt", "dbt_version": "1.7.7", "profile_name": "ecommerce_warehouse", "target_name": "dev", "node_id": "test.ecommerce_warehouse.unique_silver_orders_order_id.94ba774900"} */
select
      count(*) as failures,
      count(*) != 0 as should_warn,
      count(*) != 0 as should_error
    from (
      
    
    

select
    order_id as unique_field,
    count(*) as n_records

from "warehouse"."public_silver"."silver_orders"
where order_id is not null
group by order_id
having count(*) > 1



      
    ) dbt_internal_test
[0m21:15:07.459843 [debug] [Thread-1 (]: On test.ecommerce_warehouse.unique_silver_customers_customer_id.4fbff98be3: /* {"app": "dbt", "dbt_version": "1.7.7", "profile_name": "ecommerce_warehouse", "target_name": "dev", "node_id": "test.ecommerce_warehouse.unique_silver_customers_customer_id.4fbff98be3"} */
select
      count(*) as failures,
      count(*) != 0 as should_warn,
      count(*) != 0 as should_error
    from (
      
    
    

select
    customer_id as unique_field,
    count(*) as n_records

from "warehouse"."public_silver"."silver_customers"
where customer_id is not null
group by customer_id
having count(*) > 1



      
    ) dbt_internal_test
[0m21:15:07.472700 [debug] [Thread-3 (]: SQL status: BEGIN in 0.0 seconds
[0m21:15:07.474647 [debug] [Thread-3 (]: Using postgres connection "test.ecommerce_warehouse.relationships_silver_orders_customer_id__customer_id__ref_silver_customers_.5e306cf33e"
[0m21:15:07.476297 [debug] [Thread-3 (]: On test.ecommerce_warehouse.relationships_silver_orders_customer_id__customer_id__ref_silver_customers_.5e306cf33e: /* {"app": "dbt", "dbt_version": "1.7.7", "profile_name": "ecommerce_warehouse", "target_name": "dev", "node_id": "test.ecommerce_warehouse.relationships_silver_orders_customer_id__customer_id__ref_silver_customers_.5e306cf33e"} */
select
      count(*) as failures,
      count(*) != 0 as should_warn,
      count(*) != 0 as should_error
    from (
      
    
    

with child as (
    select customer_id as from_field
    from "warehouse"."public_silver"."silver_orders"
    where customer_id is not null
),

parent as (
    select customer_id as to_field
    from "warehouse"."public_silver"."silver_customers"
)

select
    from_field

from child
left join parent
    on child.from_field = parent.to_field

where parent.to_field is null



      
    ) dbt_internal_test
[0m21:15:07.530248 [debug] [Thread-2 (]: SQL status: SELECT 1 in 0.0 seconds
[0m21:15:07.534811 [debug] [Thread-2 (]: Timing info for test.ecommerce_warehouse.relationships_silver_order_items_order_id__order_id__ref_silver_orders_.1d0f2101da (execute): 21:15:07.394962 => 21:15:07.534117
[0m21:15:07.537653 [debug] [Thread-2 (]: On test.ecommerce_warehouse.relationships_silver_order_items_order_id__order_id__ref_silver_orders_.1d0f2101da: ROLLBACK
[0m21:15:07.540298 [debug] [Thread-2 (]: On test.ecommerce_warehouse.relationships_silver_order_items_order_id__order_id__ref_silver_orders_.1d0f2101da: Close
[0m21:15:07.543920 [info ] [Thread-2 (]: 5 of 8 PASS relationships_silver_order_items_order_id__order_id__ref_silver_orders_  [[32mPASS[0m in 0.20s]
[0m21:15:07.548743 [debug] [Thread-2 (]: Finished running node test.ecommerce_warehouse.relationships_silver_order_items_order_id__order_id__ref_silver_orders_.1d0f2101da
[0m21:15:07.567351 [debug] [Thread-3 (]: SQL status: SELECT 1 in 0.0 seconds
[0m21:15:07.573151 [debug] [Thread-3 (]: Timing info for test.ecommerce_warehouse.relationships_silver_orders_customer_id__customer_id__ref_silver_customers_.5e306cf33e (execute): 21:15:07.431443 => 21:15:07.572703
[0m21:15:07.575778 [debug] [Thread-3 (]: On test.ecommerce_warehouse.relationships_silver_orders_customer_id__customer_id__ref_silver_customers_.5e306cf33e: ROLLBACK
[0m21:15:07.578306 [debug] [Thread-3 (]: On test.ecommerce_warehouse.relationships_silver_orders_customer_id__customer_id__ref_silver_customers_.5e306cf33e: Close
[0m21:15:07.581225 [info ] [Thread-3 (]: 6 of 8 PASS relationships_silver_orders_customer_id__customer_id__ref_silver_customers_  [[32mPASS[0m in 0.23s]
[0m21:15:07.583414 [debug] [Thread-3 (]: Finished running node test.ecommerce_warehouse.relationships_silver_orders_customer_id__customer_id__ref_silver_customers_.5e306cf33e
[0m21:15:07.602111 [debug] [Thread-1 (]: SQL status: SELECT 1 in 0.0 seconds
[0m21:15:07.606637 [debug] [Thread-1 (]: Timing info for test.ecommerce_warehouse.unique_silver_customers_customer_id.4fbff98be3 (execute): 21:15:07.414921 => 21:15:07.606191
[0m21:15:07.607476 [debug] [Thread-4 (]: SQL status: SELECT 1 in 0.0 seconds
[0m21:15:07.609042 [debug] [Thread-1 (]: On test.ecommerce_warehouse.unique_silver_customers_customer_id.4fbff98be3: ROLLBACK
[0m21:15:07.612113 [debug] [Thread-4 (]: Timing info for test.ecommerce_warehouse.unique_silver_orders_order_id.94ba774900 (execute): 21:15:07.411998 => 21:15:07.611758
[0m21:15:07.614170 [debug] [Thread-1 (]: On test.ecommerce_warehouse.unique_silver_customers_customer_id.4fbff98be3: Close
[0m21:15:07.615325 [debug] [Thread-4 (]: On test.ecommerce_warehouse.unique_silver_orders_order_id.94ba774900: ROLLBACK
[0m21:15:07.617602 [info ] [Thread-1 (]: 7 of 8 PASS unique_silver_customers_customer_id ................................ [[32mPASS[0m in 0.27s]
[0m21:15:07.619563 [debug] [Thread-4 (]: On test.ecommerce_warehouse.unique_silver_orders_order_id.94ba774900: Close
[0m21:15:07.621730 [debug] [Thread-1 (]: Finished running node test.ecommerce_warehouse.unique_silver_customers_customer_id.4fbff98be3
[0m21:15:07.625126 [info ] [Thread-4 (]: 8 of 8 PASS unique_silver_orders_order_id ...................................... [[32mPASS[0m in 0.26s]
[0m21:15:07.628815 [debug] [Thread-4 (]: Finished running node test.ecommerce_warehouse.unique_silver_orders_order_id.94ba774900
[0m21:15:07.632828 [debug] [MainThread]: Using postgres connection "master"
[0m21:15:07.634905 [debug] [MainThread]: On master: BEGIN
[0m21:15:07.638031 [debug] [MainThread]: Opening a new connection, currently in state closed
[0m21:15:07.646006 [debug] [MainThread]: SQL status: BEGIN in 0.0 seconds
[0m21:15:07.647720 [debug] [MainThread]: On master: COMMIT
[0m21:15:07.648869 [debug] [MainThread]: Using postgres connection "master"
[0m21:15:07.650148 [debug] [MainThread]: On master: COMMIT
[0m21:15:07.651529 [debug] [MainThread]: SQL status: COMMIT in 0.0 seconds
[0m21:15:07.653082 [debug] [MainThread]: On master: Close
[0m21:15:07.656240 [debug] [MainThread]: Connection 'master' was properly closed.
[0m21:15:07.658823 [debug] [MainThread]: Connection 'test.ecommerce_warehouse.relationships_silver_order_items_order_id__order_id__ref_silver_orders_.1d0f2101da' was properly closed.
[0m21:15:07.660592 [debug] [MainThread]: Connection 'test.ecommerce_warehouse.unique_silver_customers_customer_id.4fbff98be3' was properly closed.
[0m21:15:07.661973 [debug] [MainThread]: Connection 'test.ecommerce_warehouse.relationships_silver_orders_customer_id__customer_id__ref_silver_customers_.5e306cf33e' was properly closed.
[0m21:15:07.663341 [debug] [MainThread]: Connection 'test.ecommerce_warehouse.unique_silver_orders_order_id.94ba774900' was properly closed.
[0m21:15:07.664743 [info ] [MainThread]: 
[0m21:15:07.666416 [info ] [MainThread]: Finished running 8 tests in 0 hours 0 minutes and 0.63 seconds (0.63s).
[0m21:15:07.670728 [debug] [MainThread]: Command end result
[0m21:15:07.696381 [info ] [MainThread]: 
[0m21:15:07.697942 [info ] [MainThread]: [32mCompleted successfully[0m
[0m21:15:07.699734 [info ] [MainThread]: 
[0m21:15:07.701272 [info ] [MainThread]: Done. PASS=8 WARN=0 ERROR=0 SKIP=0 TOTAL=8
[0m21:15:07.704378 [debug] [MainThread]: Resource report: {"command_name": "test", "command_success": true, "command_wall_clock_time": 1.3291649, "process_user_time": 2.806182, "process_kernel_time": 0.24226, "process_mem_max_rss": "161628", "process_in_blocks": "0", "process_out_blocks": "0"}
[0m21:15:07.706925 [debug] [MainThread]: Command `dbt test` succeeded at 21:15:07.706642 after 1.33 seconds
[0m21:15:07.708508 [debug] [MainThread]: Sending event: {'category': 'dbt', 'action': 'invocation', 'label': 'end', 'context': [<snowplow_tracker.self_describing_json.SelfDescribingJson object at 0x7c9a54738a90>, <snowplow_tracker.self_describing_json.SelfDescribingJson object at 0x7c9a53fd8750>, <snowplow_tracker.self_describing_json.SelfDescribingJson object at 0x7c9a5418aa90>]}
[0m21:15:07.710034 [debug] [MainThread]: Flushing usage events
[0m22:03:02.827186 [debug] [MainThread]: Sending event: {'category': 'dbt', 'action': 'invocation', 'label': 'start', 'context': [<snowplow_tracker.self_describing_json.SelfDescribingJson object at 0x75fc55213010>, <snowplow_tracker.self_describing_json.SelfDescribingJson object at 0x75fc55573bd0>, <snowplow_tracker.self_describing_json.SelfDescribingJson object at 0x75fc552122d0>]}


============================== 22:03:02.833496 | 757bca11-014d-43e8-8d39-4668305b5244 ==============================
[0m22:03:02.833496 [info ] [MainThread]: Running with dbt=1.7.7
[0m22:03:02.835182 [debug] [MainThread]: running dbt with arguments {'printer_width': '80', 'indirect_selection': 'eager', 'write_json': 'True', 'log_cache_events': 'False', 'partial_parse': 'True', 'cache_selected_only': 'False', 'profiles_dir': '.', 'debug': 'False', 'warn_error': 'None', 'log_path': '/opt/airflow/dbt_project/logs', 'version_check': 'True', 'fail_fast': 'False', 'use_colors': 'True', 'use_experimental_parser': 'False', 'no_print': 'None', 'quiet': 'False', 'warn_error_options': 'WarnErrorOptions(include=[], exclude=[])', 'invocation_command': 'dbt docs generate --profiles-dir .', 'introspect': 'True', 'static_parser': 'True', 'target_path': 'None', 'log_format': 'default', 'send_anonymous_usage_stats': 'True'}
[0m22:03:03.402266 [debug] [MainThread]: Sending event: {'category': 'dbt', 'action': 'project_id', 'label': '757bca11-014d-43e8-8d39-4668305b5244', 'context': [<snowplow_tracker.self_describing_json.SelfDescribingJson object at 0x75fc55298450>]}
[0m22:03:03.470175 [debug] [MainThread]: Sending event: {'category': 'dbt', 'action': 'adapter_info', 'label': '757bca11-014d-43e8-8d39-4668305b5244', 'context': [<snowplow_tracker.self_describing_json.SelfDescribingJson object at 0x75fc55656710>]}
[0m22:03:03.473056 [info ] [MainThread]: Registered adapter: postgres=1.7.7
[0m22:03:03.489509 [debug] [MainThread]: checksum: 54188551c516f4dd1c42b8d9c289f2bf49f18ae42632e2ba36a64ad29fd60da4, vars: {}, profile: , target: , version: 1.7.7
[0m22:03:03.976524 [debug] [MainThread]: Partial parsing enabled: 0 files deleted, 1 files added, 0 files changed.
[0m22:03:03.978868 [debug] [MainThread]: Partial parsing: added file: ecommerce_warehouse://models/schema.yml
[0m22:03:04.026266 [error] [MainThread]: Encountered an error:
Compilation Error
  dbt found two schema.yml entries for the same resource named gold_sales_by_state. Resources and their associated columns may only be described a single time. To fix this, remove the resource entry for gold_sales_by_state in one of these files:
   - models/schema.yml
  models/gold/schema.yml
[0m22:03:04.029157 [debug] [MainThread]: Resource report: {"command_name": "generate", "command_wall_clock_time": 1.2641991, "process_user_time": 2.550894, "process_kernel_time": 2.382173, "process_mem_max_rss": "128604", "process_in_blocks": "296", "command_success": false, "process_out_blocks": "0"}
[0m22:03:04.030805 [debug] [MainThread]: Command `dbt docs generate` failed at 22:03:04.030615 after 1.27 seconds
[0m22:03:04.031968 [debug] [MainThread]: Sending event: {'category': 'dbt', 'action': 'invocation', 'label': 'end', 'context': [<snowplow_tracker.self_describing_json.SelfDescribingJson object at 0x75fc5551d950>, <snowplow_tracker.self_describing_json.SelfDescribingJson object at 0x75fc5521c650>, <snowplow_tracker.self_describing_json.SelfDescribingJson object at 0x75fc54369350>]}
[0m22:03:04.033104 [debug] [MainThread]: Flushing usage events
[0m22:03:35.077505 [debug] [MainThread]: Sending event: {'category': 'dbt', 'action': 'invocation', 'label': 'start', 'context': [<snowplow_tracker.self_describing_json.SelfDescribingJson object at 0x756fa8e90350>, <snowplow_tracker.self_describing_json.SelfDescribingJson object at 0x756fa9603150>, <snowplow_tracker.self_describing_json.SelfDescribingJson object at 0x756fa8f38710>]}


============================== 22:03:35.083352 | ac0fb5d0-dce6-4a7a-a1b5-fb3abb9648f7 ==============================
[0m22:03:35.083352 [info ] [MainThread]: Running with dbt=1.7.7
[0m22:03:35.085123 [debug] [MainThread]: running dbt with arguments {'printer_width': '80', 'indirect_selection': 'eager', 'log_cache_events': 'False', 'write_json': 'True', 'partial_parse': 'True', 'cache_selected_only': 'False', 'warn_error': 'None', 'fail_fast': 'False', 'version_check': 'True', 'log_path': '/opt/airflow/dbt_project/logs', 'debug': 'False', 'profiles_dir': '.', 'use_colors': 'True', 'use_experimental_parser': 'False', 'no_print': 'None', 'quiet': 'False', 'warn_error_options': 'WarnErrorOptions(include=[], exclude=[])', 'invocation_command': 'dbt docs generate --profiles-dir .', 'introspect': 'True', 'log_format': 'default', 'target_path': 'None', 'static_parser': 'True', 'send_anonymous_usage_stats': 'True'}
[0m22:03:35.461947 [debug] [MainThread]: Sending event: {'category': 'dbt', 'action': 'project_id', 'label': 'ac0fb5d0-dce6-4a7a-a1b5-fb3abb9648f7', 'context': [<snowplow_tracker.self_describing_json.SelfDescribingJson object at 0x756fa848da90>]}
[0m22:03:35.618124 [debug] [MainThread]: Sending event: {'category': 'dbt', 'action': 'adapter_info', 'label': 'ac0fb5d0-dce6-4a7a-a1b5-fb3abb9648f7', 'context': [<snowplow_tracker.self_describing_json.SelfDescribingJson object at 0x756fa9748050>]}
[0m22:03:35.621827 [info ] [MainThread]: Registered adapter: postgres=1.7.7
[0m22:03:35.653618 [debug] [MainThread]: checksum: 54188551c516f4dd1c42b8d9c289f2bf49f18ae42632e2ba36a64ad29fd60da4, vars: {}, profile: , target: , version: 1.7.7
[0m22:03:36.005222 [debug] [MainThread]: Partial parsing enabled: 0 files deleted, 0 files added, 0 files changed.
[0m22:03:36.007035 [debug] [MainThread]: Partial parsing enabled, no changes found, skipping parsing
[0m22:03:36.013866 [debug] [MainThread]: Sending event: {'category': 'dbt', 'action': 'load_project', 'label': 'ac0fb5d0-dce6-4a7a-a1b5-fb3abb9648f7', 'context': [<snowplow_tracker.self_describing_json.SelfDescribingJson object at 0x756fa81e8310>]}
[0m22:03:36.039910 [debug] [MainThread]: Sending event: {'category': 'dbt', 'action': 'resource_counts', 'label': 'ac0fb5d0-dce6-4a7a-a1b5-fb3abb9648f7', 'context': [<snowplow_tracker.self_describing_json.SelfDescribingJson object at 0x756fa7d3bbd0>]}
[0m22:03:36.041855 [info ] [MainThread]: Found 6 models, 8 tests, 7 sources, 0 exposures, 0 metrics, 401 macros, 0 groups, 0 semantic models
[0m22:03:36.043907 [debug] [MainThread]: Sending event: {'category': 'dbt', 'action': 'runnable_timing', 'label': 'ac0fb5d0-dce6-4a7a-a1b5-fb3abb9648f7', 'context': [<snowplow_tracker.self_describing_json.SelfDescribingJson object at 0x756fa92a92d0>]}
[0m22:03:36.047289 [info ] [MainThread]: 
[0m22:03:36.050044 [debug] [MainThread]: Acquiring new postgres connection 'master'
[0m22:03:36.053505 [debug] [ThreadPool]: Acquiring new postgres connection 'list_warehouse_public_gold'
[0m22:03:36.055662 [debug] [ThreadPool]: Acquiring new postgres connection 'list_warehouse_public_silver'
[0m22:03:36.070023 [debug] [ThreadPool]: Using postgres connection "list_warehouse_public_gold"
[0m22:03:36.075082 [debug] [ThreadPool]: Using postgres connection "list_warehouse_public_silver"
[0m22:03:36.077192 [debug] [ThreadPool]: On list_warehouse_public_gold: BEGIN
[0m22:03:36.078575 [debug] [ThreadPool]: On list_warehouse_public_silver: BEGIN
[0m22:03:36.079932 [debug] [ThreadPool]: Opening a new connection, currently in state init
[0m22:03:36.081310 [debug] [ThreadPool]: Opening a new connection, currently in state init
[0m22:03:36.099483 [debug] [ThreadPool]: SQL status: BEGIN in 0.0 seconds
[0m22:03:36.100005 [debug] [ThreadPool]: SQL status: BEGIN in 0.0 seconds
[0m22:03:36.101475 [debug] [ThreadPool]: Using postgres connection "list_warehouse_public_gold"
[0m22:03:36.104255 [debug] [ThreadPool]: Using postgres connection "list_warehouse_public_silver"
[0m22:03:36.106863 [debug] [ThreadPool]: On list_warehouse_public_gold: /* {"app": "dbt", "dbt_version": "1.7.7", "profile_name": "ecommerce_warehouse", "target_name": "dev", "connection_name": "list_warehouse_public_gold"} */
select
      'warehouse' as database,
      tablename as name,
      schemaname as schema,
      'table' as type
    from pg_tables
    where schemaname ilike 'public_gold'
    union all
    select
      'warehouse' as database,
      viewname as name,
      schemaname as schema,
      'view' as type
    from pg_views
    where schemaname ilike 'public_gold'
    union all
    select
      'warehouse' as database,
      matviewname as name,
      schemaname as schema,
      'materialized_view' as type
    from pg_matviews
    where schemaname ilike 'public_gold'
  
[0m22:03:36.109269 [debug] [ThreadPool]: On list_warehouse_public_silver: /* {"app": "dbt", "dbt_version": "1.7.7", "profile_name": "ecommerce_warehouse", "target_name": "dev", "connection_name": "list_warehouse_public_silver"} */
select
      'warehouse' as database,
      tablename as name,
      schemaname as schema,
      'table' as type
    from pg_tables
    where schemaname ilike 'public_silver'
    union all
    select
      'warehouse' as database,
      viewname as name,
      schemaname as schema,
      'view' as type
    from pg_views
    where schemaname ilike 'public_silver'
    union all
    select
      'warehouse' as database,
      matviewname as name,
      schemaname as schema,
      'materialized_view' as type
    from pg_matviews
    where schemaname ilike 'public_silver'
  
[0m22:03:36.151215 [debug] [ThreadPool]: SQL status: SELECT 2 in 0.0 seconds
[0m22:03:36.151824 [debug] [ThreadPool]: SQL status: SELECT 4 in 0.0 seconds
[0m22:03:36.154303 [debug] [ThreadPool]: On list_warehouse_public_gold: ROLLBACK
[0m22:03:36.157568 [debug] [ThreadPool]: On list_warehouse_public_silver: ROLLBACK
[0m22:03:36.159898 [debug] [ThreadPool]: On list_warehouse_public_gold: Close
[0m22:03:36.161369 [debug] [ThreadPool]: On list_warehouse_public_silver: Close
[0m22:03:36.170699 [debug] [MainThread]: Using postgres connection "master"
[0m22:03:36.172948 [debug] [MainThread]: On master: BEGIN
[0m22:03:36.174839 [debug] [MainThread]: Opening a new connection, currently in state init
[0m22:03:36.182836 [debug] [MainThread]: SQL status: BEGIN in 0.0 seconds
[0m22:03:36.184693 [debug] [MainThread]: Using postgres connection "master"
[0m22:03:36.186696 [debug] [MainThread]: On master: /* {"app": "dbt", "dbt_version": "1.7.7", "profile_name": "ecommerce_warehouse", "target_name": "dev", "connection_name": "master"} */
with relation as (
        select
            pg_rewrite.ev_class as class,
            pg_rewrite.oid as id
        from pg_rewrite
    ),
    class as (
        select
            oid as id,
            relname as name,
            relnamespace as schema,
            relkind as kind
        from pg_class
    ),
    dependency as (
        select distinct
            pg_depend.objid as id,
            pg_depend.refobjid as ref
        from pg_depend
    ),
    schema as (
        select
            pg_namespace.oid as id,
            pg_namespace.nspname as name
        from pg_namespace
        where nspname != 'information_schema' and nspname not like 'pg\_%'
    ),
    referenced as (
        select
            relation.id AS id,
            referenced_class.name ,
            referenced_class.schema ,
            referenced_class.kind
        from relation
        join class as referenced_class on relation.class=referenced_class.id
        where referenced_class.kind in ('r', 'v', 'm')
    ),
    relationships as (
        select
            referenced.name as referenced_name,
            referenced.schema as referenced_schema_id,
            dependent_class.name as dependent_name,
            dependent_class.schema as dependent_schema_id,
            referenced.kind as kind
        from referenced
        join dependency on referenced.id=dependency.id
        join class as dependent_class on dependency.ref=dependent_class.id
        where
            (referenced.name != dependent_class.name or
             referenced.schema != dependent_class.schema)
    )

    select
        referenced_schema.name as referenced_schema,
        relationships.referenced_name as referenced_name,
        dependent_schema.name as dependent_schema,
        relationships.dependent_name as dependent_name
    from relationships
    join schema as dependent_schema on relationships.dependent_schema_id=dependent_schema.id
    join schema as referenced_schema on relationships.referenced_schema_id=referenced_schema.id
    group by referenced_schema, referenced_name, dependent_schema, dependent_name
    order by referenced_schema, referenced_name, dependent_schema, dependent_name;
[0m22:03:36.239296 [debug] [MainThread]: SQL status: SELECT 0 in 0.0 seconds
[0m22:03:36.242759 [debug] [MainThread]: Sending event: {'category': 'dbt', 'action': 'runnable_timing', 'label': 'ac0fb5d0-dce6-4a7a-a1b5-fb3abb9648f7', 'context': [<snowplow_tracker.self_describing_json.SelfDescribingJson object at 0x756fac3a13d0>]}
[0m22:03:36.244553 [debug] [MainThread]: On master: ROLLBACK
[0m22:03:36.246485 [debug] [MainThread]: On master: Close
[0m22:03:36.248598 [info ] [MainThread]: Concurrency: 4 threads (target='dev')
[0m22:03:36.250391 [info ] [MainThread]: 
[0m22:03:36.262793 [debug] [Thread-1 (]: Began running node model.ecommerce_warehouse.silver_customers
[0m22:03:36.263604 [debug] [Thread-2 (]: Began running node model.ecommerce_warehouse.silver_order_items
[0m22:03:36.264277 [debug] [Thread-3 (]: Began running node model.ecommerce_warehouse.silver_orders
[0m22:03:36.264884 [debug] [Thread-4 (]: Began running node model.ecommerce_warehouse.silver_products
[0m22:03:36.266364 [debug] [Thread-1 (]: Re-using an available connection from the pool (formerly list_warehouse_public_silver, now model.ecommerce_warehouse.silver_customers)
[0m22:03:36.268324 [debug] [Thread-2 (]: Re-using an available connection from the pool (formerly list_warehouse_public_gold, now model.ecommerce_warehouse.silver_order_items)
[0m22:03:36.271509 [debug] [Thread-3 (]: Acquiring new postgres connection 'model.ecommerce_warehouse.silver_orders'
[0m22:03:36.274444 [debug] [Thread-4 (]: Acquiring new postgres connection 'model.ecommerce_warehouse.silver_products'
[0m22:03:36.276931 [debug] [Thread-1 (]: Began compiling node model.ecommerce_warehouse.silver_customers
[0m22:03:36.278797 [debug] [Thread-2 (]: Began compiling node model.ecommerce_warehouse.silver_order_items
[0m22:03:36.280547 [debug] [Thread-3 (]: Began compiling node model.ecommerce_warehouse.silver_orders
[0m22:03:36.282133 [debug] [Thread-4 (]: Began compiling node model.ecommerce_warehouse.silver_products
[0m22:03:36.291864 [debug] [Thread-1 (]: Writing injected SQL for node "model.ecommerce_warehouse.silver_customers"
[0m22:03:36.298838 [debug] [Thread-2 (]: Writing injected SQL for node "model.ecommerce_warehouse.silver_order_items"
[0m22:03:36.303869 [debug] [Thread-3 (]: Writing injected SQL for node "model.ecommerce_warehouse.silver_orders"
[0m22:03:36.311479 [debug] [Thread-4 (]: Writing injected SQL for node "model.ecommerce_warehouse.silver_products"
[0m22:03:36.349331 [debug] [Thread-3 (]: Timing info for model.ecommerce_warehouse.silver_orders (compile): 22:03:36.300009 => 22:03:36.348818
[0m22:03:36.349975 [debug] [Thread-4 (]: Timing info for model.ecommerce_warehouse.silver_products (compile): 22:03:36.306172 => 22:03:36.349651
[0m22:03:36.351389 [debug] [Thread-3 (]: Began executing node model.ecommerce_warehouse.silver_orders
[0m22:03:36.352700 [debug] [Thread-1 (]: Timing info for model.ecommerce_warehouse.silver_customers (compile): 22:03:36.283221 => 22:03:36.352373
[0m22:03:36.353566 [debug] [Thread-4 (]: Began executing node model.ecommerce_warehouse.silver_products
[0m22:03:36.354205 [debug] [Thread-2 (]: Timing info for model.ecommerce_warehouse.silver_order_items (compile): 22:03:36.293493 => 22:03:36.353966
[0m22:03:36.355345 [debug] [Thread-3 (]: Timing info for model.ecommerce_warehouse.silver_orders (execute): 22:03:36.355097 => 22:03:36.355121
[0m22:03:36.356495 [debug] [Thread-1 (]: Began executing node model.ecommerce_warehouse.silver_customers
[0m22:03:36.357702 [debug] [Thread-4 (]: Timing info for model.ecommerce_warehouse.silver_products (execute): 22:03:36.357438 => 22:03:36.357456
[0m22:03:36.358905 [debug] [Thread-2 (]: Began executing node model.ecommerce_warehouse.silver_order_items
[0m22:03:36.360744 [debug] [Thread-3 (]: Finished running node model.ecommerce_warehouse.silver_orders
[0m22:03:36.362251 [debug] [Thread-1 (]: Timing info for model.ecommerce_warehouse.silver_customers (execute): 22:03:36.361996 => 22:03:36.362012
[0m22:03:36.364512 [debug] [Thread-4 (]: Finished running node model.ecommerce_warehouse.silver_products
[0m22:03:36.366108 [debug] [Thread-2 (]: Timing info for model.ecommerce_warehouse.silver_order_items (execute): 22:03:36.365789 => 22:03:36.365807
[0m22:03:36.368005 [debug] [Thread-3 (]: Began running node test.ecommerce_warehouse.not_null_silver_orders_customer_id.c470afc0be
[0m22:03:36.369385 [debug] [Thread-1 (]: Finished running node model.ecommerce_warehouse.silver_customers
[0m22:03:36.370437 [debug] [Thread-4 (]: Began running node test.ecommerce_warehouse.not_null_silver_orders_order_id.36e5019145
[0m22:03:36.372233 [debug] [Thread-2 (]: Finished running node model.ecommerce_warehouse.silver_order_items
[0m22:03:36.373803 [debug] [Thread-3 (]: Re-using an available connection from the pool (formerly model.ecommerce_warehouse.silver_orders, now test.ecommerce_warehouse.not_null_silver_orders_customer_id.c470afc0be)
[0m22:03:36.375153 [debug] [Thread-1 (]: Began running node test.ecommerce_warehouse.unique_silver_orders_order_id.94ba774900
[0m22:03:36.376703 [debug] [Thread-4 (]: Re-using an available connection from the pool (formerly model.ecommerce_warehouse.silver_products, now test.ecommerce_warehouse.not_null_silver_orders_order_id.36e5019145)
[0m22:03:36.378129 [debug] [Thread-2 (]: Began running node test.ecommerce_warehouse.not_null_silver_customers_customer_id.9f5f8d4493
[0m22:03:36.379397 [debug] [Thread-3 (]: Began compiling node test.ecommerce_warehouse.not_null_silver_orders_customer_id.c470afc0be
[0m22:03:36.380955 [debug] [Thread-1 (]: Re-using an available connection from the pool (formerly model.ecommerce_warehouse.silver_customers, now test.ecommerce_warehouse.unique_silver_orders_order_id.94ba774900)
[0m22:03:36.382212 [debug] [Thread-4 (]: Began compiling node test.ecommerce_warehouse.not_null_silver_orders_order_id.36e5019145
[0m22:03:36.383506 [debug] [Thread-2 (]: Re-using an available connection from the pool (formerly model.ecommerce_warehouse.silver_order_items, now test.ecommerce_warehouse.not_null_silver_customers_customer_id.9f5f8d4493)
[0m22:03:36.396044 [debug] [Thread-3 (]: Writing injected SQL for node "test.ecommerce_warehouse.not_null_silver_orders_customer_id.c470afc0be"
[0m22:03:36.397192 [debug] [Thread-1 (]: Began compiling node test.ecommerce_warehouse.unique_silver_orders_order_id.94ba774900
[0m22:03:36.402603 [debug] [Thread-4 (]: Writing injected SQL for node "test.ecommerce_warehouse.not_null_silver_orders_order_id.36e5019145"
[0m22:03:36.404592 [debug] [Thread-2 (]: Began compiling node test.ecommerce_warehouse.not_null_silver_customers_customer_id.9f5f8d4493
[0m22:03:36.413048 [debug] [Thread-1 (]: Writing injected SQL for node "test.ecommerce_warehouse.unique_silver_orders_order_id.94ba774900"
[0m22:03:36.419800 [debug] [Thread-2 (]: Writing injected SQL for node "test.ecommerce_warehouse.not_null_silver_customers_customer_id.9f5f8d4493"
[0m22:03:36.421755 [debug] [Thread-3 (]: Timing info for test.ecommerce_warehouse.not_null_silver_orders_customer_id.c470afc0be (compile): 22:03:36.384460 => 22:03:36.421436
[0m22:03:36.423404 [debug] [Thread-3 (]: Began executing node test.ecommerce_warehouse.not_null_silver_orders_customer_id.c470afc0be
[0m22:03:36.423933 [debug] [Thread-4 (]: Timing info for test.ecommerce_warehouse.not_null_silver_orders_order_id.36e5019145 (compile): 22:03:36.398847 => 22:03:36.423652
[0m22:03:36.425575 [debug] [Thread-3 (]: Timing info for test.ecommerce_warehouse.not_null_silver_orders_customer_id.c470afc0be (execute): 22:03:36.425065 => 22:03:36.425095
[0m22:03:36.426308 [debug] [Thread-1 (]: Timing info for test.ecommerce_warehouse.unique_silver_orders_order_id.94ba774900 (compile): 22:03:36.407121 => 22:03:36.426041
[0m22:03:36.427395 [debug] [Thread-4 (]: Began executing node test.ecommerce_warehouse.not_null_silver_orders_order_id.36e5019145
[0m22:03:36.428016 [debug] [Thread-2 (]: Timing info for test.ecommerce_warehouse.not_null_silver_customers_customer_id.9f5f8d4493 (compile): 22:03:36.415073 => 22:03:36.427800
[0m22:03:36.430185 [debug] [Thread-3 (]: Finished running node test.ecommerce_warehouse.not_null_silver_orders_customer_id.c470afc0be
[0m22:03:36.431582 [debug] [Thread-1 (]: Began executing node test.ecommerce_warehouse.unique_silver_orders_order_id.94ba774900
[0m22:03:36.432888 [debug] [Thread-4 (]: Timing info for test.ecommerce_warehouse.not_null_silver_orders_order_id.36e5019145 (execute): 22:03:36.432652 => 22:03:36.432667
[0m22:03:36.433971 [debug] [Thread-2 (]: Began executing node test.ecommerce_warehouse.not_null_silver_customers_customer_id.9f5f8d4493
[0m22:03:36.435273 [debug] [Thread-3 (]: Began running node test.ecommerce_warehouse.relationships_silver_orders_customer_id__customer_id__ref_silver_customers_.5e306cf33e
[0m22:03:36.436504 [debug] [Thread-1 (]: Timing info for test.ecommerce_warehouse.unique_silver_orders_order_id.94ba774900 (execute): 22:03:36.436256 => 22:03:36.436270
[0m22:03:36.438022 [debug] [Thread-4 (]: Finished running node test.ecommerce_warehouse.not_null_silver_orders_order_id.36e5019145
[0m22:03:36.439126 [debug] [Thread-2 (]: Timing info for test.ecommerce_warehouse.not_null_silver_customers_customer_id.9f5f8d4493 (execute): 22:03:36.438902 => 22:03:36.438913
[0m22:03:36.440813 [debug] [Thread-3 (]: Re-using an available connection from the pool (formerly test.ecommerce_warehouse.not_null_silver_orders_customer_id.c470afc0be, now test.ecommerce_warehouse.relationships_silver_orders_customer_id__customer_id__ref_silver_customers_.5e306cf33e)
[0m22:03:36.442620 [debug] [Thread-1 (]: Finished running node test.ecommerce_warehouse.unique_silver_orders_order_id.94ba774900
[0m22:03:36.443778 [debug] [Thread-4 (]: Began running node test.ecommerce_warehouse.unique_silver_customers_customer_id.4fbff98be3
[0m22:03:36.445415 [debug] [Thread-2 (]: Finished running node test.ecommerce_warehouse.not_null_silver_customers_customer_id.9f5f8d4493
[0m22:03:36.446645 [debug] [Thread-3 (]: Began compiling node test.ecommerce_warehouse.relationships_silver_orders_customer_id__customer_id__ref_silver_customers_.5e306cf33e
[0m22:03:36.447740 [debug] [Thread-1 (]: Began running node model.ecommerce_warehouse.gold_customer_lifetime_value
[0m22:03:36.449131 [debug] [Thread-4 (]: Re-using an available connection from the pool (formerly test.ecommerce_warehouse.not_null_silver_orders_order_id.36e5019145, now test.ecommerce_warehouse.unique_silver_customers_customer_id.4fbff98be3)
[0m22:03:36.450470 [debug] [Thread-2 (]: Began running node model.ecommerce_warehouse.gold_sales_by_state
[0m22:03:36.459122 [debug] [Thread-3 (]: Writing injected SQL for node "test.ecommerce_warehouse.relationships_silver_orders_customer_id__customer_id__ref_silver_customers_.5e306cf33e"
[0m22:03:36.460704 [debug] [Thread-1 (]: Re-using an available connection from the pool (formerly test.ecommerce_warehouse.unique_silver_orders_order_id.94ba774900, now model.ecommerce_warehouse.gold_customer_lifetime_value)
[0m22:03:36.462068 [debug] [Thread-4 (]: Began compiling node test.ecommerce_warehouse.unique_silver_customers_customer_id.4fbff98be3
[0m22:03:36.464801 [debug] [Thread-2 (]: Re-using an available connection from the pool (formerly test.ecommerce_warehouse.not_null_silver_customers_customer_id.9f5f8d4493, now model.ecommerce_warehouse.gold_sales_by_state)
[0m22:03:36.467034 [debug] [Thread-1 (]: Began compiling node model.ecommerce_warehouse.gold_customer_lifetime_value
[0m22:03:36.472638 [debug] [Thread-4 (]: Writing injected SQL for node "test.ecommerce_warehouse.unique_silver_customers_customer_id.4fbff98be3"
[0m22:03:36.474729 [debug] [Thread-2 (]: Began compiling node model.ecommerce_warehouse.gold_sales_by_state
[0m22:03:36.479104 [debug] [Thread-1 (]: Writing injected SQL for node "model.ecommerce_warehouse.gold_customer_lifetime_value"
[0m22:03:36.481618 [debug] [Thread-3 (]: Timing info for test.ecommerce_warehouse.relationships_silver_orders_customer_id__customer_id__ref_silver_customers_.5e306cf33e (compile): 22:03:36.451562 => 22:03:36.480994
[0m22:03:36.485685 [debug] [Thread-2 (]: Writing injected SQL for node "model.ecommerce_warehouse.gold_sales_by_state"
[0m22:03:36.489912 [debug] [Thread-3 (]: Began executing node test.ecommerce_warehouse.relationships_silver_orders_customer_id__customer_id__ref_silver_customers_.5e306cf33e
[0m22:03:36.493027 [debug] [Thread-3 (]: Timing info for test.ecommerce_warehouse.relationships_silver_orders_customer_id__customer_id__ref_silver_customers_.5e306cf33e (execute): 22:03:36.492564 => 22:03:36.492586
[0m22:03:36.495383 [debug] [Thread-1 (]: Timing info for model.ecommerce_warehouse.gold_customer_lifetime_value (compile): 22:03:36.475978 => 22:03:36.494792
[0m22:03:36.497112 [debug] [Thread-3 (]: Finished running node test.ecommerce_warehouse.relationships_silver_orders_customer_id__customer_id__ref_silver_customers_.5e306cf33e
[0m22:03:36.497893 [debug] [Thread-4 (]: Timing info for test.ecommerce_warehouse.unique_silver_customers_customer_id.4fbff98be3 (compile): 22:03:36.468013 => 22:03:36.497613
[0m22:03:36.499601 [debug] [Thread-1 (]: Began executing node model.ecommerce_warehouse.gold_customer_lifetime_value
[0m22:03:36.500496 [debug] [Thread-2 (]: Timing info for model.ecommerce_warehouse.gold_sales_by_state (compile): 22:03:36.482506 => 22:03:36.500054
[0m22:03:36.501884 [debug] [Thread-3 (]: Began running node test.ecommerce_warehouse.not_null_silver_order_items_order_id.a7ed830788
[0m22:03:36.503850 [debug] [Thread-4 (]: Began executing node test.ecommerce_warehouse.unique_silver_customers_customer_id.4fbff98be3
[0m22:03:36.505643 [debug] [Thread-1 (]: Timing info for model.ecommerce_warehouse.gold_customer_lifetime_value (execute): 22:03:36.505293 => 22:03:36.505309
[0m22:03:36.507110 [debug] [Thread-2 (]: Began executing node model.ecommerce_warehouse.gold_sales_by_state
[0m22:03:36.508959 [debug] [Thread-3 (]: Re-using an available connection from the pool (formerly test.ecommerce_warehouse.relationships_silver_orders_customer_id__customer_id__ref_silver_customers_.5e306cf33e, now test.ecommerce_warehouse.not_null_silver_order_items_order_id.a7ed830788)
[0m22:03:36.510830 [debug] [Thread-4 (]: Timing info for test.ecommerce_warehouse.unique_silver_customers_customer_id.4fbff98be3 (execute): 22:03:36.510405 => 22:03:36.510423
[0m22:03:36.513030 [debug] [Thread-1 (]: Finished running node model.ecommerce_warehouse.gold_customer_lifetime_value
[0m22:03:36.514999 [debug] [Thread-2 (]: Timing info for model.ecommerce_warehouse.gold_sales_by_state (execute): 22:03:36.514635 => 22:03:36.514655
[0m22:03:36.516668 [debug] [Thread-3 (]: Began compiling node test.ecommerce_warehouse.not_null_silver_order_items_order_id.a7ed830788
[0m22:03:36.519020 [debug] [Thread-4 (]: Finished running node test.ecommerce_warehouse.unique_silver_customers_customer_id.4fbff98be3
[0m22:03:36.520580 [debug] [Thread-1 (]: Began running node test.ecommerce_warehouse.relationships_silver_order_items_order_id__order_id__ref_silver_orders_.1d0f2101da
[0m22:03:36.522492 [debug] [Thread-2 (]: Finished running node model.ecommerce_warehouse.gold_sales_by_state
[0m22:03:36.528541 [debug] [Thread-3 (]: Writing injected SQL for node "test.ecommerce_warehouse.not_null_silver_order_items_order_id.a7ed830788"
[0m22:03:36.532729 [debug] [Thread-1 (]: Re-using an available connection from the pool (formerly model.ecommerce_warehouse.gold_customer_lifetime_value, now test.ecommerce_warehouse.relationships_silver_order_items_order_id__order_id__ref_silver_orders_.1d0f2101da)
[0m22:03:36.537369 [debug] [Thread-1 (]: Began compiling node test.ecommerce_warehouse.relationships_silver_order_items_order_id__order_id__ref_silver_orders_.1d0f2101da
[0m22:03:36.544460 [debug] [Thread-1 (]: Writing injected SQL for node "test.ecommerce_warehouse.relationships_silver_order_items_order_id__order_id__ref_silver_orders_.1d0f2101da"
[0m22:03:36.552430 [debug] [Thread-3 (]: Timing info for test.ecommerce_warehouse.not_null_silver_order_items_order_id.a7ed830788 (compile): 22:03:36.523582 => 22:03:36.551931
[0m22:03:36.554089 [debug] [Thread-3 (]: Began executing node test.ecommerce_warehouse.not_null_silver_order_items_order_id.a7ed830788
[0m22:03:36.554925 [debug] [Thread-1 (]: Timing info for test.ecommerce_warehouse.relationships_silver_order_items_order_id__order_id__ref_silver_orders_.1d0f2101da (compile): 22:03:36.538677 => 22:03:36.554599
[0m22:03:36.555903 [debug] [Thread-3 (]: Timing info for test.ecommerce_warehouse.not_null_silver_order_items_order_id.a7ed830788 (execute): 22:03:36.555650 => 22:03:36.555664
[0m22:03:36.557169 [debug] [Thread-1 (]: Began executing node test.ecommerce_warehouse.relationships_silver_order_items_order_id__order_id__ref_silver_orders_.1d0f2101da
[0m22:03:36.558978 [debug] [Thread-3 (]: Finished running node test.ecommerce_warehouse.not_null_silver_order_items_order_id.a7ed830788
[0m22:03:36.560867 [debug] [Thread-1 (]: Timing info for test.ecommerce_warehouse.relationships_silver_order_items_order_id__order_id__ref_silver_orders_.1d0f2101da (execute): 22:03:36.560531 => 22:03:36.560548
[0m22:03:36.564471 [debug] [Thread-1 (]: Finished running node test.ecommerce_warehouse.relationships_silver_order_items_order_id__order_id__ref_silver_orders_.1d0f2101da
[0m22:03:36.567499 [debug] [MainThread]: Connection 'master' was properly closed.
[0m22:03:36.568909 [debug] [MainThread]: Connection 'model.ecommerce_warehouse.gold_sales_by_state' was properly closed.
[0m22:03:36.570144 [debug] [MainThread]: Connection 'test.ecommerce_warehouse.relationships_silver_order_items_order_id__order_id__ref_silver_orders_.1d0f2101da' was properly closed.
[0m22:03:36.571248 [debug] [MainThread]: Connection 'test.ecommerce_warehouse.not_null_silver_order_items_order_id.a7ed830788' was properly closed.
[0m22:03:36.572485 [debug] [MainThread]: Connection 'test.ecommerce_warehouse.unique_silver_customers_customer_id.4fbff98be3' was properly closed.
[0m22:03:36.575159 [debug] [MainThread]: Command end result
[0m22:03:36.684347 [debug] [MainThread]: Acquiring new postgres connection 'generate_catalog'
[0m22:03:36.685815 [info ] [MainThread]: Building catalog
[0m22:03:36.690228 [debug] [ThreadPool]: Acquiring new postgres connection 'warehouse.information_schema'
[0m22:03:36.697192 [debug] [ThreadPool]: Using postgres connection "warehouse.information_schema"
[0m22:03:36.698699 [debug] [ThreadPool]: On warehouse.information_schema: BEGIN
[0m22:03:36.699792 [debug] [ThreadPool]: Opening a new connection, currently in state init
[0m22:03:36.707500 [debug] [ThreadPool]: SQL status: BEGIN in 0.0 seconds
[0m22:03:36.709331 [debug] [ThreadPool]: Using postgres connection "warehouse.information_schema"
[0m22:03:36.710879 [debug] [ThreadPool]: On warehouse.information_schema: /* {"app": "dbt", "dbt_version": "1.7.7", "profile_name": "ecommerce_warehouse", "target_name": "dev", "connection_name": "warehouse.information_schema"} */

    
    

    select
        'warehouse' as table_database,
        sch.nspname as table_schema,
        tbl.relname as table_name,
        case tbl.relkind
            when 'v' then 'VIEW'
            when 'm' then 'MATERIALIZED VIEW'
            else 'BASE TABLE'
        end as table_type,
        tbl_desc.description as table_comment,
        col.attname as column_name,
        col.attnum as column_index,
        pg_catalog.format_type(col.atttypid, col.atttypmod) as column_type,
        col_desc.description as column_comment,
        pg_get_userbyid(tbl.relowner) as table_owner

    from pg_catalog.pg_namespace sch
    join pg_catalog.pg_class tbl on tbl.relnamespace = sch.oid
    join pg_catalog.pg_attribute col on col.attrelid = tbl.oid
    left outer join pg_catalog.pg_description tbl_desc on (tbl_desc.objoid = tbl.oid and tbl_desc.objsubid = 0)
    left outer join pg_catalog.pg_description col_desc on (col_desc.objoid = tbl.oid and col_desc.objsubid = col.attnum)
    where ((upper(sch.nspname) = upper('bronze') and
           upper(tbl.relname) = upper('order_items')) or (upper(sch.nspname) = upper('public_silver') and
           upper(tbl.relname) = upper('silver_order_items')) or (upper(sch.nspname) = upper('bronze') and
           upper(tbl.relname) = upper('sellers')) or (upper(sch.nspname) = upper('bronze') and
           upper(tbl.relname) = upper('customers')) or (upper(sch.nspname) = upper('public_silver') and
           upper(tbl.relname) = upper('silver_products')) or (upper(sch.nspname) = upper('public_silver') and
           upper(tbl.relname) = upper('silver_orders')) or (upper(sch.nspname) = upper('public_gold') and
           upper(tbl.relname) = upper('gold_customer_lifetime_value')) or (upper(sch.nspname) = upper('bronze') and
           upper(tbl.relname) = upper('orders')) or (upper(sch.nspname) = upper('public_silver') and
           upper(tbl.relname) = upper('silver_customers')) or (upper(sch.nspname) = upper('public_gold') and
           upper(tbl.relname) = upper('gold_sales_by_state')) or (upper(sch.nspname) = upper('bronze') and
           upper(tbl.relname) = upper('payments')) or (upper(sch.nspname) = upper('bronze') and
           upper(tbl.relname) = upper('products')) or (upper(sch.nspname) = upper('bronze') and
           upper(tbl.relname) = upper('reviews')))
      and not pg_is_other_temp_schema(sch.oid) -- not a temporary schema belonging to another session
      and tbl.relpersistence in ('p', 'u') -- [p]ermanent table or [u]nlogged table. Exclude [t]emporary tables
      and tbl.relkind in ('r', 'v', 'f', 'p', 'm') -- o[r]dinary table, [v]iew, [f]oreign table, [p]artitioned table, [m]aterialized view. Other values are [i]ndex, [S]equence, [c]omposite type, [t]OAST table
      and col.attnum > 0 -- negative numbers are used for system columns such as oid
      and not col.attisdropped -- column as not been dropped

    order by
        sch.nspname,
        tbl.relname,
        col.attnum
[0m22:03:36.743582 [debug] [ThreadPool]: SQL status: SELECT 108 in 0.0 seconds
[0m22:03:36.750710 [debug] [ThreadPool]: On warehouse.information_schema: ROLLBACK
[0m22:03:36.752384 [debug] [ThreadPool]: On warehouse.information_schema: Close
[0m22:03:36.783562 [info ] [MainThread]: Catalog written to /opt/airflow/dbt_project/target/catalog.json
[0m22:03:36.785875 [debug] [MainThread]: Resource report: {"command_name": "generate", "command_success": true, "command_wall_clock_time": 1.7557411, "process_user_time": 2.72638, "process_kernel_time": 0.587096, "process_mem_max_rss": "135124", "process_in_blocks": "2928", "process_out_blocks": "0"}
[0m22:03:36.787357 [debug] [MainThread]: Command `dbt docs generate` succeeded at 22:03:36.787179 after 1.76 seconds
[0m22:03:36.788434 [debug] [MainThread]: Connection 'generate_catalog' was properly closed.
[0m22:03:36.789395 [debug] [MainThread]: Connection 'warehouse.information_schema' was properly closed.
[0m22:03:36.790479 [debug] [MainThread]: Sending event: {'category': 'dbt', 'action': 'invocation', 'label': 'end', 'context': [<snowplow_tracker.self_describing_json.SelfDescribingJson object at 0x756fa9154f90>, <snowplow_tracker.self_describing_json.SelfDescribingJson object at 0x756fa7996650>, <snowplow_tracker.self_describing_json.SelfDescribingJson object at 0x756fa8c48090>]}
[0m22:03:36.792594 [debug] [MainThread]: Flushing usage events
