[2026-02-06T21:45:24.870+0000] {processor.py:161} INFO - Started process (PID=225) to work on /opt/airflow/dags/data_quality_checks.py
[2026-02-06T21:45:24.872+0000] {processor.py:830} INFO - Processing file /opt/airflow/dags/data_quality_checks.py for tasks to queue
[2026-02-06T21:45:24.875+0000] {logging_mixin.py:188} INFO - [2026-02-06T21:45:24.873+0000] {dagbag.py:538} INFO - Filling up the DagBag from /opt/airflow/dags/data_quality_checks.py
[2026-02-06T21:45:37.705+0000] {logging_mixin.py:188} INFO - [2026-02-06T21:45:37.704+0000] {warnings.py:110} WARNING - /opt/airflow/dags/data_quality_checks.py:50: RemovedInAirflow3Warning: Param `schedule_interval` is deprecated and will be removed in a future release. Please use `schedule` instead. 
  with DAG(
[2026-02-06T21:45:37.713+0000] {processor.py:840} INFO - DAG(s) 'data_quality_checks' retrieved from /opt/airflow/dags/data_quality_checks.py
[2026-02-06T21:45:37.767+0000] {logging_mixin.py:188} INFO - [2026-02-06T21:45:37.766+0000] {dag.py:3036} INFO - Sync 1 DAGs
[2026-02-06T21:45:37.798+0000] {logging_mixin.py:188} INFO - [2026-02-06T21:45:37.797+0000] {dag.py:3823} INFO - Setting next_dagrun for data_quality_checks to 2026-02-05 00:00:00+00:00, run_after=2026-02-06 00:00:00+00:00
[2026-02-06T21:45:37.829+0000] {processor.py:183} INFO - Processing /opt/airflow/dags/data_quality_checks.py took 12.975 seconds
[2026-02-06T21:46:08.794+0000] {processor.py:161} INFO - Started process (PID=300) to work on /opt/airflow/dags/data_quality_checks.py
[2026-02-06T21:46:08.796+0000] {processor.py:830} INFO - Processing file /opt/airflow/dags/data_quality_checks.py for tasks to queue
[2026-02-06T21:46:08.797+0000] {logging_mixin.py:188} INFO - [2026-02-06T21:46:08.797+0000] {dagbag.py:538} INFO - Filling up the DagBag from /opt/airflow/dags/data_quality_checks.py
[2026-02-06T21:46:13.664+0000] {logging_mixin.py:188} INFO - [2026-02-06T21:46:13.664+0000] {warnings.py:110} WARNING - /opt/airflow/dags/data_quality_checks.py:50: RemovedInAirflow3Warning: Param `schedule_interval` is deprecated and will be removed in a future release. Please use `schedule` instead. 
  with DAG(
[2026-02-06T21:46:13.673+0000] {processor.py:840} INFO - DAG(s) 'data_quality_checks' retrieved from /opt/airflow/dags/data_quality_checks.py
[2026-02-06T21:46:13.988+0000] {logging_mixin.py:188} INFO - [2026-02-06T21:46:13.987+0000] {dag.py:3036} INFO - Sync 1 DAGs
[2026-02-06T21:46:14.037+0000] {logging_mixin.py:188} INFO - [2026-02-06T21:46:14.037+0000] {dag.py:3823} INFO - Setting next_dagrun for data_quality_checks to 2026-02-05 00:00:00+00:00, run_after=2026-02-06 00:00:00+00:00
[2026-02-06T21:46:14.091+0000] {processor.py:183} INFO - Processing /opt/airflow/dags/data_quality_checks.py took 5.301 seconds
[2026-02-06T21:46:44.358+0000] {processor.py:161} INFO - Started process (PID=329) to work on /opt/airflow/dags/data_quality_checks.py
[2026-02-06T21:46:44.359+0000] {processor.py:830} INFO - Processing file /opt/airflow/dags/data_quality_checks.py for tasks to queue
[2026-02-06T21:46:44.360+0000] {logging_mixin.py:188} INFO - [2026-02-06T21:46:44.360+0000] {dagbag.py:538} INFO - Filling up the DagBag from /opt/airflow/dags/data_quality_checks.py
[2026-02-06T21:46:47.620+0000] {logging_mixin.py:188} INFO - [2026-02-06T21:46:47.619+0000] {warnings.py:110} WARNING - /opt/airflow/dags/data_quality_checks.py:50: RemovedInAirflow3Warning: Param `schedule_interval` is deprecated and will be removed in a future release. Please use `schedule` instead. 
  with DAG(
[2026-02-06T21:46:47.627+0000] {processor.py:840} INFO - DAG(s) 'data_quality_checks' retrieved from /opt/airflow/dags/data_quality_checks.py
[2026-02-06T21:46:47.656+0000] {logging_mixin.py:188} INFO - [2026-02-06T21:46:47.656+0000] {dag.py:3036} INFO - Sync 1 DAGs
[2026-02-06T21:46:47.675+0000] {logging_mixin.py:188} INFO - [2026-02-06T21:46:47.675+0000] {dag.py:3823} INFO - Setting next_dagrun for data_quality_checks to 2026-02-05 00:00:00+00:00, run_after=2026-02-06 00:00:00+00:00
[2026-02-06T21:46:47.697+0000] {processor.py:183} INFO - Processing /opt/airflow/dags/data_quality_checks.py took 3.342 seconds
[2026-02-06T21:47:17.837+0000] {processor.py:161} INFO - Started process (PID=389) to work on /opt/airflow/dags/data_quality_checks.py
[2026-02-06T21:47:17.839+0000] {processor.py:830} INFO - Processing file /opt/airflow/dags/data_quality_checks.py for tasks to queue
[2026-02-06T21:47:17.840+0000] {logging_mixin.py:188} INFO - [2026-02-06T21:47:17.839+0000] {dagbag.py:538} INFO - Filling up the DagBag from /opt/airflow/dags/data_quality_checks.py
[2026-02-06T21:47:20.878+0000] {logging_mixin.py:188} INFO - [2026-02-06T21:47:20.878+0000] {warnings.py:110} WARNING - /opt/airflow/dags/data_quality_checks.py:50: RemovedInAirflow3Warning: Param `schedule_interval` is deprecated and will be removed in a future release. Please use `schedule` instead. 
  with DAG(
[2026-02-06T21:47:20.884+0000] {processor.py:840} INFO - DAG(s) 'data_quality_checks' retrieved from /opt/airflow/dags/data_quality_checks.py
[2026-02-06T21:47:20.905+0000] {logging_mixin.py:188} INFO - [2026-02-06T21:47:20.905+0000] {dag.py:3036} INFO - Sync 1 DAGs
[2026-02-06T21:47:20.921+0000] {logging_mixin.py:188} INFO - [2026-02-06T21:47:20.921+0000] {dag.py:3823} INFO - Setting next_dagrun for data_quality_checks to 2026-02-05 00:00:00+00:00, run_after=2026-02-06 00:00:00+00:00
[2026-02-06T21:47:20.942+0000] {processor.py:183} INFO - Processing /opt/airflow/dags/data_quality_checks.py took 3.108 seconds
[2026-02-06T21:47:51.195+0000] {processor.py:161} INFO - Started process (PID=418) to work on /opt/airflow/dags/data_quality_checks.py
[2026-02-06T21:47:51.196+0000] {processor.py:830} INFO - Processing file /opt/airflow/dags/data_quality_checks.py for tasks to queue
[2026-02-06T21:47:51.197+0000] {logging_mixin.py:188} INFO - [2026-02-06T21:47:51.196+0000] {dagbag.py:538} INFO - Filling up the DagBag from /opt/airflow/dags/data_quality_checks.py
[2026-02-06T21:47:53.995+0000] {logging_mixin.py:188} INFO - [2026-02-06T21:47:53.995+0000] {warnings.py:110} WARNING - /opt/airflow/dags/data_quality_checks.py:50: RemovedInAirflow3Warning: Param `schedule_interval` is deprecated and will be removed in a future release. Please use `schedule` instead. 
  with DAG(
[2026-02-06T21:47:54.000+0000] {processor.py:840} INFO - DAG(s) 'data_quality_checks' retrieved from /opt/airflow/dags/data_quality_checks.py
[2026-02-06T21:47:54.023+0000] {logging_mixin.py:188} INFO - [2026-02-06T21:47:54.022+0000] {dag.py:3036} INFO - Sync 1 DAGs
[2026-02-06T21:47:54.044+0000] {logging_mixin.py:188} INFO - [2026-02-06T21:47:54.044+0000] {dag.py:3823} INFO - Setting next_dagrun for data_quality_checks to 2026-02-05 00:00:00+00:00, run_after=2026-02-06 00:00:00+00:00
[2026-02-06T21:47:54.070+0000] {processor.py:183} INFO - Processing /opt/airflow/dags/data_quality_checks.py took 2.879 seconds
[2026-02-06T21:48:24.438+0000] {processor.py:161} INFO - Started process (PID=447) to work on /opt/airflow/dags/data_quality_checks.py
[2026-02-06T21:48:24.439+0000] {processor.py:830} INFO - Processing file /opt/airflow/dags/data_quality_checks.py for tasks to queue
[2026-02-06T21:48:24.441+0000] {logging_mixin.py:188} INFO - [2026-02-06T21:48:24.440+0000] {dagbag.py:538} INFO - Filling up the DagBag from /opt/airflow/dags/data_quality_checks.py
[2026-02-06T21:48:27.285+0000] {logging_mixin.py:188} INFO - [2026-02-06T21:48:27.284+0000] {warnings.py:110} WARNING - /opt/airflow/dags/data_quality_checks.py:50: RemovedInAirflow3Warning: Param `schedule_interval` is deprecated and will be removed in a future release. Please use `schedule` instead. 
  with DAG(
[2026-02-06T21:48:27.291+0000] {processor.py:840} INFO - DAG(s) 'data_quality_checks' retrieved from /opt/airflow/dags/data_quality_checks.py
[2026-02-06T21:48:27.314+0000] {logging_mixin.py:188} INFO - [2026-02-06T21:48:27.314+0000] {dag.py:3036} INFO - Sync 1 DAGs
[2026-02-06T21:48:27.336+0000] {logging_mixin.py:188} INFO - [2026-02-06T21:48:27.335+0000] {dag.py:3823} INFO - Setting next_dagrun for data_quality_checks to 2026-02-05 00:00:00+00:00, run_after=2026-02-06 00:00:00+00:00
[2026-02-06T21:48:27.355+0000] {processor.py:183} INFO - Processing /opt/airflow/dags/data_quality_checks.py took 2.919 seconds
[2026-02-06T21:48:57.675+0000] {processor.py:161} INFO - Started process (PID=476) to work on /opt/airflow/dags/data_quality_checks.py
[2026-02-06T21:48:57.676+0000] {processor.py:830} INFO - Processing file /opt/airflow/dags/data_quality_checks.py for tasks to queue
[2026-02-06T21:48:57.678+0000] {logging_mixin.py:188} INFO - [2026-02-06T21:48:57.677+0000] {dagbag.py:538} INFO - Filling up the DagBag from /opt/airflow/dags/data_quality_checks.py
[2026-02-06T21:49:00.823+0000] {logging_mixin.py:188} INFO - [2026-02-06T21:49:00.822+0000] {warnings.py:110} WARNING - /opt/airflow/dags/data_quality_checks.py:50: RemovedInAirflow3Warning: Param `schedule_interval` is deprecated and will be removed in a future release. Please use `schedule` instead. 
  with DAG(
[2026-02-06T21:49:00.831+0000] {processor.py:840} INFO - DAG(s) 'data_quality_checks' retrieved from /opt/airflow/dags/data_quality_checks.py
[2026-02-06T21:49:00.856+0000] {logging_mixin.py:188} INFO - [2026-02-06T21:49:00.856+0000] {dag.py:3036} INFO - Sync 1 DAGs
[2026-02-06T21:49:00.879+0000] {logging_mixin.py:188} INFO - [2026-02-06T21:49:00.879+0000] {dag.py:3823} INFO - Setting next_dagrun for data_quality_checks to 2026-02-05 00:00:00+00:00, run_after=2026-02-06 00:00:00+00:00
[2026-02-06T21:49:00.898+0000] {processor.py:183} INFO - Processing /opt/airflow/dags/data_quality_checks.py took 3.231 seconds
[2026-02-06T21:49:31.138+0000] {processor.py:161} INFO - Started process (PID=510) to work on /opt/airflow/dags/data_quality_checks.py
[2026-02-06T21:49:31.139+0000] {processor.py:830} INFO - Processing file /opt/airflow/dags/data_quality_checks.py for tasks to queue
[2026-02-06T21:49:31.140+0000] {logging_mixin.py:188} INFO - [2026-02-06T21:49:31.139+0000] {dagbag.py:538} INFO - Filling up the DagBag from /opt/airflow/dags/data_quality_checks.py
[2026-02-06T21:49:34.324+0000] {logging_mixin.py:188} INFO - [2026-02-06T21:49:34.324+0000] {warnings.py:110} WARNING - /opt/airflow/dags/data_quality_checks.py:50: RemovedInAirflow3Warning: Param `schedule_interval` is deprecated and will be removed in a future release. Please use `schedule` instead. 
  with DAG(
[2026-02-06T21:49:34.330+0000] {processor.py:840} INFO - DAG(s) 'data_quality_checks' retrieved from /opt/airflow/dags/data_quality_checks.py
[2026-02-06T21:49:34.352+0000] {logging_mixin.py:188} INFO - [2026-02-06T21:49:34.351+0000] {dag.py:3036} INFO - Sync 1 DAGs
[2026-02-06T21:49:34.382+0000] {logging_mixin.py:188} INFO - [2026-02-06T21:49:34.382+0000] {dag.py:3823} INFO - Setting next_dagrun for data_quality_checks to 2026-02-05 00:00:00+00:00, run_after=2026-02-06 00:00:00+00:00
[2026-02-06T21:49:34.404+0000] {processor.py:183} INFO - Processing /opt/airflow/dags/data_quality_checks.py took 3.269 seconds
[2026-02-06T21:50:04.621+0000] {processor.py:161} INFO - Started process (PID=539) to work on /opt/airflow/dags/data_quality_checks.py
[2026-02-06T21:50:04.624+0000] {processor.py:830} INFO - Processing file /opt/airflow/dags/data_quality_checks.py for tasks to queue
[2026-02-06T21:50:04.629+0000] {logging_mixin.py:188} INFO - [2026-02-06T21:50:04.628+0000] {dagbag.py:538} INFO - Filling up the DagBag from /opt/airflow/dags/data_quality_checks.py
[2026-02-06T21:50:07.830+0000] {logging_mixin.py:188} INFO - [2026-02-06T21:50:07.830+0000] {warnings.py:110} WARNING - /opt/airflow/dags/data_quality_checks.py:50: RemovedInAirflow3Warning: Param `schedule_interval` is deprecated and will be removed in a future release. Please use `schedule` instead. 
  with DAG(
[2026-02-06T21:50:07.836+0000] {processor.py:840} INFO - DAG(s) 'data_quality_checks' retrieved from /opt/airflow/dags/data_quality_checks.py
[2026-02-06T21:50:07.859+0000] {logging_mixin.py:188} INFO - [2026-02-06T21:50:07.859+0000] {dag.py:3036} INFO - Sync 1 DAGs
[2026-02-06T21:50:07.881+0000] {logging_mixin.py:188} INFO - [2026-02-06T21:50:07.881+0000] {dag.py:3823} INFO - Setting next_dagrun for data_quality_checks to 2026-02-05 00:00:00+00:00, run_after=2026-02-06 00:00:00+00:00
[2026-02-06T21:50:07.899+0000] {processor.py:183} INFO - Processing /opt/airflow/dags/data_quality_checks.py took 3.284 seconds
[2026-02-06T21:50:37.999+0000] {processor.py:161} INFO - Started process (PID=574) to work on /opt/airflow/dags/data_quality_checks.py
[2026-02-06T21:50:38.000+0000] {processor.py:830} INFO - Processing file /opt/airflow/dags/data_quality_checks.py for tasks to queue
[2026-02-06T21:50:38.001+0000] {logging_mixin.py:188} INFO - [2026-02-06T21:50:38.001+0000] {dagbag.py:538} INFO - Filling up the DagBag from /opt/airflow/dags/data_quality_checks.py
[2026-02-06T21:50:40.991+0000] {logging_mixin.py:188} INFO - [2026-02-06T21:50:40.990+0000] {warnings.py:110} WARNING - /opt/airflow/dags/data_quality_checks.py:50: RemovedInAirflow3Warning: Param `schedule_interval` is deprecated and will be removed in a future release. Please use `schedule` instead. 
  with DAG(
[2026-02-06T21:50:40.997+0000] {processor.py:840} INFO - DAG(s) 'data_quality_checks' retrieved from /opt/airflow/dags/data_quality_checks.py
[2026-02-06T21:50:41.026+0000] {logging_mixin.py:188} INFO - [2026-02-06T21:50:41.026+0000] {dag.py:3036} INFO - Sync 1 DAGs
[2026-02-06T21:50:41.049+0000] {logging_mixin.py:188} INFO - [2026-02-06T21:50:41.049+0000] {dag.py:3823} INFO - Setting next_dagrun for data_quality_checks to 2026-02-05 00:00:00+00:00, run_after=2026-02-06 00:00:00+00:00
[2026-02-06T21:50:41.070+0000] {processor.py:183} INFO - Processing /opt/airflow/dags/data_quality_checks.py took 3.074 seconds
[2026-02-06T21:51:11.322+0000] {processor.py:161} INFO - Started process (PID=603) to work on /opt/airflow/dags/data_quality_checks.py
[2026-02-06T21:51:11.324+0000] {processor.py:830} INFO - Processing file /opt/airflow/dags/data_quality_checks.py for tasks to queue
[2026-02-06T21:51:11.325+0000] {logging_mixin.py:188} INFO - [2026-02-06T21:51:11.324+0000] {dagbag.py:538} INFO - Filling up the DagBag from /opt/airflow/dags/data_quality_checks.py
[2026-02-06T21:51:14.065+0000] {logging_mixin.py:188} INFO - [2026-02-06T21:51:14.065+0000] {warnings.py:110} WARNING - /opt/airflow/dags/data_quality_checks.py:50: RemovedInAirflow3Warning: Param `schedule_interval` is deprecated and will be removed in a future release. Please use `schedule` instead. 
  with DAG(
[2026-02-06T21:51:14.071+0000] {processor.py:840} INFO - DAG(s) 'data_quality_checks' retrieved from /opt/airflow/dags/data_quality_checks.py
[2026-02-06T21:51:14.092+0000] {logging_mixin.py:188} INFO - [2026-02-06T21:51:14.091+0000] {dag.py:3036} INFO - Sync 1 DAGs
[2026-02-06T21:51:14.109+0000] {logging_mixin.py:188} INFO - [2026-02-06T21:51:14.109+0000] {dag.py:3823} INFO - Setting next_dagrun for data_quality_checks to 2026-02-05 00:00:00+00:00, run_after=2026-02-06 00:00:00+00:00
[2026-02-06T21:51:14.127+0000] {processor.py:183} INFO - Processing /opt/airflow/dags/data_quality_checks.py took 2.808 seconds
[2026-02-06T21:51:44.628+0000] {processor.py:161} INFO - Started process (PID=633) to work on /opt/airflow/dags/data_quality_checks.py
[2026-02-06T21:51:44.629+0000] {processor.py:830} INFO - Processing file /opt/airflow/dags/data_quality_checks.py for tasks to queue
[2026-02-06T21:51:44.631+0000] {logging_mixin.py:188} INFO - [2026-02-06T21:51:44.630+0000] {dagbag.py:538} INFO - Filling up the DagBag from /opt/airflow/dags/data_quality_checks.py
[2026-02-06T21:51:47.927+0000] {logging_mixin.py:188} INFO - [2026-02-06T21:51:47.927+0000] {warnings.py:110} WARNING - /opt/airflow/dags/data_quality_checks.py:50: RemovedInAirflow3Warning: Param `schedule_interval` is deprecated and will be removed in a future release. Please use `schedule` instead. 
  with DAG(
[2026-02-06T21:51:47.933+0000] {processor.py:840} INFO - DAG(s) 'data_quality_checks' retrieved from /opt/airflow/dags/data_quality_checks.py
[2026-02-06T21:51:47.957+0000] {logging_mixin.py:188} INFO - [2026-02-06T21:51:47.957+0000] {dag.py:3036} INFO - Sync 1 DAGs
[2026-02-06T21:51:47.977+0000] {logging_mixin.py:188} INFO - [2026-02-06T21:51:47.976+0000] {dag.py:3823} INFO - Setting next_dagrun for data_quality_checks to 2026-02-05 00:00:00+00:00, run_after=2026-02-06 00:00:00+00:00
[2026-02-06T21:51:47.996+0000] {processor.py:183} INFO - Processing /opt/airflow/dags/data_quality_checks.py took 3.371 seconds
[2026-02-06T21:52:18.157+0000] {processor.py:161} INFO - Started process (PID=662) to work on /opt/airflow/dags/data_quality_checks.py
[2026-02-06T21:52:18.158+0000] {processor.py:830} INFO - Processing file /opt/airflow/dags/data_quality_checks.py for tasks to queue
[2026-02-06T21:52:18.159+0000] {logging_mixin.py:188} INFO - [2026-02-06T21:52:18.159+0000] {dagbag.py:538} INFO - Filling up the DagBag from /opt/airflow/dags/data_quality_checks.py
[2026-02-06T21:52:21.591+0000] {logging_mixin.py:188} INFO - [2026-02-06T21:52:21.590+0000] {warnings.py:110} WARNING - /opt/airflow/dags/data_quality_checks.py:50: RemovedInAirflow3Warning: Param `schedule_interval` is deprecated and will be removed in a future release. Please use `schedule` instead. 
  with DAG(
[2026-02-06T21:52:21.605+0000] {processor.py:840} INFO - DAG(s) 'data_quality_checks' retrieved from /opt/airflow/dags/data_quality_checks.py
[2026-02-06T21:52:21.648+0000] {logging_mixin.py:188} INFO - [2026-02-06T21:52:21.648+0000] {dag.py:3036} INFO - Sync 1 DAGs
[2026-02-06T21:52:21.685+0000] {logging_mixin.py:188} INFO - [2026-02-06T21:52:21.684+0000] {dag.py:3823} INFO - Setting next_dagrun for data_quality_checks to 2026-02-05 00:00:00+00:00, run_after=2026-02-06 00:00:00+00:00
[2026-02-06T21:52:21.722+0000] {processor.py:183} INFO - Processing /opt/airflow/dags/data_quality_checks.py took 3.568 seconds
[2026-02-06T21:52:52.413+0000] {processor.py:161} INFO - Started process (PID=691) to work on /opt/airflow/dags/data_quality_checks.py
[2026-02-06T21:52:52.414+0000] {processor.py:830} INFO - Processing file /opt/airflow/dags/data_quality_checks.py for tasks to queue
[2026-02-06T21:52:52.416+0000] {logging_mixin.py:188} INFO - [2026-02-06T21:52:52.415+0000] {dagbag.py:538} INFO - Filling up the DagBag from /opt/airflow/dags/data_quality_checks.py
[2026-02-06T21:52:55.196+0000] {logging_mixin.py:188} INFO - [2026-02-06T21:52:55.195+0000] {warnings.py:110} WARNING - /opt/airflow/dags/data_quality_checks.py:50: RemovedInAirflow3Warning: Param `schedule_interval` is deprecated and will be removed in a future release. Please use `schedule` instead. 
  with DAG(
[2026-02-06T21:52:55.202+0000] {processor.py:840} INFO - DAG(s) 'data_quality_checks' retrieved from /opt/airflow/dags/data_quality_checks.py
[2026-02-06T21:52:55.227+0000] {logging_mixin.py:188} INFO - [2026-02-06T21:52:55.227+0000] {dag.py:3036} INFO - Sync 1 DAGs
[2026-02-06T21:52:55.244+0000] {logging_mixin.py:188} INFO - [2026-02-06T21:52:55.244+0000] {dag.py:3823} INFO - Setting next_dagrun for data_quality_checks to 2026-02-05 00:00:00+00:00, run_after=2026-02-06 00:00:00+00:00
[2026-02-06T21:52:55.260+0000] {processor.py:183} INFO - Processing /opt/airflow/dags/data_quality_checks.py took 2.850 seconds
[2026-02-06T21:53:25.781+0000] {processor.py:161} INFO - Started process (PID=720) to work on /opt/airflow/dags/data_quality_checks.py
[2026-02-06T21:53:25.782+0000] {processor.py:830} INFO - Processing file /opt/airflow/dags/data_quality_checks.py for tasks to queue
[2026-02-06T21:53:25.783+0000] {logging_mixin.py:188} INFO - [2026-02-06T21:53:25.783+0000] {dagbag.py:538} INFO - Filling up the DagBag from /opt/airflow/dags/data_quality_checks.py
[2026-02-06T21:53:28.825+0000] {logging_mixin.py:188} INFO - [2026-02-06T21:53:28.825+0000] {warnings.py:110} WARNING - /opt/airflow/dags/data_quality_checks.py:50: RemovedInAirflow3Warning: Param `schedule_interval` is deprecated and will be removed in a future release. Please use `schedule` instead. 
  with DAG(
[2026-02-06T21:53:28.831+0000] {processor.py:840} INFO - DAG(s) 'data_quality_checks' retrieved from /opt/airflow/dags/data_quality_checks.py
[2026-02-06T21:53:28.857+0000] {logging_mixin.py:188} INFO - [2026-02-06T21:53:28.857+0000] {dag.py:3036} INFO - Sync 1 DAGs
[2026-02-06T21:53:28.880+0000] {logging_mixin.py:188} INFO - [2026-02-06T21:53:28.880+0000] {dag.py:3823} INFO - Setting next_dagrun for data_quality_checks to 2026-02-05 00:00:00+00:00, run_after=2026-02-06 00:00:00+00:00
[2026-02-06T21:53:28.917+0000] {processor.py:183} INFO - Processing /opt/airflow/dags/data_quality_checks.py took 3.142 seconds
[2026-02-06T21:53:59.164+0000] {processor.py:161} INFO - Started process (PID=749) to work on /opt/airflow/dags/data_quality_checks.py
[2026-02-06T21:53:59.165+0000] {processor.py:830} INFO - Processing file /opt/airflow/dags/data_quality_checks.py for tasks to queue
[2026-02-06T21:53:59.166+0000] {logging_mixin.py:188} INFO - [2026-02-06T21:53:59.166+0000] {dagbag.py:538} INFO - Filling up the DagBag from /opt/airflow/dags/data_quality_checks.py
[2026-02-06T21:54:02.024+0000] {logging_mixin.py:188} INFO - [2026-02-06T21:54:02.024+0000] {warnings.py:110} WARNING - /opt/airflow/dags/data_quality_checks.py:50: RemovedInAirflow3Warning: Param `schedule_interval` is deprecated and will be removed in a future release. Please use `schedule` instead. 
  with DAG(
[2026-02-06T21:54:02.034+0000] {processor.py:840} INFO - DAG(s) 'data_quality_checks' retrieved from /opt/airflow/dags/data_quality_checks.py
[2026-02-06T21:54:02.068+0000] {logging_mixin.py:188} INFO - [2026-02-06T21:54:02.067+0000] {dag.py:3036} INFO - Sync 1 DAGs
[2026-02-06T21:54:02.098+0000] {logging_mixin.py:188} INFO - [2026-02-06T21:54:02.097+0000] {dag.py:3823} INFO - Setting next_dagrun for data_quality_checks to 2026-02-05 00:00:00+00:00, run_after=2026-02-06 00:00:00+00:00
[2026-02-06T21:54:02.125+0000] {processor.py:183} INFO - Processing /opt/airflow/dags/data_quality_checks.py took 2.964 seconds
[2026-02-06T21:54:32.537+0000] {processor.py:161} INFO - Started process (PID=783) to work on /opt/airflow/dags/data_quality_checks.py
[2026-02-06T21:54:32.538+0000] {processor.py:830} INFO - Processing file /opt/airflow/dags/data_quality_checks.py for tasks to queue
[2026-02-06T21:54:32.540+0000] {logging_mixin.py:188} INFO - [2026-02-06T21:54:32.539+0000] {dagbag.py:538} INFO - Filling up the DagBag from /opt/airflow/dags/data_quality_checks.py
[2026-02-06T21:54:35.791+0000] {logging_mixin.py:188} INFO - [2026-02-06T21:54:35.791+0000] {warnings.py:110} WARNING - /opt/airflow/dags/data_quality_checks.py:50: RemovedInAirflow3Warning: Param `schedule_interval` is deprecated and will be removed in a future release. Please use `schedule` instead. 
  with DAG(
[2026-02-06T21:54:35.797+0000] {processor.py:840} INFO - DAG(s) 'data_quality_checks' retrieved from /opt/airflow/dags/data_quality_checks.py
[2026-02-06T21:54:35.821+0000] {logging_mixin.py:188} INFO - [2026-02-06T21:54:35.820+0000] {dag.py:3036} INFO - Sync 1 DAGs
[2026-02-06T21:54:35.840+0000] {logging_mixin.py:188} INFO - [2026-02-06T21:54:35.840+0000] {dag.py:3823} INFO - Setting next_dagrun for data_quality_checks to 2026-02-05 00:00:00+00:00, run_after=2026-02-06 00:00:00+00:00
[2026-02-06T21:54:35.860+0000] {processor.py:183} INFO - Processing /opt/airflow/dags/data_quality_checks.py took 3.326 seconds
[2026-02-06T21:55:06.033+0000] {processor.py:161} INFO - Started process (PID=812) to work on /opt/airflow/dags/data_quality_checks.py
[2026-02-06T21:55:06.034+0000] {processor.py:830} INFO - Processing file /opt/airflow/dags/data_quality_checks.py for tasks to queue
[2026-02-06T21:55:06.035+0000] {logging_mixin.py:188} INFO - [2026-02-06T21:55:06.035+0000] {dagbag.py:538} INFO - Filling up the DagBag from /opt/airflow/dags/data_quality_checks.py
[2026-02-06T21:55:09.024+0000] {logging_mixin.py:188} INFO - [2026-02-06T21:55:09.024+0000] {warnings.py:110} WARNING - /opt/airflow/dags/data_quality_checks.py:50: RemovedInAirflow3Warning: Param `schedule_interval` is deprecated and will be removed in a future release. Please use `schedule` instead. 
  with DAG(
[2026-02-06T21:55:09.031+0000] {processor.py:840} INFO - DAG(s) 'data_quality_checks' retrieved from /opt/airflow/dags/data_quality_checks.py
[2026-02-06T21:55:09.052+0000] {logging_mixin.py:188} INFO - [2026-02-06T21:55:09.051+0000] {dag.py:3036} INFO - Sync 1 DAGs
[2026-02-06T21:55:09.069+0000] {logging_mixin.py:188} INFO - [2026-02-06T21:55:09.069+0000] {dag.py:3823} INFO - Setting next_dagrun for data_quality_checks to 2026-02-05 00:00:00+00:00, run_after=2026-02-06 00:00:00+00:00
[2026-02-06T21:55:09.087+0000] {processor.py:183} INFO - Processing /opt/airflow/dags/data_quality_checks.py took 3.058 seconds
[2026-02-06T21:55:39.367+0000] {processor.py:161} INFO - Started process (PID=847) to work on /opt/airflow/dags/data_quality_checks.py
[2026-02-06T21:55:39.368+0000] {processor.py:830} INFO - Processing file /opt/airflow/dags/data_quality_checks.py for tasks to queue
[2026-02-06T21:55:39.370+0000] {logging_mixin.py:188} INFO - [2026-02-06T21:55:39.369+0000] {dagbag.py:538} INFO - Filling up the DagBag from /opt/airflow/dags/data_quality_checks.py
[2026-02-06T21:55:43.440+0000] {logging_mixin.py:188} INFO - [2026-02-06T21:55:43.440+0000] {warnings.py:110} WARNING - /opt/airflow/dags/data_quality_checks.py:50: RemovedInAirflow3Warning: Param `schedule_interval` is deprecated and will be removed in a future release. Please use `schedule` instead. 
  with DAG(
[2026-02-06T21:55:43.451+0000] {processor.py:840} INFO - DAG(s) 'data_quality_checks' retrieved from /opt/airflow/dags/data_quality_checks.py
[2026-02-06T21:55:43.502+0000] {logging_mixin.py:188} INFO - [2026-02-06T21:55:43.501+0000] {dag.py:3036} INFO - Sync 1 DAGs
[2026-02-06T21:55:43.528+0000] {logging_mixin.py:188} INFO - [2026-02-06T21:55:43.528+0000] {dag.py:3823} INFO - Setting next_dagrun for data_quality_checks to 2026-02-05 00:00:00+00:00, run_after=2026-02-06 00:00:00+00:00
[2026-02-06T21:55:43.556+0000] {processor.py:183} INFO - Processing /opt/airflow/dags/data_quality_checks.py took 4.194 seconds
[2026-02-06T21:56:13.811+0000] {processor.py:161} INFO - Started process (PID=876) to work on /opt/airflow/dags/data_quality_checks.py
[2026-02-06T21:56:13.812+0000] {processor.py:830} INFO - Processing file /opt/airflow/dags/data_quality_checks.py for tasks to queue
[2026-02-06T21:56:13.813+0000] {logging_mixin.py:188} INFO - [2026-02-06T21:56:13.813+0000] {dagbag.py:538} INFO - Filling up the DagBag from /opt/airflow/dags/data_quality_checks.py
[2026-02-06T21:56:17.378+0000] {logging_mixin.py:188} INFO - [2026-02-06T21:56:17.378+0000] {warnings.py:110} WARNING - /opt/airflow/dags/data_quality_checks.py:50: RemovedInAirflow3Warning: Param `schedule_interval` is deprecated and will be removed in a future release. Please use `schedule` instead. 
  with DAG(
[2026-02-06T21:56:17.384+0000] {processor.py:840} INFO - DAG(s) 'data_quality_checks' retrieved from /opt/airflow/dags/data_quality_checks.py
[2026-02-06T21:56:17.408+0000] {logging_mixin.py:188} INFO - [2026-02-06T21:56:17.408+0000] {dag.py:3036} INFO - Sync 1 DAGs
[2026-02-06T21:56:17.428+0000] {logging_mixin.py:188} INFO - [2026-02-06T21:56:17.428+0000] {dag.py:3823} INFO - Setting next_dagrun for data_quality_checks to 2026-02-05 00:00:00+00:00, run_after=2026-02-06 00:00:00+00:00
[2026-02-06T21:56:17.453+0000] {processor.py:183} INFO - Processing /opt/airflow/dags/data_quality_checks.py took 3.646 seconds
[2026-02-06T21:56:48.124+0000] {processor.py:161} INFO - Started process (PID=905) to work on /opt/airflow/dags/data_quality_checks.py
[2026-02-06T21:56:48.125+0000] {processor.py:830} INFO - Processing file /opt/airflow/dags/data_quality_checks.py for tasks to queue
[2026-02-06T21:56:48.126+0000] {logging_mixin.py:188} INFO - [2026-02-06T21:56:48.126+0000] {dagbag.py:538} INFO - Filling up the DagBag from /opt/airflow/dags/data_quality_checks.py
[2026-02-06T21:56:51.658+0000] {logging_mixin.py:188} INFO - [2026-02-06T21:56:51.658+0000] {warnings.py:110} WARNING - /opt/airflow/dags/data_quality_checks.py:50: RemovedInAirflow3Warning: Param `schedule_interval` is deprecated and will be removed in a future release. Please use `schedule` instead. 
  with DAG(
[2026-02-06T21:56:51.663+0000] {processor.py:840} INFO - DAG(s) 'data_quality_checks' retrieved from /opt/airflow/dags/data_quality_checks.py
[2026-02-06T21:56:51.694+0000] {logging_mixin.py:188} INFO - [2026-02-06T21:56:51.693+0000] {dag.py:3036} INFO - Sync 1 DAGs
[2026-02-06T21:56:51.722+0000] {logging_mixin.py:188} INFO - [2026-02-06T21:56:51.722+0000] {dag.py:3823} INFO - Setting next_dagrun for data_quality_checks to 2026-02-05 00:00:00+00:00, run_after=2026-02-06 00:00:00+00:00
[2026-02-06T21:56:51.750+0000] {processor.py:183} INFO - Processing /opt/airflow/dags/data_quality_checks.py took 3.630 seconds
[2026-02-06T21:57:22.665+0000] {processor.py:161} INFO - Started process (PID=935) to work on /opt/airflow/dags/data_quality_checks.py
[2026-02-06T21:57:22.667+0000] {processor.py:830} INFO - Processing file /opt/airflow/dags/data_quality_checks.py for tasks to queue
[2026-02-06T21:57:22.668+0000] {logging_mixin.py:188} INFO - [2026-02-06T21:57:22.668+0000] {dagbag.py:538} INFO - Filling up the DagBag from /opt/airflow/dags/data_quality_checks.py
[2026-02-06T21:57:25.856+0000] {logging_mixin.py:188} INFO - [2026-02-06T21:57:25.855+0000] {warnings.py:110} WARNING - /opt/airflow/dags/data_quality_checks.py:50: RemovedInAirflow3Warning: Param `schedule_interval` is deprecated and will be removed in a future release. Please use `schedule` instead. 
  with DAG(
[2026-02-06T21:57:25.868+0000] {processor.py:840} INFO - DAG(s) 'data_quality_checks' retrieved from /opt/airflow/dags/data_quality_checks.py
[2026-02-06T21:57:25.896+0000] {logging_mixin.py:188} INFO - [2026-02-06T21:57:25.896+0000] {dag.py:3036} INFO - Sync 1 DAGs
[2026-02-06T21:57:25.919+0000] {logging_mixin.py:188} INFO - [2026-02-06T21:57:25.919+0000] {dag.py:3823} INFO - Setting next_dagrun for data_quality_checks to 2026-02-05 00:00:00+00:00, run_after=2026-02-06 00:00:00+00:00
[2026-02-06T21:57:25.938+0000] {processor.py:183} INFO - Processing /opt/airflow/dags/data_quality_checks.py took 3.277 seconds
[2026-02-06T21:57:56.209+0000] {processor.py:161} INFO - Started process (PID=964) to work on /opt/airflow/dags/data_quality_checks.py
[2026-02-06T21:57:56.210+0000] {processor.py:830} INFO - Processing file /opt/airflow/dags/data_quality_checks.py for tasks to queue
[2026-02-06T21:57:56.211+0000] {logging_mixin.py:188} INFO - [2026-02-06T21:57:56.210+0000] {dagbag.py:538} INFO - Filling up the DagBag from /opt/airflow/dags/data_quality_checks.py
[2026-02-06T21:57:59.642+0000] {logging_mixin.py:188} INFO - [2026-02-06T21:57:59.642+0000] {warnings.py:110} WARNING - /opt/airflow/dags/data_quality_checks.py:50: RemovedInAirflow3Warning: Param `schedule_interval` is deprecated and will be removed in a future release. Please use `schedule` instead. 
  with DAG(
[2026-02-06T21:57:59.650+0000] {processor.py:840} INFO - DAG(s) 'data_quality_checks' retrieved from /opt/airflow/dags/data_quality_checks.py
[2026-02-06T21:57:59.677+0000] {logging_mixin.py:188} INFO - [2026-02-06T21:57:59.676+0000] {dag.py:3036} INFO - Sync 1 DAGs
[2026-02-06T21:57:59.697+0000] {logging_mixin.py:188} INFO - [2026-02-06T21:57:59.696+0000] {dag.py:3823} INFO - Setting next_dagrun for data_quality_checks to 2026-02-05 00:00:00+00:00, run_after=2026-02-06 00:00:00+00:00
[2026-02-06T21:57:59.717+0000] {processor.py:183} INFO - Processing /opt/airflow/dags/data_quality_checks.py took 3.514 seconds
[2026-02-06T21:58:30.553+0000] {processor.py:161} INFO - Started process (PID=993) to work on /opt/airflow/dags/data_quality_checks.py
[2026-02-06T21:58:30.556+0000] {processor.py:830} INFO - Processing file /opt/airflow/dags/data_quality_checks.py for tasks to queue
[2026-02-06T21:58:30.558+0000] {logging_mixin.py:188} INFO - [2026-02-06T21:58:30.557+0000] {dagbag.py:538} INFO - Filling up the DagBag from /opt/airflow/dags/data_quality_checks.py
[2026-02-06T21:58:34.346+0000] {logging_mixin.py:188} INFO - [2026-02-06T21:58:34.345+0000] {warnings.py:110} WARNING - /opt/airflow/dags/data_quality_checks.py:50: RemovedInAirflow3Warning: Param `schedule_interval` is deprecated and will be removed in a future release. Please use `schedule` instead. 
  with DAG(
[2026-02-06T21:58:34.358+0000] {processor.py:840} INFO - DAG(s) 'data_quality_checks' retrieved from /opt/airflow/dags/data_quality_checks.py
[2026-02-06T21:58:34.403+0000] {logging_mixin.py:188} INFO - [2026-02-06T21:58:34.402+0000] {dag.py:3036} INFO - Sync 1 DAGs
[2026-02-06T21:58:34.440+0000] {logging_mixin.py:188} INFO - [2026-02-06T21:58:34.440+0000] {dag.py:3823} INFO - Setting next_dagrun for data_quality_checks to 2026-02-05 00:00:00+00:00, run_after=2026-02-06 00:00:00+00:00
[2026-02-06T21:58:34.492+0000] {processor.py:183} INFO - Processing /opt/airflow/dags/data_quality_checks.py took 3.949 seconds
[2026-02-06T21:59:04.877+0000] {processor.py:161} INFO - Started process (PID=1022) to work on /opt/airflow/dags/data_quality_checks.py
[2026-02-06T21:59:04.878+0000] {processor.py:830} INFO - Processing file /opt/airflow/dags/data_quality_checks.py for tasks to queue
[2026-02-06T21:59:04.879+0000] {logging_mixin.py:188} INFO - [2026-02-06T21:59:04.878+0000] {dagbag.py:538} INFO - Filling up the DagBag from /opt/airflow/dags/data_quality_checks.py
[2026-02-06T21:59:08.095+0000] {logging_mixin.py:188} INFO - [2026-02-06T21:59:08.095+0000] {warnings.py:110} WARNING - /opt/airflow/dags/data_quality_checks.py:50: RemovedInAirflow3Warning: Param `schedule_interval` is deprecated and will be removed in a future release. Please use `schedule` instead. 
  with DAG(
[2026-02-06T21:59:08.106+0000] {processor.py:840} INFO - DAG(s) 'data_quality_checks' retrieved from /opt/airflow/dags/data_quality_checks.py
[2026-02-06T21:59:08.133+0000] {logging_mixin.py:188} INFO - [2026-02-06T21:59:08.132+0000] {dag.py:3036} INFO - Sync 1 DAGs
[2026-02-06T21:59:08.154+0000] {logging_mixin.py:188} INFO - [2026-02-06T21:59:08.154+0000] {dag.py:3823} INFO - Setting next_dagrun for data_quality_checks to 2026-02-05 00:00:00+00:00, run_after=2026-02-06 00:00:00+00:00
[2026-02-06T21:59:08.176+0000] {processor.py:183} INFO - Processing /opt/airflow/dags/data_quality_checks.py took 3.302 seconds
[2026-02-06T21:59:38.666+0000] {processor.py:161} INFO - Started process (PID=1062) to work on /opt/airflow/dags/data_quality_checks.py
[2026-02-06T21:59:38.668+0000] {processor.py:830} INFO - Processing file /opt/airflow/dags/data_quality_checks.py for tasks to queue
[2026-02-06T21:59:38.669+0000] {logging_mixin.py:188} INFO - [2026-02-06T21:59:38.669+0000] {dagbag.py:538} INFO - Filling up the DagBag from /opt/airflow/dags/data_quality_checks.py
[2026-02-06T21:59:42.001+0000] {logging_mixin.py:188} INFO - [2026-02-06T21:59:42.001+0000] {warnings.py:110} WARNING - /opt/airflow/dags/data_quality_checks.py:50: RemovedInAirflow3Warning: Param `schedule_interval` is deprecated and will be removed in a future release. Please use `schedule` instead. 
  with DAG(
[2026-02-06T21:59:42.008+0000] {processor.py:840} INFO - DAG(s) 'data_quality_checks' retrieved from /opt/airflow/dags/data_quality_checks.py
[2026-02-06T21:59:42.034+0000] {logging_mixin.py:188} INFO - [2026-02-06T21:59:42.033+0000] {dag.py:3036} INFO - Sync 1 DAGs
[2026-02-06T21:59:42.058+0000] {logging_mixin.py:188} INFO - [2026-02-06T21:59:42.058+0000] {dag.py:3823} INFO - Setting next_dagrun for data_quality_checks to 2026-02-05 00:00:00+00:00, run_after=2026-02-06 00:00:00+00:00
[2026-02-06T21:59:42.085+0000] {processor.py:183} INFO - Processing /opt/airflow/dags/data_quality_checks.py took 3.423 seconds
[2026-02-06T22:00:12.992+0000] {processor.py:161} INFO - Started process (PID=1091) to work on /opt/airflow/dags/data_quality_checks.py
[2026-02-06T22:00:12.993+0000] {processor.py:830} INFO - Processing file /opt/airflow/dags/data_quality_checks.py for tasks to queue
[2026-02-06T22:00:12.994+0000] {logging_mixin.py:188} INFO - [2026-02-06T22:00:12.994+0000] {dagbag.py:538} INFO - Filling up the DagBag from /opt/airflow/dags/data_quality_checks.py
[2026-02-06T22:00:15.789+0000] {logging_mixin.py:188} INFO - [2026-02-06T22:00:15.789+0000] {warnings.py:110} WARNING - /opt/airflow/dags/data_quality_checks.py:50: RemovedInAirflow3Warning: Param `schedule_interval` is deprecated and will be removed in a future release. Please use `schedule` instead. 
  with DAG(
[2026-02-06T22:00:15.796+0000] {processor.py:840} INFO - DAG(s) 'data_quality_checks' retrieved from /opt/airflow/dags/data_quality_checks.py
[2026-02-06T22:00:15.821+0000] {logging_mixin.py:188} INFO - [2026-02-06T22:00:15.820+0000] {dag.py:3036} INFO - Sync 1 DAGs
[2026-02-06T22:00:15.841+0000] {logging_mixin.py:188} INFO - [2026-02-06T22:00:15.841+0000] {dag.py:3823} INFO - Setting next_dagrun for data_quality_checks to 2026-02-05 00:00:00+00:00, run_after=2026-02-06 00:00:00+00:00
[2026-02-06T22:00:15.863+0000] {processor.py:183} INFO - Processing /opt/airflow/dags/data_quality_checks.py took 2.874 seconds
[2026-02-06T22:00:46.409+0000] {processor.py:161} INFO - Started process (PID=1120) to work on /opt/airflow/dags/data_quality_checks.py
[2026-02-06T22:00:46.410+0000] {processor.py:830} INFO - Processing file /opt/airflow/dags/data_quality_checks.py for tasks to queue
[2026-02-06T22:00:46.412+0000] {logging_mixin.py:188} INFO - [2026-02-06T22:00:46.411+0000] {dagbag.py:538} INFO - Filling up the DagBag from /opt/airflow/dags/data_quality_checks.py
[2026-02-06T22:00:49.162+0000] {logging_mixin.py:188} INFO - [2026-02-06T22:00:49.161+0000] {warnings.py:110} WARNING - /opt/airflow/dags/data_quality_checks.py:50: RemovedInAirflow3Warning: Param `schedule_interval` is deprecated and will be removed in a future release. Please use `schedule` instead. 
  with DAG(
[2026-02-06T22:00:49.169+0000] {processor.py:840} INFO - DAG(s) 'data_quality_checks' retrieved from /opt/airflow/dags/data_quality_checks.py
[2026-02-06T22:00:49.195+0000] {logging_mixin.py:188} INFO - [2026-02-06T22:00:49.195+0000] {dag.py:3036} INFO - Sync 1 DAGs
[2026-02-06T22:00:49.213+0000] {logging_mixin.py:188} INFO - [2026-02-06T22:00:49.213+0000] {dag.py:3823} INFO - Setting next_dagrun for data_quality_checks to 2026-02-05 00:00:00+00:00, run_after=2026-02-06 00:00:00+00:00
[2026-02-06T22:00:49.231+0000] {processor.py:183} INFO - Processing /opt/airflow/dags/data_quality_checks.py took 2.825 seconds
[2026-02-06T22:01:19.847+0000] {processor.py:161} INFO - Started process (PID=1149) to work on /opt/airflow/dags/data_quality_checks.py
[2026-02-06T22:01:19.848+0000] {processor.py:830} INFO - Processing file /opt/airflow/dags/data_quality_checks.py for tasks to queue
[2026-02-06T22:01:19.849+0000] {logging_mixin.py:188} INFO - [2026-02-06T22:01:19.849+0000] {dagbag.py:538} INFO - Filling up the DagBag from /opt/airflow/dags/data_quality_checks.py
[2026-02-06T22:01:22.643+0000] {logging_mixin.py:188} INFO - [2026-02-06T22:01:22.643+0000] {warnings.py:110} WARNING - /opt/airflow/dags/data_quality_checks.py:50: RemovedInAirflow3Warning: Param `schedule_interval` is deprecated and will be removed in a future release. Please use `schedule` instead. 
  with DAG(
[2026-02-06T22:01:22.649+0000] {processor.py:840} INFO - DAG(s) 'data_quality_checks' retrieved from /opt/airflow/dags/data_quality_checks.py
[2026-02-06T22:01:22.676+0000] {logging_mixin.py:188} INFO - [2026-02-06T22:01:22.676+0000] {dag.py:3036} INFO - Sync 1 DAGs
[2026-02-06T22:01:22.697+0000] {logging_mixin.py:188} INFO - [2026-02-06T22:01:22.696+0000] {dag.py:3823} INFO - Setting next_dagrun for data_quality_checks to 2026-02-05 00:00:00+00:00, run_after=2026-02-06 00:00:00+00:00
[2026-02-06T22:01:22.719+0000] {processor.py:183} INFO - Processing /opt/airflow/dags/data_quality_checks.py took 2.875 seconds
[2026-02-06T22:01:53.295+0000] {processor.py:161} INFO - Started process (PID=1178) to work on /opt/airflow/dags/data_quality_checks.py
[2026-02-06T22:01:53.296+0000] {processor.py:830} INFO - Processing file /opt/airflow/dags/data_quality_checks.py for tasks to queue
[2026-02-06T22:01:53.298+0000] {logging_mixin.py:188} INFO - [2026-02-06T22:01:53.297+0000] {dagbag.py:538} INFO - Filling up the DagBag from /opt/airflow/dags/data_quality_checks.py
[2026-02-06T22:01:56.113+0000] {logging_mixin.py:188} INFO - [2026-02-06T22:01:56.112+0000] {warnings.py:110} WARNING - /opt/airflow/dags/data_quality_checks.py:50: RemovedInAirflow3Warning: Param `schedule_interval` is deprecated and will be removed in a future release. Please use `schedule` instead. 
  with DAG(
[2026-02-06T22:01:56.119+0000] {processor.py:840} INFO - DAG(s) 'data_quality_checks' retrieved from /opt/airflow/dags/data_quality_checks.py
[2026-02-06T22:01:56.140+0000] {logging_mixin.py:188} INFO - [2026-02-06T22:01:56.140+0000] {dag.py:3036} INFO - Sync 1 DAGs
[2026-02-06T22:01:56.156+0000] {logging_mixin.py:188} INFO - [2026-02-06T22:01:56.156+0000] {dag.py:3823} INFO - Setting next_dagrun for data_quality_checks to 2026-02-05 00:00:00+00:00, run_after=2026-02-06 00:00:00+00:00
[2026-02-06T22:01:56.174+0000] {processor.py:183} INFO - Processing /opt/airflow/dags/data_quality_checks.py took 2.882 seconds
[2026-02-06T22:02:26.493+0000] {processor.py:161} INFO - Started process (PID=1207) to work on /opt/airflow/dags/data_quality_checks.py
[2026-02-06T22:02:26.494+0000] {processor.py:830} INFO - Processing file /opt/airflow/dags/data_quality_checks.py for tasks to queue
[2026-02-06T22:02:26.495+0000] {logging_mixin.py:188} INFO - [2026-02-06T22:02:26.495+0000] {dagbag.py:538} INFO - Filling up the DagBag from /opt/airflow/dags/data_quality_checks.py
[2026-02-06T22:02:28.962+0000] {logging_mixin.py:188} INFO - [2026-02-06T22:02:28.961+0000] {warnings.py:110} WARNING - /opt/airflow/dags/data_quality_checks.py:50: RemovedInAirflow3Warning: Param `schedule_interval` is deprecated and will be removed in a future release. Please use `schedule` instead. 
  with DAG(
[2026-02-06T22:02:28.967+0000] {processor.py:840} INFO - DAG(s) 'data_quality_checks' retrieved from /opt/airflow/dags/data_quality_checks.py
[2026-02-06T22:02:28.987+0000] {logging_mixin.py:188} INFO - [2026-02-06T22:02:28.987+0000] {dag.py:3036} INFO - Sync 1 DAGs
[2026-02-06T22:02:29.006+0000] {logging_mixin.py:188} INFO - [2026-02-06T22:02:29.006+0000] {dag.py:3823} INFO - Setting next_dagrun for data_quality_checks to 2026-02-05 00:00:00+00:00, run_after=2026-02-06 00:00:00+00:00
[2026-02-06T22:02:29.021+0000] {processor.py:183} INFO - Processing /opt/airflow/dags/data_quality_checks.py took 2.533 seconds
[2026-02-06T22:02:59.802+0000] {processor.py:161} INFO - Started process (PID=1236) to work on /opt/airflow/dags/data_quality_checks.py
[2026-02-06T22:02:59.803+0000] {processor.py:830} INFO - Processing file /opt/airflow/dags/data_quality_checks.py for tasks to queue
[2026-02-06T22:02:59.804+0000] {logging_mixin.py:188} INFO - [2026-02-06T22:02:59.804+0000] {dagbag.py:538} INFO - Filling up the DagBag from /opt/airflow/dags/data_quality_checks.py
[2026-02-06T22:03:02.447+0000] {logging_mixin.py:188} INFO - [2026-02-06T22:03:02.447+0000] {warnings.py:110} WARNING - /opt/airflow/dags/data_quality_checks.py:50: RemovedInAirflow3Warning: Param `schedule_interval` is deprecated and will be removed in a future release. Please use `schedule` instead. 
  with DAG(
[2026-02-06T22:03:02.455+0000] {processor.py:840} INFO - DAG(s) 'data_quality_checks' retrieved from /opt/airflow/dags/data_quality_checks.py
[2026-02-06T22:03:02.491+0000] {logging_mixin.py:188} INFO - [2026-02-06T22:03:02.491+0000] {dag.py:3036} INFO - Sync 1 DAGs
[2026-02-06T22:03:02.509+0000] {logging_mixin.py:188} INFO - [2026-02-06T22:03:02.509+0000] {dag.py:3823} INFO - Setting next_dagrun for data_quality_checks to 2026-02-05 00:00:00+00:00, run_after=2026-02-06 00:00:00+00:00
[2026-02-06T22:03:02.526+0000] {processor.py:183} INFO - Processing /opt/airflow/dags/data_quality_checks.py took 2.727 seconds
[2026-02-06T22:03:33.160+0000] {processor.py:161} INFO - Started process (PID=1265) to work on /opt/airflow/dags/data_quality_checks.py
[2026-02-06T22:03:33.162+0000] {processor.py:830} INFO - Processing file /opt/airflow/dags/data_quality_checks.py for tasks to queue
[2026-02-06T22:03:33.163+0000] {logging_mixin.py:188} INFO - [2026-02-06T22:03:33.162+0000] {dagbag.py:538} INFO - Filling up the DagBag from /opt/airflow/dags/data_quality_checks.py
[2026-02-06T22:03:35.918+0000] {logging_mixin.py:188} INFO - [2026-02-06T22:03:35.917+0000] {warnings.py:110} WARNING - /opt/airflow/dags/data_quality_checks.py:50: RemovedInAirflow3Warning: Param `schedule_interval` is deprecated and will be removed in a future release. Please use `schedule` instead. 
  with DAG(
[2026-02-06T22:03:35.923+0000] {processor.py:840} INFO - DAG(s) 'data_quality_checks' retrieved from /opt/airflow/dags/data_quality_checks.py
[2026-02-06T22:03:35.945+0000] {logging_mixin.py:188} INFO - [2026-02-06T22:03:35.944+0000] {dag.py:3036} INFO - Sync 1 DAGs
[2026-02-06T22:03:35.963+0000] {logging_mixin.py:188} INFO - [2026-02-06T22:03:35.962+0000] {dag.py:3823} INFO - Setting next_dagrun for data_quality_checks to 2026-02-05 00:00:00+00:00, run_after=2026-02-06 00:00:00+00:00
[2026-02-06T22:03:35.979+0000] {processor.py:183} INFO - Processing /opt/airflow/dags/data_quality_checks.py took 2.823 seconds
[2026-02-06T22:04:06.522+0000] {processor.py:161} INFO - Started process (PID=1294) to work on /opt/airflow/dags/data_quality_checks.py
[2026-02-06T22:04:06.524+0000] {processor.py:830} INFO - Processing file /opt/airflow/dags/data_quality_checks.py for tasks to queue
[2026-02-06T22:04:06.525+0000] {logging_mixin.py:188} INFO - [2026-02-06T22:04:06.524+0000] {dagbag.py:538} INFO - Filling up the DagBag from /opt/airflow/dags/data_quality_checks.py
[2026-02-06T22:04:09.265+0000] {logging_mixin.py:188} INFO - [2026-02-06T22:04:09.264+0000] {warnings.py:110} WARNING - /opt/airflow/dags/data_quality_checks.py:50: RemovedInAirflow3Warning: Param `schedule_interval` is deprecated and will be removed in a future release. Please use `schedule` instead. 
  with DAG(
[2026-02-06T22:04:09.270+0000] {processor.py:840} INFO - DAG(s) 'data_quality_checks' retrieved from /opt/airflow/dags/data_quality_checks.py
[2026-02-06T22:04:09.289+0000] {logging_mixin.py:188} INFO - [2026-02-06T22:04:09.288+0000] {dag.py:3036} INFO - Sync 1 DAGs
[2026-02-06T22:04:09.308+0000] {logging_mixin.py:188} INFO - [2026-02-06T22:04:09.308+0000] {dag.py:3823} INFO - Setting next_dagrun for data_quality_checks to 2026-02-05 00:00:00+00:00, run_after=2026-02-06 00:00:00+00:00
[2026-02-06T22:04:09.329+0000] {processor.py:183} INFO - Processing /opt/airflow/dags/data_quality_checks.py took 2.810 seconds
[2026-02-06T22:04:39.947+0000] {processor.py:161} INFO - Started process (PID=1334) to work on /opt/airflow/dags/data_quality_checks.py
[2026-02-06T22:04:39.949+0000] {processor.py:830} INFO - Processing file /opt/airflow/dags/data_quality_checks.py for tasks to queue
[2026-02-06T22:04:39.950+0000] {logging_mixin.py:188} INFO - [2026-02-06T22:04:39.950+0000] {dagbag.py:538} INFO - Filling up the DagBag from /opt/airflow/dags/data_quality_checks.py
[2026-02-06T22:04:43.723+0000] {logging_mixin.py:188} INFO - [2026-02-06T22:04:43.723+0000] {warnings.py:110} WARNING - /opt/airflow/dags/data_quality_checks.py:50: RemovedInAirflow3Warning: Param `schedule_interval` is deprecated and will be removed in a future release. Please use `schedule` instead. 
  with DAG(
[2026-02-06T22:04:43.731+0000] {processor.py:840} INFO - DAG(s) 'data_quality_checks' retrieved from /opt/airflow/dags/data_quality_checks.py
[2026-02-06T22:04:43.760+0000] {logging_mixin.py:188} INFO - [2026-02-06T22:04:43.760+0000] {dag.py:3036} INFO - Sync 1 DAGs
[2026-02-06T22:04:43.793+0000] {logging_mixin.py:188} INFO - [2026-02-06T22:04:43.793+0000] {dag.py:3823} INFO - Setting next_dagrun for data_quality_checks to 2026-02-05 00:00:00+00:00, run_after=2026-02-06 00:00:00+00:00
[2026-02-06T22:04:43.820+0000] {processor.py:183} INFO - Processing /opt/airflow/dags/data_quality_checks.py took 3.877 seconds
[2026-02-06T22:05:14.278+0000] {processor.py:161} INFO - Started process (PID=1363) to work on /opt/airflow/dags/data_quality_checks.py
[2026-02-06T22:05:14.279+0000] {processor.py:830} INFO - Processing file /opt/airflow/dags/data_quality_checks.py for tasks to queue
[2026-02-06T22:05:14.281+0000] {logging_mixin.py:188} INFO - [2026-02-06T22:05:14.280+0000] {dagbag.py:538} INFO - Filling up the DagBag from /opt/airflow/dags/data_quality_checks.py
[2026-02-06T22:05:18.379+0000] {logging_mixin.py:188} INFO - [2026-02-06T22:05:18.379+0000] {warnings.py:110} WARNING - /opt/airflow/dags/data_quality_checks.py:50: RemovedInAirflow3Warning: Param `schedule_interval` is deprecated and will be removed in a future release. Please use `schedule` instead. 
  with DAG(
[2026-02-06T22:05:18.386+0000] {processor.py:840} INFO - DAG(s) 'data_quality_checks' retrieved from /opt/airflow/dags/data_quality_checks.py
[2026-02-06T22:05:18.421+0000] {logging_mixin.py:188} INFO - [2026-02-06T22:05:18.421+0000] {dag.py:3036} INFO - Sync 1 DAGs
[2026-02-06T22:05:18.488+0000] {logging_mixin.py:188} INFO - [2026-02-06T22:05:18.476+0000] {dag.py:3823} INFO - Setting next_dagrun for data_quality_checks to 2026-02-05 00:00:00+00:00, run_after=2026-02-06 00:00:00+00:00
[2026-02-06T22:05:18.555+0000] {processor.py:183} INFO - Processing /opt/airflow/dags/data_quality_checks.py took 4.281 seconds
[2026-02-06T22:05:48.869+0000] {processor.py:161} INFO - Started process (PID=1392) to work on /opt/airflow/dags/data_quality_checks.py
[2026-02-06T22:05:48.871+0000] {processor.py:830} INFO - Processing file /opt/airflow/dags/data_quality_checks.py for tasks to queue
[2026-02-06T22:05:48.872+0000] {logging_mixin.py:188} INFO - [2026-02-06T22:05:48.871+0000] {dagbag.py:538} INFO - Filling up the DagBag from /opt/airflow/dags/data_quality_checks.py
[2026-02-06T22:05:52.217+0000] {logging_mixin.py:188} INFO - [2026-02-06T22:05:52.217+0000] {warnings.py:110} WARNING - /opt/airflow/dags/data_quality_checks.py:50: RemovedInAirflow3Warning: Param `schedule_interval` is deprecated and will be removed in a future release. Please use `schedule` instead. 
  with DAG(
[2026-02-06T22:05:52.225+0000] {processor.py:840} INFO - DAG(s) 'data_quality_checks' retrieved from /opt/airflow/dags/data_quality_checks.py
[2026-02-06T22:05:52.253+0000] {logging_mixin.py:188} INFO - [2026-02-06T22:05:52.253+0000] {dag.py:3036} INFO - Sync 1 DAGs
[2026-02-06T22:05:52.272+0000] {logging_mixin.py:188} INFO - [2026-02-06T22:05:52.272+0000] {dag.py:3823} INFO - Setting next_dagrun for data_quality_checks to 2026-02-05 00:00:00+00:00, run_after=2026-02-06 00:00:00+00:00
[2026-02-06T22:05:52.289+0000] {processor.py:183} INFO - Processing /opt/airflow/dags/data_quality_checks.py took 3.423 seconds
[2026-02-06T22:06:23.189+0000] {processor.py:161} INFO - Started process (PID=1421) to work on /opt/airflow/dags/data_quality_checks.py
[2026-02-06T22:06:23.191+0000] {processor.py:830} INFO - Processing file /opt/airflow/dags/data_quality_checks.py for tasks to queue
[2026-02-06T22:06:23.192+0000] {logging_mixin.py:188} INFO - [2026-02-06T22:06:23.192+0000] {dagbag.py:538} INFO - Filling up the DagBag from /opt/airflow/dags/data_quality_checks.py
[2026-02-06T22:06:26.637+0000] {logging_mixin.py:188} INFO - [2026-02-06T22:06:26.636+0000] {warnings.py:110} WARNING - /opt/airflow/dags/data_quality_checks.py:50: RemovedInAirflow3Warning: Param `schedule_interval` is deprecated and will be removed in a future release. Please use `schedule` instead. 
  with DAG(
[2026-02-06T22:06:26.642+0000] {processor.py:840} INFO - DAG(s) 'data_quality_checks' retrieved from /opt/airflow/dags/data_quality_checks.py
[2026-02-06T22:06:26.666+0000] {logging_mixin.py:188} INFO - [2026-02-06T22:06:26.665+0000] {dag.py:3036} INFO - Sync 1 DAGs
[2026-02-06T22:06:26.683+0000] {logging_mixin.py:188} INFO - [2026-02-06T22:06:26.683+0000] {dag.py:3823} INFO - Setting next_dagrun for data_quality_checks to 2026-02-05 00:00:00+00:00, run_after=2026-02-06 00:00:00+00:00
[2026-02-06T22:06:26.702+0000] {processor.py:183} INFO - Processing /opt/airflow/dags/data_quality_checks.py took 3.517 seconds
[2026-02-06T22:06:56.780+0000] {processor.py:161} INFO - Started process (PID=1450) to work on /opt/airflow/dags/data_quality_checks.py
[2026-02-06T22:06:56.781+0000] {processor.py:830} INFO - Processing file /opt/airflow/dags/data_quality_checks.py for tasks to queue
[2026-02-06T22:06:56.782+0000] {logging_mixin.py:188} INFO - [2026-02-06T22:06:56.782+0000] {dagbag.py:538} INFO - Filling up the DagBag from /opt/airflow/dags/data_quality_checks.py
[2026-02-06T22:06:59.913+0000] {logging_mixin.py:188} INFO - [2026-02-06T22:06:59.913+0000] {warnings.py:110} WARNING - /opt/airflow/dags/data_quality_checks.py:50: RemovedInAirflow3Warning: Param `schedule_interval` is deprecated and will be removed in a future release. Please use `schedule` instead. 
  with DAG(
[2026-02-06T22:06:59.920+0000] {processor.py:840} INFO - DAG(s) 'data_quality_checks' retrieved from /opt/airflow/dags/data_quality_checks.py
[2026-02-06T22:06:59.948+0000] {logging_mixin.py:188} INFO - [2026-02-06T22:06:59.947+0000] {dag.py:3036} INFO - Sync 1 DAGs
[2026-02-06T22:06:59.968+0000] {logging_mixin.py:188} INFO - [2026-02-06T22:06:59.968+0000] {dag.py:3823} INFO - Setting next_dagrun for data_quality_checks to 2026-02-05 00:00:00+00:00, run_after=2026-02-06 00:00:00+00:00
[2026-02-06T22:06:59.990+0000] {processor.py:183} INFO - Processing /opt/airflow/dags/data_quality_checks.py took 3.216 seconds
[2026-02-06T22:07:30.173+0000] {processor.py:161} INFO - Started process (PID=1479) to work on /opt/airflow/dags/data_quality_checks.py
[2026-02-06T22:07:30.174+0000] {processor.py:830} INFO - Processing file /opt/airflow/dags/data_quality_checks.py for tasks to queue
[2026-02-06T22:07:30.175+0000] {logging_mixin.py:188} INFO - [2026-02-06T22:07:30.175+0000] {dagbag.py:538} INFO - Filling up the DagBag from /opt/airflow/dags/data_quality_checks.py
[2026-02-06T22:07:33.064+0000] {logging_mixin.py:188} INFO - [2026-02-06T22:07:33.064+0000] {warnings.py:110} WARNING - /opt/airflow/dags/data_quality_checks.py:50: RemovedInAirflow3Warning: Param `schedule_interval` is deprecated and will be removed in a future release. Please use `schedule` instead. 
  with DAG(
[2026-02-06T22:07:33.070+0000] {processor.py:840} INFO - DAG(s) 'data_quality_checks' retrieved from /opt/airflow/dags/data_quality_checks.py
[2026-02-06T22:07:33.101+0000] {logging_mixin.py:188} INFO - [2026-02-06T22:07:33.100+0000] {dag.py:3036} INFO - Sync 1 DAGs
[2026-02-06T22:07:33.120+0000] {logging_mixin.py:188} INFO - [2026-02-06T22:07:33.119+0000] {dag.py:3823} INFO - Setting next_dagrun for data_quality_checks to 2026-02-05 00:00:00+00:00, run_after=2026-02-06 00:00:00+00:00
[2026-02-06T22:07:33.139+0000] {processor.py:183} INFO - Processing /opt/airflow/dags/data_quality_checks.py took 2.969 seconds
[2026-02-06T22:08:03.401+0000] {processor.py:161} INFO - Started process (PID=1508) to work on /opt/airflow/dags/data_quality_checks.py
[2026-02-06T22:08:03.402+0000] {processor.py:830} INFO - Processing file /opt/airflow/dags/data_quality_checks.py for tasks to queue
[2026-02-06T22:08:03.403+0000] {logging_mixin.py:188} INFO - [2026-02-06T22:08:03.403+0000] {dagbag.py:538} INFO - Filling up the DagBag from /opt/airflow/dags/data_quality_checks.py
[2026-02-06T22:08:06.309+0000] {logging_mixin.py:188} INFO - [2026-02-06T22:08:06.309+0000] {warnings.py:110} WARNING - /opt/airflow/dags/data_quality_checks.py:50: RemovedInAirflow3Warning: Param `schedule_interval` is deprecated and will be removed in a future release. Please use `schedule` instead. 
  with DAG(
[2026-02-06T22:08:06.314+0000] {processor.py:840} INFO - DAG(s) 'data_quality_checks' retrieved from /opt/airflow/dags/data_quality_checks.py
[2026-02-06T22:08:06.338+0000] {logging_mixin.py:188} INFO - [2026-02-06T22:08:06.338+0000] {dag.py:3036} INFO - Sync 1 DAGs
[2026-02-06T22:08:06.359+0000] {logging_mixin.py:188} INFO - [2026-02-06T22:08:06.358+0000] {dag.py:3823} INFO - Setting next_dagrun for data_quality_checks to 2026-02-05 00:00:00+00:00, run_after=2026-02-06 00:00:00+00:00
[2026-02-06T22:08:06.377+0000] {processor.py:183} INFO - Processing /opt/airflow/dags/data_quality_checks.py took 2.978 seconds
[2026-02-06T22:08:36.701+0000] {processor.py:161} INFO - Started process (PID=1537) to work on /opt/airflow/dags/data_quality_checks.py
[2026-02-06T22:08:36.702+0000] {processor.py:830} INFO - Processing file /opt/airflow/dags/data_quality_checks.py for tasks to queue
[2026-02-06T22:08:36.704+0000] {logging_mixin.py:188} INFO - [2026-02-06T22:08:36.703+0000] {dagbag.py:538} INFO - Filling up the DagBag from /opt/airflow/dags/data_quality_checks.py
[2026-02-06T22:08:40.291+0000] {logging_mixin.py:188} INFO - [2026-02-06T22:08:40.291+0000] {warnings.py:110} WARNING - /opt/airflow/dags/data_quality_checks.py:50: RemovedInAirflow3Warning: Param `schedule_interval` is deprecated and will be removed in a future release. Please use `schedule` instead. 
  with DAG(
[2026-02-06T22:08:40.298+0000] {processor.py:840} INFO - DAG(s) 'data_quality_checks' retrieved from /opt/airflow/dags/data_quality_checks.py
[2026-02-06T22:08:40.326+0000] {logging_mixin.py:188} INFO - [2026-02-06T22:08:40.325+0000] {dag.py:3036} INFO - Sync 1 DAGs
[2026-02-06T22:08:40.352+0000] {logging_mixin.py:188} INFO - [2026-02-06T22:08:40.352+0000] {dag.py:3823} INFO - Setting next_dagrun for data_quality_checks to 2026-02-05 00:00:00+00:00, run_after=2026-02-06 00:00:00+00:00
[2026-02-06T22:08:40.397+0000] {processor.py:183} INFO - Processing /opt/airflow/dags/data_quality_checks.py took 3.702 seconds
[2026-02-06T22:09:11.092+0000] {processor.py:161} INFO - Started process (PID=1573) to work on /opt/airflow/dags/data_quality_checks.py
[2026-02-06T22:09:11.093+0000] {processor.py:830} INFO - Processing file /opt/airflow/dags/data_quality_checks.py for tasks to queue
[2026-02-06T22:09:11.095+0000] {logging_mixin.py:188} INFO - [2026-02-06T22:09:11.094+0000] {dagbag.py:538} INFO - Filling up the DagBag from /opt/airflow/dags/data_quality_checks.py
[2026-02-06T22:09:14.563+0000] {logging_mixin.py:188} INFO - [2026-02-06T22:09:14.563+0000] {warnings.py:110} WARNING - /opt/airflow/dags/data_quality_checks.py:50: RemovedInAirflow3Warning: Param `schedule_interval` is deprecated and will be removed in a future release. Please use `schedule` instead. 
  with DAG(
[2026-02-06T22:09:14.573+0000] {processor.py:840} INFO - DAG(s) 'data_quality_checks' retrieved from /opt/airflow/dags/data_quality_checks.py
[2026-02-06T22:09:14.611+0000] {logging_mixin.py:188} INFO - [2026-02-06T22:09:14.610+0000] {dag.py:3036} INFO - Sync 1 DAGs
[2026-02-06T22:09:14.643+0000] {logging_mixin.py:188} INFO - [2026-02-06T22:09:14.643+0000] {dag.py:3823} INFO - Setting next_dagrun for data_quality_checks to 2026-02-05 00:00:00+00:00, run_after=2026-02-06 00:00:00+00:00
[2026-02-06T22:09:14.677+0000] {processor.py:183} INFO - Processing /opt/airflow/dags/data_quality_checks.py took 3.588 seconds
[2026-02-06T22:09:45.557+0000] {processor.py:161} INFO - Started process (PID=1607) to work on /opt/airflow/dags/data_quality_checks.py
[2026-02-06T22:09:45.558+0000] {processor.py:830} INFO - Processing file /opt/airflow/dags/data_quality_checks.py for tasks to queue
[2026-02-06T22:09:45.559+0000] {logging_mixin.py:188} INFO - [2026-02-06T22:09:45.559+0000] {dagbag.py:538} INFO - Filling up the DagBag from /opt/airflow/dags/data_quality_checks.py
[2026-02-06T22:09:48.070+0000] {logging_mixin.py:188} INFO - [2026-02-06T22:09:48.070+0000] {warnings.py:110} WARNING - /opt/airflow/dags/data_quality_checks.py:50: RemovedInAirflow3Warning: Param `schedule_interval` is deprecated and will be removed in a future release. Please use `schedule` instead. 
  with DAG(
[2026-02-06T22:09:48.075+0000] {processor.py:840} INFO - DAG(s) 'data_quality_checks' retrieved from /opt/airflow/dags/data_quality_checks.py
[2026-02-06T22:09:48.100+0000] {logging_mixin.py:188} INFO - [2026-02-06T22:09:48.100+0000] {dag.py:3036} INFO - Sync 1 DAGs
[2026-02-06T22:09:48.116+0000] {logging_mixin.py:188} INFO - [2026-02-06T22:09:48.116+0000] {dag.py:3823} INFO - Setting next_dagrun for data_quality_checks to 2026-02-05 00:00:00+00:00, run_after=2026-02-06 00:00:00+00:00
[2026-02-06T22:09:48.132+0000] {processor.py:183} INFO - Processing /opt/airflow/dags/data_quality_checks.py took 2.579 seconds
[2026-02-06T22:10:18.951+0000] {processor.py:161} INFO - Started process (PID=1636) to work on /opt/airflow/dags/data_quality_checks.py
[2026-02-06T22:10:18.952+0000] {processor.py:830} INFO - Processing file /opt/airflow/dags/data_quality_checks.py for tasks to queue
[2026-02-06T22:10:18.953+0000] {logging_mixin.py:188} INFO - [2026-02-06T22:10:18.952+0000] {dagbag.py:538} INFO - Filling up the DagBag from /opt/airflow/dags/data_quality_checks.py
[2026-02-06T22:10:21.654+0000] {logging_mixin.py:188} INFO - [2026-02-06T22:10:21.654+0000] {warnings.py:110} WARNING - /opt/airflow/dags/data_quality_checks.py:50: RemovedInAirflow3Warning: Param `schedule_interval` is deprecated and will be removed in a future release. Please use `schedule` instead. 
  with DAG(
[2026-02-06T22:10:21.659+0000] {processor.py:840} INFO - DAG(s) 'data_quality_checks' retrieved from /opt/airflow/dags/data_quality_checks.py
[2026-02-06T22:10:21.682+0000] {logging_mixin.py:188} INFO - [2026-02-06T22:10:21.681+0000] {dag.py:3036} INFO - Sync 1 DAGs
[2026-02-06T22:10:21.699+0000] {logging_mixin.py:188} INFO - [2026-02-06T22:10:21.699+0000] {dag.py:3823} INFO - Setting next_dagrun for data_quality_checks to 2026-02-05 00:00:00+00:00, run_after=2026-02-06 00:00:00+00:00
[2026-02-06T22:10:21.717+0000] {processor.py:183} INFO - Processing /opt/airflow/dags/data_quality_checks.py took 2.769 seconds
[2026-02-06T22:10:52.341+0000] {processor.py:161} INFO - Started process (PID=1665) to work on /opt/airflow/dags/data_quality_checks.py
[2026-02-06T22:10:52.342+0000] {processor.py:830} INFO - Processing file /opt/airflow/dags/data_quality_checks.py for tasks to queue
[2026-02-06T22:10:52.343+0000] {logging_mixin.py:188} INFO - [2026-02-06T22:10:52.343+0000] {dagbag.py:538} INFO - Filling up the DagBag from /opt/airflow/dags/data_quality_checks.py
[2026-02-06T22:10:55.028+0000] {logging_mixin.py:188} INFO - [2026-02-06T22:10:55.027+0000] {warnings.py:110} WARNING - /opt/airflow/dags/data_quality_checks.py:50: RemovedInAirflow3Warning: Param `schedule_interval` is deprecated and will be removed in a future release. Please use `schedule` instead. 
  with DAG(
[2026-02-06T22:10:55.033+0000] {processor.py:840} INFO - DAG(s) 'data_quality_checks' retrieved from /opt/airflow/dags/data_quality_checks.py
[2026-02-06T22:10:55.055+0000] {logging_mixin.py:188} INFO - [2026-02-06T22:10:55.055+0000] {dag.py:3036} INFO - Sync 1 DAGs
[2026-02-06T22:10:55.073+0000] {logging_mixin.py:188} INFO - [2026-02-06T22:10:55.073+0000] {dag.py:3823} INFO - Setting next_dagrun for data_quality_checks to 2026-02-05 00:00:00+00:00, run_after=2026-02-06 00:00:00+00:00
[2026-02-06T22:10:55.091+0000] {processor.py:183} INFO - Processing /opt/airflow/dags/data_quality_checks.py took 2.754 seconds
[2026-02-06T22:11:25.703+0000] {processor.py:161} INFO - Started process (PID=1694) to work on /opt/airflow/dags/data_quality_checks.py
[2026-02-06T22:11:25.705+0000] {processor.py:830} INFO - Processing file /opt/airflow/dags/data_quality_checks.py for tasks to queue
[2026-02-06T22:11:25.706+0000] {logging_mixin.py:188} INFO - [2026-02-06T22:11:25.705+0000] {dagbag.py:538} INFO - Filling up the DagBag from /opt/airflow/dags/data_quality_checks.py
[2026-02-06T22:11:28.448+0000] {logging_mixin.py:188} INFO - [2026-02-06T22:11:28.447+0000] {warnings.py:110} WARNING - /opt/airflow/dags/data_quality_checks.py:50: RemovedInAirflow3Warning: Param `schedule_interval` is deprecated and will be removed in a future release. Please use `schedule` instead. 
  with DAG(
[2026-02-06T22:11:28.613+0000] {processor.py:840} INFO - DAG(s) 'data_quality_checks' retrieved from /opt/airflow/dags/data_quality_checks.py
[2026-02-06T22:11:28.665+0000] {logging_mixin.py:188} INFO - [2026-02-06T22:11:28.665+0000] {dag.py:3036} INFO - Sync 1 DAGs
[2026-02-06T22:11:28.684+0000] {logging_mixin.py:188} INFO - [2026-02-06T22:11:28.684+0000] {dag.py:3823} INFO - Setting next_dagrun for data_quality_checks to 2026-02-05 00:00:00+00:00, run_after=2026-02-06 00:00:00+00:00
[2026-02-06T22:11:28.704+0000] {processor.py:183} INFO - Processing /opt/airflow/dags/data_quality_checks.py took 3.007 seconds
[2026-02-06T22:11:58.978+0000] {processor.py:161} INFO - Started process (PID=1723) to work on /opt/airflow/dags/data_quality_checks.py
[2026-02-06T22:11:58.979+0000] {processor.py:830} INFO - Processing file /opt/airflow/dags/data_quality_checks.py for tasks to queue
[2026-02-06T22:11:58.980+0000] {logging_mixin.py:188} INFO - [2026-02-06T22:11:58.980+0000] {dagbag.py:538} INFO - Filling up the DagBag from /opt/airflow/dags/data_quality_checks.py
[2026-02-06T22:12:02.003+0000] {logging_mixin.py:188} INFO - [2026-02-06T22:12:02.002+0000] {warnings.py:110} WARNING - /opt/airflow/dags/data_quality_checks.py:50: RemovedInAirflow3Warning: Param `schedule_interval` is deprecated and will be removed in a future release. Please use `schedule` instead. 
  with DAG(
[2026-02-06T22:12:02.011+0000] {processor.py:840} INFO - DAG(s) 'data_quality_checks' retrieved from /opt/airflow/dags/data_quality_checks.py
[2026-02-06T22:12:02.052+0000] {logging_mixin.py:188} INFO - [2026-02-06T22:12:02.052+0000] {dag.py:3036} INFO - Sync 1 DAGs
[2026-02-06T22:12:02.311+0000] {logging_mixin.py:188} INFO - [2026-02-06T22:12:02.310+0000] {dag.py:3823} INFO - Setting next_dagrun for data_quality_checks to 2026-02-05 00:00:00+00:00, run_after=2026-02-06 00:00:00+00:00
[2026-02-06T22:12:02.342+0000] {processor.py:183} INFO - Processing /opt/airflow/dags/data_quality_checks.py took 3.368 seconds
[2026-02-06T22:12:32.523+0000] {processor.py:161} INFO - Started process (PID=1752) to work on /opt/airflow/dags/data_quality_checks.py
[2026-02-06T22:12:32.524+0000] {processor.py:830} INFO - Processing file /opt/airflow/dags/data_quality_checks.py for tasks to queue
[2026-02-06T22:12:32.525+0000] {logging_mixin.py:188} INFO - [2026-02-06T22:12:32.525+0000] {dagbag.py:538} INFO - Filling up the DagBag from /opt/airflow/dags/data_quality_checks.py
[2026-02-06T22:12:35.247+0000] {logging_mixin.py:188} INFO - [2026-02-06T22:12:35.246+0000] {warnings.py:110} WARNING - /opt/airflow/dags/data_quality_checks.py:50: RemovedInAirflow3Warning: Param `schedule_interval` is deprecated and will be removed in a future release. Please use `schedule` instead. 
  with DAG(
[2026-02-06T22:12:35.252+0000] {processor.py:840} INFO - DAG(s) 'data_quality_checks' retrieved from /opt/airflow/dags/data_quality_checks.py
[2026-02-06T22:12:35.273+0000] {logging_mixin.py:188} INFO - [2026-02-06T22:12:35.273+0000] {dag.py:3036} INFO - Sync 1 DAGs
[2026-02-06T22:12:35.292+0000] {logging_mixin.py:188} INFO - [2026-02-06T22:12:35.291+0000] {dag.py:3823} INFO - Setting next_dagrun for data_quality_checks to 2026-02-05 00:00:00+00:00, run_after=2026-02-06 00:00:00+00:00
[2026-02-06T22:12:35.312+0000] {processor.py:183} INFO - Processing /opt/airflow/dags/data_quality_checks.py took 2.792 seconds
[2026-02-06T22:13:05.622+0000] {processor.py:161} INFO - Started process (PID=1781) to work on /opt/airflow/dags/data_quality_checks.py
[2026-02-06T22:13:05.623+0000] {processor.py:830} INFO - Processing file /opt/airflow/dags/data_quality_checks.py for tasks to queue
[2026-02-06T22:13:05.624+0000] {logging_mixin.py:188} INFO - [2026-02-06T22:13:05.624+0000] {dagbag.py:538} INFO - Filling up the DagBag from /opt/airflow/dags/data_quality_checks.py
[2026-02-06T22:13:08.819+0000] {logging_mixin.py:188} INFO - [2026-02-06T22:13:08.818+0000] {warnings.py:110} WARNING - /opt/airflow/dags/data_quality_checks.py:50: RemovedInAirflow3Warning: Param `schedule_interval` is deprecated and will be removed in a future release. Please use `schedule` instead. 
  with DAG(
[2026-02-06T22:13:08.824+0000] {processor.py:840} INFO - DAG(s) 'data_quality_checks' retrieved from /opt/airflow/dags/data_quality_checks.py
[2026-02-06T22:13:08.845+0000] {logging_mixin.py:188} INFO - [2026-02-06T22:13:08.845+0000] {dag.py:3036} INFO - Sync 1 DAGs
[2026-02-06T22:13:08.863+0000] {logging_mixin.py:188} INFO - [2026-02-06T22:13:08.863+0000] {dag.py:3823} INFO - Setting next_dagrun for data_quality_checks to 2026-02-05 00:00:00+00:00, run_after=2026-02-06 00:00:00+00:00
[2026-02-06T22:13:08.881+0000] {processor.py:183} INFO - Processing /opt/airflow/dags/data_quality_checks.py took 3.262 seconds
[2026-02-06T22:13:38.998+0000] {processor.py:161} INFO - Started process (PID=1810) to work on /opt/airflow/dags/data_quality_checks.py
[2026-02-06T22:13:38.999+0000] {processor.py:830} INFO - Processing file /opt/airflow/dags/data_quality_checks.py for tasks to queue
[2026-02-06T22:13:39.000+0000] {logging_mixin.py:188} INFO - [2026-02-06T22:13:39.000+0000] {dagbag.py:538} INFO - Filling up the DagBag from /opt/airflow/dags/data_quality_checks.py
[2026-02-06T22:13:41.943+0000] {logging_mixin.py:188} INFO - [2026-02-06T22:13:41.942+0000] {warnings.py:110} WARNING - /opt/airflow/dags/data_quality_checks.py:50: RemovedInAirflow3Warning: Param `schedule_interval` is deprecated and will be removed in a future release. Please use `schedule` instead. 
  with DAG(
[2026-02-06T22:13:41.948+0000] {processor.py:840} INFO - DAG(s) 'data_quality_checks' retrieved from /opt/airflow/dags/data_quality_checks.py
[2026-02-06T22:13:41.972+0000] {logging_mixin.py:188} INFO - [2026-02-06T22:13:41.972+0000] {dag.py:3036} INFO - Sync 1 DAGs
[2026-02-06T22:13:41.992+0000] {logging_mixin.py:188} INFO - [2026-02-06T22:13:41.992+0000] {dag.py:3823} INFO - Setting next_dagrun for data_quality_checks to 2026-02-05 00:00:00+00:00, run_after=2026-02-06 00:00:00+00:00
[2026-02-06T22:13:42.172+0000] {processor.py:183} INFO - Processing /opt/airflow/dags/data_quality_checks.py took 3.177 seconds
[2026-02-06T22:14:12.330+0000] {processor.py:161} INFO - Started process (PID=1845) to work on /opt/airflow/dags/data_quality_checks.py
[2026-02-06T22:14:12.331+0000] {processor.py:830} INFO - Processing file /opt/airflow/dags/data_quality_checks.py for tasks to queue
[2026-02-06T22:14:12.332+0000] {logging_mixin.py:188} INFO - [2026-02-06T22:14:12.332+0000] {dagbag.py:538} INFO - Filling up the DagBag from /opt/airflow/dags/data_quality_checks.py
[2026-02-06T22:14:15.676+0000] {logging_mixin.py:188} INFO - [2026-02-06T22:14:15.676+0000] {warnings.py:110} WARNING - /opt/airflow/dags/data_quality_checks.py:50: RemovedInAirflow3Warning: Param `schedule_interval` is deprecated and will be removed in a future release. Please use `schedule` instead. 
  with DAG(
[2026-02-06T22:14:15.683+0000] {processor.py:840} INFO - DAG(s) 'data_quality_checks' retrieved from /opt/airflow/dags/data_quality_checks.py
[2026-02-06T22:14:15.710+0000] {logging_mixin.py:188} INFO - [2026-02-06T22:14:15.709+0000] {dag.py:3036} INFO - Sync 1 DAGs
[2026-02-06T22:14:15.739+0000] {logging_mixin.py:188} INFO - [2026-02-06T22:14:15.739+0000] {dag.py:3823} INFO - Setting next_dagrun for data_quality_checks to 2026-02-05 00:00:00+00:00, run_after=2026-02-06 00:00:00+00:00
[2026-02-06T22:14:15.761+0000] {processor.py:183} INFO - Processing /opt/airflow/dags/data_quality_checks.py took 3.435 seconds
[2026-02-06T22:14:46.035+0000] {processor.py:161} INFO - Started process (PID=1875) to work on /opt/airflow/dags/data_quality_checks.py
[2026-02-06T22:14:46.036+0000] {processor.py:830} INFO - Processing file /opt/airflow/dags/data_quality_checks.py for tasks to queue
[2026-02-06T22:14:46.037+0000] {logging_mixin.py:188} INFO - [2026-02-06T22:14:46.037+0000] {dagbag.py:538} INFO - Filling up the DagBag from /opt/airflow/dags/data_quality_checks.py
[2026-02-06T22:14:49.150+0000] {logging_mixin.py:188} INFO - [2026-02-06T22:14:49.150+0000] {warnings.py:110} WARNING - /opt/airflow/dags/data_quality_checks.py:50: RemovedInAirflow3Warning: Param `schedule_interval` is deprecated and will be removed in a future release. Please use `schedule` instead. 
  with DAG(
[2026-02-06T22:14:49.156+0000] {processor.py:840} INFO - DAG(s) 'data_quality_checks' retrieved from /opt/airflow/dags/data_quality_checks.py
[2026-02-06T22:14:49.180+0000] {logging_mixin.py:188} INFO - [2026-02-06T22:14:49.180+0000] {dag.py:3036} INFO - Sync 1 DAGs
[2026-02-06T22:14:49.373+0000] {logging_mixin.py:188} INFO - [2026-02-06T22:14:49.373+0000] {dag.py:3823} INFO - Setting next_dagrun for data_quality_checks to 2026-02-05 00:00:00+00:00, run_after=2026-02-06 00:00:00+00:00
[2026-02-06T22:14:49.389+0000] {processor.py:183} INFO - Processing /opt/airflow/dags/data_quality_checks.py took 3.359 seconds
[2026-02-06T22:15:19.676+0000] {processor.py:161} INFO - Started process (PID=1909) to work on /opt/airflow/dags/data_quality_checks.py
[2026-02-06T22:15:19.677+0000] {processor.py:830} INFO - Processing file /opt/airflow/dags/data_quality_checks.py for tasks to queue
[2026-02-06T22:15:19.678+0000] {logging_mixin.py:188} INFO - [2026-02-06T22:15:19.678+0000] {dagbag.py:538} INFO - Filling up the DagBag from /opt/airflow/dags/data_quality_checks.py
[2026-02-06T22:15:23.776+0000] {logging_mixin.py:188} INFO - [2026-02-06T22:15:23.776+0000] {warnings.py:110} WARNING - /opt/airflow/dags/data_quality_checks.py:50: RemovedInAirflow3Warning: Param `schedule_interval` is deprecated and will be removed in a future release. Please use `schedule` instead. 
  with DAG(
[2026-02-06T22:15:23.784+0000] {processor.py:840} INFO - DAG(s) 'data_quality_checks' retrieved from /opt/airflow/dags/data_quality_checks.py
[2026-02-06T22:15:23.815+0000] {logging_mixin.py:188} INFO - [2026-02-06T22:15:23.815+0000] {dag.py:3036} INFO - Sync 1 DAGs
[2026-02-06T22:15:23.841+0000] {logging_mixin.py:188} INFO - [2026-02-06T22:15:23.841+0000] {dag.py:3823} INFO - Setting next_dagrun for data_quality_checks to 2026-02-05 00:00:00+00:00, run_after=2026-02-06 00:00:00+00:00
[2026-02-06T22:15:23.870+0000] {processor.py:183} INFO - Processing /opt/airflow/dags/data_quality_checks.py took 4.198 seconds
[2026-02-06T22:15:54.193+0000] {processor.py:161} INFO - Started process (PID=1938) to work on /opt/airflow/dags/data_quality_checks.py
[2026-02-06T22:15:54.194+0000] {processor.py:830} INFO - Processing file /opt/airflow/dags/data_quality_checks.py for tasks to queue
[2026-02-06T22:15:54.197+0000] {logging_mixin.py:188} INFO - [2026-02-06T22:15:54.197+0000] {dagbag.py:538} INFO - Filling up the DagBag from /opt/airflow/dags/data_quality_checks.py
[2026-02-06T22:15:57.355+0000] {logging_mixin.py:188} INFO - [2026-02-06T22:15:57.355+0000] {warnings.py:110} WARNING - /opt/airflow/dags/data_quality_checks.py:50: RemovedInAirflow3Warning: Param `schedule_interval` is deprecated and will be removed in a future release. Please use `schedule` instead. 
  with DAG(
[2026-02-06T22:15:57.362+0000] {processor.py:840} INFO - DAG(s) 'data_quality_checks' retrieved from /opt/airflow/dags/data_quality_checks.py
[2026-02-06T22:15:57.384+0000] {logging_mixin.py:188} INFO - [2026-02-06T22:15:57.383+0000] {dag.py:3036} INFO - Sync 1 DAGs
[2026-02-06T22:15:57.403+0000] {logging_mixin.py:188} INFO - [2026-02-06T22:15:57.403+0000] {dag.py:3823} INFO - Setting next_dagrun for data_quality_checks to 2026-02-05 00:00:00+00:00, run_after=2026-02-06 00:00:00+00:00
[2026-02-06T22:15:57.420+0000] {processor.py:183} INFO - Processing /opt/airflow/dags/data_quality_checks.py took 3.231 seconds
[2026-02-06T22:16:27.560+0000] {processor.py:161} INFO - Started process (PID=1967) to work on /opt/airflow/dags/data_quality_checks.py
[2026-02-06T22:16:27.561+0000] {processor.py:830} INFO - Processing file /opt/airflow/dags/data_quality_checks.py for tasks to queue
[2026-02-06T22:16:27.563+0000] {logging_mixin.py:188} INFO - [2026-02-06T22:16:27.562+0000] {dagbag.py:538} INFO - Filling up the DagBag from /opt/airflow/dags/data_quality_checks.py
[2026-02-06T22:16:30.491+0000] {logging_mixin.py:188} INFO - [2026-02-06T22:16:30.491+0000] {warnings.py:110} WARNING - /opt/airflow/dags/data_quality_checks.py:50: RemovedInAirflow3Warning: Param `schedule_interval` is deprecated and will be removed in a future release. Please use `schedule` instead. 
  with DAG(
[2026-02-06T22:16:30.498+0000] {processor.py:840} INFO - DAG(s) 'data_quality_checks' retrieved from /opt/airflow/dags/data_quality_checks.py
[2026-02-06T22:16:30.519+0000] {logging_mixin.py:188} INFO - [2026-02-06T22:16:30.519+0000] {dag.py:3036} INFO - Sync 1 DAGs
[2026-02-06T22:16:30.536+0000] {logging_mixin.py:188} INFO - [2026-02-06T22:16:30.536+0000] {dag.py:3823} INFO - Setting next_dagrun for data_quality_checks to 2026-02-05 00:00:00+00:00, run_after=2026-02-06 00:00:00+00:00
[2026-02-06T22:16:30.552+0000] {processor.py:183} INFO - Processing /opt/airflow/dags/data_quality_checks.py took 2.998 seconds
[2026-02-06T22:17:00.876+0000] {processor.py:161} INFO - Started process (PID=1996) to work on /opt/airflow/dags/data_quality_checks.py
[2026-02-06T22:17:00.877+0000] {processor.py:830} INFO - Processing file /opt/airflow/dags/data_quality_checks.py for tasks to queue
[2026-02-06T22:17:00.878+0000] {logging_mixin.py:188} INFO - [2026-02-06T22:17:00.878+0000] {dagbag.py:538} INFO - Filling up the DagBag from /opt/airflow/dags/data_quality_checks.py
[2026-02-06T22:17:03.507+0000] {logging_mixin.py:188} INFO - [2026-02-06T22:17:03.507+0000] {warnings.py:110} WARNING - /opt/airflow/dags/data_quality_checks.py:50: RemovedInAirflow3Warning: Param `schedule_interval` is deprecated and will be removed in a future release. Please use `schedule` instead. 
  with DAG(
[2026-02-06T22:17:03.513+0000] {processor.py:840} INFO - DAG(s) 'data_quality_checks' retrieved from /opt/airflow/dags/data_quality_checks.py
[2026-02-06T22:17:03.533+0000] {logging_mixin.py:188} INFO - [2026-02-06T22:17:03.533+0000] {dag.py:3036} INFO - Sync 1 DAGs
[2026-02-06T22:17:03.549+0000] {logging_mixin.py:188} INFO - [2026-02-06T22:17:03.549+0000] {dag.py:3823} INFO - Setting next_dagrun for data_quality_checks to 2026-02-05 00:00:00+00:00, run_after=2026-02-06 00:00:00+00:00
[2026-02-06T22:17:03.565+0000] {processor.py:183} INFO - Processing /opt/airflow/dags/data_quality_checks.py took 2.692 seconds
[2026-02-06T22:17:34.254+0000] {processor.py:161} INFO - Started process (PID=2025) to work on /opt/airflow/dags/data_quality_checks.py
[2026-02-06T22:17:34.256+0000] {processor.py:830} INFO - Processing file /opt/airflow/dags/data_quality_checks.py for tasks to queue
[2026-02-06T22:17:34.258+0000] {logging_mixin.py:188} INFO - [2026-02-06T22:17:34.257+0000] {dagbag.py:538} INFO - Filling up the DagBag from /opt/airflow/dags/data_quality_checks.py
[2026-02-06T22:17:37.080+0000] {logging_mixin.py:188} INFO - [2026-02-06T22:17:37.080+0000] {warnings.py:110} WARNING - /opt/airflow/dags/data_quality_checks.py:50: RemovedInAirflow3Warning: Param `schedule_interval` is deprecated and will be removed in a future release. Please use `schedule` instead. 
  with DAG(
[2026-02-06T22:17:37.086+0000] {processor.py:840} INFO - DAG(s) 'data_quality_checks' retrieved from /opt/airflow/dags/data_quality_checks.py
[2026-02-06T22:17:37.107+0000] {logging_mixin.py:188} INFO - [2026-02-06T22:17:37.106+0000] {dag.py:3036} INFO - Sync 1 DAGs
[2026-02-06T22:17:37.123+0000] {logging_mixin.py:188} INFO - [2026-02-06T22:17:37.123+0000] {dag.py:3823} INFO - Setting next_dagrun for data_quality_checks to 2026-02-05 00:00:00+00:00, run_after=2026-02-06 00:00:00+00:00
[2026-02-06T22:17:37.141+0000] {processor.py:183} INFO - Processing /opt/airflow/dags/data_quality_checks.py took 2.895 seconds
[2026-02-06T22:18:07.550+0000] {processor.py:161} INFO - Started process (PID=2054) to work on /opt/airflow/dags/data_quality_checks.py
[2026-02-06T22:18:07.551+0000] {processor.py:830} INFO - Processing file /opt/airflow/dags/data_quality_checks.py for tasks to queue
[2026-02-06T22:18:07.552+0000] {logging_mixin.py:188} INFO - [2026-02-06T22:18:07.552+0000] {dagbag.py:538} INFO - Filling up the DagBag from /opt/airflow/dags/data_quality_checks.py
[2026-02-06T22:18:10.351+0000] {logging_mixin.py:188} INFO - [2026-02-06T22:18:10.350+0000] {warnings.py:110} WARNING - /opt/airflow/dags/data_quality_checks.py:50: RemovedInAirflow3Warning: Param `schedule_interval` is deprecated and will be removed in a future release. Please use `schedule` instead. 
  with DAG(
[2026-02-06T22:18:10.355+0000] {processor.py:840} INFO - DAG(s) 'data_quality_checks' retrieved from /opt/airflow/dags/data_quality_checks.py
[2026-02-06T22:18:10.376+0000] {logging_mixin.py:188} INFO - [2026-02-06T22:18:10.375+0000] {dag.py:3036} INFO - Sync 1 DAGs
[2026-02-06T22:18:10.391+0000] {logging_mixin.py:188} INFO - [2026-02-06T22:18:10.391+0000] {dag.py:3823} INFO - Setting next_dagrun for data_quality_checks to 2026-02-05 00:00:00+00:00, run_after=2026-02-06 00:00:00+00:00
[2026-02-06T22:18:10.405+0000] {processor.py:183} INFO - Processing /opt/airflow/dags/data_quality_checks.py took 2.858 seconds
[2026-02-06T22:18:40.822+0000] {processor.py:161} INFO - Started process (PID=2089) to work on /opt/airflow/dags/data_quality_checks.py
[2026-02-06T22:18:40.823+0000] {processor.py:830} INFO - Processing file /opt/airflow/dags/data_quality_checks.py for tasks to queue
[2026-02-06T22:18:40.824+0000] {logging_mixin.py:188} INFO - [2026-02-06T22:18:40.824+0000] {dagbag.py:538} INFO - Filling up the DagBag from /opt/airflow/dags/data_quality_checks.py
[2026-02-06T22:18:43.625+0000] {logging_mixin.py:188} INFO - [2026-02-06T22:18:43.625+0000] {warnings.py:110} WARNING - /opt/airflow/dags/data_quality_checks.py:50: RemovedInAirflow3Warning: Param `schedule_interval` is deprecated and will be removed in a future release. Please use `schedule` instead. 
  with DAG(
[2026-02-06T22:18:43.631+0000] {processor.py:840} INFO - DAG(s) 'data_quality_checks' retrieved from /opt/airflow/dags/data_quality_checks.py
[2026-02-06T22:18:43.656+0000] {logging_mixin.py:188} INFO - [2026-02-06T22:18:43.656+0000] {dag.py:3036} INFO - Sync 1 DAGs
[2026-02-06T22:18:43.674+0000] {logging_mixin.py:188} INFO - [2026-02-06T22:18:43.674+0000] {dag.py:3823} INFO - Setting next_dagrun for data_quality_checks to 2026-02-05 00:00:00+00:00, run_after=2026-02-06 00:00:00+00:00
[2026-02-06T22:18:43.690+0000] {processor.py:183} INFO - Processing /opt/airflow/dags/data_quality_checks.py took 2.872 seconds
[2026-02-06T22:19:14.089+0000] {processor.py:161} INFO - Started process (PID=2184) to work on /opt/airflow/dags/data_quality_checks.py
[2026-02-06T22:19:14.090+0000] {processor.py:830} INFO - Processing file /opt/airflow/dags/data_quality_checks.py for tasks to queue
[2026-02-06T22:19:14.091+0000] {logging_mixin.py:188} INFO - [2026-02-06T22:19:14.091+0000] {dagbag.py:538} INFO - Filling up the DagBag from /opt/airflow/dags/data_quality_checks.py
[2026-02-06T22:19:18.151+0000] {logging_mixin.py:188} INFO - [2026-02-06T22:19:18.151+0000] {warnings.py:110} WARNING - /opt/airflow/dags/data_quality_checks.py:50: RemovedInAirflow3Warning: Param `schedule_interval` is deprecated and will be removed in a future release. Please use `schedule` instead. 
  with DAG(
[2026-02-06T22:19:18.157+0000] {processor.py:840} INFO - DAG(s) 'data_quality_checks' retrieved from /opt/airflow/dags/data_quality_checks.py
[2026-02-06T22:19:18.181+0000] {logging_mixin.py:188} INFO - [2026-02-06T22:19:18.180+0000] {dag.py:3036} INFO - Sync 1 DAGs
[2026-02-06T22:19:18.203+0000] {logging_mixin.py:188} INFO - [2026-02-06T22:19:18.203+0000] {dag.py:3823} INFO - Setting next_dagrun for data_quality_checks to 2026-02-06 00:00:00+00:00, run_after=2026-02-07 00:00:00+00:00
[2026-02-06T22:19:18.225+0000] {processor.py:183} INFO - Processing /opt/airflow/dags/data_quality_checks.py took 4.141 seconds
[2026-02-06T22:19:48.374+0000] {processor.py:161} INFO - Started process (PID=2213) to work on /opt/airflow/dags/data_quality_checks.py
[2026-02-06T22:19:48.375+0000] {processor.py:830} INFO - Processing file /opt/airflow/dags/data_quality_checks.py for tasks to queue
[2026-02-06T22:19:48.376+0000] {logging_mixin.py:188} INFO - [2026-02-06T22:19:48.376+0000] {dagbag.py:538} INFO - Filling up the DagBag from /opt/airflow/dags/data_quality_checks.py
[2026-02-06T22:19:51.816+0000] {logging_mixin.py:188} INFO - [2026-02-06T22:19:51.816+0000] {warnings.py:110} WARNING - /opt/airflow/dags/data_quality_checks.py:50: RemovedInAirflow3Warning: Param `schedule_interval` is deprecated and will be removed in a future release. Please use `schedule` instead. 
  with DAG(
[2026-02-06T22:19:51.823+0000] {processor.py:840} INFO - DAG(s) 'data_quality_checks' retrieved from /opt/airflow/dags/data_quality_checks.py
[2026-02-06T22:19:51.843+0000] {logging_mixin.py:188} INFO - [2026-02-06T22:19:51.843+0000] {dag.py:3036} INFO - Sync 1 DAGs
[2026-02-06T22:19:51.862+0000] {logging_mixin.py:188} INFO - [2026-02-06T22:19:51.862+0000] {dag.py:3823} INFO - Setting next_dagrun for data_quality_checks to 2026-02-06 00:00:00+00:00, run_after=2026-02-07 00:00:00+00:00
[2026-02-06T22:19:51.884+0000] {processor.py:183} INFO - Processing /opt/airflow/dags/data_quality_checks.py took 3.513 seconds
[2026-02-06T22:20:22.134+0000] {processor.py:161} INFO - Started process (PID=2264) to work on /opt/airflow/dags/data_quality_checks.py
[2026-02-06T22:20:22.136+0000] {processor.py:830} INFO - Processing file /opt/airflow/dags/data_quality_checks.py for tasks to queue
[2026-02-06T22:20:22.137+0000] {logging_mixin.py:188} INFO - [2026-02-06T22:20:22.137+0000] {dagbag.py:538} INFO - Filling up the DagBag from /opt/airflow/dags/data_quality_checks.py
[2026-02-06T22:20:26.296+0000] {logging_mixin.py:188} INFO - [2026-02-06T22:20:26.296+0000] {warnings.py:110} WARNING - /opt/airflow/dags/data_quality_checks.py:50: RemovedInAirflow3Warning: Param `schedule_interval` is deprecated and will be removed in a future release. Please use `schedule` instead. 
  with DAG(
[2026-02-06T22:20:26.303+0000] {processor.py:840} INFO - DAG(s) 'data_quality_checks' retrieved from /opt/airflow/dags/data_quality_checks.py
[2026-02-06T22:20:26.328+0000] {logging_mixin.py:188} INFO - [2026-02-06T22:20:26.327+0000] {dag.py:3036} INFO - Sync 1 DAGs
[2026-02-06T22:20:26.350+0000] {logging_mixin.py:188} INFO - [2026-02-06T22:20:26.350+0000] {dag.py:3823} INFO - Setting next_dagrun for data_quality_checks to 2026-02-06 00:00:00+00:00, run_after=2026-02-07 00:00:00+00:00
[2026-02-06T22:20:26.372+0000] {processor.py:183} INFO - Processing /opt/airflow/dags/data_quality_checks.py took 4.242 seconds
[2026-02-06T22:20:56.666+0000] {processor.py:161} INFO - Started process (PID=2306) to work on /opt/airflow/dags/data_quality_checks.py
[2026-02-06T22:20:56.667+0000] {processor.py:830} INFO - Processing file /opt/airflow/dags/data_quality_checks.py for tasks to queue
[2026-02-06T22:20:56.668+0000] {logging_mixin.py:188} INFO - [2026-02-06T22:20:56.668+0000] {dagbag.py:538} INFO - Filling up the DagBag from /opt/airflow/dags/data_quality_checks.py
[2026-02-06T22:21:00.859+0000] {logging_mixin.py:188} INFO - [2026-02-06T22:21:00.859+0000] {warnings.py:110} WARNING - /opt/airflow/dags/data_quality_checks.py:50: RemovedInAirflow3Warning: Param `schedule_interval` is deprecated and will be removed in a future release. Please use `schedule` instead. 
  with DAG(
[2026-02-06T22:21:00.870+0000] {processor.py:840} INFO - DAG(s) 'data_quality_checks' retrieved from /opt/airflow/dags/data_quality_checks.py
[2026-02-06T22:21:00.895+0000] {logging_mixin.py:188} INFO - [2026-02-06T22:21:00.895+0000] {dag.py:3036} INFO - Sync 1 DAGs
[2026-02-06T22:21:00.916+0000] {logging_mixin.py:188} INFO - [2026-02-06T22:21:00.915+0000] {dag.py:3823} INFO - Setting next_dagrun for data_quality_checks to 2026-02-06 00:00:00+00:00, run_after=2026-02-07 00:00:00+00:00
[2026-02-06T22:21:00.936+0000] {processor.py:183} INFO - Processing /opt/airflow/dags/data_quality_checks.py took 4.277 seconds
[2026-02-06T22:21:31.209+0000] {processor.py:161} INFO - Started process (PID=2335) to work on /opt/airflow/dags/data_quality_checks.py
[2026-02-06T22:21:31.210+0000] {processor.py:830} INFO - Processing file /opt/airflow/dags/data_quality_checks.py for tasks to queue
[2026-02-06T22:21:31.211+0000] {logging_mixin.py:188} INFO - [2026-02-06T22:21:31.211+0000] {dagbag.py:538} INFO - Filling up the DagBag from /opt/airflow/dags/data_quality_checks.py
[2026-02-06T22:21:34.598+0000] {logging_mixin.py:188} INFO - [2026-02-06T22:21:34.597+0000] {warnings.py:110} WARNING - /opt/airflow/dags/data_quality_checks.py:50: RemovedInAirflow3Warning: Param `schedule_interval` is deprecated and will be removed in a future release. Please use `schedule` instead. 
  with DAG(
[2026-02-06T22:21:34.604+0000] {processor.py:840} INFO - DAG(s) 'data_quality_checks' retrieved from /opt/airflow/dags/data_quality_checks.py
[2026-02-06T22:21:34.627+0000] {logging_mixin.py:188} INFO - [2026-02-06T22:21:34.627+0000] {dag.py:3036} INFO - Sync 1 DAGs
[2026-02-06T22:21:34.646+0000] {logging_mixin.py:188} INFO - [2026-02-06T22:21:34.646+0000] {dag.py:3823} INFO - Setting next_dagrun for data_quality_checks to 2026-02-06 00:00:00+00:00, run_after=2026-02-07 00:00:00+00:00
[2026-02-06T22:21:34.665+0000] {processor.py:183} INFO - Processing /opt/airflow/dags/data_quality_checks.py took 3.459 seconds
[2026-02-06T22:22:05.533+0000] {processor.py:161} INFO - Started process (PID=2364) to work on /opt/airflow/dags/data_quality_checks.py
[2026-02-06T22:22:05.534+0000] {processor.py:830} INFO - Processing file /opt/airflow/dags/data_quality_checks.py for tasks to queue
[2026-02-06T22:22:05.535+0000] {logging_mixin.py:188} INFO - [2026-02-06T22:22:05.535+0000] {dagbag.py:538} INFO - Filling up the DagBag from /opt/airflow/dags/data_quality_checks.py
[2026-02-06T22:22:08.941+0000] {logging_mixin.py:188} INFO - [2026-02-06T22:22:08.941+0000] {warnings.py:110} WARNING - /opt/airflow/dags/data_quality_checks.py:50: RemovedInAirflow3Warning: Param `schedule_interval` is deprecated and will be removed in a future release. Please use `schedule` instead. 
  with DAG(
[2026-02-06T22:22:08.947+0000] {processor.py:840} INFO - DAG(s) 'data_quality_checks' retrieved from /opt/airflow/dags/data_quality_checks.py
[2026-02-06T22:22:08.973+0000] {logging_mixin.py:188} INFO - [2026-02-06T22:22:08.973+0000] {dag.py:3036} INFO - Sync 1 DAGs
[2026-02-06T22:22:09.003+0000] {logging_mixin.py:188} INFO - [2026-02-06T22:22:09.003+0000] {dag.py:3823} INFO - Setting next_dagrun for data_quality_checks to 2026-02-06 00:00:00+00:00, run_after=2026-02-07 00:00:00+00:00
[2026-02-06T22:22:09.027+0000] {processor.py:183} INFO - Processing /opt/airflow/dags/data_quality_checks.py took 3.498 seconds
[2026-02-06T22:22:39.146+0000] {processor.py:161} INFO - Started process (PID=2393) to work on /opt/airflow/dags/data_quality_checks.py
[2026-02-06T22:22:39.147+0000] {processor.py:830} INFO - Processing file /opt/airflow/dags/data_quality_checks.py for tasks to queue
[2026-02-06T22:22:39.148+0000] {logging_mixin.py:188} INFO - [2026-02-06T22:22:39.148+0000] {dagbag.py:538} INFO - Filling up the DagBag from /opt/airflow/dags/data_quality_checks.py
[2026-02-06T22:22:42.632+0000] {logging_mixin.py:188} INFO - [2026-02-06T22:22:42.631+0000] {warnings.py:110} WARNING - /opt/airflow/dags/data_quality_checks.py:50: RemovedInAirflow3Warning: Param `schedule_interval` is deprecated and will be removed in a future release. Please use `schedule` instead. 
  with DAG(
[2026-02-06T22:22:42.639+0000] {processor.py:840} INFO - DAG(s) 'data_quality_checks' retrieved from /opt/airflow/dags/data_quality_checks.py
[2026-02-06T22:22:42.666+0000] {logging_mixin.py:188} INFO - [2026-02-06T22:22:42.666+0000] {dag.py:3036} INFO - Sync 1 DAGs
[2026-02-06T22:22:42.689+0000] {logging_mixin.py:188} INFO - [2026-02-06T22:22:42.689+0000] {dag.py:3823} INFO - Setting next_dagrun for data_quality_checks to 2026-02-06 00:00:00+00:00, run_after=2026-02-07 00:00:00+00:00
[2026-02-06T22:22:42.709+0000] {processor.py:183} INFO - Processing /opt/airflow/dags/data_quality_checks.py took 3.568 seconds
[2026-02-06T22:23:13.413+0000] {processor.py:161} INFO - Started process (PID=2428) to work on /opt/airflow/dags/data_quality_checks.py
[2026-02-06T22:23:13.415+0000] {processor.py:830} INFO - Processing file /opt/airflow/dags/data_quality_checks.py for tasks to queue
[2026-02-06T22:23:13.416+0000] {logging_mixin.py:188} INFO - [2026-02-06T22:23:13.416+0000] {dagbag.py:538} INFO - Filling up the DagBag from /opt/airflow/dags/data_quality_checks.py
[2026-02-06T22:23:17.222+0000] {logging_mixin.py:188} INFO - [2026-02-06T22:23:17.222+0000] {warnings.py:110} WARNING - /opt/airflow/dags/data_quality_checks.py:50: RemovedInAirflow3Warning: Param `schedule_interval` is deprecated and will be removed in a future release. Please use `schedule` instead. 
  with DAG(
[2026-02-06T22:23:17.229+0000] {processor.py:840} INFO - DAG(s) 'data_quality_checks' retrieved from /opt/airflow/dags/data_quality_checks.py
[2026-02-06T22:23:17.252+0000] {logging_mixin.py:188} INFO - [2026-02-06T22:23:17.252+0000] {dag.py:3036} INFO - Sync 1 DAGs
[2026-02-06T22:23:17.274+0000] {logging_mixin.py:188} INFO - [2026-02-06T22:23:17.273+0000] {dag.py:3823} INFO - Setting next_dagrun for data_quality_checks to 2026-02-06 00:00:00+00:00, run_after=2026-02-07 00:00:00+00:00
[2026-02-06T22:23:17.295+0000] {processor.py:183} INFO - Processing /opt/airflow/dags/data_quality_checks.py took 3.887 seconds
[2026-02-06T22:23:47.856+0000] {processor.py:161} INFO - Started process (PID=2458) to work on /opt/airflow/dags/data_quality_checks.py
[2026-02-06T22:23:47.858+0000] {processor.py:830} INFO - Processing file /opt/airflow/dags/data_quality_checks.py for tasks to queue
[2026-02-06T22:23:47.859+0000] {logging_mixin.py:188} INFO - [2026-02-06T22:23:47.859+0000] {dagbag.py:538} INFO - Filling up the DagBag from /opt/airflow/dags/data_quality_checks.py
[2026-02-06T22:23:52.012+0000] {logging_mixin.py:188} INFO - [2026-02-06T22:23:52.012+0000] {warnings.py:110} WARNING - /opt/airflow/dags/data_quality_checks.py:50: RemovedInAirflow3Warning: Param `schedule_interval` is deprecated and will be removed in a future release. Please use `schedule` instead. 
  with DAG(
[2026-02-06T22:23:52.018+0000] {processor.py:840} INFO - DAG(s) 'data_quality_checks' retrieved from /opt/airflow/dags/data_quality_checks.py
[2026-02-06T22:23:52.043+0000] {logging_mixin.py:188} INFO - [2026-02-06T22:23:52.043+0000] {dag.py:3036} INFO - Sync 1 DAGs
[2026-02-06T22:23:52.064+0000] {logging_mixin.py:188} INFO - [2026-02-06T22:23:52.064+0000] {dag.py:3823} INFO - Setting next_dagrun for data_quality_checks to 2026-02-06 00:00:00+00:00, run_after=2026-02-07 00:00:00+00:00
[2026-02-06T22:23:52.089+0000] {processor.py:183} INFO - Processing /opt/airflow/dags/data_quality_checks.py took 4.240 seconds
[2026-02-06T22:24:22.394+0000] {processor.py:161} INFO - Started process (PID=2517) to work on /opt/airflow/dags/data_quality_checks.py
[2026-02-06T22:24:22.395+0000] {processor.py:830} INFO - Processing file /opt/airflow/dags/data_quality_checks.py for tasks to queue
[2026-02-06T22:24:22.396+0000] {logging_mixin.py:188} INFO - [2026-02-06T22:24:22.396+0000] {dagbag.py:538} INFO - Filling up the DagBag from /opt/airflow/dags/data_quality_checks.py
[2026-02-06T22:24:26.032+0000] {logging_mixin.py:188} INFO - [2026-02-06T22:24:26.031+0000] {warnings.py:110} WARNING - /opt/airflow/dags/data_quality_checks.py:50: RemovedInAirflow3Warning: Param `schedule_interval` is deprecated and will be removed in a future release. Please use `schedule` instead. 
  with DAG(
[2026-02-06T22:24:26.042+0000] {processor.py:840} INFO - DAG(s) 'data_quality_checks' retrieved from /opt/airflow/dags/data_quality_checks.py
[2026-02-06T22:24:26.073+0000] {logging_mixin.py:188} INFO - [2026-02-06T22:24:26.073+0000] {dag.py:3036} INFO - Sync 1 DAGs
[2026-02-06T22:24:26.102+0000] {logging_mixin.py:188} INFO - [2026-02-06T22:24:26.102+0000] {dag.py:3823} INFO - Setting next_dagrun for data_quality_checks to 2026-02-06 00:00:00+00:00, run_after=2026-02-07 00:00:00+00:00
[2026-02-06T22:24:26.128+0000] {processor.py:183} INFO - Processing /opt/airflow/dags/data_quality_checks.py took 3.738 seconds
[2026-02-06T22:24:56.494+0000] {processor.py:161} INFO - Started process (PID=2551) to work on /opt/airflow/dags/data_quality_checks.py
[2026-02-06T22:24:56.501+0000] {processor.py:830} INFO - Processing file /opt/airflow/dags/data_quality_checks.py for tasks to queue
[2026-02-06T22:24:56.503+0000] {logging_mixin.py:188} INFO - [2026-02-06T22:24:56.503+0000] {dagbag.py:538} INFO - Filling up the DagBag from /opt/airflow/dags/data_quality_checks.py
[2026-02-06T22:25:00.906+0000] {logging_mixin.py:188} INFO - [2026-02-06T22:25:00.906+0000] {warnings.py:110} WARNING - /opt/airflow/dags/data_quality_checks.py:50: RemovedInAirflow3Warning: Param `schedule_interval` is deprecated and will be removed in a future release. Please use `schedule` instead. 
  with DAG(
[2026-02-06T22:25:00.912+0000] {processor.py:840} INFO - DAG(s) 'data_quality_checks' retrieved from /opt/airflow/dags/data_quality_checks.py
[2026-02-06T22:25:00.935+0000] {logging_mixin.py:188} INFO - [2026-02-06T22:25:00.935+0000] {dag.py:3036} INFO - Sync 1 DAGs
[2026-02-06T22:25:00.957+0000] {logging_mixin.py:188} INFO - [2026-02-06T22:25:00.957+0000] {dag.py:3823} INFO - Setting next_dagrun for data_quality_checks to 2026-02-06 00:00:00+00:00, run_after=2026-02-07 00:00:00+00:00
[2026-02-06T22:25:00.979+0000] {processor.py:183} INFO - Processing /opt/airflow/dags/data_quality_checks.py took 4.502 seconds
[2026-02-06T22:25:31.234+0000] {processor.py:161} INFO - Started process (PID=2580) to work on /opt/airflow/dags/data_quality_checks.py
[2026-02-06T22:25:31.237+0000] {processor.py:830} INFO - Processing file /opt/airflow/dags/data_quality_checks.py for tasks to queue
[2026-02-06T22:25:31.240+0000] {logging_mixin.py:188} INFO - [2026-02-06T22:25:31.239+0000] {dagbag.py:538} INFO - Filling up the DagBag from /opt/airflow/dags/data_quality_checks.py
[2026-02-06T22:25:36.466+0000] {logging_mixin.py:188} INFO - [2026-02-06T22:25:36.466+0000] {warnings.py:110} WARNING - /opt/airflow/dags/data_quality_checks.py:50: RemovedInAirflow3Warning: Param `schedule_interval` is deprecated and will be removed in a future release. Please use `schedule` instead. 
  with DAG(
[2026-02-06T22:25:36.478+0000] {processor.py:840} INFO - DAG(s) 'data_quality_checks' retrieved from /opt/airflow/dags/data_quality_checks.py
[2026-02-06T22:25:36.515+0000] {logging_mixin.py:188} INFO - [2026-02-06T22:25:36.515+0000] {dag.py:3036} INFO - Sync 1 DAGs
[2026-02-06T22:25:36.555+0000] {logging_mixin.py:188} INFO - [2026-02-06T22:25:36.555+0000] {dag.py:3823} INFO - Setting next_dagrun for data_quality_checks to 2026-02-06 00:00:00+00:00, run_after=2026-02-07 00:00:00+00:00
[2026-02-06T22:25:36.595+0000] {processor.py:183} INFO - Processing /opt/airflow/dags/data_quality_checks.py took 5.367 seconds
[2026-02-06T22:26:06.748+0000] {processor.py:161} INFO - Started process (PID=2609) to work on /opt/airflow/dags/data_quality_checks.py
[2026-02-06T22:26:06.749+0000] {processor.py:830} INFO - Processing file /opt/airflow/dags/data_quality_checks.py for tasks to queue
[2026-02-06T22:26:06.751+0000] {logging_mixin.py:188} INFO - [2026-02-06T22:26:06.750+0000] {dagbag.py:538} INFO - Filling up the DagBag from /opt/airflow/dags/data_quality_checks.py
[2026-02-06T22:26:10.376+0000] {logging_mixin.py:188} INFO - [2026-02-06T22:26:10.376+0000] {warnings.py:110} WARNING - /opt/airflow/dags/data_quality_checks.py:50: RemovedInAirflow3Warning: Param `schedule_interval` is deprecated and will be removed in a future release. Please use `schedule` instead. 
  with DAG(
[2026-02-06T22:26:10.389+0000] {processor.py:840} INFO - DAG(s) 'data_quality_checks' retrieved from /opt/airflow/dags/data_quality_checks.py
[2026-02-06T22:26:10.418+0000] {logging_mixin.py:188} INFO - [2026-02-06T22:26:10.418+0000] {dag.py:3036} INFO - Sync 1 DAGs
[2026-02-06T22:26:10.451+0000] {logging_mixin.py:188} INFO - [2026-02-06T22:26:10.451+0000] {dag.py:3823} INFO - Setting next_dagrun for data_quality_checks to 2026-02-06 00:00:00+00:00, run_after=2026-02-07 00:00:00+00:00
[2026-02-06T22:26:10.502+0000] {processor.py:183} INFO - Processing /opt/airflow/dags/data_quality_checks.py took 3.759 seconds
[2026-02-06T22:26:40.855+0000] {processor.py:161} INFO - Started process (PID=2638) to work on /opt/airflow/dags/data_quality_checks.py
[2026-02-06T22:26:40.856+0000] {processor.py:830} INFO - Processing file /opt/airflow/dags/data_quality_checks.py for tasks to queue
[2026-02-06T22:26:40.857+0000] {logging_mixin.py:188} INFO - [2026-02-06T22:26:40.857+0000] {dagbag.py:538} INFO - Filling up the DagBag from /opt/airflow/dags/data_quality_checks.py
[2026-02-06T22:26:46.101+0000] {logging_mixin.py:188} INFO - [2026-02-06T22:26:46.100+0000] {warnings.py:110} WARNING - /opt/airflow/dags/data_quality_checks.py:50: RemovedInAirflow3Warning: Param `schedule_interval` is deprecated and will be removed in a future release. Please use `schedule` instead. 
  with DAG(
[2026-02-06T22:26:46.107+0000] {processor.py:840} INFO - DAG(s) 'data_quality_checks' retrieved from /opt/airflow/dags/data_quality_checks.py
[2026-02-06T22:26:46.136+0000] {logging_mixin.py:188} INFO - [2026-02-06T22:26:46.135+0000] {dag.py:3036} INFO - Sync 1 DAGs
[2026-02-06T22:26:46.164+0000] {logging_mixin.py:188} INFO - [2026-02-06T22:26:46.162+0000] {dag.py:3823} INFO - Setting next_dagrun for data_quality_checks to 2026-02-06 00:00:00+00:00, run_after=2026-02-07 00:00:00+00:00
[2026-02-06T22:26:46.191+0000] {processor.py:183} INFO - Processing /opt/airflow/dags/data_quality_checks.py took 5.339 seconds
[2026-02-06T22:27:16.310+0000] {processor.py:161} INFO - Started process (PID=2673) to work on /opt/airflow/dags/data_quality_checks.py
[2026-02-06T22:27:16.312+0000] {processor.py:830} INFO - Processing file /opt/airflow/dags/data_quality_checks.py for tasks to queue
[2026-02-06T22:27:16.314+0000] {logging_mixin.py:188} INFO - [2026-02-06T22:27:16.313+0000] {dagbag.py:538} INFO - Filling up the DagBag from /opt/airflow/dags/data_quality_checks.py
[2026-02-06T22:27:19.607+0000] {logging_mixin.py:188} INFO - [2026-02-06T22:27:19.607+0000] {warnings.py:110} WARNING - /opt/airflow/dags/data_quality_checks.py:50: RemovedInAirflow3Warning: Param `schedule_interval` is deprecated and will be removed in a future release. Please use `schedule` instead. 
  with DAG(
[2026-02-06T22:27:19.614+0000] {processor.py:840} INFO - DAG(s) 'data_quality_checks' retrieved from /opt/airflow/dags/data_quality_checks.py
[2026-02-06T22:27:19.638+0000] {logging_mixin.py:188} INFO - [2026-02-06T22:27:19.638+0000] {dag.py:3036} INFO - Sync 1 DAGs
[2026-02-06T22:27:19.658+0000] {logging_mixin.py:188} INFO - [2026-02-06T22:27:19.657+0000] {dag.py:3823} INFO - Setting next_dagrun for data_quality_checks to 2026-02-06 00:00:00+00:00, run_after=2026-02-07 00:00:00+00:00
[2026-02-06T22:27:19.674+0000] {processor.py:183} INFO - Processing /opt/airflow/dags/data_quality_checks.py took 3.368 seconds
[2026-02-06T22:27:49.779+0000] {processor.py:161} INFO - Started process (PID=2702) to work on /opt/airflow/dags/data_quality_checks.py
[2026-02-06T22:27:49.781+0000] {processor.py:830} INFO - Processing file /opt/airflow/dags/data_quality_checks.py for tasks to queue
[2026-02-06T22:27:49.783+0000] {logging_mixin.py:188} INFO - [2026-02-06T22:27:49.783+0000] {dagbag.py:538} INFO - Filling up the DagBag from /opt/airflow/dags/data_quality_checks.py
[2026-02-06T22:27:53.519+0000] {logging_mixin.py:188} INFO - [2026-02-06T22:27:53.518+0000] {warnings.py:110} WARNING - /opt/airflow/dags/data_quality_checks.py:50: RemovedInAirflow3Warning: Param `schedule_interval` is deprecated and will be removed in a future release. Please use `schedule` instead. 
  with DAG(
[2026-02-06T22:27:53.526+0000] {processor.py:840} INFO - DAG(s) 'data_quality_checks' retrieved from /opt/airflow/dags/data_quality_checks.py
[2026-02-06T22:27:53.552+0000] {logging_mixin.py:188} INFO - [2026-02-06T22:27:53.552+0000] {dag.py:3036} INFO - Sync 1 DAGs
[2026-02-06T22:27:53.573+0000] {logging_mixin.py:188} INFO - [2026-02-06T22:27:53.573+0000] {dag.py:3823} INFO - Setting next_dagrun for data_quality_checks to 2026-02-06 00:00:00+00:00, run_after=2026-02-07 00:00:00+00:00
[2026-02-06T22:27:53.589+0000] {processor.py:183} INFO - Processing /opt/airflow/dags/data_quality_checks.py took 3.817 seconds
[2026-02-06T22:28:24.143+0000] {processor.py:161} INFO - Started process (PID=2731) to work on /opt/airflow/dags/data_quality_checks.py
[2026-02-06T22:28:24.144+0000] {processor.py:830} INFO - Processing file /opt/airflow/dags/data_quality_checks.py for tasks to queue
[2026-02-06T22:28:24.145+0000] {logging_mixin.py:188} INFO - [2026-02-06T22:28:24.145+0000] {dagbag.py:538} INFO - Filling up the DagBag from /opt/airflow/dags/data_quality_checks.py
[2026-02-06T22:28:27.172+0000] {logging_mixin.py:188} INFO - [2026-02-06T22:28:27.172+0000] {warnings.py:110} WARNING - /opt/airflow/dags/data_quality_checks.py:50: RemovedInAirflow3Warning: Param `schedule_interval` is deprecated and will be removed in a future release. Please use `schedule` instead. 
  with DAG(
[2026-02-06T22:28:27.179+0000] {processor.py:840} INFO - DAG(s) 'data_quality_checks' retrieved from /opt/airflow/dags/data_quality_checks.py
[2026-02-06T22:28:27.199+0000] {logging_mixin.py:188} INFO - [2026-02-06T22:28:27.199+0000] {dag.py:3036} INFO - Sync 1 DAGs
[2026-02-06T22:28:27.219+0000] {logging_mixin.py:188} INFO - [2026-02-06T22:28:27.218+0000] {dag.py:3823} INFO - Setting next_dagrun for data_quality_checks to 2026-02-06 00:00:00+00:00, run_after=2026-02-07 00:00:00+00:00
[2026-02-06T22:28:27.234+0000] {processor.py:183} INFO - Processing /opt/airflow/dags/data_quality_checks.py took 3.096 seconds
[2026-02-06T22:28:57.524+0000] {processor.py:161} INFO - Started process (PID=2760) to work on /opt/airflow/dags/data_quality_checks.py
[2026-02-06T22:28:57.527+0000] {processor.py:830} INFO - Processing file /opt/airflow/dags/data_quality_checks.py for tasks to queue
[2026-02-06T22:28:57.528+0000] {logging_mixin.py:188} INFO - [2026-02-06T22:28:57.528+0000] {dagbag.py:538} INFO - Filling up the DagBag from /opt/airflow/dags/data_quality_checks.py
[2026-02-06T22:29:00.621+0000] {logging_mixin.py:188} INFO - [2026-02-06T22:29:00.621+0000] {warnings.py:110} WARNING - /opt/airflow/dags/data_quality_checks.py:50: RemovedInAirflow3Warning: Param `schedule_interval` is deprecated and will be removed in a future release. Please use `schedule` instead. 
  with DAG(
[2026-02-06T22:29:00.627+0000] {processor.py:840} INFO - DAG(s) 'data_quality_checks' retrieved from /opt/airflow/dags/data_quality_checks.py
[2026-02-06T22:29:00.656+0000] {logging_mixin.py:188} INFO - [2026-02-06T22:29:00.656+0000] {dag.py:3036} INFO - Sync 1 DAGs
[2026-02-06T22:29:00.676+0000] {logging_mixin.py:188} INFO - [2026-02-06T22:29:00.676+0000] {dag.py:3823} INFO - Setting next_dagrun for data_quality_checks to 2026-02-06 00:00:00+00:00, run_after=2026-02-07 00:00:00+00:00
[2026-02-06T22:29:00.693+0000] {processor.py:183} INFO - Processing /opt/airflow/dags/data_quality_checks.py took 3.172 seconds
[2026-02-06T22:29:30.953+0000] {processor.py:161} INFO - Started process (PID=2794) to work on /opt/airflow/dags/data_quality_checks.py
[2026-02-06T22:29:30.954+0000] {processor.py:830} INFO - Processing file /opt/airflow/dags/data_quality_checks.py for tasks to queue
[2026-02-06T22:29:30.955+0000] {logging_mixin.py:188} INFO - [2026-02-06T22:29:30.955+0000] {dagbag.py:538} INFO - Filling up the DagBag from /opt/airflow/dags/data_quality_checks.py
[2026-02-06T22:29:33.939+0000] {logging_mixin.py:188} INFO - [2026-02-06T22:29:33.939+0000] {warnings.py:110} WARNING - /opt/airflow/dags/data_quality_checks.py:50: RemovedInAirflow3Warning: Param `schedule_interval` is deprecated and will be removed in a future release. Please use `schedule` instead. 
  with DAG(
[2026-02-06T22:29:33.946+0000] {processor.py:840} INFO - DAG(s) 'data_quality_checks' retrieved from /opt/airflow/dags/data_quality_checks.py
[2026-02-06T22:29:33.970+0000] {logging_mixin.py:188} INFO - [2026-02-06T22:29:33.970+0000] {dag.py:3036} INFO - Sync 1 DAGs
[2026-02-06T22:29:33.989+0000] {logging_mixin.py:188} INFO - [2026-02-06T22:29:33.989+0000] {dag.py:3823} INFO - Setting next_dagrun for data_quality_checks to 2026-02-06 00:00:00+00:00, run_after=2026-02-07 00:00:00+00:00
[2026-02-06T22:29:34.009+0000] {processor.py:183} INFO - Processing /opt/airflow/dags/data_quality_checks.py took 3.059 seconds
[2026-02-06T22:30:04.265+0000] {processor.py:161} INFO - Started process (PID=2823) to work on /opt/airflow/dags/data_quality_checks.py
[2026-02-06T22:30:04.267+0000] {processor.py:830} INFO - Processing file /opt/airflow/dags/data_quality_checks.py for tasks to queue
[2026-02-06T22:30:04.268+0000] {logging_mixin.py:188} INFO - [2026-02-06T22:30:04.268+0000] {dagbag.py:538} INFO - Filling up the DagBag from /opt/airflow/dags/data_quality_checks.py
[2026-02-06T22:30:08.103+0000] {logging_mixin.py:188} INFO - [2026-02-06T22:30:08.102+0000] {warnings.py:110} WARNING - /opt/airflow/dags/data_quality_checks.py:50: RemovedInAirflow3Warning: Param `schedule_interval` is deprecated and will be removed in a future release. Please use `schedule` instead. 
  with DAG(
[2026-02-06T22:30:08.109+0000] {processor.py:840} INFO - DAG(s) 'data_quality_checks' retrieved from /opt/airflow/dags/data_quality_checks.py
[2026-02-06T22:30:08.135+0000] {logging_mixin.py:188} INFO - [2026-02-06T22:30:08.135+0000] {dag.py:3036} INFO - Sync 1 DAGs
[2026-02-06T22:30:08.155+0000] {logging_mixin.py:188} INFO - [2026-02-06T22:30:08.154+0000] {dag.py:3823} INFO - Setting next_dagrun for data_quality_checks to 2026-02-06 00:00:00+00:00, run_after=2026-02-07 00:00:00+00:00
[2026-02-06T22:30:08.174+0000] {processor.py:183} INFO - Processing /opt/airflow/dags/data_quality_checks.py took 3.913 seconds
[2026-02-06T22:30:38.645+0000] {processor.py:161} INFO - Started process (PID=2852) to work on /opt/airflow/dags/data_quality_checks.py
[2026-02-06T22:30:38.647+0000] {processor.py:830} INFO - Processing file /opt/airflow/dags/data_quality_checks.py for tasks to queue
[2026-02-06T22:30:38.648+0000] {logging_mixin.py:188} INFO - [2026-02-06T22:30:38.648+0000] {dagbag.py:538} INFO - Filling up the DagBag from /opt/airflow/dags/data_quality_checks.py
[2026-02-06T22:30:42.551+0000] {logging_mixin.py:188} INFO - [2026-02-06T22:30:42.551+0000] {warnings.py:110} WARNING - /opt/airflow/dags/data_quality_checks.py:50: RemovedInAirflow3Warning: Param `schedule_interval` is deprecated and will be removed in a future release. Please use `schedule` instead. 
  with DAG(
[2026-02-06T22:30:42.561+0000] {processor.py:840} INFO - DAG(s) 'data_quality_checks' retrieved from /opt/airflow/dags/data_quality_checks.py
[2026-02-06T22:30:42.591+0000] {logging_mixin.py:188} INFO - [2026-02-06T22:30:42.591+0000] {dag.py:3036} INFO - Sync 1 DAGs
[2026-02-06T22:30:42.619+0000] {logging_mixin.py:188} INFO - [2026-02-06T22:30:42.619+0000] {dag.py:3823} INFO - Setting next_dagrun for data_quality_checks to 2026-02-06 00:00:00+00:00, run_after=2026-02-07 00:00:00+00:00
[2026-02-06T22:30:42.646+0000] {processor.py:183} INFO - Processing /opt/airflow/dags/data_quality_checks.py took 4.007 seconds
[2026-02-06T22:31:12.931+0000] {processor.py:161} INFO - Started process (PID=2888) to work on /opt/airflow/dags/data_quality_checks.py
[2026-02-06T22:31:12.933+0000] {processor.py:830} INFO - Processing file /opt/airflow/dags/data_quality_checks.py for tasks to queue
[2026-02-06T22:31:12.934+0000] {logging_mixin.py:188} INFO - [2026-02-06T22:31:12.933+0000] {dagbag.py:538} INFO - Filling up the DagBag from /opt/airflow/dags/data_quality_checks.py
[2026-02-06T22:31:16.648+0000] {logging_mixin.py:188} INFO - [2026-02-06T22:31:16.648+0000] {warnings.py:110} WARNING - /opt/airflow/dags/data_quality_checks.py:50: RemovedInAirflow3Warning: Param `schedule_interval` is deprecated and will be removed in a future release. Please use `schedule` instead. 
  with DAG(
[2026-02-06T22:31:16.654+0000] {processor.py:840} INFO - DAG(s) 'data_quality_checks' retrieved from /opt/airflow/dags/data_quality_checks.py
[2026-02-06T22:31:16.680+0000] {logging_mixin.py:188} INFO - [2026-02-06T22:31:16.680+0000] {dag.py:3036} INFO - Sync 1 DAGs
[2026-02-06T22:31:16.701+0000] {logging_mixin.py:188} INFO - [2026-02-06T22:31:16.701+0000] {dag.py:3823} INFO - Setting next_dagrun for data_quality_checks to 2026-02-06 00:00:00+00:00, run_after=2026-02-07 00:00:00+00:00
[2026-02-06T22:31:16.723+0000] {processor.py:183} INFO - Processing /opt/airflow/dags/data_quality_checks.py took 3.796 seconds
[2026-02-06T22:31:47.327+0000] {processor.py:161} INFO - Started process (PID=2917) to work on /opt/airflow/dags/data_quality_checks.py
[2026-02-06T22:31:47.328+0000] {processor.py:830} INFO - Processing file /opt/airflow/dags/data_quality_checks.py for tasks to queue
[2026-02-06T22:31:47.329+0000] {logging_mixin.py:188} INFO - [2026-02-06T22:31:47.329+0000] {dagbag.py:538} INFO - Filling up the DagBag from /opt/airflow/dags/data_quality_checks.py
[2026-02-06T22:31:51.213+0000] {logging_mixin.py:188} INFO - [2026-02-06T22:31:51.212+0000] {warnings.py:110} WARNING - /opt/airflow/dags/data_quality_checks.py:50: RemovedInAirflow3Warning: Param `schedule_interval` is deprecated and will be removed in a future release. Please use `schedule` instead. 
  with DAG(
[2026-02-06T22:31:51.222+0000] {processor.py:840} INFO - DAG(s) 'data_quality_checks' retrieved from /opt/airflow/dags/data_quality_checks.py
[2026-02-06T22:31:51.252+0000] {logging_mixin.py:188} INFO - [2026-02-06T22:31:51.252+0000] {dag.py:3036} INFO - Sync 1 DAGs
[2026-02-06T22:31:51.285+0000] {logging_mixin.py:188} INFO - [2026-02-06T22:31:51.285+0000] {dag.py:3823} INFO - Setting next_dagrun for data_quality_checks to 2026-02-06 00:00:00+00:00, run_after=2026-02-07 00:00:00+00:00
[2026-02-06T22:31:51.306+0000] {processor.py:183} INFO - Processing /opt/airflow/dags/data_quality_checks.py took 3.983 seconds
[2026-02-06T22:32:21.632+0000] {processor.py:161} INFO - Started process (PID=2946) to work on /opt/airflow/dags/data_quality_checks.py
[2026-02-06T22:32:21.633+0000] {processor.py:830} INFO - Processing file /opt/airflow/dags/data_quality_checks.py for tasks to queue
[2026-02-06T22:32:21.634+0000] {logging_mixin.py:188} INFO - [2026-02-06T22:32:21.634+0000] {dagbag.py:538} INFO - Filling up the DagBag from /opt/airflow/dags/data_quality_checks.py
[2026-02-06T22:32:25.033+0000] {logging_mixin.py:188} INFO - [2026-02-06T22:32:25.033+0000] {warnings.py:110} WARNING - /opt/airflow/dags/data_quality_checks.py:50: RemovedInAirflow3Warning: Param `schedule_interval` is deprecated and will be removed in a future release. Please use `schedule` instead. 
  with DAG(
[2026-02-06T22:32:25.046+0000] {processor.py:840} INFO - DAG(s) 'data_quality_checks' retrieved from /opt/airflow/dags/data_quality_checks.py
[2026-02-06T22:32:25.086+0000] {logging_mixin.py:188} INFO - [2026-02-06T22:32:25.086+0000] {dag.py:3036} INFO - Sync 1 DAGs
[2026-02-06T22:32:25.120+0000] {logging_mixin.py:188} INFO - [2026-02-06T22:32:25.120+0000] {dag.py:3823} INFO - Setting next_dagrun for data_quality_checks to 2026-02-06 00:00:00+00:00, run_after=2026-02-07 00:00:00+00:00
[2026-02-06T22:32:25.144+0000] {processor.py:183} INFO - Processing /opt/airflow/dags/data_quality_checks.py took 3.516 seconds
[2026-02-06T22:32:56.053+0000] {processor.py:161} INFO - Started process (PID=2975) to work on /opt/airflow/dags/data_quality_checks.py
[2026-02-06T22:32:56.054+0000] {processor.py:830} INFO - Processing file /opt/airflow/dags/data_quality_checks.py for tasks to queue
[2026-02-06T22:32:56.055+0000] {logging_mixin.py:188} INFO - [2026-02-06T22:32:56.055+0000] {dagbag.py:538} INFO - Filling up the DagBag from /opt/airflow/dags/data_quality_checks.py
[2026-02-06T22:32:59.665+0000] {logging_mixin.py:188} INFO - [2026-02-06T22:32:59.664+0000] {warnings.py:110} WARNING - /opt/airflow/dags/data_quality_checks.py:50: RemovedInAirflow3Warning: Param `schedule_interval` is deprecated and will be removed in a future release. Please use `schedule` instead. 
  with DAG(
[2026-02-06T22:32:59.671+0000] {processor.py:840} INFO - DAG(s) 'data_quality_checks' retrieved from /opt/airflow/dags/data_quality_checks.py
[2026-02-06T22:32:59.696+0000] {logging_mixin.py:188} INFO - [2026-02-06T22:32:59.696+0000] {dag.py:3036} INFO - Sync 1 DAGs
[2026-02-06T22:32:59.717+0000] {logging_mixin.py:188} INFO - [2026-02-06T22:32:59.717+0000] {dag.py:3823} INFO - Setting next_dagrun for data_quality_checks to 2026-02-06 00:00:00+00:00, run_after=2026-02-07 00:00:00+00:00
[2026-02-06T22:32:59.737+0000] {processor.py:183} INFO - Processing /opt/airflow/dags/data_quality_checks.py took 3.689 seconds
[2026-02-06T22:33:30.488+0000] {processor.py:161} INFO - Started process (PID=3004) to work on /opt/airflow/dags/data_quality_checks.py
[2026-02-06T22:33:30.489+0000] {processor.py:830} INFO - Processing file /opt/airflow/dags/data_quality_checks.py for tasks to queue
[2026-02-06T22:33:30.491+0000] {logging_mixin.py:188} INFO - [2026-02-06T22:33:30.490+0000] {dagbag.py:538} INFO - Filling up the DagBag from /opt/airflow/dags/data_quality_checks.py
[2026-02-06T22:33:33.517+0000] {logging_mixin.py:188} INFO - [2026-02-06T22:33:33.517+0000] {warnings.py:110} WARNING - /opt/airflow/dags/data_quality_checks.py:50: RemovedInAirflow3Warning: Param `schedule_interval` is deprecated and will be removed in a future release. Please use `schedule` instead. 
  with DAG(
[2026-02-06T22:33:33.523+0000] {processor.py:840} INFO - DAG(s) 'data_quality_checks' retrieved from /opt/airflow/dags/data_quality_checks.py
[2026-02-06T22:33:33.543+0000] {logging_mixin.py:188} INFO - [2026-02-06T22:33:33.543+0000] {dag.py:3036} INFO - Sync 1 DAGs
[2026-02-06T22:33:33.562+0000] {logging_mixin.py:188} INFO - [2026-02-06T22:33:33.562+0000] {dag.py:3823} INFO - Setting next_dagrun for data_quality_checks to 2026-02-06 00:00:00+00:00, run_after=2026-02-07 00:00:00+00:00
[2026-02-06T22:33:33.581+0000] {processor.py:183} INFO - Processing /opt/airflow/dags/data_quality_checks.py took 3.097 seconds
[2026-02-06T22:34:03.876+0000] {processor.py:161} INFO - Started process (PID=3038) to work on /opt/airflow/dags/data_quality_checks.py
[2026-02-06T22:34:03.878+0000] {processor.py:830} INFO - Processing file /opt/airflow/dags/data_quality_checks.py for tasks to queue
[2026-02-06T22:34:03.879+0000] {logging_mixin.py:188} INFO - [2026-02-06T22:34:03.879+0000] {dagbag.py:538} INFO - Filling up the DagBag from /opt/airflow/dags/data_quality_checks.py
[2026-02-06T22:34:07.270+0000] {logging_mixin.py:188} INFO - [2026-02-06T22:34:07.269+0000] {warnings.py:110} WARNING - /opt/airflow/dags/data_quality_checks.py:50: RemovedInAirflow3Warning: Param `schedule_interval` is deprecated and will be removed in a future release. Please use `schedule` instead. 
  with DAG(
[2026-02-06T22:34:07.284+0000] {processor.py:840} INFO - DAG(s) 'data_quality_checks' retrieved from /opt/airflow/dags/data_quality_checks.py
[2026-02-06T22:34:07.325+0000] {logging_mixin.py:188} INFO - [2026-02-06T22:34:07.325+0000] {dag.py:3036} INFO - Sync 1 DAGs
[2026-02-06T22:34:07.351+0000] {logging_mixin.py:188} INFO - [2026-02-06T22:34:07.350+0000] {dag.py:3823} INFO - Setting next_dagrun for data_quality_checks to 2026-02-06 00:00:00+00:00, run_after=2026-02-07 00:00:00+00:00
[2026-02-06T22:34:07.378+0000] {processor.py:183} INFO - Processing /opt/airflow/dags/data_quality_checks.py took 3.506 seconds
[2026-02-06T22:34:38.246+0000] {processor.py:161} INFO - Started process (PID=3067) to work on /opt/airflow/dags/data_quality_checks.py
[2026-02-06T22:34:38.247+0000] {processor.py:830} INFO - Processing file /opt/airflow/dags/data_quality_checks.py for tasks to queue
[2026-02-06T22:34:38.248+0000] {logging_mixin.py:188} INFO - [2026-02-06T22:34:38.248+0000] {dagbag.py:538} INFO - Filling up the DagBag from /opt/airflow/dags/data_quality_checks.py
[2026-02-06T22:34:41.374+0000] {logging_mixin.py:188} INFO - [2026-02-06T22:34:41.373+0000] {warnings.py:110} WARNING - /opt/airflow/dags/data_quality_checks.py:50: RemovedInAirflow3Warning: Param `schedule_interval` is deprecated and will be removed in a future release. Please use `schedule` instead. 
  with DAG(
[2026-02-06T22:34:41.381+0000] {processor.py:840} INFO - DAG(s) 'data_quality_checks' retrieved from /opt/airflow/dags/data_quality_checks.py
[2026-02-06T22:34:41.406+0000] {logging_mixin.py:188} INFO - [2026-02-06T22:34:41.406+0000] {dag.py:3036} INFO - Sync 1 DAGs
[2026-02-06T22:34:41.432+0000] {logging_mixin.py:188} INFO - [2026-02-06T22:34:41.432+0000] {dag.py:3823} INFO - Setting next_dagrun for data_quality_checks to 2026-02-06 00:00:00+00:00, run_after=2026-02-07 00:00:00+00:00
[2026-02-06T22:34:41.455+0000] {processor.py:183} INFO - Processing /opt/airflow/dags/data_quality_checks.py took 3.212 seconds
[2026-02-06T22:35:11.766+0000] {processor.py:161} INFO - Started process (PID=3096) to work on /opt/airflow/dags/data_quality_checks.py
[2026-02-06T22:35:11.769+0000] {processor.py:830} INFO - Processing file /opt/airflow/dags/data_quality_checks.py for tasks to queue
[2026-02-06T22:35:11.772+0000] {logging_mixin.py:188} INFO - [2026-02-06T22:35:11.771+0000] {dagbag.py:538} INFO - Filling up the DagBag from /opt/airflow/dags/data_quality_checks.py
[2026-02-06T22:35:18.045+0000] {logging_mixin.py:188} INFO - [2026-02-06T22:35:18.045+0000] {warnings.py:110} WARNING - /opt/airflow/dags/data_quality_checks.py:50: RemovedInAirflow3Warning: Param `schedule_interval` is deprecated and will be removed in a future release. Please use `schedule` instead. 
  with DAG(
[2026-02-06T22:35:18.051+0000] {processor.py:840} INFO - DAG(s) 'data_quality_checks' retrieved from /opt/airflow/dags/data_quality_checks.py
[2026-02-06T22:35:18.092+0000] {logging_mixin.py:188} INFO - [2026-02-06T22:35:18.092+0000] {dag.py:3036} INFO - Sync 1 DAGs
[2026-02-06T22:35:18.117+0000] {logging_mixin.py:188} INFO - [2026-02-06T22:35:18.116+0000] {dag.py:3823} INFO - Setting next_dagrun for data_quality_checks to 2026-02-06 00:00:00+00:00, run_after=2026-02-07 00:00:00+00:00
[2026-02-06T22:35:18.140+0000] {processor.py:183} INFO - Processing /opt/airflow/dags/data_quality_checks.py took 6.381 seconds
[2026-02-06T22:35:48.348+0000] {processor.py:161} INFO - Started process (PID=3131) to work on /opt/airflow/dags/data_quality_checks.py
[2026-02-06T22:35:48.357+0000] {processor.py:830} INFO - Processing file /opt/airflow/dags/data_quality_checks.py for tasks to queue
[2026-02-06T22:35:48.362+0000] {logging_mixin.py:188} INFO - [2026-02-06T22:35:48.360+0000] {dagbag.py:538} INFO - Filling up the DagBag from /opt/airflow/dags/data_quality_checks.py
[2026-02-06T22:35:51.899+0000] {logging_mixin.py:188} INFO - [2026-02-06T22:35:51.899+0000] {warnings.py:110} WARNING - /opt/airflow/dags/data_quality_checks.py:50: RemovedInAirflow3Warning: Param `schedule_interval` is deprecated and will be removed in a future release. Please use `schedule` instead. 
  with DAG(
[2026-02-06T22:35:51.915+0000] {processor.py:840} INFO - DAG(s) 'data_quality_checks' retrieved from /opt/airflow/dags/data_quality_checks.py
[2026-02-06T22:35:51.952+0000] {logging_mixin.py:188} INFO - [2026-02-06T22:35:51.952+0000] {dag.py:3036} INFO - Sync 1 DAGs
[2026-02-06T22:35:51.977+0000] {logging_mixin.py:188} INFO - [2026-02-06T22:35:51.977+0000] {dag.py:3823} INFO - Setting next_dagrun for data_quality_checks to 2026-02-06 00:00:00+00:00, run_after=2026-02-07 00:00:00+00:00
[2026-02-06T22:35:52.002+0000] {processor.py:183} INFO - Processing /opt/airflow/dags/data_quality_checks.py took 3.665 seconds
[2026-02-06T22:36:22.702+0000] {processor.py:161} INFO - Started process (PID=3160) to work on /opt/airflow/dags/data_quality_checks.py
[2026-02-06T22:36:22.704+0000] {processor.py:830} INFO - Processing file /opt/airflow/dags/data_quality_checks.py for tasks to queue
[2026-02-06T22:36:22.705+0000] {logging_mixin.py:188} INFO - [2026-02-06T22:36:22.705+0000] {dagbag.py:538} INFO - Filling up the DagBag from /opt/airflow/dags/data_quality_checks.py
[2026-02-06T22:36:26.022+0000] {logging_mixin.py:188} INFO - [2026-02-06T22:36:26.022+0000] {warnings.py:110} WARNING - /opt/airflow/dags/data_quality_checks.py:50: RemovedInAirflow3Warning: Param `schedule_interval` is deprecated and will be removed in a future release. Please use `schedule` instead. 
  with DAG(
[2026-02-06T22:36:26.027+0000] {processor.py:840} INFO - DAG(s) 'data_quality_checks' retrieved from /opt/airflow/dags/data_quality_checks.py
[2026-02-06T22:36:26.049+0000] {logging_mixin.py:188} INFO - [2026-02-06T22:36:26.049+0000] {dag.py:3036} INFO - Sync 1 DAGs
[2026-02-06T22:36:26.068+0000] {logging_mixin.py:188} INFO - [2026-02-06T22:36:26.067+0000] {dag.py:3823} INFO - Setting next_dagrun for data_quality_checks to 2026-02-06 00:00:00+00:00, run_after=2026-02-07 00:00:00+00:00
[2026-02-06T22:36:26.086+0000] {processor.py:183} INFO - Processing /opt/airflow/dags/data_quality_checks.py took 3.390 seconds
[2026-02-06T22:36:56.155+0000] {processor.py:161} INFO - Started process (PID=3189) to work on /opt/airflow/dags/data_quality_checks.py
[2026-02-06T22:36:56.157+0000] {processor.py:830} INFO - Processing file /opt/airflow/dags/data_quality_checks.py for tasks to queue
[2026-02-06T22:36:56.158+0000] {logging_mixin.py:188} INFO - [2026-02-06T22:36:56.158+0000] {dagbag.py:538} INFO - Filling up the DagBag from /opt/airflow/dags/data_quality_checks.py
[2026-02-06T22:36:59.142+0000] {logging_mixin.py:188} INFO - [2026-02-06T22:36:59.142+0000] {warnings.py:110} WARNING - /opt/airflow/dags/data_quality_checks.py:50: RemovedInAirflow3Warning: Param `schedule_interval` is deprecated and will be removed in a future release. Please use `schedule` instead. 
  with DAG(
[2026-02-06T22:36:59.148+0000] {processor.py:840} INFO - DAG(s) 'data_quality_checks' retrieved from /opt/airflow/dags/data_quality_checks.py
[2026-02-06T22:36:59.171+0000] {logging_mixin.py:188} INFO - [2026-02-06T22:36:59.171+0000] {dag.py:3036} INFO - Sync 1 DAGs
[2026-02-06T22:36:59.190+0000] {logging_mixin.py:188} INFO - [2026-02-06T22:36:59.190+0000] {dag.py:3823} INFO - Setting next_dagrun for data_quality_checks to 2026-02-06 00:00:00+00:00, run_after=2026-02-07 00:00:00+00:00
[2026-02-06T22:36:59.213+0000] {processor.py:183} INFO - Processing /opt/airflow/dags/data_quality_checks.py took 3.063 seconds
[2026-02-06T22:37:29.482+0000] {processor.py:161} INFO - Started process (PID=3218) to work on /opt/airflow/dags/data_quality_checks.py
[2026-02-06T22:37:29.484+0000] {processor.py:830} INFO - Processing file /opt/airflow/dags/data_quality_checks.py for tasks to queue
[2026-02-06T22:37:29.485+0000] {logging_mixin.py:188} INFO - [2026-02-06T22:37:29.485+0000] {dagbag.py:538} INFO - Filling up the DagBag from /opt/airflow/dags/data_quality_checks.py
[2026-02-06T22:37:33.322+0000] {logging_mixin.py:188} INFO - [2026-02-06T22:37:33.322+0000] {warnings.py:110} WARNING - /opt/airflow/dags/data_quality_checks.py:50: RemovedInAirflow3Warning: Param `schedule_interval` is deprecated and will be removed in a future release. Please use `schedule` instead. 
  with DAG(
[2026-02-06T22:37:33.330+0000] {processor.py:840} INFO - DAG(s) 'data_quality_checks' retrieved from /opt/airflow/dags/data_quality_checks.py
[2026-02-06T22:37:33.371+0000] {logging_mixin.py:188} INFO - [2026-02-06T22:37:33.370+0000] {dag.py:3036} INFO - Sync 1 DAGs
[2026-02-06T22:37:33.397+0000] {logging_mixin.py:188} INFO - [2026-02-06T22:37:33.396+0000] {dag.py:3823} INFO - Setting next_dagrun for data_quality_checks to 2026-02-06 00:00:00+00:00, run_after=2026-02-07 00:00:00+00:00
[2026-02-06T22:37:33.417+0000] {processor.py:183} INFO - Processing /opt/airflow/dags/data_quality_checks.py took 3.939 seconds
[2026-02-06T22:38:03.699+0000] {processor.py:161} INFO - Started process (PID=3247) to work on /opt/airflow/dags/data_quality_checks.py
[2026-02-06T22:38:03.700+0000] {processor.py:830} INFO - Processing file /opt/airflow/dags/data_quality_checks.py for tasks to queue
[2026-02-06T22:38:03.701+0000] {logging_mixin.py:188} INFO - [2026-02-06T22:38:03.701+0000] {dagbag.py:538} INFO - Filling up the DagBag from /opt/airflow/dags/data_quality_checks.py
[2026-02-06T22:38:07.235+0000] {logging_mixin.py:188} INFO - [2026-02-06T22:38:07.235+0000] {warnings.py:110} WARNING - /opt/airflow/dags/data_quality_checks.py:50: RemovedInAirflow3Warning: Param `schedule_interval` is deprecated and will be removed in a future release. Please use `schedule` instead. 
  with DAG(
[2026-02-06T22:38:07.242+0000] {processor.py:840} INFO - DAG(s) 'data_quality_checks' retrieved from /opt/airflow/dags/data_quality_checks.py
[2026-02-06T22:38:07.264+0000] {logging_mixin.py:188} INFO - [2026-02-06T22:38:07.264+0000] {dag.py:3036} INFO - Sync 1 DAGs
[2026-02-06T22:38:07.289+0000] {logging_mixin.py:188} INFO - [2026-02-06T22:38:07.289+0000] {dag.py:3823} INFO - Setting next_dagrun for data_quality_checks to 2026-02-06 00:00:00+00:00, run_after=2026-02-07 00:00:00+00:00
[2026-02-06T22:38:07.315+0000] {processor.py:183} INFO - Processing /opt/airflow/dags/data_quality_checks.py took 3.619 seconds
[2026-02-06T22:38:38.120+0000] {processor.py:161} INFO - Started process (PID=3281) to work on /opt/airflow/dags/data_quality_checks.py
[2026-02-06T22:38:38.121+0000] {processor.py:830} INFO - Processing file /opt/airflow/dags/data_quality_checks.py for tasks to queue
[2026-02-06T22:38:38.122+0000] {logging_mixin.py:188} INFO - [2026-02-06T22:38:38.121+0000] {dagbag.py:538} INFO - Filling up the DagBag from /opt/airflow/dags/data_quality_checks.py
[2026-02-06T22:38:40.708+0000] {logging_mixin.py:188} INFO - [2026-02-06T22:38:40.708+0000] {warnings.py:110} WARNING - /opt/airflow/dags/data_quality_checks.py:50: RemovedInAirflow3Warning: Param `schedule_interval` is deprecated and will be removed in a future release. Please use `schedule` instead. 
  with DAG(
[2026-02-06T22:38:40.713+0000] {processor.py:840} INFO - DAG(s) 'data_quality_checks' retrieved from /opt/airflow/dags/data_quality_checks.py
[2026-02-06T22:38:40.734+0000] {logging_mixin.py:188} INFO - [2026-02-06T22:38:40.734+0000] {dag.py:3036} INFO - Sync 1 DAGs
[2026-02-06T22:38:40.751+0000] {logging_mixin.py:188} INFO - [2026-02-06T22:38:40.751+0000] {dag.py:3823} INFO - Setting next_dagrun for data_quality_checks to 2026-02-06 00:00:00+00:00, run_after=2026-02-07 00:00:00+00:00
[2026-02-06T22:38:40.769+0000] {processor.py:183} INFO - Processing /opt/airflow/dags/data_quality_checks.py took 2.652 seconds
[2026-02-06T22:39:11.526+0000] {processor.py:161} INFO - Started process (PID=3310) to work on /opt/airflow/dags/data_quality_checks.py
[2026-02-06T22:39:11.527+0000] {processor.py:830} INFO - Processing file /opt/airflow/dags/data_quality_checks.py for tasks to queue
[2026-02-06T22:39:11.528+0000] {logging_mixin.py:188} INFO - [2026-02-06T22:39:11.528+0000] {dagbag.py:538} INFO - Filling up the DagBag from /opt/airflow/dags/data_quality_checks.py
[2026-02-06T22:39:14.297+0000] {logging_mixin.py:188} INFO - [2026-02-06T22:39:14.296+0000] {warnings.py:110} WARNING - /opt/airflow/dags/data_quality_checks.py:50: RemovedInAirflow3Warning: Param `schedule_interval` is deprecated and will be removed in a future release. Please use `schedule` instead. 
  with DAG(
[2026-02-06T22:39:14.303+0000] {processor.py:840} INFO - DAG(s) 'data_quality_checks' retrieved from /opt/airflow/dags/data_quality_checks.py
[2026-02-06T22:39:14.329+0000] {logging_mixin.py:188} INFO - [2026-02-06T22:39:14.328+0000] {dag.py:3036} INFO - Sync 1 DAGs
[2026-02-06T22:39:14.351+0000] {logging_mixin.py:188} INFO - [2026-02-06T22:39:14.350+0000] {dag.py:3823} INFO - Setting next_dagrun for data_quality_checks to 2026-02-06 00:00:00+00:00, run_after=2026-02-07 00:00:00+00:00
[2026-02-06T22:39:14.377+0000] {processor.py:183} INFO - Processing /opt/airflow/dags/data_quality_checks.py took 2.856 seconds
[2026-02-06T22:39:44.935+0000] {processor.py:161} INFO - Started process (PID=3345) to work on /opt/airflow/dags/data_quality_checks.py
[2026-02-06T22:39:44.936+0000] {processor.py:830} INFO - Processing file /opt/airflow/dags/data_quality_checks.py for tasks to queue
[2026-02-06T22:39:44.937+0000] {logging_mixin.py:188} INFO - [2026-02-06T22:39:44.937+0000] {dagbag.py:538} INFO - Filling up the DagBag from /opt/airflow/dags/data_quality_checks.py
[2026-02-06T22:39:47.552+0000] {logging_mixin.py:188} INFO - [2026-02-06T22:39:47.552+0000] {warnings.py:110} WARNING - /opt/airflow/dags/data_quality_checks.py:50: RemovedInAirflow3Warning: Param `schedule_interval` is deprecated and will be removed in a future release. Please use `schedule` instead. 
  with DAG(
[2026-02-06T22:39:47.558+0000] {processor.py:840} INFO - DAG(s) 'data_quality_checks' retrieved from /opt/airflow/dags/data_quality_checks.py
[2026-02-06T22:39:47.582+0000] {logging_mixin.py:188} INFO - [2026-02-06T22:39:47.582+0000] {dag.py:3036} INFO - Sync 1 DAGs
[2026-02-06T22:39:47.600+0000] {logging_mixin.py:188} INFO - [2026-02-06T22:39:47.600+0000] {dag.py:3823} INFO - Setting next_dagrun for data_quality_checks to 2026-02-06 00:00:00+00:00, run_after=2026-02-07 00:00:00+00:00
[2026-02-06T22:39:47.618+0000] {processor.py:183} INFO - Processing /opt/airflow/dags/data_quality_checks.py took 2.686 seconds
[2026-02-06T22:40:18.314+0000] {processor.py:161} INFO - Started process (PID=3374) to work on /opt/airflow/dags/data_quality_checks.py
[2026-02-06T22:40:18.315+0000] {processor.py:830} INFO - Processing file /opt/airflow/dags/data_quality_checks.py for tasks to queue
[2026-02-06T22:40:18.317+0000] {logging_mixin.py:188} INFO - [2026-02-06T22:40:18.316+0000] {dagbag.py:538} INFO - Filling up the DagBag from /opt/airflow/dags/data_quality_checks.py
[2026-02-06T22:40:21.031+0000] {logging_mixin.py:188} INFO - [2026-02-06T22:40:21.031+0000] {warnings.py:110} WARNING - /opt/airflow/dags/data_quality_checks.py:50: RemovedInAirflow3Warning: Param `schedule_interval` is deprecated and will be removed in a future release. Please use `schedule` instead. 
  with DAG(
[2026-02-06T22:40:21.037+0000] {processor.py:840} INFO - DAG(s) 'data_quality_checks' retrieved from /opt/airflow/dags/data_quality_checks.py
[2026-02-06T22:40:21.058+0000] {logging_mixin.py:188} INFO - [2026-02-06T22:40:21.057+0000] {dag.py:3036} INFO - Sync 1 DAGs
[2026-02-06T22:40:21.078+0000] {logging_mixin.py:188} INFO - [2026-02-06T22:40:21.078+0000] {dag.py:3823} INFO - Setting next_dagrun for data_quality_checks to 2026-02-06 00:00:00+00:00, run_after=2026-02-07 00:00:00+00:00
[2026-02-06T22:40:21.099+0000] {processor.py:183} INFO - Processing /opt/airflow/dags/data_quality_checks.py took 2.789 seconds
[2026-02-06T22:40:51.892+0000] {processor.py:161} INFO - Started process (PID=3403) to work on /opt/airflow/dags/data_quality_checks.py
[2026-02-06T22:40:51.894+0000] {processor.py:830} INFO - Processing file /opt/airflow/dags/data_quality_checks.py for tasks to queue
[2026-02-06T22:40:51.895+0000] {logging_mixin.py:188} INFO - [2026-02-06T22:40:51.895+0000] {dagbag.py:538} INFO - Filling up the DagBag from /opt/airflow/dags/data_quality_checks.py
[2026-02-06T22:40:54.480+0000] {logging_mixin.py:188} INFO - [2026-02-06T22:40:54.480+0000] {warnings.py:110} WARNING - /opt/airflow/dags/data_quality_checks.py:50: RemovedInAirflow3Warning: Param `schedule_interval` is deprecated and will be removed in a future release. Please use `schedule` instead. 
  with DAG(
[2026-02-06T22:40:54.486+0000] {processor.py:840} INFO - DAG(s) 'data_quality_checks' retrieved from /opt/airflow/dags/data_quality_checks.py
[2026-02-06T22:40:54.507+0000] {logging_mixin.py:188} INFO - [2026-02-06T22:40:54.507+0000] {dag.py:3036} INFO - Sync 1 DAGs
[2026-02-06T22:40:54.525+0000] {logging_mixin.py:188} INFO - [2026-02-06T22:40:54.524+0000] {dag.py:3823} INFO - Setting next_dagrun for data_quality_checks to 2026-02-06 00:00:00+00:00, run_after=2026-02-07 00:00:00+00:00
[2026-02-06T22:40:54.542+0000] {processor.py:183} INFO - Processing /opt/airflow/dags/data_quality_checks.py took 2.654 seconds
[2026-02-06T22:41:25.273+0000] {processor.py:161} INFO - Started process (PID=3432) to work on /opt/airflow/dags/data_quality_checks.py
[2026-02-06T22:41:25.276+0000] {processor.py:830} INFO - Processing file /opt/airflow/dags/data_quality_checks.py for tasks to queue
[2026-02-06T22:41:25.279+0000] {logging_mixin.py:188} INFO - [2026-02-06T22:41:25.278+0000] {dagbag.py:538} INFO - Filling up the DagBag from /opt/airflow/dags/data_quality_checks.py
[2026-02-06T22:41:28.183+0000] {logging_mixin.py:188} INFO - [2026-02-06T22:41:28.183+0000] {warnings.py:110} WARNING - /opt/airflow/dags/data_quality_checks.py:50: RemovedInAirflow3Warning: Param `schedule_interval` is deprecated and will be removed in a future release. Please use `schedule` instead. 
  with DAG(
[2026-02-06T22:41:28.189+0000] {processor.py:840} INFO - DAG(s) 'data_quality_checks' retrieved from /opt/airflow/dags/data_quality_checks.py
[2026-02-06T22:41:28.212+0000] {logging_mixin.py:188} INFO - [2026-02-06T22:41:28.212+0000] {dag.py:3036} INFO - Sync 1 DAGs
[2026-02-06T22:41:28.230+0000] {logging_mixin.py:188} INFO - [2026-02-06T22:41:28.230+0000] {dag.py:3823} INFO - Setting next_dagrun for data_quality_checks to 2026-02-06 00:00:00+00:00, run_after=2026-02-07 00:00:00+00:00
[2026-02-06T22:41:28.248+0000] {processor.py:183} INFO - Processing /opt/airflow/dags/data_quality_checks.py took 2.981 seconds
[2026-02-06T22:41:58.539+0000] {processor.py:161} INFO - Started process (PID=3462) to work on /opt/airflow/dags/data_quality_checks.py
[2026-02-06T22:41:58.540+0000] {processor.py:830} INFO - Processing file /opt/airflow/dags/data_quality_checks.py for tasks to queue
[2026-02-06T22:41:58.541+0000] {logging_mixin.py:188} INFO - [2026-02-06T22:41:58.541+0000] {dagbag.py:538} INFO - Filling up the DagBag from /opt/airflow/dags/data_quality_checks.py
[2026-02-06T22:42:01.087+0000] {logging_mixin.py:188} INFO - [2026-02-06T22:42:01.087+0000] {warnings.py:110} WARNING - /opt/airflow/dags/data_quality_checks.py:50: RemovedInAirflow3Warning: Param `schedule_interval` is deprecated and will be removed in a future release. Please use `schedule` instead. 
  with DAG(
[2026-02-06T22:42:01.093+0000] {processor.py:840} INFO - DAG(s) 'data_quality_checks' retrieved from /opt/airflow/dags/data_quality_checks.py
[2026-02-06T22:42:01.116+0000] {logging_mixin.py:188} INFO - [2026-02-06T22:42:01.116+0000] {dag.py:3036} INFO - Sync 1 DAGs
[2026-02-06T22:42:01.136+0000] {logging_mixin.py:188} INFO - [2026-02-06T22:42:01.136+0000] {dag.py:3823} INFO - Setting next_dagrun for data_quality_checks to 2026-02-06 00:00:00+00:00, run_after=2026-02-07 00:00:00+00:00
[2026-02-06T22:42:01.153+0000] {processor.py:183} INFO - Processing /opt/airflow/dags/data_quality_checks.py took 2.619 seconds
[2026-02-06T22:42:31.899+0000] {processor.py:161} INFO - Started process (PID=3491) to work on /opt/airflow/dags/data_quality_checks.py
[2026-02-06T22:42:31.900+0000] {processor.py:830} INFO - Processing file /opt/airflow/dags/data_quality_checks.py for tasks to queue
[2026-02-06T22:42:31.901+0000] {logging_mixin.py:188} INFO - [2026-02-06T22:42:31.901+0000] {dagbag.py:538} INFO - Filling up the DagBag from /opt/airflow/dags/data_quality_checks.py
[2026-02-06T22:42:34.636+0000] {logging_mixin.py:188} INFO - [2026-02-06T22:42:34.636+0000] {warnings.py:110} WARNING - /opt/airflow/dags/data_quality_checks.py:50: RemovedInAirflow3Warning: Param `schedule_interval` is deprecated and will be removed in a future release. Please use `schedule` instead. 
  with DAG(
[2026-02-06T22:42:34.642+0000] {processor.py:840} INFO - DAG(s) 'data_quality_checks' retrieved from /opt/airflow/dags/data_quality_checks.py
[2026-02-06T22:42:34.664+0000] {logging_mixin.py:188} INFO - [2026-02-06T22:42:34.664+0000] {dag.py:3036} INFO - Sync 1 DAGs
[2026-02-06T22:42:34.683+0000] {logging_mixin.py:188} INFO - [2026-02-06T22:42:34.683+0000] {dag.py:3823} INFO - Setting next_dagrun for data_quality_checks to 2026-02-06 00:00:00+00:00, run_after=2026-02-07 00:00:00+00:00
[2026-02-06T22:42:34.698+0000] {processor.py:183} INFO - Processing /opt/airflow/dags/data_quality_checks.py took 2.802 seconds
[2026-02-06T22:43:05.357+0000] {processor.py:161} INFO - Started process (PID=3520) to work on /opt/airflow/dags/data_quality_checks.py
[2026-02-06T22:43:05.363+0000] {processor.py:830} INFO - Processing file /opt/airflow/dags/data_quality_checks.py for tasks to queue
[2026-02-06T22:43:05.368+0000] {logging_mixin.py:188} INFO - [2026-02-06T22:43:05.367+0000] {dagbag.py:538} INFO - Filling up the DagBag from /opt/airflow/dags/data_quality_checks.py
[2026-02-06T22:43:08.742+0000] {logging_mixin.py:188} INFO - [2026-02-06T22:43:08.741+0000] {warnings.py:110} WARNING - /opt/airflow/dags/data_quality_checks.py:50: RemovedInAirflow3Warning: Param `schedule_interval` is deprecated and will be removed in a future release. Please use `schedule` instead. 
  with DAG(
[2026-02-06T22:43:08.749+0000] {processor.py:840} INFO - DAG(s) 'data_quality_checks' retrieved from /opt/airflow/dags/data_quality_checks.py
[2026-02-06T22:43:08.776+0000] {logging_mixin.py:188} INFO - [2026-02-06T22:43:08.776+0000] {dag.py:3036} INFO - Sync 1 DAGs
[2026-02-06T22:43:08.799+0000] {logging_mixin.py:188} INFO - [2026-02-06T22:43:08.799+0000] {dag.py:3823} INFO - Setting next_dagrun for data_quality_checks to 2026-02-06 00:00:00+00:00, run_after=2026-02-07 00:00:00+00:00
[2026-02-06T22:43:08.821+0000] {processor.py:183} INFO - Processing /opt/airflow/dags/data_quality_checks.py took 3.508 seconds
[2026-02-06T22:43:38.931+0000] {processor.py:161} INFO - Started process (PID=3554) to work on /opt/airflow/dags/data_quality_checks.py
[2026-02-06T22:43:38.932+0000] {processor.py:830} INFO - Processing file /opt/airflow/dags/data_quality_checks.py for tasks to queue
[2026-02-06T22:43:38.933+0000] {logging_mixin.py:188} INFO - [2026-02-06T22:43:38.933+0000] {dagbag.py:538} INFO - Filling up the DagBag from /opt/airflow/dags/data_quality_checks.py
[2026-02-06T22:43:41.774+0000] {logging_mixin.py:188} INFO - [2026-02-06T22:43:41.774+0000] {warnings.py:110} WARNING - /opt/airflow/dags/data_quality_checks.py:50: RemovedInAirflow3Warning: Param `schedule_interval` is deprecated and will be removed in a future release. Please use `schedule` instead. 
  with DAG(
[2026-02-06T22:43:41.779+0000] {processor.py:840} INFO - DAG(s) 'data_quality_checks' retrieved from /opt/airflow/dags/data_quality_checks.py
[2026-02-06T22:43:41.801+0000] {logging_mixin.py:188} INFO - [2026-02-06T22:43:41.800+0000] {dag.py:3036} INFO - Sync 1 DAGs
[2026-02-06T22:43:41.817+0000] {logging_mixin.py:188} INFO - [2026-02-06T22:43:41.817+0000] {dag.py:3823} INFO - Setting next_dagrun for data_quality_checks to 2026-02-06 00:00:00+00:00, run_after=2026-02-07 00:00:00+00:00
[2026-02-06T22:43:41.832+0000] {processor.py:183} INFO - Processing /opt/airflow/dags/data_quality_checks.py took 2.904 seconds
[2026-02-06T22:44:12.088+0000] {processor.py:161} INFO - Started process (PID=3583) to work on /opt/airflow/dags/data_quality_checks.py
[2026-02-06T22:44:12.089+0000] {processor.py:830} INFO - Processing file /opt/airflow/dags/data_quality_checks.py for tasks to queue
[2026-02-06T22:44:12.090+0000] {logging_mixin.py:188} INFO - [2026-02-06T22:44:12.090+0000] {dagbag.py:538} INFO - Filling up the DagBag from /opt/airflow/dags/data_quality_checks.py
[2026-02-06T22:44:15.922+0000] {logging_mixin.py:188} INFO - [2026-02-06T22:44:15.922+0000] {warnings.py:110} WARNING - /opt/airflow/dags/data_quality_checks.py:50: RemovedInAirflow3Warning: Param `schedule_interval` is deprecated and will be removed in a future release. Please use `schedule` instead. 
  with DAG(
[2026-02-06T22:44:15.929+0000] {processor.py:840} INFO - DAG(s) 'data_quality_checks' retrieved from /opt/airflow/dags/data_quality_checks.py
[2026-02-06T22:44:15.954+0000] {logging_mixin.py:188} INFO - [2026-02-06T22:44:15.954+0000] {dag.py:3036} INFO - Sync 1 DAGs
[2026-02-06T22:44:15.975+0000] {logging_mixin.py:188} INFO - [2026-02-06T22:44:15.974+0000] {dag.py:3823} INFO - Setting next_dagrun for data_quality_checks to 2026-02-06 00:00:00+00:00, run_after=2026-02-07 00:00:00+00:00
[2026-02-06T22:44:15.994+0000] {processor.py:183} INFO - Processing /opt/airflow/dags/data_quality_checks.py took 3.909 seconds
[2026-02-06T22:44:46.277+0000] {processor.py:161} INFO - Started process (PID=3619) to work on /opt/airflow/dags/data_quality_checks.py
[2026-02-06T22:44:46.278+0000] {processor.py:830} INFO - Processing file /opt/airflow/dags/data_quality_checks.py for tasks to queue
[2026-02-06T22:44:46.279+0000] {logging_mixin.py:188} INFO - [2026-02-06T22:44:46.279+0000] {dagbag.py:538} INFO - Filling up the DagBag from /opt/airflow/dags/data_quality_checks.py
[2026-02-06T22:44:49.191+0000] {logging_mixin.py:188} INFO - [2026-02-06T22:44:49.191+0000] {warnings.py:110} WARNING - /opt/airflow/dags/data_quality_checks.py:50: RemovedInAirflow3Warning: Param `schedule_interval` is deprecated and will be removed in a future release. Please use `schedule` instead. 
  with DAG(
[2026-02-06T22:44:49.196+0000] {processor.py:840} INFO - DAG(s) 'data_quality_checks' retrieved from /opt/airflow/dags/data_quality_checks.py
[2026-02-06T22:44:49.216+0000] {logging_mixin.py:188} INFO - [2026-02-06T22:44:49.216+0000] {dag.py:3036} INFO - Sync 1 DAGs
[2026-02-06T22:44:49.234+0000] {logging_mixin.py:188} INFO - [2026-02-06T22:44:49.234+0000] {dag.py:3823} INFO - Setting next_dagrun for data_quality_checks to 2026-02-06 00:00:00+00:00, run_after=2026-02-07 00:00:00+00:00
[2026-02-06T22:44:49.249+0000] {processor.py:183} INFO - Processing /opt/airflow/dags/data_quality_checks.py took 2.975 seconds
[2026-02-06T22:45:19.620+0000] {processor.py:161} INFO - Started process (PID=3648) to work on /opt/airflow/dags/data_quality_checks.py
[2026-02-06T22:45:19.621+0000] {processor.py:830} INFO - Processing file /opt/airflow/dags/data_quality_checks.py for tasks to queue
[2026-02-06T22:45:19.623+0000] {logging_mixin.py:188} INFO - [2026-02-06T22:45:19.622+0000] {dagbag.py:538} INFO - Filling up the DagBag from /opt/airflow/dags/data_quality_checks.py
[2026-02-06T22:45:22.752+0000] {logging_mixin.py:188} INFO - [2026-02-06T22:45:22.752+0000] {warnings.py:110} WARNING - /opt/airflow/dags/data_quality_checks.py:50: RemovedInAirflow3Warning: Param `schedule_interval` is deprecated and will be removed in a future release. Please use `schedule` instead. 
  with DAG(
[2026-02-06T22:45:22.761+0000] {processor.py:840} INFO - DAG(s) 'data_quality_checks' retrieved from /opt/airflow/dags/data_quality_checks.py
[2026-02-06T22:45:22.790+0000] {logging_mixin.py:188} INFO - [2026-02-06T22:45:22.790+0000] {dag.py:3036} INFO - Sync 1 DAGs
[2026-02-06T22:45:22.812+0000] {logging_mixin.py:188} INFO - [2026-02-06T22:45:22.812+0000] {dag.py:3823} INFO - Setting next_dagrun for data_quality_checks to 2026-02-06 00:00:00+00:00, run_after=2026-02-07 00:00:00+00:00
[2026-02-06T22:45:22.843+0000] {processor.py:183} INFO - Processing /opt/airflow/dags/data_quality_checks.py took 3.227 seconds
[2026-02-06T22:45:52.993+0000] {processor.py:161} INFO - Started process (PID=3677) to work on /opt/airflow/dags/data_quality_checks.py
[2026-02-06T22:45:52.994+0000] {processor.py:830} INFO - Processing file /opt/airflow/dags/data_quality_checks.py for tasks to queue
[2026-02-06T22:45:52.996+0000] {logging_mixin.py:188} INFO - [2026-02-06T22:45:52.995+0000] {dagbag.py:538} INFO - Filling up the DagBag from /opt/airflow/dags/data_quality_checks.py
[2026-02-06T22:45:56.190+0000] {logging_mixin.py:188} INFO - [2026-02-06T22:45:56.189+0000] {warnings.py:110} WARNING - /opt/airflow/dags/data_quality_checks.py:50: RemovedInAirflow3Warning: Param `schedule_interval` is deprecated and will be removed in a future release. Please use `schedule` instead. 
  with DAG(
[2026-02-06T22:45:56.201+0000] {processor.py:840} INFO - DAG(s) 'data_quality_checks' retrieved from /opt/airflow/dags/data_quality_checks.py
[2026-02-06T22:45:56.234+0000] {logging_mixin.py:188} INFO - [2026-02-06T22:45:56.234+0000] {dag.py:3036} INFO - Sync 1 DAGs
[2026-02-06T22:45:56.262+0000] {logging_mixin.py:188} INFO - [2026-02-06T22:45:56.261+0000] {dag.py:3823} INFO - Setting next_dagrun for data_quality_checks to 2026-02-06 00:00:00+00:00, run_after=2026-02-07 00:00:00+00:00
[2026-02-06T22:45:56.287+0000] {processor.py:183} INFO - Processing /opt/airflow/dags/data_quality_checks.py took 3.297 seconds
[2026-02-06T22:46:26.404+0000] {processor.py:161} INFO - Started process (PID=3706) to work on /opt/airflow/dags/data_quality_checks.py
[2026-02-06T22:46:26.406+0000] {processor.py:830} INFO - Processing file /opt/airflow/dags/data_quality_checks.py for tasks to queue
[2026-02-06T22:46:26.408+0000] {logging_mixin.py:188} INFO - [2026-02-06T22:46:26.407+0000] {dagbag.py:538} INFO - Filling up the DagBag from /opt/airflow/dags/data_quality_checks.py
[2026-02-06T22:46:30.253+0000] {logging_mixin.py:188} INFO - [2026-02-06T22:46:30.253+0000] {warnings.py:110} WARNING - /opt/airflow/dags/data_quality_checks.py:50: RemovedInAirflow3Warning: Param `schedule_interval` is deprecated and will be removed in a future release. Please use `schedule` instead. 
  with DAG(
[2026-02-06T22:46:30.260+0000] {processor.py:840} INFO - DAG(s) 'data_quality_checks' retrieved from /opt/airflow/dags/data_quality_checks.py
[2026-02-06T22:46:30.281+0000] {logging_mixin.py:188} INFO - [2026-02-06T22:46:30.281+0000] {dag.py:3036} INFO - Sync 1 DAGs
[2026-02-06T22:46:30.299+0000] {logging_mixin.py:188} INFO - [2026-02-06T22:46:30.299+0000] {dag.py:3823} INFO - Setting next_dagrun for data_quality_checks to 2026-02-06 00:00:00+00:00, run_after=2026-02-07 00:00:00+00:00
[2026-02-06T22:46:30.314+0000] {processor.py:183} INFO - Processing /opt/airflow/dags/data_quality_checks.py took 3.916 seconds
[2026-02-06T22:47:00.748+0000] {processor.py:161} INFO - Started process (PID=3735) to work on /opt/airflow/dags/data_quality_checks.py
[2026-02-06T22:47:00.750+0000] {processor.py:830} INFO - Processing file /opt/airflow/dags/data_quality_checks.py for tasks to queue
[2026-02-06T22:47:00.751+0000] {logging_mixin.py:188} INFO - [2026-02-06T22:47:00.750+0000] {dagbag.py:538} INFO - Filling up the DagBag from /opt/airflow/dags/data_quality_checks.py
[2026-02-06T22:47:03.732+0000] {logging_mixin.py:188} INFO - [2026-02-06T22:47:03.732+0000] {warnings.py:110} WARNING - /opt/airflow/dags/data_quality_checks.py:50: RemovedInAirflow3Warning: Param `schedule_interval` is deprecated and will be removed in a future release. Please use `schedule` instead. 
  with DAG(
[2026-02-06T22:47:03.741+0000] {processor.py:840} INFO - DAG(s) 'data_quality_checks' retrieved from /opt/airflow/dags/data_quality_checks.py
[2026-02-06T22:47:03.771+0000] {logging_mixin.py:188} INFO - [2026-02-06T22:47:03.771+0000] {dag.py:3036} INFO - Sync 1 DAGs
[2026-02-06T22:47:03.799+0000] {logging_mixin.py:188} INFO - [2026-02-06T22:47:03.799+0000] {dag.py:3823} INFO - Setting next_dagrun for data_quality_checks to 2026-02-06 00:00:00+00:00, run_after=2026-02-07 00:00:00+00:00
[2026-02-06T22:47:03.824+0000] {processor.py:183} INFO - Processing /opt/airflow/dags/data_quality_checks.py took 3.079 seconds
[2026-02-06T22:47:34.103+0000] {processor.py:161} INFO - Started process (PID=3764) to work on /opt/airflow/dags/data_quality_checks.py
[2026-02-06T22:47:34.104+0000] {processor.py:830} INFO - Processing file /opt/airflow/dags/data_quality_checks.py for tasks to queue
[2026-02-06T22:47:34.105+0000] {logging_mixin.py:188} INFO - [2026-02-06T22:47:34.105+0000] {dagbag.py:538} INFO - Filling up the DagBag from /opt/airflow/dags/data_quality_checks.py
[2026-02-06T22:47:37.176+0000] {logging_mixin.py:188} INFO - [2026-02-06T22:47:37.175+0000] {warnings.py:110} WARNING - /opt/airflow/dags/data_quality_checks.py:50: RemovedInAirflow3Warning: Param `schedule_interval` is deprecated and will be removed in a future release. Please use `schedule` instead. 
  with DAG(
[2026-02-06T22:47:37.182+0000] {processor.py:840} INFO - DAG(s) 'data_quality_checks' retrieved from /opt/airflow/dags/data_quality_checks.py
[2026-02-06T22:47:37.204+0000] {logging_mixin.py:188} INFO - [2026-02-06T22:47:37.204+0000] {dag.py:3036} INFO - Sync 1 DAGs
[2026-02-06T22:47:37.221+0000] {logging_mixin.py:188} INFO - [2026-02-06T22:47:37.221+0000] {dag.py:3823} INFO - Setting next_dagrun for data_quality_checks to 2026-02-06 00:00:00+00:00, run_after=2026-02-07 00:00:00+00:00
[2026-02-06T22:47:37.239+0000] {processor.py:183} INFO - Processing /opt/airflow/dags/data_quality_checks.py took 3.139 seconds
[2026-02-06T22:48:07.543+0000] {processor.py:161} INFO - Started process (PID=3793) to work on /opt/airflow/dags/data_quality_checks.py
[2026-02-06T22:48:07.544+0000] {processor.py:830} INFO - Processing file /opt/airflow/dags/data_quality_checks.py for tasks to queue
[2026-02-06T22:48:07.545+0000] {logging_mixin.py:188} INFO - [2026-02-06T22:48:07.545+0000] {dagbag.py:538} INFO - Filling up the DagBag from /opt/airflow/dags/data_quality_checks.py
[2026-02-06T22:48:10.170+0000] {logging_mixin.py:188} INFO - [2026-02-06T22:48:10.169+0000] {warnings.py:110} WARNING - /opt/airflow/dags/data_quality_checks.py:50: RemovedInAirflow3Warning: Param `schedule_interval` is deprecated and will be removed in a future release. Please use `schedule` instead. 
  with DAG(
[2026-02-06T22:48:10.175+0000] {processor.py:840} INFO - DAG(s) 'data_quality_checks' retrieved from /opt/airflow/dags/data_quality_checks.py
[2026-02-06T22:48:10.197+0000] {logging_mixin.py:188} INFO - [2026-02-06T22:48:10.197+0000] {dag.py:3036} INFO - Sync 1 DAGs
[2026-02-06T22:48:10.215+0000] {logging_mixin.py:188} INFO - [2026-02-06T22:48:10.215+0000] {dag.py:3823} INFO - Setting next_dagrun for data_quality_checks to 2026-02-06 00:00:00+00:00, run_after=2026-02-07 00:00:00+00:00
[2026-02-06T22:48:10.231+0000] {processor.py:183} INFO - Processing /opt/airflow/dags/data_quality_checks.py took 2.702 seconds
[2026-02-06T22:48:40.813+0000] {processor.py:161} INFO - Started process (PID=3822) to work on /opt/airflow/dags/data_quality_checks.py
[2026-02-06T22:48:40.814+0000] {processor.py:830} INFO - Processing file /opt/airflow/dags/data_quality_checks.py for tasks to queue
[2026-02-06T22:48:40.816+0000] {logging_mixin.py:188} INFO - [2026-02-06T22:48:40.815+0000] {dagbag.py:538} INFO - Filling up the DagBag from /opt/airflow/dags/data_quality_checks.py
[2026-02-06T22:48:44.376+0000] {logging_mixin.py:188} INFO - [2026-02-06T22:48:44.376+0000] {warnings.py:110} WARNING - /opt/airflow/dags/data_quality_checks.py:50: RemovedInAirflow3Warning: Param `schedule_interval` is deprecated and will be removed in a future release. Please use `schedule` instead. 
  with DAG(
[2026-02-06T22:48:44.381+0000] {processor.py:840} INFO - DAG(s) 'data_quality_checks' retrieved from /opt/airflow/dags/data_quality_checks.py
[2026-02-06T22:48:44.402+0000] {logging_mixin.py:188} INFO - [2026-02-06T22:48:44.402+0000] {dag.py:3036} INFO - Sync 1 DAGs
[2026-02-06T22:48:44.423+0000] {logging_mixin.py:188} INFO - [2026-02-06T22:48:44.423+0000] {dag.py:3823} INFO - Setting next_dagrun for data_quality_checks to 2026-02-06 00:00:00+00:00, run_after=2026-02-07 00:00:00+00:00
[2026-02-06T22:48:44.442+0000] {processor.py:183} INFO - Processing /opt/airflow/dags/data_quality_checks.py took 3.632 seconds
[2026-02-06T22:49:15.235+0000] {processor.py:161} INFO - Started process (PID=3856) to work on /opt/airflow/dags/data_quality_checks.py
[2026-02-06T22:49:15.237+0000] {processor.py:830} INFO - Processing file /opt/airflow/dags/data_quality_checks.py for tasks to queue
[2026-02-06T22:49:15.239+0000] {logging_mixin.py:188} INFO - [2026-02-06T22:49:15.238+0000] {dagbag.py:538} INFO - Filling up the DagBag from /opt/airflow/dags/data_quality_checks.py
[2026-02-06T22:49:18.937+0000] {logging_mixin.py:188} INFO - [2026-02-06T22:49:18.937+0000] {warnings.py:110} WARNING - /opt/airflow/dags/data_quality_checks.py:50: RemovedInAirflow3Warning: Param `schedule_interval` is deprecated and will be removed in a future release. Please use `schedule` instead. 
  with DAG(
[2026-02-06T22:49:18.944+0000] {processor.py:840} INFO - DAG(s) 'data_quality_checks' retrieved from /opt/airflow/dags/data_quality_checks.py
[2026-02-06T22:49:18.969+0000] {logging_mixin.py:188} INFO - [2026-02-06T22:49:18.968+0000] {dag.py:3036} INFO - Sync 1 DAGs
[2026-02-06T22:49:18.995+0000] {logging_mixin.py:188} INFO - [2026-02-06T22:49:18.995+0000] {dag.py:3823} INFO - Setting next_dagrun for data_quality_checks to 2026-02-06 00:00:00+00:00, run_after=2026-02-07 00:00:00+00:00
[2026-02-06T22:49:19.017+0000] {processor.py:183} INFO - Processing /opt/airflow/dags/data_quality_checks.py took 3.786 seconds
[2026-02-06T22:49:49.639+0000] {processor.py:161} INFO - Started process (PID=3891) to work on /opt/airflow/dags/data_quality_checks.py
[2026-02-06T22:49:49.641+0000] {processor.py:830} INFO - Processing file /opt/airflow/dags/data_quality_checks.py for tasks to queue
[2026-02-06T22:49:49.642+0000] {logging_mixin.py:188} INFO - [2026-02-06T22:49:49.641+0000] {dagbag.py:538} INFO - Filling up the DagBag from /opt/airflow/dags/data_quality_checks.py
[2026-02-06T22:49:53.427+0000] {logging_mixin.py:188} INFO - [2026-02-06T22:49:53.426+0000] {warnings.py:110} WARNING - /opt/airflow/dags/data_quality_checks.py:50: RemovedInAirflow3Warning: Param `schedule_interval` is deprecated and will be removed in a future release. Please use `schedule` instead. 
  with DAG(
[2026-02-06T22:49:53.657+0000] {processor.py:840} INFO - DAG(s) 'data_quality_checks' retrieved from /opt/airflow/dags/data_quality_checks.py
[2026-02-06T22:49:53.685+0000] {logging_mixin.py:188} INFO - [2026-02-06T22:49:53.685+0000] {dag.py:3036} INFO - Sync 1 DAGs
[2026-02-06T22:49:53.707+0000] {logging_mixin.py:188} INFO - [2026-02-06T22:49:53.707+0000] {dag.py:3823} INFO - Setting next_dagrun for data_quality_checks to 2026-02-06 00:00:00+00:00, run_after=2026-02-07 00:00:00+00:00
[2026-02-06T22:49:53.729+0000] {processor.py:183} INFO - Processing /opt/airflow/dags/data_quality_checks.py took 4.094 seconds
[2026-02-06T22:50:24.038+0000] {processor.py:161} INFO - Started process (PID=3920) to work on /opt/airflow/dags/data_quality_checks.py
[2026-02-06T22:50:24.040+0000] {processor.py:830} INFO - Processing file /opt/airflow/dags/data_quality_checks.py for tasks to queue
[2026-02-06T22:50:24.041+0000] {logging_mixin.py:188} INFO - [2026-02-06T22:50:24.040+0000] {dagbag.py:538} INFO - Filling up the DagBag from /opt/airflow/dags/data_quality_checks.py
[2026-02-06T22:50:27.574+0000] {logging_mixin.py:188} INFO - [2026-02-06T22:50:27.574+0000] {warnings.py:110} WARNING - /opt/airflow/dags/data_quality_checks.py:50: RemovedInAirflow3Warning: Param `schedule_interval` is deprecated and will be removed in a future release. Please use `schedule` instead. 
  with DAG(
[2026-02-06T22:50:27.586+0000] {processor.py:840} INFO - DAG(s) 'data_quality_checks' retrieved from /opt/airflow/dags/data_quality_checks.py
[2026-02-06T22:50:27.637+0000] {logging_mixin.py:188} INFO - [2026-02-06T22:50:27.636+0000] {dag.py:3036} INFO - Sync 1 DAGs
[2026-02-06T22:50:27.987+0000] {logging_mixin.py:188} INFO - [2026-02-06T22:50:27.987+0000] {dag.py:3823} INFO - Setting next_dagrun for data_quality_checks to 2026-02-06 00:00:00+00:00, run_after=2026-02-07 00:00:00+00:00
[2026-02-06T22:50:28.020+0000] {processor.py:183} INFO - Processing /opt/airflow/dags/data_quality_checks.py took 3.985 seconds
[2026-02-06T22:50:58.507+0000] {processor.py:161} INFO - Started process (PID=3949) to work on /opt/airflow/dags/data_quality_checks.py
[2026-02-06T22:50:58.509+0000] {processor.py:830} INFO - Processing file /opt/airflow/dags/data_quality_checks.py for tasks to queue
[2026-02-06T22:50:58.510+0000] {logging_mixin.py:188} INFO - [2026-02-06T22:50:58.510+0000] {dagbag.py:538} INFO - Filling up the DagBag from /opt/airflow/dags/data_quality_checks.py
[2026-02-06T22:51:01.952+0000] {logging_mixin.py:188} INFO - [2026-02-06T22:51:01.952+0000] {warnings.py:110} WARNING - /opt/airflow/dags/data_quality_checks.py:50: RemovedInAirflow3Warning: Param `schedule_interval` is deprecated and will be removed in a future release. Please use `schedule` instead. 
  with DAG(
[2026-02-06T22:51:01.960+0000] {processor.py:840} INFO - DAG(s) 'data_quality_checks' retrieved from /opt/airflow/dags/data_quality_checks.py
[2026-02-06T22:51:01.985+0000] {logging_mixin.py:188} INFO - [2026-02-06T22:51:01.985+0000] {dag.py:3036} INFO - Sync 1 DAGs
[2026-02-06T22:51:02.009+0000] {logging_mixin.py:188} INFO - [2026-02-06T22:51:02.009+0000] {dag.py:3823} INFO - Setting next_dagrun for data_quality_checks to 2026-02-06 00:00:00+00:00, run_after=2026-02-07 00:00:00+00:00
[2026-02-06T22:51:02.030+0000] {processor.py:183} INFO - Processing /opt/airflow/dags/data_quality_checks.py took 3.529 seconds
[2026-02-06T22:51:32.945+0000] {processor.py:161} INFO - Started process (PID=3978) to work on /opt/airflow/dags/data_quality_checks.py
[2026-02-06T22:51:32.947+0000] {processor.py:830} INFO - Processing file /opt/airflow/dags/data_quality_checks.py for tasks to queue
[2026-02-06T22:51:32.950+0000] {logging_mixin.py:188} INFO - [2026-02-06T22:51:32.949+0000] {dagbag.py:538} INFO - Filling up the DagBag from /opt/airflow/dags/data_quality_checks.py
[2026-02-06T22:51:37.997+0000] {logging_mixin.py:188} INFO - [2026-02-06T22:51:37.996+0000] {warnings.py:110} WARNING - /opt/airflow/dags/data_quality_checks.py:50: RemovedInAirflow3Warning: Param `schedule_interval` is deprecated and will be removed in a future release. Please use `schedule` instead. 
  with DAG(
[2026-02-06T22:51:38.006+0000] {processor.py:840} INFO - DAG(s) 'data_quality_checks' retrieved from /opt/airflow/dags/data_quality_checks.py
[2026-02-06T22:51:38.313+0000] {logging_mixin.py:188} INFO - [2026-02-06T22:51:38.313+0000] {dag.py:3036} INFO - Sync 1 DAGs
[2026-02-06T22:51:38.338+0000] {logging_mixin.py:188} INFO - [2026-02-06T22:51:38.337+0000] {dag.py:3823} INFO - Setting next_dagrun for data_quality_checks to 2026-02-06 00:00:00+00:00, run_after=2026-02-07 00:00:00+00:00
[2026-02-06T22:51:38.361+0000] {processor.py:183} INFO - Processing /opt/airflow/dags/data_quality_checks.py took 5.423 seconds
[2026-02-06T22:52:08.672+0000] {processor.py:161} INFO - Started process (PID=4007) to work on /opt/airflow/dags/data_quality_checks.py
[2026-02-06T22:52:08.674+0000] {processor.py:830} INFO - Processing file /opt/airflow/dags/data_quality_checks.py for tasks to queue
[2026-02-06T22:52:08.675+0000] {logging_mixin.py:188} INFO - [2026-02-06T22:52:08.674+0000] {dagbag.py:538} INFO - Filling up the DagBag from /opt/airflow/dags/data_quality_checks.py
[2026-02-06T22:52:11.402+0000] {logging_mixin.py:188} INFO - [2026-02-06T22:52:11.402+0000] {warnings.py:110} WARNING - /opt/airflow/dags/data_quality_checks.py:50: RemovedInAirflow3Warning: Param `schedule_interval` is deprecated and will be removed in a future release. Please use `schedule` instead. 
  with DAG(
[2026-02-06T22:52:11.409+0000] {processor.py:840} INFO - DAG(s) 'data_quality_checks' retrieved from /opt/airflow/dags/data_quality_checks.py
[2026-02-06T22:52:11.432+0000] {logging_mixin.py:188} INFO - [2026-02-06T22:52:11.432+0000] {dag.py:3036} INFO - Sync 1 DAGs
[2026-02-06T22:52:11.454+0000] {logging_mixin.py:188} INFO - [2026-02-06T22:52:11.454+0000] {dag.py:3823} INFO - Setting next_dagrun for data_quality_checks to 2026-02-06 00:00:00+00:00, run_after=2026-02-07 00:00:00+00:00
[2026-02-06T22:52:11.658+0000] {processor.py:183} INFO - Processing /opt/airflow/dags/data_quality_checks.py took 2.989 seconds
[2026-02-06T22:52:41.963+0000] {processor.py:161} INFO - Started process (PID=4036) to work on /opt/airflow/dags/data_quality_checks.py
[2026-02-06T22:52:41.965+0000] {processor.py:830} INFO - Processing file /opt/airflow/dags/data_quality_checks.py for tasks to queue
[2026-02-06T22:52:41.966+0000] {logging_mixin.py:188} INFO - [2026-02-06T22:52:41.966+0000] {dagbag.py:538} INFO - Filling up the DagBag from /opt/airflow/dags/data_quality_checks.py
[2026-02-06T22:52:45.320+0000] {logging_mixin.py:188} INFO - [2026-02-06T22:52:45.320+0000] {warnings.py:110} WARNING - /opt/airflow/dags/data_quality_checks.py:50: RemovedInAirflow3Warning: Param `schedule_interval` is deprecated and will be removed in a future release. Please use `schedule` instead. 
  with DAG(
[2026-02-06T22:52:45.327+0000] {processor.py:840} INFO - DAG(s) 'data_quality_checks' retrieved from /opt/airflow/dags/data_quality_checks.py
[2026-02-06T22:52:45.351+0000] {logging_mixin.py:188} INFO - [2026-02-06T22:52:45.351+0000] {dag.py:3036} INFO - Sync 1 DAGs
[2026-02-06T22:52:45.369+0000] {logging_mixin.py:188} INFO - [2026-02-06T22:52:45.369+0000] {dag.py:3823} INFO - Setting next_dagrun for data_quality_checks to 2026-02-06 00:00:00+00:00, run_after=2026-02-07 00:00:00+00:00
[2026-02-06T22:52:45.391+0000] {processor.py:183} INFO - Processing /opt/airflow/dags/data_quality_checks.py took 3.433 seconds
[2026-02-06T22:53:15.797+0000] {processor.py:161} INFO - Started process (PID=4071) to work on /opt/airflow/dags/data_quality_checks.py
[2026-02-06T22:53:15.798+0000] {processor.py:830} INFO - Processing file /opt/airflow/dags/data_quality_checks.py for tasks to queue
[2026-02-06T22:53:15.800+0000] {logging_mixin.py:188} INFO - [2026-02-06T22:53:15.799+0000] {dagbag.py:538} INFO - Filling up the DagBag from /opt/airflow/dags/data_quality_checks.py
[2026-02-06T22:53:19.214+0000] {logging_mixin.py:188} INFO - [2026-02-06T22:53:19.213+0000] {warnings.py:110} WARNING - /opt/airflow/dags/data_quality_checks.py:50: RemovedInAirflow3Warning: Param `schedule_interval` is deprecated and will be removed in a future release. Please use `schedule` instead. 
  with DAG(
[2026-02-06T22:53:19.219+0000] {processor.py:840} INFO - DAG(s) 'data_quality_checks' retrieved from /opt/airflow/dags/data_quality_checks.py
[2026-02-06T22:53:19.240+0000] {logging_mixin.py:188} INFO - [2026-02-06T22:53:19.240+0000] {dag.py:3036} INFO - Sync 1 DAGs
[2026-02-06T22:53:19.260+0000] {logging_mixin.py:188} INFO - [2026-02-06T22:53:19.260+0000] {dag.py:3823} INFO - Setting next_dagrun for data_quality_checks to 2026-02-06 00:00:00+00:00, run_after=2026-02-07 00:00:00+00:00
[2026-02-06T22:53:19.289+0000] {processor.py:183} INFO - Processing /opt/airflow/dags/data_quality_checks.py took 3.495 seconds
[2026-02-06T22:53:50.204+0000] {processor.py:161} INFO - Started process (PID=4106) to work on /opt/airflow/dags/data_quality_checks.py
[2026-02-06T22:53:50.206+0000] {processor.py:830} INFO - Processing file /opt/airflow/dags/data_quality_checks.py for tasks to queue
[2026-02-06T22:53:50.207+0000] {logging_mixin.py:188} INFO - [2026-02-06T22:53:50.207+0000] {dagbag.py:538} INFO - Filling up the DagBag from /opt/airflow/dags/data_quality_checks.py
[2026-02-06T22:53:52.934+0000] {logging_mixin.py:188} INFO - [2026-02-06T22:53:52.934+0000] {warnings.py:110} WARNING - /opt/airflow/dags/data_quality_checks.py:50: RemovedInAirflow3Warning: Param `schedule_interval` is deprecated and will be removed in a future release. Please use `schedule` instead. 
  with DAG(
[2026-02-06T22:53:52.939+0000] {processor.py:840} INFO - DAG(s) 'data_quality_checks' retrieved from /opt/airflow/dags/data_quality_checks.py
[2026-02-06T22:53:52.959+0000] {logging_mixin.py:188} INFO - [2026-02-06T22:53:52.959+0000] {dag.py:3036} INFO - Sync 1 DAGs
[2026-02-06T22:53:52.976+0000] {logging_mixin.py:188} INFO - [2026-02-06T22:53:52.976+0000] {dag.py:3823} INFO - Setting next_dagrun for data_quality_checks to 2026-02-06 00:00:00+00:00, run_after=2026-02-07 00:00:00+00:00
[2026-02-06T22:53:52.994+0000] {processor.py:183} INFO - Processing /opt/airflow/dags/data_quality_checks.py took 2.794 seconds
[2026-02-06T22:54:23.589+0000] {processor.py:161} INFO - Started process (PID=4135) to work on /opt/airflow/dags/data_quality_checks.py
[2026-02-06T22:54:23.590+0000] {processor.py:830} INFO - Processing file /opt/airflow/dags/data_quality_checks.py for tasks to queue
[2026-02-06T22:54:23.591+0000] {logging_mixin.py:188} INFO - [2026-02-06T22:54:23.591+0000] {dagbag.py:538} INFO - Filling up the DagBag from /opt/airflow/dags/data_quality_checks.py
[2026-02-06T22:54:26.209+0000] {logging_mixin.py:188} INFO - [2026-02-06T22:54:26.209+0000] {warnings.py:110} WARNING - /opt/airflow/dags/data_quality_checks.py:50: RemovedInAirflow3Warning: Param `schedule_interval` is deprecated and will be removed in a future release. Please use `schedule` instead. 
  with DAG(
[2026-02-06T22:54:26.214+0000] {processor.py:840} INFO - DAG(s) 'data_quality_checks' retrieved from /opt/airflow/dags/data_quality_checks.py
[2026-02-06T22:54:26.234+0000] {logging_mixin.py:188} INFO - [2026-02-06T22:54:26.234+0000] {dag.py:3036} INFO - Sync 1 DAGs
[2026-02-06T22:54:26.252+0000] {logging_mixin.py:188} INFO - [2026-02-06T22:54:26.252+0000] {dag.py:3823} INFO - Setting next_dagrun for data_quality_checks to 2026-02-06 00:00:00+00:00, run_after=2026-02-07 00:00:00+00:00
[2026-02-06T22:54:26.269+0000] {processor.py:183} INFO - Processing /opt/airflow/dags/data_quality_checks.py took 2.683 seconds
[2026-02-06T22:54:57.017+0000] {processor.py:161} INFO - Started process (PID=4164) to work on /opt/airflow/dags/data_quality_checks.py
[2026-02-06T22:54:57.018+0000] {processor.py:830} INFO - Processing file /opt/airflow/dags/data_quality_checks.py for tasks to queue
[2026-02-06T22:54:57.019+0000] {logging_mixin.py:188} INFO - [2026-02-06T22:54:57.019+0000] {dagbag.py:538} INFO - Filling up the DagBag from /opt/airflow/dags/data_quality_checks.py
[2026-02-06T22:55:00.039+0000] {logging_mixin.py:188} INFO - [2026-02-06T22:55:00.039+0000] {warnings.py:110} WARNING - /opt/airflow/dags/data_quality_checks.py:50: RemovedInAirflow3Warning: Param `schedule_interval` is deprecated and will be removed in a future release. Please use `schedule` instead. 
  with DAG(
[2026-02-06T22:55:00.045+0000] {processor.py:840} INFO - DAG(s) 'data_quality_checks' retrieved from /opt/airflow/dags/data_quality_checks.py
[2026-02-06T22:55:00.067+0000] {logging_mixin.py:188} INFO - [2026-02-06T22:55:00.067+0000] {dag.py:3036} INFO - Sync 1 DAGs
[2026-02-06T22:55:00.084+0000] {logging_mixin.py:188} INFO - [2026-02-06T22:55:00.083+0000] {dag.py:3823} INFO - Setting next_dagrun for data_quality_checks to 2026-02-06 00:00:00+00:00, run_after=2026-02-07 00:00:00+00:00
[2026-02-06T22:55:00.099+0000] {processor.py:183} INFO - Processing /opt/airflow/dags/data_quality_checks.py took 3.087 seconds
[2026-02-06T22:55:30.424+0000] {processor.py:161} INFO - Started process (PID=4193) to work on /opt/airflow/dags/data_quality_checks.py
[2026-02-06T22:55:30.425+0000] {processor.py:830} INFO - Processing file /opt/airflow/dags/data_quality_checks.py for tasks to queue
[2026-02-06T22:55:30.426+0000] {logging_mixin.py:188} INFO - [2026-02-06T22:55:30.425+0000] {dagbag.py:538} INFO - Filling up the DagBag from /opt/airflow/dags/data_quality_checks.py
[2026-02-06T22:55:33.182+0000] {logging_mixin.py:188} INFO - [2026-02-06T22:55:33.182+0000] {warnings.py:110} WARNING - /opt/airflow/dags/data_quality_checks.py:50: RemovedInAirflow3Warning: Param `schedule_interval` is deprecated and will be removed in a future release. Please use `schedule` instead. 
  with DAG(
[2026-02-06T22:55:33.187+0000] {processor.py:840} INFO - DAG(s) 'data_quality_checks' retrieved from /opt/airflow/dags/data_quality_checks.py
[2026-02-06T22:55:33.210+0000] {logging_mixin.py:188} INFO - [2026-02-06T22:55:33.209+0000] {dag.py:3036} INFO - Sync 1 DAGs
[2026-02-06T22:55:33.230+0000] {logging_mixin.py:188} INFO - [2026-02-06T22:55:33.230+0000] {dag.py:3823} INFO - Setting next_dagrun for data_quality_checks to 2026-02-06 00:00:00+00:00, run_after=2026-02-07 00:00:00+00:00
[2026-02-06T22:55:33.247+0000] {processor.py:183} INFO - Processing /opt/airflow/dags/data_quality_checks.py took 2.826 seconds
[2026-02-06T22:56:03.664+0000] {processor.py:161} INFO - Started process (PID=4222) to work on /opt/airflow/dags/data_quality_checks.py
[2026-02-06T22:56:03.665+0000] {processor.py:830} INFO - Processing file /opt/airflow/dags/data_quality_checks.py for tasks to queue
[2026-02-06T22:56:03.666+0000] {logging_mixin.py:188} INFO - [2026-02-06T22:56:03.666+0000] {dagbag.py:538} INFO - Filling up the DagBag from /opt/airflow/dags/data_quality_checks.py
[2026-02-06T22:56:06.753+0000] {logging_mixin.py:188} INFO - [2026-02-06T22:56:06.752+0000] {warnings.py:110} WARNING - /opt/airflow/dags/data_quality_checks.py:50: RemovedInAirflow3Warning: Param `schedule_interval` is deprecated and will be removed in a future release. Please use `schedule` instead. 
  with DAG(
[2026-02-06T22:56:06.759+0000] {processor.py:840} INFO - DAG(s) 'data_quality_checks' retrieved from /opt/airflow/dags/data_quality_checks.py
[2026-02-06T22:56:06.786+0000] {logging_mixin.py:188} INFO - [2026-02-06T22:56:06.786+0000] {dag.py:3036} INFO - Sync 1 DAGs
[2026-02-06T22:56:06.807+0000] {logging_mixin.py:188} INFO - [2026-02-06T22:56:06.806+0000] {dag.py:3823} INFO - Setting next_dagrun for data_quality_checks to 2026-02-06 00:00:00+00:00, run_after=2026-02-07 00:00:00+00:00
[2026-02-06T22:56:06.824+0000] {processor.py:183} INFO - Processing /opt/airflow/dags/data_quality_checks.py took 3.164 seconds
[2026-02-06T22:56:37.105+0000] {processor.py:161} INFO - Started process (PID=4251) to work on /opt/airflow/dags/data_quality_checks.py
[2026-02-06T22:56:37.107+0000] {processor.py:830} INFO - Processing file /opt/airflow/dags/data_quality_checks.py for tasks to queue
[2026-02-06T22:56:37.108+0000] {logging_mixin.py:188} INFO - [2026-02-06T22:56:37.108+0000] {dagbag.py:538} INFO - Filling up the DagBag from /opt/airflow/dags/data_quality_checks.py
[2026-02-06T22:56:40.333+0000] {logging_mixin.py:188} INFO - [2026-02-06T22:56:40.333+0000] {warnings.py:110} WARNING - /opt/airflow/dags/data_quality_checks.py:50: RemovedInAirflow3Warning: Param `schedule_interval` is deprecated and will be removed in a future release. Please use `schedule` instead. 
  with DAG(
[2026-02-06T22:56:40.340+0000] {processor.py:840} INFO - DAG(s) 'data_quality_checks' retrieved from /opt/airflow/dags/data_quality_checks.py
[2026-02-06T22:56:40.368+0000] {logging_mixin.py:188} INFO - [2026-02-06T22:56:40.367+0000] {dag.py:3036} INFO - Sync 1 DAGs
[2026-02-06T22:56:40.392+0000] {logging_mixin.py:188} INFO - [2026-02-06T22:56:40.392+0000] {dag.py:3823} INFO - Setting next_dagrun for data_quality_checks to 2026-02-06 00:00:00+00:00, run_after=2026-02-07 00:00:00+00:00
[2026-02-06T22:56:40.488+0000] {processor.py:183} INFO - Processing /opt/airflow/dags/data_quality_checks.py took 3.386 seconds
[2026-02-06T22:57:11.362+0000] {processor.py:161} INFO - Started process (PID=4280) to work on /opt/airflow/dags/data_quality_checks.py
[2026-02-06T22:57:11.364+0000] {processor.py:830} INFO - Processing file /opt/airflow/dags/data_quality_checks.py for tasks to queue
[2026-02-06T22:57:11.365+0000] {logging_mixin.py:188} INFO - [2026-02-06T22:57:11.365+0000] {dagbag.py:538} INFO - Filling up the DagBag from /opt/airflow/dags/data_quality_checks.py
[2026-02-06T22:57:14.414+0000] {logging_mixin.py:188} INFO - [2026-02-06T22:57:14.413+0000] {warnings.py:110} WARNING - /opt/airflow/dags/data_quality_checks.py:50: RemovedInAirflow3Warning: Param `schedule_interval` is deprecated and will be removed in a future release. Please use `schedule` instead. 
  with DAG(
[2026-02-06T22:57:14.425+0000] {processor.py:840} INFO - DAG(s) 'data_quality_checks' retrieved from /opt/airflow/dags/data_quality_checks.py
[2026-02-06T22:57:14.466+0000] {logging_mixin.py:188} INFO - [2026-02-06T22:57:14.465+0000] {dag.py:3036} INFO - Sync 1 DAGs
[2026-02-06T22:57:14.508+0000] {logging_mixin.py:188} INFO - [2026-02-06T22:57:14.507+0000] {dag.py:3823} INFO - Setting next_dagrun for data_quality_checks to 2026-02-06 00:00:00+00:00, run_after=2026-02-07 00:00:00+00:00
[2026-02-06T22:57:14.536+0000] {processor.py:183} INFO - Processing /opt/airflow/dags/data_quality_checks.py took 3.178 seconds
[2026-02-06T22:57:44.852+0000] {processor.py:161} INFO - Started process (PID=4309) to work on /opt/airflow/dags/data_quality_checks.py
[2026-02-06T22:57:44.853+0000] {processor.py:830} INFO - Processing file /opt/airflow/dags/data_quality_checks.py for tasks to queue
[2026-02-06T22:57:44.854+0000] {logging_mixin.py:188} INFO - [2026-02-06T22:57:44.854+0000] {dagbag.py:538} INFO - Filling up the DagBag from /opt/airflow/dags/data_quality_checks.py
[2026-02-06T22:57:47.548+0000] {logging_mixin.py:188} INFO - [2026-02-06T22:57:47.547+0000] {warnings.py:110} WARNING - /opt/airflow/dags/data_quality_checks.py:50: RemovedInAirflow3Warning: Param `schedule_interval` is deprecated and will be removed in a future release. Please use `schedule` instead. 
  with DAG(
[2026-02-06T22:57:47.554+0000] {processor.py:840} INFO - DAG(s) 'data_quality_checks' retrieved from /opt/airflow/dags/data_quality_checks.py
[2026-02-06T22:57:47.579+0000] {logging_mixin.py:188} INFO - [2026-02-06T22:57:47.579+0000] {dag.py:3036} INFO - Sync 1 DAGs
[2026-02-06T22:57:47.597+0000] {logging_mixin.py:188} INFO - [2026-02-06T22:57:47.597+0000] {dag.py:3823} INFO - Setting next_dagrun for data_quality_checks to 2026-02-06 00:00:00+00:00, run_after=2026-02-07 00:00:00+00:00
[2026-02-06T22:57:47.615+0000] {processor.py:183} INFO - Processing /opt/airflow/dags/data_quality_checks.py took 2.766 seconds
[2026-02-06T22:58:18.327+0000] {processor.py:161} INFO - Started process (PID=4344) to work on /opt/airflow/dags/data_quality_checks.py
[2026-02-06T22:58:18.329+0000] {processor.py:830} INFO - Processing file /opt/airflow/dags/data_quality_checks.py for tasks to queue
[2026-02-06T22:58:18.330+0000] {logging_mixin.py:188} INFO - [2026-02-06T22:58:18.329+0000] {dagbag.py:538} INFO - Filling up the DagBag from /opt/airflow/dags/data_quality_checks.py
[2026-02-06T22:58:21.872+0000] {logging_mixin.py:188} INFO - [2026-02-06T22:58:21.872+0000] {warnings.py:110} WARNING - /opt/airflow/dags/data_quality_checks.py:50: RemovedInAirflow3Warning: Param `schedule_interval` is deprecated and will be removed in a future release. Please use `schedule` instead. 
  with DAG(
[2026-02-06T22:58:21.878+0000] {processor.py:840} INFO - DAG(s) 'data_quality_checks' retrieved from /opt/airflow/dags/data_quality_checks.py
[2026-02-06T22:58:21.900+0000] {logging_mixin.py:188} INFO - [2026-02-06T22:58:21.899+0000] {dag.py:3036} INFO - Sync 1 DAGs
[2026-02-06T22:58:21.917+0000] {logging_mixin.py:188} INFO - [2026-02-06T22:58:21.917+0000] {dag.py:3823} INFO - Setting next_dagrun for data_quality_checks to 2026-02-06 00:00:00+00:00, run_after=2026-02-07 00:00:00+00:00
[2026-02-06T22:58:21.931+0000] {processor.py:183} INFO - Processing /opt/airflow/dags/data_quality_checks.py took 3.611 seconds
[2026-02-06T22:58:52.032+0000] {processor.py:161} INFO - Started process (PID=4378) to work on /opt/airflow/dags/data_quality_checks.py
[2026-02-06T22:58:52.033+0000] {processor.py:830} INFO - Processing file /opt/airflow/dags/data_quality_checks.py for tasks to queue
[2026-02-06T22:58:52.034+0000] {logging_mixin.py:188} INFO - [2026-02-06T22:58:52.034+0000] {dagbag.py:538} INFO - Filling up the DagBag from /opt/airflow/dags/data_quality_checks.py
[2026-02-06T22:58:54.680+0000] {logging_mixin.py:188} INFO - [2026-02-06T22:58:54.679+0000] {warnings.py:110} WARNING - /opt/airflow/dags/data_quality_checks.py:50: RemovedInAirflow3Warning: Param `schedule_interval` is deprecated and will be removed in a future release. Please use `schedule` instead. 
  with DAG(
[2026-02-06T22:58:54.685+0000] {processor.py:840} INFO - DAG(s) 'data_quality_checks' retrieved from /opt/airflow/dags/data_quality_checks.py
[2026-02-06T22:58:54.706+0000] {logging_mixin.py:188} INFO - [2026-02-06T22:58:54.705+0000] {dag.py:3036} INFO - Sync 1 DAGs
[2026-02-06T22:58:54.723+0000] {logging_mixin.py:188} INFO - [2026-02-06T22:58:54.722+0000] {dag.py:3823} INFO - Setting next_dagrun for data_quality_checks to 2026-02-06 00:00:00+00:00, run_after=2026-02-07 00:00:00+00:00
[2026-02-06T22:58:54.739+0000] {processor.py:183} INFO - Processing /opt/airflow/dags/data_quality_checks.py took 2.711 seconds
[2026-02-06T22:59:25.294+0000] {processor.py:161} INFO - Started process (PID=4407) to work on /opt/airflow/dags/data_quality_checks.py
[2026-02-06T22:59:25.295+0000] {processor.py:830} INFO - Processing file /opt/airflow/dags/data_quality_checks.py for tasks to queue
[2026-02-06T22:59:25.296+0000] {logging_mixin.py:188} INFO - [2026-02-06T22:59:25.296+0000] {dagbag.py:538} INFO - Filling up the DagBag from /opt/airflow/dags/data_quality_checks.py
[2026-02-06T22:59:28.029+0000] {logging_mixin.py:188} INFO - [2026-02-06T22:59:28.029+0000] {warnings.py:110} WARNING - /opt/airflow/dags/data_quality_checks.py:50: RemovedInAirflow3Warning: Param `schedule_interval` is deprecated and will be removed in a future release. Please use `schedule` instead. 
  with DAG(
[2026-02-06T22:59:28.035+0000] {processor.py:840} INFO - DAG(s) 'data_quality_checks' retrieved from /opt/airflow/dags/data_quality_checks.py
[2026-02-06T22:59:28.055+0000] {logging_mixin.py:188} INFO - [2026-02-06T22:59:28.055+0000] {dag.py:3036} INFO - Sync 1 DAGs
[2026-02-06T22:59:28.071+0000] {logging_mixin.py:188} INFO - [2026-02-06T22:59:28.071+0000] {dag.py:3823} INFO - Setting next_dagrun for data_quality_checks to 2026-02-06 00:00:00+00:00, run_after=2026-02-07 00:00:00+00:00
[2026-02-06T22:59:28.089+0000] {processor.py:183} INFO - Processing /opt/airflow/dags/data_quality_checks.py took 2.798 seconds
[2026-02-06T22:59:58.708+0000] {processor.py:161} INFO - Started process (PID=4436) to work on /opt/airflow/dags/data_quality_checks.py
[2026-02-06T22:59:58.709+0000] {processor.py:830} INFO - Processing file /opt/airflow/dags/data_quality_checks.py for tasks to queue
[2026-02-06T22:59:58.710+0000] {logging_mixin.py:188} INFO - [2026-02-06T22:59:58.710+0000] {dagbag.py:538} INFO - Filling up the DagBag from /opt/airflow/dags/data_quality_checks.py
[2026-02-06T23:00:01.535+0000] {logging_mixin.py:188} INFO - [2026-02-06T23:00:01.534+0000] {warnings.py:110} WARNING - /opt/airflow/dags/data_quality_checks.py:50: RemovedInAirflow3Warning: Param `schedule_interval` is deprecated and will be removed in a future release. Please use `schedule` instead. 
  with DAG(
[2026-02-06T23:00:01.540+0000] {processor.py:840} INFO - DAG(s) 'data_quality_checks' retrieved from /opt/airflow/dags/data_quality_checks.py
[2026-02-06T23:00:01.567+0000] {logging_mixin.py:188} INFO - [2026-02-06T23:00:01.567+0000] {dag.py:3036} INFO - Sync 1 DAGs
[2026-02-06T23:00:01.583+0000] {logging_mixin.py:188} INFO - [2026-02-06T23:00:01.583+0000] {dag.py:3823} INFO - Setting next_dagrun for data_quality_checks to 2026-02-06 00:00:00+00:00, run_after=2026-02-07 00:00:00+00:00
[2026-02-06T23:00:01.601+0000] {processor.py:183} INFO - Processing /opt/airflow/dags/data_quality_checks.py took 2.898 seconds
[2026-02-06T23:00:31.949+0000] {processor.py:161} INFO - Started process (PID=4465) to work on /opt/airflow/dags/data_quality_checks.py
[2026-02-06T23:00:31.951+0000] {processor.py:830} INFO - Processing file /opt/airflow/dags/data_quality_checks.py for tasks to queue
[2026-02-06T23:00:31.952+0000] {logging_mixin.py:188} INFO - [2026-02-06T23:00:31.952+0000] {dagbag.py:538} INFO - Filling up the DagBag from /opt/airflow/dags/data_quality_checks.py
[2026-02-06T23:00:35.116+0000] {logging_mixin.py:188} INFO - [2026-02-06T23:00:35.116+0000] {warnings.py:110} WARNING - /opt/airflow/dags/data_quality_checks.py:50: RemovedInAirflow3Warning: Param `schedule_interval` is deprecated and will be removed in a future release. Please use `schedule` instead. 
  with DAG(
[2026-02-06T23:00:35.124+0000] {processor.py:840} INFO - DAG(s) 'data_quality_checks' retrieved from /opt/airflow/dags/data_quality_checks.py
[2026-02-06T23:00:35.149+0000] {logging_mixin.py:188} INFO - [2026-02-06T23:00:35.149+0000] {dag.py:3036} INFO - Sync 1 DAGs
[2026-02-06T23:00:35.169+0000] {logging_mixin.py:188} INFO - [2026-02-06T23:00:35.168+0000] {dag.py:3823} INFO - Setting next_dagrun for data_quality_checks to 2026-02-06 00:00:00+00:00, run_after=2026-02-07 00:00:00+00:00
[2026-02-06T23:00:35.189+0000] {processor.py:183} INFO - Processing /opt/airflow/dags/data_quality_checks.py took 3.243 seconds
[2026-02-06T23:01:05.295+0000] {processor.py:161} INFO - Started process (PID=4494) to work on /opt/airflow/dags/data_quality_checks.py
[2026-02-06T23:01:05.297+0000] {processor.py:830} INFO - Processing file /opt/airflow/dags/data_quality_checks.py for tasks to queue
[2026-02-06T23:01:05.298+0000] {logging_mixin.py:188} INFO - [2026-02-06T23:01:05.297+0000] {dagbag.py:538} INFO - Filling up the DagBag from /opt/airflow/dags/data_quality_checks.py
[2026-02-06T23:01:08.514+0000] {logging_mixin.py:188} INFO - [2026-02-06T23:01:08.514+0000] {warnings.py:110} WARNING - /opt/airflow/dags/data_quality_checks.py:50: RemovedInAirflow3Warning: Param `schedule_interval` is deprecated and will be removed in a future release. Please use `schedule` instead. 
  with DAG(
[2026-02-06T23:01:08.520+0000] {processor.py:840} INFO - DAG(s) 'data_quality_checks' retrieved from /opt/airflow/dags/data_quality_checks.py
[2026-02-06T23:01:08.543+0000] {logging_mixin.py:188} INFO - [2026-02-06T23:01:08.542+0000] {dag.py:3036} INFO - Sync 1 DAGs
[2026-02-06T23:01:08.564+0000] {logging_mixin.py:188} INFO - [2026-02-06T23:01:08.564+0000] {dag.py:3823} INFO - Setting next_dagrun for data_quality_checks to 2026-02-06 00:00:00+00:00, run_after=2026-02-07 00:00:00+00:00
[2026-02-06T23:01:08.581+0000] {processor.py:183} INFO - Processing /opt/airflow/dags/data_quality_checks.py took 3.290 seconds
[2026-02-06T23:01:38.829+0000] {processor.py:161} INFO - Started process (PID=4523) to work on /opt/airflow/dags/data_quality_checks.py
[2026-02-06T23:01:38.830+0000] {processor.py:830} INFO - Processing file /opt/airflow/dags/data_quality_checks.py for tasks to queue
[2026-02-06T23:01:38.831+0000] {logging_mixin.py:188} INFO - [2026-02-06T23:01:38.831+0000] {dagbag.py:538} INFO - Filling up the DagBag from /opt/airflow/dags/data_quality_checks.py
[2026-02-06T23:01:42.398+0000] {logging_mixin.py:188} INFO - [2026-02-06T23:01:42.398+0000] {warnings.py:110} WARNING - /opt/airflow/dags/data_quality_checks.py:50: RemovedInAirflow3Warning: Param `schedule_interval` is deprecated and will be removed in a future release. Please use `schedule` instead. 
  with DAG(
[2026-02-06T23:01:42.405+0000] {processor.py:840} INFO - DAG(s) 'data_quality_checks' retrieved from /opt/airflow/dags/data_quality_checks.py
[2026-02-06T23:01:42.434+0000] {logging_mixin.py:188} INFO - [2026-02-06T23:01:42.433+0000] {dag.py:3036} INFO - Sync 1 DAGs
[2026-02-06T23:01:42.459+0000] {logging_mixin.py:188} INFO - [2026-02-06T23:01:42.459+0000] {dag.py:3823} INFO - Setting next_dagrun for data_quality_checks to 2026-02-06 00:00:00+00:00, run_after=2026-02-07 00:00:00+00:00
[2026-02-06T23:01:42.479+0000] {processor.py:183} INFO - Processing /opt/airflow/dags/data_quality_checks.py took 3.654 seconds
[2026-02-06T23:02:13.122+0000] {processor.py:161} INFO - Started process (PID=4552) to work on /opt/airflow/dags/data_quality_checks.py
[2026-02-06T23:02:13.124+0000] {processor.py:830} INFO - Processing file /opt/airflow/dags/data_quality_checks.py for tasks to queue
[2026-02-06T23:02:13.126+0000] {logging_mixin.py:188} INFO - [2026-02-06T23:02:13.125+0000] {dagbag.py:538} INFO - Filling up the DagBag from /opt/airflow/dags/data_quality_checks.py
[2026-02-06T23:02:16.801+0000] {logging_mixin.py:188} INFO - [2026-02-06T23:02:16.800+0000] {warnings.py:110} WARNING - /opt/airflow/dags/data_quality_checks.py:50: RemovedInAirflow3Warning: Param `schedule_interval` is deprecated and will be removed in a future release. Please use `schedule` instead. 
  with DAG(
[2026-02-06T23:02:16.806+0000] {processor.py:840} INFO - DAG(s) 'data_quality_checks' retrieved from /opt/airflow/dags/data_quality_checks.py
[2026-02-06T23:02:16.829+0000] {logging_mixin.py:188} INFO - [2026-02-06T23:02:16.829+0000] {dag.py:3036} INFO - Sync 1 DAGs
[2026-02-06T23:02:16.848+0000] {logging_mixin.py:188} INFO - [2026-02-06T23:02:16.848+0000] {dag.py:3823} INFO - Setting next_dagrun for data_quality_checks to 2026-02-06 00:00:00+00:00, run_after=2026-02-07 00:00:00+00:00
[2026-02-06T23:02:16.868+0000] {processor.py:183} INFO - Processing /opt/airflow/dags/data_quality_checks.py took 3.751 seconds
[2026-02-06T23:02:47.517+0000] {processor.py:161} INFO - Started process (PID=4581) to work on /opt/airflow/dags/data_quality_checks.py
[2026-02-06T23:02:47.528+0000] {processor.py:830} INFO - Processing file /opt/airflow/dags/data_quality_checks.py for tasks to queue
[2026-02-06T23:02:47.534+0000] {logging_mixin.py:188} INFO - [2026-02-06T23:02:47.531+0000] {dagbag.py:538} INFO - Filling up the DagBag from /opt/airflow/dags/data_quality_checks.py
[2026-02-06T23:02:50.499+0000] {logging_mixin.py:188} INFO - [2026-02-06T23:02:50.498+0000] {warnings.py:110} WARNING - /opt/airflow/dags/data_quality_checks.py:50: RemovedInAirflow3Warning: Param `schedule_interval` is deprecated and will be removed in a future release. Please use `schedule` instead. 
  with DAG(
[2026-02-06T23:02:50.505+0000] {processor.py:840} INFO - DAG(s) 'data_quality_checks' retrieved from /opt/airflow/dags/data_quality_checks.py
[2026-02-06T23:02:50.526+0000] {logging_mixin.py:188} INFO - [2026-02-06T23:02:50.526+0000] {dag.py:3036} INFO - Sync 1 DAGs
[2026-02-06T23:02:50.545+0000] {logging_mixin.py:188} INFO - [2026-02-06T23:02:50.545+0000] {dag.py:3823} INFO - Setting next_dagrun for data_quality_checks to 2026-02-06 00:00:00+00:00, run_after=2026-02-07 00:00:00+00:00
[2026-02-06T23:02:50.565+0000] {processor.py:183} INFO - Processing /opt/airflow/dags/data_quality_checks.py took 3.124 seconds
[2026-02-06T23:03:20.839+0000] {processor.py:161} INFO - Started process (PID=4616) to work on /opt/airflow/dags/data_quality_checks.py
[2026-02-06T23:03:20.840+0000] {processor.py:830} INFO - Processing file /opt/airflow/dags/data_quality_checks.py for tasks to queue
[2026-02-06T23:03:20.841+0000] {logging_mixin.py:188} INFO - [2026-02-06T23:03:20.841+0000] {dagbag.py:538} INFO - Filling up the DagBag from /opt/airflow/dags/data_quality_checks.py
[2026-02-06T23:03:24.204+0000] {logging_mixin.py:188} INFO - [2026-02-06T23:03:24.204+0000] {warnings.py:110} WARNING - /opt/airflow/dags/data_quality_checks.py:50: RemovedInAirflow3Warning: Param `schedule_interval` is deprecated and will be removed in a future release. Please use `schedule` instead. 
  with DAG(
[2026-02-06T23:03:24.211+0000] {processor.py:840} INFO - DAG(s) 'data_quality_checks' retrieved from /opt/airflow/dags/data_quality_checks.py
[2026-02-06T23:03:24.233+0000] {logging_mixin.py:188} INFO - [2026-02-06T23:03:24.233+0000] {dag.py:3036} INFO - Sync 1 DAGs
[2026-02-06T23:03:24.255+0000] {logging_mixin.py:188} INFO - [2026-02-06T23:03:24.255+0000] {dag.py:3823} INFO - Setting next_dagrun for data_quality_checks to 2026-02-06 00:00:00+00:00, run_after=2026-02-07 00:00:00+00:00
[2026-02-06T23:03:24.272+0000] {processor.py:183} INFO - Processing /opt/airflow/dags/data_quality_checks.py took 3.437 seconds
[2026-02-06T23:03:54.470+0000] {processor.py:161} INFO - Started process (PID=4650) to work on /opt/airflow/dags/data_quality_checks.py
[2026-02-06T23:03:54.472+0000] {processor.py:830} INFO - Processing file /opt/airflow/dags/data_quality_checks.py for tasks to queue
[2026-02-06T23:03:54.473+0000] {logging_mixin.py:188} INFO - [2026-02-06T23:03:54.472+0000] {dagbag.py:538} INFO - Filling up the DagBag from /opt/airflow/dags/data_quality_checks.py
[2026-02-06T23:03:57.504+0000] {logging_mixin.py:188} INFO - [2026-02-06T23:03:57.504+0000] {warnings.py:110} WARNING - /opt/airflow/dags/data_quality_checks.py:50: RemovedInAirflow3Warning: Param `schedule_interval` is deprecated and will be removed in a future release. Please use `schedule` instead. 
  with DAG(
[2026-02-06T23:03:57.510+0000] {processor.py:840} INFO - DAG(s) 'data_quality_checks' retrieved from /opt/airflow/dags/data_quality_checks.py
[2026-02-06T23:03:57.536+0000] {logging_mixin.py:188} INFO - [2026-02-06T23:03:57.536+0000] {dag.py:3036} INFO - Sync 1 DAGs
[2026-02-06T23:03:57.558+0000] {logging_mixin.py:188} INFO - [2026-02-06T23:03:57.558+0000] {dag.py:3823} INFO - Setting next_dagrun for data_quality_checks to 2026-02-06 00:00:00+00:00, run_after=2026-02-07 00:00:00+00:00
[2026-02-06T23:03:57.581+0000] {processor.py:183} INFO - Processing /opt/airflow/dags/data_quality_checks.py took 3.114 seconds
[2026-02-06T23:04:27.848+0000] {processor.py:161} INFO - Started process (PID=4679) to work on /opt/airflow/dags/data_quality_checks.py
[2026-02-06T23:04:27.849+0000] {processor.py:830} INFO - Processing file /opt/airflow/dags/data_quality_checks.py for tasks to queue
[2026-02-06T23:04:27.851+0000] {logging_mixin.py:188} INFO - [2026-02-06T23:04:27.850+0000] {dagbag.py:538} INFO - Filling up the DagBag from /opt/airflow/dags/data_quality_checks.py
[2026-02-06T23:04:31.605+0000] {logging_mixin.py:188} INFO - [2026-02-06T23:04:31.605+0000] {warnings.py:110} WARNING - /opt/airflow/dags/data_quality_checks.py:50: RemovedInAirflow3Warning: Param `schedule_interval` is deprecated and will be removed in a future release. Please use `schedule` instead. 
  with DAG(
[2026-02-06T23:04:31.614+0000] {processor.py:840} INFO - DAG(s) 'data_quality_checks' retrieved from /opt/airflow/dags/data_quality_checks.py
[2026-02-06T23:04:31.642+0000] {logging_mixin.py:188} INFO - [2026-02-06T23:04:31.642+0000] {dag.py:3036} INFO - Sync 1 DAGs
[2026-02-06T23:04:31.661+0000] {logging_mixin.py:188} INFO - [2026-02-06T23:04:31.660+0000] {dag.py:3823} INFO - Setting next_dagrun for data_quality_checks to 2026-02-06 00:00:00+00:00, run_after=2026-02-07 00:00:00+00:00
[2026-02-06T23:04:31.677+0000] {processor.py:183} INFO - Processing /opt/airflow/dags/data_quality_checks.py took 3.834 seconds
