[2026-02-06T21:45:24.927+0000] {processor.py:161} INFO - Started process (PID=228) to work on /opt/airflow/dags/ecommerce_etl.py
[2026-02-06T21:45:24.931+0000] {processor.py:830} INFO - Processing file /opt/airflow/dags/ecommerce_etl.py for tasks to queue
[2026-02-06T21:45:24.933+0000] {logging_mixin.py:188} INFO - [2026-02-06T21:45:24.932+0000] {dagbag.py:538} INFO - Filling up the DagBag from /opt/airflow/dags/ecommerce_etl.py
[2026-02-06T21:45:25.031+0000] {processor.py:840} INFO - DAG(s) 'ecommerce_etl_pipeline' retrieved from /opt/airflow/dags/ecommerce_etl.py
[2026-02-06T21:45:25.143+0000] {logging_mixin.py:188} INFO - [2026-02-06T21:45:25.142+0000] {dag.py:3036} INFO - Sync 1 DAGs
[2026-02-06T21:45:25.277+0000] {processor.py:183} INFO - Processing /opt/airflow/dags/ecommerce_etl.py took 0.360 seconds
[2026-02-06T21:45:55.670+0000] {processor.py:161} INFO - Started process (PID=289) to work on /opt/airflow/dags/ecommerce_etl.py
[2026-02-06T21:45:55.671+0000] {processor.py:830} INFO - Processing file /opt/airflow/dags/ecommerce_etl.py for tasks to queue
[2026-02-06T21:45:55.672+0000] {logging_mixin.py:188} INFO - [2026-02-06T21:45:55.672+0000] {dagbag.py:538} INFO - Filling up the DagBag from /opt/airflow/dags/ecommerce_etl.py
[2026-02-06T21:45:55.703+0000] {processor.py:840} INFO - DAG(s) 'ecommerce_etl_pipeline' retrieved from /opt/airflow/dags/ecommerce_etl.py
[2026-02-06T21:45:55.718+0000] {logging_mixin.py:188} INFO - [2026-02-06T21:45:55.718+0000] {dag.py:3036} INFO - Sync 1 DAGs
[2026-02-06T21:45:55.766+0000] {processor.py:183} INFO - Processing /opt/airflow/dags/ecommerce_etl.py took 0.099 seconds
[2026-02-06T21:46:26.021+0000] {processor.py:161} INFO - Started process (PID=318) to work on /opt/airflow/dags/ecommerce_etl.py
[2026-02-06T21:46:26.022+0000] {processor.py:830} INFO - Processing file /opt/airflow/dags/ecommerce_etl.py for tasks to queue
[2026-02-06T21:46:26.023+0000] {logging_mixin.py:188} INFO - [2026-02-06T21:46:26.023+0000] {dagbag.py:538} INFO - Filling up the DagBag from /opt/airflow/dags/ecommerce_etl.py
[2026-02-06T21:46:26.053+0000] {processor.py:840} INFO - DAG(s) 'ecommerce_etl_pipeline' retrieved from /opt/airflow/dags/ecommerce_etl.py
[2026-02-06T21:46:26.160+0000] {logging_mixin.py:188} INFO - [2026-02-06T21:46:26.160+0000] {dag.py:3036} INFO - Sync 1 DAGs
[2026-02-06T21:46:26.208+0000] {processor.py:183} INFO - Processing /opt/airflow/dags/ecommerce_etl.py took 0.191 seconds
[2026-02-06T21:46:56.472+0000] {processor.py:161} INFO - Started process (PID=364) to work on /opt/airflow/dags/ecommerce_etl.py
[2026-02-06T21:46:56.474+0000] {processor.py:830} INFO - Processing file /opt/airflow/dags/ecommerce_etl.py for tasks to queue
[2026-02-06T21:46:56.477+0000] {logging_mixin.py:188} INFO - [2026-02-06T21:46:56.476+0000] {dagbag.py:538} INFO - Filling up the DagBag from /opt/airflow/dags/ecommerce_etl.py
[2026-02-06T21:46:56.548+0000] {processor.py:840} INFO - DAG(s) 'ecommerce_etl_pipeline' retrieved from /opt/airflow/dags/ecommerce_etl.py
[2026-02-06T21:46:56.606+0000] {logging_mixin.py:188} INFO - [2026-02-06T21:46:56.605+0000] {dag.py:3036} INFO - Sync 1 DAGs
[2026-02-06T21:46:56.664+0000] {processor.py:183} INFO - Processing /opt/airflow/dags/ecommerce_etl.py took 0.200 seconds
[2026-02-06T21:47:26.899+0000] {processor.py:161} INFO - Started process (PID=407) to work on /opt/airflow/dags/ecommerce_etl.py
[2026-02-06T21:47:26.900+0000] {processor.py:830} INFO - Processing file /opt/airflow/dags/ecommerce_etl.py for tasks to queue
[2026-02-06T21:47:26.902+0000] {logging_mixin.py:188} INFO - [2026-02-06T21:47:26.901+0000] {dagbag.py:538} INFO - Filling up the DagBag from /opt/airflow/dags/ecommerce_etl.py
[2026-02-06T21:47:26.925+0000] {processor.py:840} INFO - DAG(s) 'ecommerce_etl_pipeline' retrieved from /opt/airflow/dags/ecommerce_etl.py
[2026-02-06T21:47:26.956+0000] {logging_mixin.py:188} INFO - [2026-02-06T21:47:26.956+0000] {dag.py:3036} INFO - Sync 1 DAGs
[2026-02-06T21:47:26.982+0000] {logging_mixin.py:188} INFO - [2026-02-06T21:47:26.982+0000] {dag.py:3823} INFO - Setting next_dagrun for ecommerce_etl_pipeline to 2026-02-06 00:00:00+00:00, run_after=2026-02-07 00:00:00+00:00
[2026-02-06T21:47:27.005+0000] {processor.py:183} INFO - Processing /opt/airflow/dags/ecommerce_etl.py took 0.111 seconds
[2026-02-06T21:47:57.149+0000] {processor.py:161} INFO - Started process (PID=436) to work on /opt/airflow/dags/ecommerce_etl.py
[2026-02-06T21:47:57.150+0000] {processor.py:830} INFO - Processing file /opt/airflow/dags/ecommerce_etl.py for tasks to queue
[2026-02-06T21:47:57.151+0000] {logging_mixin.py:188} INFO - [2026-02-06T21:47:57.151+0000] {dagbag.py:538} INFO - Filling up the DagBag from /opt/airflow/dags/ecommerce_etl.py
[2026-02-06T21:47:57.175+0000] {processor.py:840} INFO - DAG(s) 'ecommerce_etl_pipeline' retrieved from /opt/airflow/dags/ecommerce_etl.py
[2026-02-06T21:47:57.206+0000] {logging_mixin.py:188} INFO - [2026-02-06T21:47:57.206+0000] {dag.py:3036} INFO - Sync 1 DAGs
[2026-02-06T21:47:57.233+0000] {logging_mixin.py:188} INFO - [2026-02-06T21:47:57.233+0000] {dag.py:3823} INFO - Setting next_dagrun for ecommerce_etl_pipeline to 2026-02-06 00:00:00+00:00, run_after=2026-02-07 00:00:00+00:00
[2026-02-06T21:47:57.255+0000] {processor.py:183} INFO - Processing /opt/airflow/dags/ecommerce_etl.py took 0.108 seconds
[2026-02-06T21:48:27.411+0000] {processor.py:161} INFO - Started process (PID=465) to work on /opt/airflow/dags/ecommerce_etl.py
[2026-02-06T21:48:27.412+0000] {processor.py:830} INFO - Processing file /opt/airflow/dags/ecommerce_etl.py for tasks to queue
[2026-02-06T21:48:27.413+0000] {logging_mixin.py:188} INFO - [2026-02-06T21:48:27.412+0000] {dagbag.py:538} INFO - Filling up the DagBag from /opt/airflow/dags/ecommerce_etl.py
[2026-02-06T21:48:27.434+0000] {processor.py:840} INFO - DAG(s) 'ecommerce_etl_pipeline' retrieved from /opt/airflow/dags/ecommerce_etl.py
[2026-02-06T21:48:27.459+0000] {logging_mixin.py:188} INFO - [2026-02-06T21:48:27.459+0000] {dag.py:3036} INFO - Sync 1 DAGs
[2026-02-06T21:48:27.478+0000] {logging_mixin.py:188} INFO - [2026-02-06T21:48:27.477+0000] {dag.py:3823} INFO - Setting next_dagrun for ecommerce_etl_pipeline to 2026-02-06 00:00:00+00:00, run_after=2026-02-07 00:00:00+00:00
[2026-02-06T21:48:27.495+0000] {processor.py:183} INFO - Processing /opt/airflow/dags/ecommerce_etl.py took 0.087 seconds
[2026-02-06T21:48:57.688+0000] {processor.py:161} INFO - Started process (PID=479) to work on /opt/airflow/dags/ecommerce_etl.py
[2026-02-06T21:48:57.688+0000] {processor.py:830} INFO - Processing file /opt/airflow/dags/ecommerce_etl.py for tasks to queue
[2026-02-06T21:48:57.690+0000] {logging_mixin.py:188} INFO - [2026-02-06T21:48:57.689+0000] {dagbag.py:538} INFO - Filling up the DagBag from /opt/airflow/dags/ecommerce_etl.py
[2026-02-06T21:48:57.715+0000] {processor.py:840} INFO - DAG(s) 'ecommerce_etl_pipeline' retrieved from /opt/airflow/dags/ecommerce_etl.py
[2026-02-06T21:48:57.747+0000] {logging_mixin.py:188} INFO - [2026-02-06T21:48:57.746+0000] {dag.py:3036} INFO - Sync 1 DAGs
[2026-02-06T21:48:57.773+0000] {logging_mixin.py:188} INFO - [2026-02-06T21:48:57.772+0000] {dag.py:3823} INFO - Setting next_dagrun for ecommerce_etl_pipeline to 2026-02-06 00:00:00+00:00, run_after=2026-02-07 00:00:00+00:00
[2026-02-06T21:48:57.793+0000] {processor.py:183} INFO - Processing /opt/airflow/dags/ecommerce_etl.py took 0.109 seconds
[2026-02-06T21:49:28.033+0000] {processor.py:161} INFO - Started process (PID=505) to work on /opt/airflow/dags/ecommerce_etl.py
[2026-02-06T21:49:28.034+0000] {processor.py:830} INFO - Processing file /opt/airflow/dags/ecommerce_etl.py for tasks to queue
[2026-02-06T21:49:28.035+0000] {logging_mixin.py:188} INFO - [2026-02-06T21:49:28.034+0000] {dagbag.py:538} INFO - Filling up the DagBag from /opt/airflow/dags/ecommerce_etl.py
[2026-02-06T21:49:28.057+0000] {processor.py:840} INFO - DAG(s) 'ecommerce_etl_pipeline' retrieved from /opt/airflow/dags/ecommerce_etl.py
[2026-02-06T21:49:28.087+0000] {logging_mixin.py:188} INFO - [2026-02-06T21:49:28.087+0000] {dag.py:3036} INFO - Sync 1 DAGs
[2026-02-06T21:49:28.107+0000] {logging_mixin.py:188} INFO - [2026-02-06T21:49:28.107+0000] {dag.py:3823} INFO - Setting next_dagrun for ecommerce_etl_pipeline to 2026-02-06 00:00:00+00:00, run_after=2026-02-07 00:00:00+00:00
[2026-02-06T21:49:28.127+0000] {processor.py:183} INFO - Processing /opt/airflow/dags/ecommerce_etl.py took 0.097 seconds
[2026-02-06T21:49:58.363+0000] {processor.py:161} INFO - Started process (PID=534) to work on /opt/airflow/dags/ecommerce_etl.py
[2026-02-06T21:49:58.364+0000] {processor.py:830} INFO - Processing file /opt/airflow/dags/ecommerce_etl.py for tasks to queue
[2026-02-06T21:49:58.366+0000] {logging_mixin.py:188} INFO - [2026-02-06T21:49:58.365+0000] {dagbag.py:538} INFO - Filling up the DagBag from /opt/airflow/dags/ecommerce_etl.py
[2026-02-06T21:49:58.402+0000] {processor.py:840} INFO - DAG(s) 'ecommerce_etl_pipeline' retrieved from /opt/airflow/dags/ecommerce_etl.py
[2026-02-06T21:49:58.440+0000] {logging_mixin.py:188} INFO - [2026-02-06T21:49:58.440+0000] {dag.py:3036} INFO - Sync 1 DAGs
[2026-02-06T21:49:58.470+0000] {logging_mixin.py:188} INFO - [2026-02-06T21:49:58.469+0000] {dag.py:3823} INFO - Setting next_dagrun for ecommerce_etl_pipeline to 2026-02-06 00:00:00+00:00, run_after=2026-02-07 00:00:00+00:00
[2026-02-06T21:49:58.502+0000] {processor.py:183} INFO - Processing /opt/airflow/dags/ecommerce_etl.py took 0.145 seconds
[2026-02-06T21:50:28.816+0000] {processor.py:161} INFO - Started process (PID=563) to work on /opt/airflow/dags/ecommerce_etl.py
[2026-02-06T21:50:28.817+0000] {processor.py:830} INFO - Processing file /opt/airflow/dags/ecommerce_etl.py for tasks to queue
[2026-02-06T21:50:28.818+0000] {logging_mixin.py:188} INFO - [2026-02-06T21:50:28.818+0000] {dagbag.py:538} INFO - Filling up the DagBag from /opt/airflow/dags/ecommerce_etl.py
[2026-02-06T21:50:28.839+0000] {processor.py:840} INFO - DAG(s) 'ecommerce_etl_pipeline' retrieved from /opt/airflow/dags/ecommerce_etl.py
[2026-02-06T21:50:28.871+0000] {logging_mixin.py:188} INFO - [2026-02-06T21:50:28.871+0000] {dag.py:3036} INFO - Sync 1 DAGs
[2026-02-06T21:50:28.893+0000] {logging_mixin.py:188} INFO - [2026-02-06T21:50:28.893+0000] {dag.py:3823} INFO - Setting next_dagrun for ecommerce_etl_pipeline to 2026-02-06 00:00:00+00:00, run_after=2026-02-07 00:00:00+00:00
[2026-02-06T21:50:28.909+0000] {processor.py:183} INFO - Processing /opt/airflow/dags/ecommerce_etl.py took 0.095 seconds
[2026-02-06T21:50:59.210+0000] {processor.py:161} INFO - Started process (PID=592) to work on /opt/airflow/dags/ecommerce_etl.py
[2026-02-06T21:50:59.212+0000] {processor.py:830} INFO - Processing file /opt/airflow/dags/ecommerce_etl.py for tasks to queue
[2026-02-06T21:50:59.213+0000] {logging_mixin.py:188} INFO - [2026-02-06T21:50:59.212+0000] {dagbag.py:538} INFO - Filling up the DagBag from /opt/airflow/dags/ecommerce_etl.py
[2026-02-06T21:50:59.236+0000] {processor.py:840} INFO - DAG(s) 'ecommerce_etl_pipeline' retrieved from /opt/airflow/dags/ecommerce_etl.py
[2026-02-06T21:50:59.263+0000] {logging_mixin.py:188} INFO - [2026-02-06T21:50:59.263+0000] {dag.py:3036} INFO - Sync 1 DAGs
[2026-02-06T21:50:59.284+0000] {logging_mixin.py:188} INFO - [2026-02-06T21:50:59.284+0000] {dag.py:3823} INFO - Setting next_dagrun for ecommerce_etl_pipeline to 2026-02-06 00:00:00+00:00, run_after=2026-02-07 00:00:00+00:00
[2026-02-06T21:50:59.301+0000] {processor.py:183} INFO - Processing /opt/airflow/dags/ecommerce_etl.py took 0.094 seconds
[2026-02-06T21:51:29.515+0000] {processor.py:161} INFO - Started process (PID=621) to work on /opt/airflow/dags/ecommerce_etl.py
[2026-02-06T21:51:29.516+0000] {processor.py:830} INFO - Processing file /opt/airflow/dags/ecommerce_etl.py for tasks to queue
[2026-02-06T21:51:29.517+0000] {logging_mixin.py:188} INFO - [2026-02-06T21:51:29.517+0000] {dagbag.py:538} INFO - Filling up the DagBag from /opt/airflow/dags/ecommerce_etl.py
[2026-02-06T21:51:29.538+0000] {processor.py:840} INFO - DAG(s) 'ecommerce_etl_pipeline' retrieved from /opt/airflow/dags/ecommerce_etl.py
[2026-02-06T21:51:29.569+0000] {logging_mixin.py:188} INFO - [2026-02-06T21:51:29.569+0000] {dag.py:3036} INFO - Sync 1 DAGs
[2026-02-06T21:51:29.591+0000] {logging_mixin.py:188} INFO - [2026-02-06T21:51:29.591+0000] {dag.py:3823} INFO - Setting next_dagrun for ecommerce_etl_pipeline to 2026-02-06 00:00:00+00:00, run_after=2026-02-07 00:00:00+00:00
[2026-02-06T21:51:29.609+0000] {processor.py:183} INFO - Processing /opt/airflow/dags/ecommerce_etl.py took 0.096 seconds
[2026-02-06T21:51:59.855+0000] {processor.py:161} INFO - Started process (PID=651) to work on /opt/airflow/dags/ecommerce_etl.py
[2026-02-06T21:51:59.856+0000] {processor.py:830} INFO - Processing file /opt/airflow/dags/ecommerce_etl.py for tasks to queue
[2026-02-06T21:51:59.857+0000] {logging_mixin.py:188} INFO - [2026-02-06T21:51:59.857+0000] {dagbag.py:538} INFO - Filling up the DagBag from /opt/airflow/dags/ecommerce_etl.py
[2026-02-06T21:51:59.892+0000] {processor.py:840} INFO - DAG(s) 'ecommerce_etl_pipeline' retrieved from /opt/airflow/dags/ecommerce_etl.py
[2026-02-06T21:51:59.926+0000] {logging_mixin.py:188} INFO - [2026-02-06T21:51:59.926+0000] {dag.py:3036} INFO - Sync 1 DAGs
[2026-02-06T21:51:59.946+0000] {logging_mixin.py:188} INFO - [2026-02-06T21:51:59.946+0000] {dag.py:3823} INFO - Setting next_dagrun for ecommerce_etl_pipeline to 2026-02-06 00:00:00+00:00, run_after=2026-02-07 00:00:00+00:00
[2026-02-06T21:51:59.964+0000] {processor.py:183} INFO - Processing /opt/airflow/dags/ecommerce_etl.py took 0.114 seconds
[2026-02-06T21:52:30.266+0000] {processor.py:161} INFO - Started process (PID=680) to work on /opt/airflow/dags/ecommerce_etl.py
[2026-02-06T21:52:30.268+0000] {processor.py:830} INFO - Processing file /opt/airflow/dags/ecommerce_etl.py for tasks to queue
[2026-02-06T21:52:30.271+0000] {logging_mixin.py:188} INFO - [2026-02-06T21:52:30.270+0000] {dagbag.py:538} INFO - Filling up the DagBag from /opt/airflow/dags/ecommerce_etl.py
[2026-02-06T21:52:30.309+0000] {processor.py:840} INFO - DAG(s) 'ecommerce_etl_pipeline' retrieved from /opt/airflow/dags/ecommerce_etl.py
[2026-02-06T21:52:30.343+0000] {logging_mixin.py:188} INFO - [2026-02-06T21:52:30.343+0000] {dag.py:3036} INFO - Sync 1 DAGs
[2026-02-06T21:52:30.365+0000] {logging_mixin.py:188} INFO - [2026-02-06T21:52:30.365+0000] {dag.py:3823} INFO - Setting next_dagrun for ecommerce_etl_pipeline to 2026-02-06 00:00:00+00:00, run_after=2026-02-07 00:00:00+00:00
[2026-02-06T21:52:30.386+0000] {processor.py:183} INFO - Processing /opt/airflow/dags/ecommerce_etl.py took 0.127 seconds
[2026-02-06T21:53:00.610+0000] {processor.py:161} INFO - Started process (PID=709) to work on /opt/airflow/dags/ecommerce_etl.py
[2026-02-06T21:53:00.611+0000] {processor.py:830} INFO - Processing file /opt/airflow/dags/ecommerce_etl.py for tasks to queue
[2026-02-06T21:53:00.612+0000] {logging_mixin.py:188} INFO - [2026-02-06T21:53:00.612+0000] {dagbag.py:538} INFO - Filling up the DagBag from /opt/airflow/dags/ecommerce_etl.py
[2026-02-06T21:53:00.632+0000] {processor.py:840} INFO - DAG(s) 'ecommerce_etl_pipeline' retrieved from /opt/airflow/dags/ecommerce_etl.py
[2026-02-06T21:53:00.660+0000] {logging_mixin.py:188} INFO - [2026-02-06T21:53:00.660+0000] {dag.py:3036} INFO - Sync 1 DAGs
[2026-02-06T21:53:00.681+0000] {logging_mixin.py:188} INFO - [2026-02-06T21:53:00.681+0000] {dag.py:3823} INFO - Setting next_dagrun for ecommerce_etl_pipeline to 2026-02-06 00:00:00+00:00, run_after=2026-02-07 00:00:00+00:00
[2026-02-06T21:53:00.697+0000] {processor.py:183} INFO - Processing /opt/airflow/dags/ecommerce_etl.py took 0.091 seconds
[2026-02-06T21:53:30.916+0000] {processor.py:161} INFO - Started process (PID=738) to work on /opt/airflow/dags/ecommerce_etl.py
[2026-02-06T21:53:30.917+0000] {processor.py:830} INFO - Processing file /opt/airflow/dags/ecommerce_etl.py for tasks to queue
[2026-02-06T21:53:30.918+0000] {logging_mixin.py:188} INFO - [2026-02-06T21:53:30.918+0000] {dagbag.py:538} INFO - Filling up the DagBag from /opt/airflow/dags/ecommerce_etl.py
[2026-02-06T21:53:30.942+0000] {processor.py:840} INFO - DAG(s) 'ecommerce_etl_pipeline' retrieved from /opt/airflow/dags/ecommerce_etl.py
[2026-02-06T21:53:30.971+0000] {logging_mixin.py:188} INFO - [2026-02-06T21:53:30.971+0000] {dag.py:3036} INFO - Sync 1 DAGs
[2026-02-06T21:53:30.991+0000] {logging_mixin.py:188} INFO - [2026-02-06T21:53:30.991+0000] {dag.py:3823} INFO - Setting next_dagrun for ecommerce_etl_pipeline to 2026-02-06 00:00:00+00:00, run_after=2026-02-07 00:00:00+00:00
[2026-02-06T21:53:31.010+0000] {processor.py:183} INFO - Processing /opt/airflow/dags/ecommerce_etl.py took 0.097 seconds
[2026-02-06T21:54:01.194+0000] {processor.py:161} INFO - Started process (PID=765) to work on /opt/airflow/dags/ecommerce_etl.py
[2026-02-06T21:54:01.195+0000] {processor.py:830} INFO - Processing file /opt/airflow/dags/ecommerce_etl.py for tasks to queue
[2026-02-06T21:54:01.196+0000] {logging_mixin.py:188} INFO - [2026-02-06T21:54:01.196+0000] {dagbag.py:538} INFO - Filling up the DagBag from /opt/airflow/dags/ecommerce_etl.py
[2026-02-06T21:54:01.229+0000] {processor.py:840} INFO - DAG(s) 'ecommerce_etl_pipeline' retrieved from /opt/airflow/dags/ecommerce_etl.py
[2026-02-06T21:54:01.264+0000] {logging_mixin.py:188} INFO - [2026-02-06T21:54:01.264+0000] {dag.py:3036} INFO - Sync 1 DAGs
[2026-02-06T21:54:01.290+0000] {logging_mixin.py:188} INFO - [2026-02-06T21:54:01.290+0000] {dag.py:3823} INFO - Setting next_dagrun for ecommerce_etl_pipeline to 2026-02-06 00:00:00+00:00, run_after=2026-02-07 00:00:00+00:00
[2026-02-06T21:54:01.309+0000] {processor.py:183} INFO - Processing /opt/airflow/dags/ecommerce_etl.py took 0.120 seconds
[2026-02-06T21:54:31.505+0000] {processor.py:161} INFO - Started process (PID=778) to work on /opt/airflow/dags/ecommerce_etl.py
[2026-02-06T21:54:31.506+0000] {processor.py:830} INFO - Processing file /opt/airflow/dags/ecommerce_etl.py for tasks to queue
[2026-02-06T21:54:31.508+0000] {logging_mixin.py:188} INFO - [2026-02-06T21:54:31.507+0000] {dagbag.py:538} INFO - Filling up the DagBag from /opt/airflow/dags/ecommerce_etl.py
[2026-02-06T21:54:31.534+0000] {processor.py:840} INFO - DAG(s) 'ecommerce_etl_pipeline' retrieved from /opt/airflow/dags/ecommerce_etl.py
[2026-02-06T21:54:31.561+0000] {logging_mixin.py:188} INFO - [2026-02-06T21:54:31.560+0000] {dag.py:3036} INFO - Sync 1 DAGs
[2026-02-06T21:54:31.583+0000] {logging_mixin.py:188} INFO - [2026-02-06T21:54:31.582+0000] {dag.py:3823} INFO - Setting next_dagrun for ecommerce_etl_pipeline to 2026-02-06 00:00:00+00:00, run_after=2026-02-07 00:00:00+00:00
[2026-02-06T21:54:31.602+0000] {processor.py:183} INFO - Processing /opt/airflow/dags/ecommerce_etl.py took 0.100 seconds
[2026-02-06T21:55:01.836+0000] {processor.py:161} INFO - Started process (PID=807) to work on /opt/airflow/dags/ecommerce_etl.py
[2026-02-06T21:55:01.837+0000] {processor.py:830} INFO - Processing file /opt/airflow/dags/ecommerce_etl.py for tasks to queue
[2026-02-06T21:55:01.839+0000] {logging_mixin.py:188} INFO - [2026-02-06T21:55:01.838+0000] {dagbag.py:538} INFO - Filling up the DagBag from /opt/airflow/dags/ecommerce_etl.py
[2026-02-06T21:55:01.870+0000] {processor.py:840} INFO - DAG(s) 'ecommerce_etl_pipeline' retrieved from /opt/airflow/dags/ecommerce_etl.py
[2026-02-06T21:55:01.906+0000] {logging_mixin.py:188} INFO - [2026-02-06T21:55:01.905+0000] {dag.py:3036} INFO - Sync 1 DAGs
[2026-02-06T21:55:01.938+0000] {logging_mixin.py:188} INFO - [2026-02-06T21:55:01.937+0000] {dag.py:3823} INFO - Setting next_dagrun for ecommerce_etl_pipeline to 2026-02-06 00:00:00+00:00, run_after=2026-02-07 00:00:00+00:00
[2026-02-06T21:55:01.962+0000] {processor.py:183} INFO - Processing /opt/airflow/dags/ecommerce_etl.py took 0.130 seconds
[2026-02-06T21:55:32.291+0000] {processor.py:161} INFO - Started process (PID=836) to work on /opt/airflow/dags/ecommerce_etl.py
[2026-02-06T21:55:32.292+0000] {processor.py:830} INFO - Processing file /opt/airflow/dags/ecommerce_etl.py for tasks to queue
[2026-02-06T21:55:32.293+0000] {logging_mixin.py:188} INFO - [2026-02-06T21:55:32.293+0000] {dagbag.py:538} INFO - Filling up the DagBag from /opt/airflow/dags/ecommerce_etl.py
[2026-02-06T21:55:32.324+0000] {processor.py:840} INFO - DAG(s) 'ecommerce_etl_pipeline' retrieved from /opt/airflow/dags/ecommerce_etl.py
[2026-02-06T21:55:32.359+0000] {logging_mixin.py:188} INFO - [2026-02-06T21:55:32.358+0000] {dag.py:3036} INFO - Sync 1 DAGs
[2026-02-06T21:55:32.389+0000] {logging_mixin.py:188} INFO - [2026-02-06T21:55:32.389+0000] {dag.py:3823} INFO - Setting next_dagrun for ecommerce_etl_pipeline to 2026-02-06 00:00:00+00:00, run_after=2026-02-07 00:00:00+00:00
[2026-02-06T21:55:32.410+0000] {processor.py:183} INFO - Processing /opt/airflow/dags/ecommerce_etl.py took 0.122 seconds
[2026-02-06T21:56:02.664+0000] {processor.py:161} INFO - Started process (PID=865) to work on /opt/airflow/dags/ecommerce_etl.py
[2026-02-06T21:56:02.665+0000] {processor.py:830} INFO - Processing file /opt/airflow/dags/ecommerce_etl.py for tasks to queue
[2026-02-06T21:56:02.666+0000] {logging_mixin.py:188} INFO - [2026-02-06T21:56:02.666+0000] {dagbag.py:538} INFO - Filling up the DagBag from /opt/airflow/dags/ecommerce_etl.py
[2026-02-06T21:56:02.687+0000] {processor.py:840} INFO - DAG(s) 'ecommerce_etl_pipeline' retrieved from /opt/airflow/dags/ecommerce_etl.py
[2026-02-06T21:56:02.719+0000] {logging_mixin.py:188} INFO - [2026-02-06T21:56:02.719+0000] {dag.py:3036} INFO - Sync 1 DAGs
[2026-02-06T21:56:02.746+0000] {logging_mixin.py:188} INFO - [2026-02-06T21:56:02.745+0000] {dag.py:3823} INFO - Setting next_dagrun for ecommerce_etl_pipeline to 2026-02-06 00:00:00+00:00, run_after=2026-02-07 00:00:00+00:00
[2026-02-06T21:56:02.770+0000] {processor.py:183} INFO - Processing /opt/airflow/dags/ecommerce_etl.py took 0.111 seconds
[2026-02-06T21:56:33.011+0000] {processor.py:161} INFO - Started process (PID=894) to work on /opt/airflow/dags/ecommerce_etl.py
[2026-02-06T21:56:33.012+0000] {processor.py:830} INFO - Processing file /opt/airflow/dags/ecommerce_etl.py for tasks to queue
[2026-02-06T21:56:33.016+0000] {logging_mixin.py:188} INFO - [2026-02-06T21:56:33.015+0000] {dagbag.py:538} INFO - Filling up the DagBag from /opt/airflow/dags/ecommerce_etl.py
[2026-02-06T21:56:33.052+0000] {processor.py:840} INFO - DAG(s) 'ecommerce_etl_pipeline' retrieved from /opt/airflow/dags/ecommerce_etl.py
[2026-02-06T21:56:33.115+0000] {logging_mixin.py:188} INFO - [2026-02-06T21:56:33.115+0000] {dag.py:3036} INFO - Sync 1 DAGs
[2026-02-06T21:56:33.155+0000] {logging_mixin.py:188} INFO - [2026-02-06T21:56:33.154+0000] {dag.py:3823} INFO - Setting next_dagrun for ecommerce_etl_pipeline to 2026-02-06 00:00:00+00:00, run_after=2026-02-07 00:00:00+00:00
[2026-02-06T21:56:33.202+0000] {processor.py:183} INFO - Processing /opt/airflow/dags/ecommerce_etl.py took 0.195 seconds
[2026-02-06T21:57:03.481+0000] {processor.py:161} INFO - Started process (PID=923) to work on /opt/airflow/dags/ecommerce_etl.py
[2026-02-06T21:57:03.483+0000] {processor.py:830} INFO - Processing file /opt/airflow/dags/ecommerce_etl.py for tasks to queue
[2026-02-06T21:57:03.485+0000] {logging_mixin.py:188} INFO - [2026-02-06T21:57:03.484+0000] {dagbag.py:538} INFO - Filling up the DagBag from /opt/airflow/dags/ecommerce_etl.py
[2026-02-06T21:57:03.522+0000] {processor.py:840} INFO - DAG(s) 'ecommerce_etl_pipeline' retrieved from /opt/airflow/dags/ecommerce_etl.py
[2026-02-06T21:57:03.553+0000] {logging_mixin.py:188} INFO - [2026-02-06T21:57:03.553+0000] {dag.py:3036} INFO - Sync 1 DAGs
[2026-02-06T21:57:03.574+0000] {logging_mixin.py:188} INFO - [2026-02-06T21:57:03.574+0000] {dag.py:3823} INFO - Setting next_dagrun for ecommerce_etl_pipeline to 2026-02-06 00:00:00+00:00, run_after=2026-02-07 00:00:00+00:00
[2026-02-06T21:57:03.595+0000] {processor.py:183} INFO - Processing /opt/airflow/dags/ecommerce_etl.py took 0.121 seconds
[2026-02-06T21:57:33.893+0000] {processor.py:161} INFO - Started process (PID=953) to work on /opt/airflow/dags/ecommerce_etl.py
[2026-02-06T21:57:33.894+0000] {processor.py:830} INFO - Processing file /opt/airflow/dags/ecommerce_etl.py for tasks to queue
[2026-02-06T21:57:33.896+0000] {logging_mixin.py:188} INFO - [2026-02-06T21:57:33.895+0000] {dagbag.py:538} INFO - Filling up the DagBag from /opt/airflow/dags/ecommerce_etl.py
[2026-02-06T21:57:33.940+0000] {processor.py:840} INFO - DAG(s) 'ecommerce_etl_pipeline' retrieved from /opt/airflow/dags/ecommerce_etl.py
[2026-02-06T21:57:33.989+0000] {logging_mixin.py:188} INFO - [2026-02-06T21:57:33.989+0000] {dag.py:3036} INFO - Sync 1 DAGs
[2026-02-06T21:57:34.023+0000] {logging_mixin.py:188} INFO - [2026-02-06T21:57:34.022+0000] {dag.py:3823} INFO - Setting next_dagrun for ecommerce_etl_pipeline to 2026-02-06 00:00:00+00:00, run_after=2026-02-07 00:00:00+00:00
[2026-02-06T21:57:34.056+0000] {processor.py:183} INFO - Processing /opt/airflow/dags/ecommerce_etl.py took 0.167 seconds
[2026-02-06T21:58:04.294+0000] {processor.py:161} INFO - Started process (PID=982) to work on /opt/airflow/dags/ecommerce_etl.py
[2026-02-06T21:58:04.295+0000] {processor.py:830} INFO - Processing file /opt/airflow/dags/ecommerce_etl.py for tasks to queue
[2026-02-06T21:58:04.297+0000] {logging_mixin.py:188} INFO - [2026-02-06T21:58:04.296+0000] {dagbag.py:538} INFO - Filling up the DagBag from /opt/airflow/dags/ecommerce_etl.py
[2026-02-06T21:58:04.317+0000] {processor.py:840} INFO - DAG(s) 'ecommerce_etl_pipeline' retrieved from /opt/airflow/dags/ecommerce_etl.py
[2026-02-06T21:58:04.350+0000] {logging_mixin.py:188} INFO - [2026-02-06T21:58:04.350+0000] {dag.py:3036} INFO - Sync 1 DAGs
[2026-02-06T21:58:04.370+0000] {logging_mixin.py:188} INFO - [2026-02-06T21:58:04.370+0000] {dag.py:3823} INFO - Setting next_dagrun for ecommerce_etl_pipeline to 2026-02-06 00:00:00+00:00, run_after=2026-02-07 00:00:00+00:00
[2026-02-06T21:58:04.389+0000] {processor.py:183} INFO - Processing /opt/airflow/dags/ecommerce_etl.py took 0.098 seconds
[2026-02-06T21:58:34.731+0000] {processor.py:161} INFO - Started process (PID=1011) to work on /opt/airflow/dags/ecommerce_etl.py
[2026-02-06T21:58:34.732+0000] {processor.py:830} INFO - Processing file /opt/airflow/dags/ecommerce_etl.py for tasks to queue
[2026-02-06T21:58:34.734+0000] {logging_mixin.py:188} INFO - [2026-02-06T21:58:34.734+0000] {dagbag.py:538} INFO - Filling up the DagBag from /opt/airflow/dags/ecommerce_etl.py
[2026-02-06T21:58:34.777+0000] {processor.py:840} INFO - DAG(s) 'ecommerce_etl_pipeline' retrieved from /opt/airflow/dags/ecommerce_etl.py
[2026-02-06T21:58:34.840+0000] {logging_mixin.py:188} INFO - [2026-02-06T21:58:34.839+0000] {dag.py:3036} INFO - Sync 1 DAGs
[2026-02-06T21:58:34.886+0000] {logging_mixin.py:188} INFO - [2026-02-06T21:58:34.886+0000] {dag.py:3823} INFO - Setting next_dagrun for ecommerce_etl_pipeline to 2026-02-06 00:00:00+00:00, run_after=2026-02-07 00:00:00+00:00
[2026-02-06T21:58:34.938+0000] {processor.py:183} INFO - Processing /opt/airflow/dags/ecommerce_etl.py took 0.211 seconds
[2026-02-06T21:59:05.218+0000] {processor.py:161} INFO - Started process (PID=1026) to work on /opt/airflow/dags/ecommerce_etl.py
[2026-02-06T21:59:05.220+0000] {processor.py:830} INFO - Processing file /opt/airflow/dags/ecommerce_etl.py for tasks to queue
[2026-02-06T21:59:05.222+0000] {logging_mixin.py:188} INFO - [2026-02-06T21:59:05.221+0000] {dagbag.py:538} INFO - Filling up the DagBag from /opt/airflow/dags/ecommerce_etl.py
[2026-02-06T21:59:05.258+0000] {processor.py:840} INFO - DAG(s) 'ecommerce_etl_pipeline' retrieved from /opt/airflow/dags/ecommerce_etl.py
[2026-02-06T21:59:05.303+0000] {logging_mixin.py:188} INFO - [2026-02-06T21:59:05.303+0000] {dag.py:3036} INFO - Sync 1 DAGs
[2026-02-06T21:59:05.327+0000] {logging_mixin.py:188} INFO - [2026-02-06T21:59:05.327+0000] {dag.py:3823} INFO - Setting next_dagrun for ecommerce_etl_pipeline to 2026-02-06 00:00:00+00:00, run_after=2026-02-07 00:00:00+00:00
[2026-02-06T21:59:05.361+0000] {processor.py:183} INFO - Processing /opt/airflow/dags/ecommerce_etl.py took 0.150 seconds
[2026-02-06T21:59:35.468+0000] {processor.py:161} INFO - Started process (PID=1051) to work on /opt/airflow/dags/ecommerce_etl.py
[2026-02-06T21:59:35.470+0000] {processor.py:830} INFO - Processing file /opt/airflow/dags/ecommerce_etl.py for tasks to queue
[2026-02-06T21:59:35.471+0000] {logging_mixin.py:188} INFO - [2026-02-06T21:59:35.471+0000] {dagbag.py:538} INFO - Filling up the DagBag from /opt/airflow/dags/ecommerce_etl.py
[2026-02-06T21:59:35.522+0000] {processor.py:840} INFO - DAG(s) 'ecommerce_etl_pipeline' retrieved from /opt/airflow/dags/ecommerce_etl.py
[2026-02-06T21:59:35.569+0000] {logging_mixin.py:188} INFO - [2026-02-06T21:59:35.568+0000] {dag.py:3036} INFO - Sync 1 DAGs
[2026-02-06T21:59:35.630+0000] {logging_mixin.py:188} INFO - [2026-02-06T21:59:35.630+0000] {dag.py:3823} INFO - Setting next_dagrun for ecommerce_etl_pipeline to 2026-02-06 00:00:00+00:00, run_after=2026-02-07 00:00:00+00:00
[2026-02-06T21:59:35.662+0000] {processor.py:183} INFO - Processing /opt/airflow/dags/ecommerce_etl.py took 0.204 seconds
[2026-02-06T22:00:05.919+0000] {processor.py:161} INFO - Started process (PID=1080) to work on /opt/airflow/dags/ecommerce_etl.py
[2026-02-06T22:00:05.920+0000] {processor.py:830} INFO - Processing file /opt/airflow/dags/ecommerce_etl.py for tasks to queue
[2026-02-06T22:00:05.921+0000] {logging_mixin.py:188} INFO - [2026-02-06T22:00:05.921+0000] {dagbag.py:538} INFO - Filling up the DagBag from /opt/airflow/dags/ecommerce_etl.py
[2026-02-06T22:00:05.944+0000] {processor.py:840} INFO - DAG(s) 'ecommerce_etl_pipeline' retrieved from /opt/airflow/dags/ecommerce_etl.py
[2026-02-06T22:00:05.973+0000] {logging_mixin.py:188} INFO - [2026-02-06T22:00:05.973+0000] {dag.py:3036} INFO - Sync 1 DAGs
[2026-02-06T22:00:06.001+0000] {logging_mixin.py:188} INFO - [2026-02-06T22:00:06.001+0000] {dag.py:3823} INFO - Setting next_dagrun for ecommerce_etl_pipeline to 2026-02-06 00:00:00+00:00, run_after=2026-02-07 00:00:00+00:00
[2026-02-06T22:00:06.021+0000] {processor.py:183} INFO - Processing /opt/airflow/dags/ecommerce_etl.py took 0.104 seconds
[2026-02-06T22:00:36.338+0000] {processor.py:161} INFO - Started process (PID=1109) to work on /opt/airflow/dags/ecommerce_etl.py
[2026-02-06T22:00:36.340+0000] {processor.py:830} INFO - Processing file /opt/airflow/dags/ecommerce_etl.py for tasks to queue
[2026-02-06T22:00:36.341+0000] {logging_mixin.py:188} INFO - [2026-02-06T22:00:36.341+0000] {dagbag.py:538} INFO - Filling up the DagBag from /opt/airflow/dags/ecommerce_etl.py
[2026-02-06T22:00:36.373+0000] {processor.py:840} INFO - DAG(s) 'ecommerce_etl_pipeline' retrieved from /opt/airflow/dags/ecommerce_etl.py
[2026-02-06T22:00:36.410+0000] {logging_mixin.py:188} INFO - [2026-02-06T22:00:36.409+0000] {dag.py:3036} INFO - Sync 1 DAGs
[2026-02-06T22:00:36.435+0000] {logging_mixin.py:188} INFO - [2026-02-06T22:00:36.435+0000] {dag.py:3823} INFO - Setting next_dagrun for ecommerce_etl_pipeline to 2026-02-06 00:00:00+00:00, run_after=2026-02-07 00:00:00+00:00
[2026-02-06T22:00:36.453+0000] {processor.py:183} INFO - Processing /opt/airflow/dags/ecommerce_etl.py took 0.120 seconds
[2026-02-06T22:01:06.765+0000] {processor.py:161} INFO - Started process (PID=1138) to work on /opt/airflow/dags/ecommerce_etl.py
[2026-02-06T22:01:06.767+0000] {processor.py:830} INFO - Processing file /opt/airflow/dags/ecommerce_etl.py for tasks to queue
[2026-02-06T22:01:06.768+0000] {logging_mixin.py:188} INFO - [2026-02-06T22:01:06.768+0000] {dagbag.py:538} INFO - Filling up the DagBag from /opt/airflow/dags/ecommerce_etl.py
[2026-02-06T22:01:06.803+0000] {processor.py:840} INFO - DAG(s) 'ecommerce_etl_pipeline' retrieved from /opt/airflow/dags/ecommerce_etl.py
[2026-02-06T22:01:06.849+0000] {logging_mixin.py:188} INFO - [2026-02-06T22:01:06.848+0000] {dag.py:3036} INFO - Sync 1 DAGs
[2026-02-06T22:01:06.887+0000] {logging_mixin.py:188} INFO - [2026-02-06T22:01:06.887+0000] {dag.py:3823} INFO - Setting next_dagrun for ecommerce_etl_pipeline to 2026-02-06 00:00:00+00:00, run_after=2026-02-07 00:00:00+00:00
[2026-02-06T22:01:06.918+0000] {processor.py:183} INFO - Processing /opt/airflow/dags/ecommerce_etl.py took 0.157 seconds
[2026-02-06T22:01:37.140+0000] {processor.py:161} INFO - Started process (PID=1167) to work on /opt/airflow/dags/ecommerce_etl.py
[2026-02-06T22:01:37.141+0000] {processor.py:830} INFO - Processing file /opt/airflow/dags/ecommerce_etl.py for tasks to queue
[2026-02-06T22:01:37.142+0000] {logging_mixin.py:188} INFO - [2026-02-06T22:01:37.141+0000] {dagbag.py:538} INFO - Filling up the DagBag from /opt/airflow/dags/ecommerce_etl.py
[2026-02-06T22:01:37.163+0000] {processor.py:840} INFO - DAG(s) 'ecommerce_etl_pipeline' retrieved from /opt/airflow/dags/ecommerce_etl.py
[2026-02-06T22:01:37.190+0000] {logging_mixin.py:188} INFO - [2026-02-06T22:01:37.190+0000] {dag.py:3036} INFO - Sync 1 DAGs
[2026-02-06T22:01:37.210+0000] {logging_mixin.py:188} INFO - [2026-02-06T22:01:37.210+0000] {dag.py:3823} INFO - Setting next_dagrun for ecommerce_etl_pipeline to 2026-02-06 00:00:00+00:00, run_after=2026-02-07 00:00:00+00:00
[2026-02-06T22:01:37.229+0000] {processor.py:183} INFO - Processing /opt/airflow/dags/ecommerce_etl.py took 0.092 seconds
[2026-02-06T22:02:07.318+0000] {processor.py:161} INFO - Started process (PID=1196) to work on /opt/airflow/dags/ecommerce_etl.py
[2026-02-06T22:02:07.319+0000] {processor.py:830} INFO - Processing file /opt/airflow/dags/ecommerce_etl.py for tasks to queue
[2026-02-06T22:02:07.320+0000] {logging_mixin.py:188} INFO - [2026-02-06T22:02:07.320+0000] {dagbag.py:538} INFO - Filling up the DagBag from /opt/airflow/dags/ecommerce_etl.py
[2026-02-06T22:02:07.339+0000] {processor.py:840} INFO - DAG(s) 'ecommerce_etl_pipeline' retrieved from /opt/airflow/dags/ecommerce_etl.py
[2026-02-06T22:02:07.364+0000] {logging_mixin.py:188} INFO - [2026-02-06T22:02:07.364+0000] {dag.py:3036} INFO - Sync 1 DAGs
[2026-02-06T22:02:07.383+0000] {logging_mixin.py:188} INFO - [2026-02-06T22:02:07.383+0000] {dag.py:3823} INFO - Setting next_dagrun for ecommerce_etl_pipeline to 2026-02-06 00:00:00+00:00, run_after=2026-02-07 00:00:00+00:00
[2026-02-06T22:02:07.404+0000] {processor.py:183} INFO - Processing /opt/airflow/dags/ecommerce_etl.py took 0.088 seconds
[2026-02-06T22:02:37.649+0000] {processor.py:161} INFO - Started process (PID=1231) to work on /opt/airflow/dags/ecommerce_etl.py
[2026-02-06T22:02:37.650+0000] {processor.py:830} INFO - Processing file /opt/airflow/dags/ecommerce_etl.py for tasks to queue
[2026-02-06T22:02:37.651+0000] {logging_mixin.py:188} INFO - [2026-02-06T22:02:37.651+0000] {dagbag.py:538} INFO - Filling up the DagBag from /opt/airflow/dags/ecommerce_etl.py
[2026-02-06T22:02:37.674+0000] {processor.py:840} INFO - DAG(s) 'ecommerce_etl_pipeline' retrieved from /opt/airflow/dags/ecommerce_etl.py
[2026-02-06T22:02:37.700+0000] {logging_mixin.py:188} INFO - [2026-02-06T22:02:37.700+0000] {dag.py:3036} INFO - Sync 1 DAGs
[2026-02-06T22:02:37.719+0000] {logging_mixin.py:188} INFO - [2026-02-06T22:02:37.719+0000] {dag.py:3823} INFO - Setting next_dagrun for ecommerce_etl_pipeline to 2026-02-06 00:00:00+00:00, run_after=2026-02-07 00:00:00+00:00
[2026-02-06T22:02:37.737+0000] {processor.py:183} INFO - Processing /opt/airflow/dags/ecommerce_etl.py took 0.094 seconds
[2026-02-06T22:03:07.954+0000] {processor.py:161} INFO - Started process (PID=1260) to work on /opt/airflow/dags/ecommerce_etl.py
[2026-02-06T22:03:07.955+0000] {processor.py:830} INFO - Processing file /opt/airflow/dags/ecommerce_etl.py for tasks to queue
[2026-02-06T22:03:07.956+0000] {logging_mixin.py:188} INFO - [2026-02-06T22:03:07.956+0000] {dagbag.py:538} INFO - Filling up the DagBag from /opt/airflow/dags/ecommerce_etl.py
[2026-02-06T22:03:07.979+0000] {processor.py:840} INFO - DAG(s) 'ecommerce_etl_pipeline' retrieved from /opt/airflow/dags/ecommerce_etl.py
[2026-02-06T22:03:08.015+0000] {logging_mixin.py:188} INFO - [2026-02-06T22:03:08.015+0000] {dag.py:3036} INFO - Sync 1 DAGs
[2026-02-06T22:03:08.035+0000] {logging_mixin.py:188} INFO - [2026-02-06T22:03:08.034+0000] {dag.py:3823} INFO - Setting next_dagrun for ecommerce_etl_pipeline to 2026-02-06 00:00:00+00:00, run_after=2026-02-07 00:00:00+00:00
[2026-02-06T22:03:08.051+0000] {processor.py:183} INFO - Processing /opt/airflow/dags/ecommerce_etl.py took 0.099 seconds
[2026-02-06T22:03:38.295+0000] {processor.py:161} INFO - Started process (PID=1289) to work on /opt/airflow/dags/ecommerce_etl.py
[2026-02-06T22:03:38.296+0000] {processor.py:830} INFO - Processing file /opt/airflow/dags/ecommerce_etl.py for tasks to queue
[2026-02-06T22:03:38.297+0000] {logging_mixin.py:188} INFO - [2026-02-06T22:03:38.297+0000] {dagbag.py:538} INFO - Filling up the DagBag from /opt/airflow/dags/ecommerce_etl.py
[2026-02-06T22:03:38.318+0000] {processor.py:840} INFO - DAG(s) 'ecommerce_etl_pipeline' retrieved from /opt/airflow/dags/ecommerce_etl.py
[2026-02-06T22:03:38.360+0000] {logging_mixin.py:188} INFO - [2026-02-06T22:03:38.359+0000] {dag.py:3036} INFO - Sync 1 DAGs
[2026-02-06T22:03:38.378+0000] {logging_mixin.py:188} INFO - [2026-02-06T22:03:38.378+0000] {dag.py:3823} INFO - Setting next_dagrun for ecommerce_etl_pipeline to 2026-02-06 00:00:00+00:00, run_after=2026-02-07 00:00:00+00:00
[2026-02-06T22:03:38.398+0000] {processor.py:183} INFO - Processing /opt/airflow/dags/ecommerce_etl.py took 0.107 seconds
[2026-02-06T22:04:08.556+0000] {processor.py:161} INFO - Started process (PID=1316) to work on /opt/airflow/dags/ecommerce_etl.py
[2026-02-06T22:04:08.557+0000] {processor.py:830} INFO - Processing file /opt/airflow/dags/ecommerce_etl.py for tasks to queue
[2026-02-06T22:04:08.559+0000] {logging_mixin.py:188} INFO - [2026-02-06T22:04:08.558+0000] {dagbag.py:538} INFO - Filling up the DagBag from /opt/airflow/dags/ecommerce_etl.py
[2026-02-06T22:04:08.582+0000] {processor.py:840} INFO - DAG(s) 'ecommerce_etl_pipeline' retrieved from /opt/airflow/dags/ecommerce_etl.py
[2026-02-06T22:04:08.627+0000] {logging_mixin.py:188} INFO - [2026-02-06T22:04:08.627+0000] {dag.py:3036} INFO - Sync 1 DAGs
[2026-02-06T22:04:08.652+0000] {logging_mixin.py:188} INFO - [2026-02-06T22:04:08.652+0000] {dag.py:3823} INFO - Setting next_dagrun for ecommerce_etl_pipeline to 2026-02-06 00:00:00+00:00, run_after=2026-02-07 00:00:00+00:00
[2026-02-06T22:04:08.673+0000] {processor.py:183} INFO - Processing /opt/airflow/dags/ecommerce_etl.py took 0.121 seconds
[2026-02-06T22:04:38.899+0000] {processor.py:161} INFO - Started process (PID=1329) to work on /opt/airflow/dags/ecommerce_etl.py
[2026-02-06T22:04:38.901+0000] {processor.py:830} INFO - Processing file /opt/airflow/dags/ecommerce_etl.py for tasks to queue
[2026-02-06T22:04:38.902+0000] {logging_mixin.py:188} INFO - [2026-02-06T22:04:38.901+0000] {dagbag.py:538} INFO - Filling up the DagBag from /opt/airflow/dags/ecommerce_etl.py
[2026-02-06T22:04:38.927+0000] {processor.py:840} INFO - DAG(s) 'ecommerce_etl_pipeline' retrieved from /opt/airflow/dags/ecommerce_etl.py
[2026-02-06T22:04:38.958+0000] {logging_mixin.py:188} INFO - [2026-02-06T22:04:38.958+0000] {dag.py:3036} INFO - Sync 1 DAGs
[2026-02-06T22:04:38.979+0000] {logging_mixin.py:188} INFO - [2026-02-06T22:04:38.979+0000] {dag.py:3823} INFO - Setting next_dagrun for ecommerce_etl_pipeline to 2026-02-06 00:00:00+00:00, run_after=2026-02-07 00:00:00+00:00
[2026-02-06T22:04:38.998+0000] {processor.py:183} INFO - Processing /opt/airflow/dags/ecommerce_etl.py took 0.102 seconds
[2026-02-06T22:05:09.228+0000] {processor.py:161} INFO - Started process (PID=1358) to work on /opt/airflow/dags/ecommerce_etl.py
[2026-02-06T22:05:09.229+0000] {processor.py:830} INFO - Processing file /opt/airflow/dags/ecommerce_etl.py for tasks to queue
[2026-02-06T22:05:09.230+0000] {logging_mixin.py:188} INFO - [2026-02-06T22:05:09.230+0000] {dagbag.py:538} INFO - Filling up the DagBag from /opt/airflow/dags/ecommerce_etl.py
[2026-02-06T22:05:09.251+0000] {processor.py:840} INFO - DAG(s) 'ecommerce_etl_pipeline' retrieved from /opt/airflow/dags/ecommerce_etl.py
[2026-02-06T22:05:09.278+0000] {logging_mixin.py:188} INFO - [2026-02-06T22:05:09.277+0000] {dag.py:3036} INFO - Sync 1 DAGs
[2026-02-06T22:05:09.299+0000] {logging_mixin.py:188} INFO - [2026-02-06T22:05:09.298+0000] {dag.py:3823} INFO - Setting next_dagrun for ecommerce_etl_pipeline to 2026-02-06 00:00:00+00:00, run_after=2026-02-07 00:00:00+00:00
[2026-02-06T22:05:09.317+0000] {processor.py:183} INFO - Processing /opt/airflow/dags/ecommerce_etl.py took 0.092 seconds
[2026-02-06T22:05:39.693+0000] {processor.py:161} INFO - Started process (PID=1387) to work on /opt/airflow/dags/ecommerce_etl.py
[2026-02-06T22:05:39.694+0000] {processor.py:830} INFO - Processing file /opt/airflow/dags/ecommerce_etl.py for tasks to queue
[2026-02-06T22:05:39.695+0000] {logging_mixin.py:188} INFO - [2026-02-06T22:05:39.695+0000] {dagbag.py:538} INFO - Filling up the DagBag from /opt/airflow/dags/ecommerce_etl.py
[2026-02-06T22:05:39.720+0000] {processor.py:840} INFO - DAG(s) 'ecommerce_etl_pipeline' retrieved from /opt/airflow/dags/ecommerce_etl.py
[2026-02-06T22:05:39.750+0000] {logging_mixin.py:188} INFO - [2026-02-06T22:05:39.750+0000] {dag.py:3036} INFO - Sync 1 DAGs
[2026-02-06T22:05:39.775+0000] {logging_mixin.py:188} INFO - [2026-02-06T22:05:39.774+0000] {dag.py:3823} INFO - Setting next_dagrun for ecommerce_etl_pipeline to 2026-02-06 00:00:00+00:00, run_after=2026-02-07 00:00:00+00:00
[2026-02-06T22:05:39.810+0000] {processor.py:183} INFO - Processing /opt/airflow/dags/ecommerce_etl.py took 0.120 seconds
[2026-02-06T22:06:10.086+0000] {processor.py:161} INFO - Started process (PID=1416) to work on /opt/airflow/dags/ecommerce_etl.py
[2026-02-06T22:06:10.087+0000] {processor.py:830} INFO - Processing file /opt/airflow/dags/ecommerce_etl.py for tasks to queue
[2026-02-06T22:06:10.088+0000] {logging_mixin.py:188} INFO - [2026-02-06T22:06:10.087+0000] {dagbag.py:538} INFO - Filling up the DagBag from /opt/airflow/dags/ecommerce_etl.py
[2026-02-06T22:06:10.112+0000] {processor.py:840} INFO - DAG(s) 'ecommerce_etl_pipeline' retrieved from /opt/airflow/dags/ecommerce_etl.py
[2026-02-06T22:06:10.142+0000] {logging_mixin.py:188} INFO - [2026-02-06T22:06:10.141+0000] {dag.py:3036} INFO - Sync 1 DAGs
[2026-02-06T22:06:10.164+0000] {logging_mixin.py:188} INFO - [2026-02-06T22:06:10.164+0000] {dag.py:3823} INFO - Setting next_dagrun for ecommerce_etl_pipeline to 2026-02-06 00:00:00+00:00, run_after=2026-02-07 00:00:00+00:00
[2026-02-06T22:06:10.184+0000] {processor.py:183} INFO - Processing /opt/airflow/dags/ecommerce_etl.py took 0.101 seconds
[2026-02-06T22:06:40.498+0000] {processor.py:161} INFO - Started process (PID=1445) to work on /opt/airflow/dags/ecommerce_etl.py
[2026-02-06T22:06:40.501+0000] {processor.py:830} INFO - Processing file /opt/airflow/dags/ecommerce_etl.py for tasks to queue
[2026-02-06T22:06:40.503+0000] {logging_mixin.py:188} INFO - [2026-02-06T22:06:40.502+0000] {dagbag.py:538} INFO - Filling up the DagBag from /opt/airflow/dags/ecommerce_etl.py
[2026-02-06T22:06:40.533+0000] {processor.py:840} INFO - DAG(s) 'ecommerce_etl_pipeline' retrieved from /opt/airflow/dags/ecommerce_etl.py
[2026-02-06T22:06:40.572+0000] {logging_mixin.py:188} INFO - [2026-02-06T22:06:40.572+0000] {dag.py:3036} INFO - Sync 1 DAGs
[2026-02-06T22:06:40.595+0000] {logging_mixin.py:188} INFO - [2026-02-06T22:06:40.595+0000] {dag.py:3823} INFO - Setting next_dagrun for ecommerce_etl_pipeline to 2026-02-06 00:00:00+00:00, run_after=2026-02-07 00:00:00+00:00
[2026-02-06T22:06:40.619+0000] {processor.py:183} INFO - Processing /opt/airflow/dags/ecommerce_etl.py took 0.131 seconds
[2026-02-06T22:07:10.887+0000] {processor.py:161} INFO - Started process (PID=1474) to work on /opt/airflow/dags/ecommerce_etl.py
[2026-02-06T22:07:10.888+0000] {processor.py:830} INFO - Processing file /opt/airflow/dags/ecommerce_etl.py for tasks to queue
[2026-02-06T22:07:10.889+0000] {logging_mixin.py:188} INFO - [2026-02-06T22:07:10.888+0000] {dagbag.py:538} INFO - Filling up the DagBag from /opt/airflow/dags/ecommerce_etl.py
[2026-02-06T22:07:10.929+0000] {processor.py:840} INFO - DAG(s) 'ecommerce_etl_pipeline' retrieved from /opt/airflow/dags/ecommerce_etl.py
[2026-02-06T22:07:10.969+0000] {logging_mixin.py:188} INFO - [2026-02-06T22:07:10.969+0000] {dag.py:3036} INFO - Sync 1 DAGs
[2026-02-06T22:07:10.998+0000] {logging_mixin.py:188} INFO - [2026-02-06T22:07:10.997+0000] {dag.py:3823} INFO - Setting next_dagrun for ecommerce_etl_pipeline to 2026-02-06 00:00:00+00:00, run_after=2026-02-07 00:00:00+00:00
[2026-02-06T22:07:11.022+0000] {processor.py:183} INFO - Processing /opt/airflow/dags/ecommerce_etl.py took 0.139 seconds
[2026-02-06T22:07:41.108+0000] {processor.py:161} INFO - Started process (PID=1503) to work on /opt/airflow/dags/ecommerce_etl.py
[2026-02-06T22:07:41.109+0000] {processor.py:830} INFO - Processing file /opt/airflow/dags/ecommerce_etl.py for tasks to queue
[2026-02-06T22:07:41.110+0000] {logging_mixin.py:188} INFO - [2026-02-06T22:07:41.110+0000] {dagbag.py:538} INFO - Filling up the DagBag from /opt/airflow/dags/ecommerce_etl.py
[2026-02-06T22:07:41.143+0000] {processor.py:840} INFO - DAG(s) 'ecommerce_etl_pipeline' retrieved from /opt/airflow/dags/ecommerce_etl.py
[2026-02-06T22:07:41.174+0000] {logging_mixin.py:188} INFO - [2026-02-06T22:07:41.174+0000] {dag.py:3036} INFO - Sync 1 DAGs
[2026-02-06T22:07:41.200+0000] {logging_mixin.py:188} INFO - [2026-02-06T22:07:41.200+0000] {dag.py:3823} INFO - Setting next_dagrun for ecommerce_etl_pipeline to 2026-02-06 00:00:00+00:00, run_after=2026-02-07 00:00:00+00:00
[2026-02-06T22:07:41.233+0000] {processor.py:183} INFO - Processing /opt/airflow/dags/ecommerce_etl.py took 0.128 seconds
[2026-02-06T22:08:11.500+0000] {processor.py:161} INFO - Started process (PID=1532) to work on /opt/airflow/dags/ecommerce_etl.py
[2026-02-06T22:08:11.501+0000] {processor.py:830} INFO - Processing file /opt/airflow/dags/ecommerce_etl.py for tasks to queue
[2026-02-06T22:08:11.502+0000] {logging_mixin.py:188} INFO - [2026-02-06T22:08:11.502+0000] {dagbag.py:538} INFO - Filling up the DagBag from /opt/airflow/dags/ecommerce_etl.py
[2026-02-06T22:08:11.526+0000] {processor.py:840} INFO - DAG(s) 'ecommerce_etl_pipeline' retrieved from /opt/airflow/dags/ecommerce_etl.py
[2026-02-06T22:08:11.553+0000] {logging_mixin.py:188} INFO - [2026-02-06T22:08:11.553+0000] {dag.py:3036} INFO - Sync 1 DAGs
[2026-02-06T22:08:11.573+0000] {logging_mixin.py:188} INFO - [2026-02-06T22:08:11.573+0000] {dag.py:3823} INFO - Setting next_dagrun for ecommerce_etl_pipeline to 2026-02-06 00:00:00+00:00, run_after=2026-02-07 00:00:00+00:00
[2026-02-06T22:08:11.593+0000] {processor.py:183} INFO - Processing /opt/airflow/dags/ecommerce_etl.py took 0.096 seconds
[2026-02-06T22:08:41.854+0000] {processor.py:161} INFO - Started process (PID=1562) to work on /opt/airflow/dags/ecommerce_etl.py
[2026-02-06T22:08:41.855+0000] {processor.py:830} INFO - Processing file /opt/airflow/dags/ecommerce_etl.py for tasks to queue
[2026-02-06T22:08:41.856+0000] {logging_mixin.py:188} INFO - [2026-02-06T22:08:41.856+0000] {dagbag.py:538} INFO - Filling up the DagBag from /opt/airflow/dags/ecommerce_etl.py
[2026-02-06T22:08:41.883+0000] {processor.py:840} INFO - DAG(s) 'ecommerce_etl_pipeline' retrieved from /opt/airflow/dags/ecommerce_etl.py
[2026-02-06T22:08:41.913+0000] {logging_mixin.py:188} INFO - [2026-02-06T22:08:41.913+0000] {dag.py:3036} INFO - Sync 1 DAGs
[2026-02-06T22:08:41.944+0000] {logging_mixin.py:188} INFO - [2026-02-06T22:08:41.943+0000] {dag.py:3823} INFO - Setting next_dagrun for ecommerce_etl_pipeline to 2026-02-06 00:00:00+00:00, run_after=2026-02-07 00:00:00+00:00
[2026-02-06T22:08:41.970+0000] {processor.py:183} INFO - Processing /opt/airflow/dags/ecommerce_etl.py took 0.119 seconds
[2026-02-06T22:09:12.123+0000] {processor.py:161} INFO - Started process (PID=1577) to work on /opt/airflow/dags/ecommerce_etl.py
[2026-02-06T22:09:12.124+0000] {processor.py:830} INFO - Processing file /opt/airflow/dags/ecommerce_etl.py for tasks to queue
[2026-02-06T22:09:12.126+0000] {logging_mixin.py:188} INFO - [2026-02-06T22:09:12.125+0000] {dagbag.py:538} INFO - Filling up the DagBag from /opt/airflow/dags/ecommerce_etl.py
[2026-02-06T22:09:12.165+0000] {processor.py:840} INFO - DAG(s) 'ecommerce_etl_pipeline' retrieved from /opt/airflow/dags/ecommerce_etl.py
[2026-02-06T22:09:12.206+0000] {logging_mixin.py:188} INFO - [2026-02-06T22:09:12.206+0000] {dag.py:3036} INFO - Sync 1 DAGs
[2026-02-06T22:09:12.236+0000] {logging_mixin.py:188} INFO - [2026-02-06T22:09:12.236+0000] {dag.py:3823} INFO - Setting next_dagrun for ecommerce_etl_pipeline to 2026-02-06 00:00:00+00:00, run_after=2026-02-07 00:00:00+00:00
[2026-02-06T22:09:12.265+0000] {processor.py:183} INFO - Processing /opt/airflow/dags/ecommerce_etl.py took 0.147 seconds
[2026-02-06T22:09:42.522+0000] {processor.py:161} INFO - Started process (PID=1602) to work on /opt/airflow/dags/ecommerce_etl.py
[2026-02-06T22:09:42.523+0000] {processor.py:830} INFO - Processing file /opt/airflow/dags/ecommerce_etl.py for tasks to queue
[2026-02-06T22:09:42.524+0000] {logging_mixin.py:188} INFO - [2026-02-06T22:09:42.524+0000] {dagbag.py:538} INFO - Filling up the DagBag from /opt/airflow/dags/ecommerce_etl.py
[2026-02-06T22:09:42.547+0000] {processor.py:840} INFO - DAG(s) 'ecommerce_etl_pipeline' retrieved from /opt/airflow/dags/ecommerce_etl.py
[2026-02-06T22:09:42.575+0000] {logging_mixin.py:188} INFO - [2026-02-06T22:09:42.575+0000] {dag.py:3036} INFO - Sync 1 DAGs
[2026-02-06T22:09:42.597+0000] {logging_mixin.py:188} INFO - [2026-02-06T22:09:42.597+0000] {dag.py:3823} INFO - Setting next_dagrun for ecommerce_etl_pipeline to 2026-02-06 00:00:00+00:00, run_after=2026-02-07 00:00:00+00:00
[2026-02-06T22:09:42.618+0000] {processor.py:183} INFO - Processing /opt/airflow/dags/ecommerce_etl.py took 0.099 seconds
[2026-02-06T22:10:12.886+0000] {processor.py:161} INFO - Started process (PID=1631) to work on /opt/airflow/dags/ecommerce_etl.py
[2026-02-06T22:10:12.887+0000] {processor.py:830} INFO - Processing file /opt/airflow/dags/ecommerce_etl.py for tasks to queue
[2026-02-06T22:10:12.888+0000] {logging_mixin.py:188} INFO - [2026-02-06T22:10:12.888+0000] {dagbag.py:538} INFO - Filling up the DagBag from /opt/airflow/dags/ecommerce_etl.py
[2026-02-06T22:10:12.910+0000] {processor.py:840} INFO - DAG(s) 'ecommerce_etl_pipeline' retrieved from /opt/airflow/dags/ecommerce_etl.py
[2026-02-06T22:10:12.936+0000] {logging_mixin.py:188} INFO - [2026-02-06T22:10:12.936+0000] {dag.py:3036} INFO - Sync 1 DAGs
[2026-02-06T22:10:12.955+0000] {logging_mixin.py:188} INFO - [2026-02-06T22:10:12.955+0000] {dag.py:3823} INFO - Setting next_dagrun for ecommerce_etl_pipeline to 2026-02-06 00:00:00+00:00, run_after=2026-02-07 00:00:00+00:00
[2026-02-06T22:10:12.972+0000] {processor.py:183} INFO - Processing /opt/airflow/dags/ecommerce_etl.py took 0.089 seconds
[2026-02-06T22:10:43.251+0000] {processor.py:161} INFO - Started process (PID=1660) to work on /opt/airflow/dags/ecommerce_etl.py
[2026-02-06T22:10:43.252+0000] {processor.py:830} INFO - Processing file /opt/airflow/dags/ecommerce_etl.py for tasks to queue
[2026-02-06T22:10:43.253+0000] {logging_mixin.py:188} INFO - [2026-02-06T22:10:43.253+0000] {dagbag.py:538} INFO - Filling up the DagBag from /opt/airflow/dags/ecommerce_etl.py
[2026-02-06T22:10:43.272+0000] {processor.py:840} INFO - DAG(s) 'ecommerce_etl_pipeline' retrieved from /opt/airflow/dags/ecommerce_etl.py
[2026-02-06T22:10:43.297+0000] {logging_mixin.py:188} INFO - [2026-02-06T22:10:43.297+0000] {dag.py:3036} INFO - Sync 1 DAGs
[2026-02-06T22:10:43.318+0000] {logging_mixin.py:188} INFO - [2026-02-06T22:10:43.318+0000] {dag.py:3823} INFO - Setting next_dagrun for ecommerce_etl_pipeline to 2026-02-06 00:00:00+00:00, run_after=2026-02-07 00:00:00+00:00
[2026-02-06T22:10:43.336+0000] {processor.py:183} INFO - Processing /opt/airflow/dags/ecommerce_etl.py took 0.088 seconds
[2026-02-06T22:11:13.609+0000] {processor.py:161} INFO - Started process (PID=1689) to work on /opt/airflow/dags/ecommerce_etl.py
[2026-02-06T22:11:13.610+0000] {processor.py:830} INFO - Processing file /opt/airflow/dags/ecommerce_etl.py for tasks to queue
[2026-02-06T22:11:13.612+0000] {logging_mixin.py:188} INFO - [2026-02-06T22:11:13.611+0000] {dagbag.py:538} INFO - Filling up the DagBag from /opt/airflow/dags/ecommerce_etl.py
[2026-02-06T22:11:13.649+0000] {processor.py:840} INFO - DAG(s) 'ecommerce_etl_pipeline' retrieved from /opt/airflow/dags/ecommerce_etl.py
[2026-02-06T22:11:13.692+0000] {logging_mixin.py:188} INFO - [2026-02-06T22:11:13.691+0000] {dag.py:3036} INFO - Sync 1 DAGs
[2026-02-06T22:11:13.724+0000] {logging_mixin.py:188} INFO - [2026-02-06T22:11:13.724+0000] {dag.py:3823} INFO - Setting next_dagrun for ecommerce_etl_pipeline to 2026-02-06 00:00:00+00:00, run_after=2026-02-07 00:00:00+00:00
[2026-02-06T22:11:13.758+0000] {processor.py:183} INFO - Processing /opt/airflow/dags/ecommerce_etl.py took 0.155 seconds
[2026-02-06T22:11:43.848+0000] {processor.py:161} INFO - Started process (PID=1718) to work on /opt/airflow/dags/ecommerce_etl.py
[2026-02-06T22:11:43.850+0000] {processor.py:830} INFO - Processing file /opt/airflow/dags/ecommerce_etl.py for tasks to queue
[2026-02-06T22:11:43.851+0000] {logging_mixin.py:188} INFO - [2026-02-06T22:11:43.850+0000] {dagbag.py:538} INFO - Filling up the DagBag from /opt/airflow/dags/ecommerce_etl.py
[2026-02-06T22:11:43.891+0000] {processor.py:840} INFO - DAG(s) 'ecommerce_etl_pipeline' retrieved from /opt/airflow/dags/ecommerce_etl.py
[2026-02-06T22:11:43.952+0000] {logging_mixin.py:188} INFO - [2026-02-06T22:11:43.951+0000] {dag.py:3036} INFO - Sync 1 DAGs
[2026-02-06T22:11:43.970+0000] {logging_mixin.py:188} INFO - [2026-02-06T22:11:43.970+0000] {dag.py:3823} INFO - Setting next_dagrun for ecommerce_etl_pipeline to 2026-02-06 00:00:00+00:00, run_after=2026-02-07 00:00:00+00:00
[2026-02-06T22:11:43.988+0000] {processor.py:183} INFO - Processing /opt/airflow/dags/ecommerce_etl.py took 0.143 seconds
[2026-02-06T22:12:14.248+0000] {processor.py:161} INFO - Started process (PID=1747) to work on /opt/airflow/dags/ecommerce_etl.py
[2026-02-06T22:12:14.249+0000] {processor.py:830} INFO - Processing file /opt/airflow/dags/ecommerce_etl.py for tasks to queue
[2026-02-06T22:12:14.250+0000] {logging_mixin.py:188} INFO - [2026-02-06T22:12:14.250+0000] {dagbag.py:538} INFO - Filling up the DagBag from /opt/airflow/dags/ecommerce_etl.py
[2026-02-06T22:12:14.279+0000] {processor.py:840} INFO - DAG(s) 'ecommerce_etl_pipeline' retrieved from /opt/airflow/dags/ecommerce_etl.py
[2026-02-06T22:12:14.318+0000] {logging_mixin.py:188} INFO - [2026-02-06T22:12:14.317+0000] {dag.py:3036} INFO - Sync 1 DAGs
[2026-02-06T22:12:14.344+0000] {logging_mixin.py:188} INFO - [2026-02-06T22:12:14.344+0000] {dag.py:3823} INFO - Setting next_dagrun for ecommerce_etl_pipeline to 2026-02-06 00:00:00+00:00, run_after=2026-02-07 00:00:00+00:00
[2026-02-06T22:12:14.365+0000] {processor.py:183} INFO - Processing /opt/airflow/dags/ecommerce_etl.py took 0.121 seconds
[2026-02-06T22:12:44.439+0000] {processor.py:161} INFO - Started process (PID=1776) to work on /opt/airflow/dags/ecommerce_etl.py
[2026-02-06T22:12:44.440+0000] {processor.py:830} INFO - Processing file /opt/airflow/dags/ecommerce_etl.py for tasks to queue
[2026-02-06T22:12:44.441+0000] {logging_mixin.py:188} INFO - [2026-02-06T22:12:44.440+0000] {dagbag.py:538} INFO - Filling up the DagBag from /opt/airflow/dags/ecommerce_etl.py
[2026-02-06T22:12:44.467+0000] {processor.py:840} INFO - DAG(s) 'ecommerce_etl_pipeline' retrieved from /opt/airflow/dags/ecommerce_etl.py
[2026-02-06T22:12:44.493+0000] {logging_mixin.py:188} INFO - [2026-02-06T22:12:44.493+0000] {dag.py:3036} INFO - Sync 1 DAGs
[2026-02-06T22:12:44.510+0000] {logging_mixin.py:188} INFO - [2026-02-06T22:12:44.510+0000] {dag.py:3823} INFO - Setting next_dagrun for ecommerce_etl_pipeline to 2026-02-06 00:00:00+00:00, run_after=2026-02-07 00:00:00+00:00
[2026-02-06T22:12:44.530+0000] {processor.py:183} INFO - Processing /opt/airflow/dags/ecommerce_etl.py took 0.095 seconds
[2026-02-06T22:13:14.775+0000] {processor.py:161} INFO - Started process (PID=1805) to work on /opt/airflow/dags/ecommerce_etl.py
[2026-02-06T22:13:14.776+0000] {processor.py:830} INFO - Processing file /opt/airflow/dags/ecommerce_etl.py for tasks to queue
[2026-02-06T22:13:14.777+0000] {logging_mixin.py:188} INFO - [2026-02-06T22:13:14.776+0000] {dagbag.py:538} INFO - Filling up the DagBag from /opt/airflow/dags/ecommerce_etl.py
[2026-02-06T22:13:14.807+0000] {processor.py:840} INFO - DAG(s) 'ecommerce_etl_pipeline' retrieved from /opt/airflow/dags/ecommerce_etl.py
[2026-02-06T22:13:14.836+0000] {logging_mixin.py:188} INFO - [2026-02-06T22:13:14.835+0000] {dag.py:3036} INFO - Sync 1 DAGs
[2026-02-06T22:13:14.857+0000] {logging_mixin.py:188} INFO - [2026-02-06T22:13:14.857+0000] {dag.py:3823} INFO - Setting next_dagrun for ecommerce_etl_pipeline to 2026-02-06 00:00:00+00:00, run_after=2026-02-07 00:00:00+00:00
[2026-02-06T22:13:14.875+0000] {processor.py:183} INFO - Processing /opt/airflow/dags/ecommerce_etl.py took 0.103 seconds
[2026-02-06T22:13:45.101+0000] {processor.py:161} INFO - Started process (PID=1834) to work on /opt/airflow/dags/ecommerce_etl.py
[2026-02-06T22:13:45.102+0000] {processor.py:830} INFO - Processing file /opt/airflow/dags/ecommerce_etl.py for tasks to queue
[2026-02-06T22:13:45.103+0000] {logging_mixin.py:188} INFO - [2026-02-06T22:13:45.103+0000] {dagbag.py:538} INFO - Filling up the DagBag from /opt/airflow/dags/ecommerce_etl.py
[2026-02-06T22:13:45.132+0000] {processor.py:840} INFO - DAG(s) 'ecommerce_etl_pipeline' retrieved from /opt/airflow/dags/ecommerce_etl.py
[2026-02-06T22:13:45.158+0000] {logging_mixin.py:188} INFO - [2026-02-06T22:13:45.157+0000] {dag.py:3036} INFO - Sync 1 DAGs
[2026-02-06T22:13:45.175+0000] {logging_mixin.py:188} INFO - [2026-02-06T22:13:45.175+0000] {dag.py:3823} INFO - Setting next_dagrun for ecommerce_etl_pipeline to 2026-02-06 00:00:00+00:00, run_after=2026-02-07 00:00:00+00:00
[2026-02-06T22:13:45.191+0000] {processor.py:183} INFO - Processing /opt/airflow/dags/ecommerce_etl.py took 0.094 seconds
[2026-02-06T22:14:15.373+0000] {processor.py:161} INFO - Started process (PID=1861) to work on /opt/airflow/dags/ecommerce_etl.py
[2026-02-06T22:14:15.375+0000] {processor.py:830} INFO - Processing file /opt/airflow/dags/ecommerce_etl.py for tasks to queue
[2026-02-06T22:14:15.377+0000] {logging_mixin.py:188} INFO - [2026-02-06T22:14:15.376+0000] {dagbag.py:538} INFO - Filling up the DagBag from /opt/airflow/dags/ecommerce_etl.py
[2026-02-06T22:14:15.415+0000] {processor.py:840} INFO - DAG(s) 'ecommerce_etl_pipeline' retrieved from /opt/airflow/dags/ecommerce_etl.py
[2026-02-06T22:14:15.483+0000] {logging_mixin.py:188} INFO - [2026-02-06T22:14:15.482+0000] {dag.py:3036} INFO - Sync 1 DAGs
[2026-02-06T22:14:15.759+0000] {logging_mixin.py:188} INFO - [2026-02-06T22:14:15.759+0000] {dag.py:3823} INFO - Setting next_dagrun for ecommerce_etl_pipeline to 2026-02-06 00:00:00+00:00, run_after=2026-02-07 00:00:00+00:00
[2026-02-06T22:14:15.779+0000] {processor.py:183} INFO - Processing /opt/airflow/dags/ecommerce_etl.py took 0.412 seconds
[2026-02-06T22:14:46.236+0000] {processor.py:161} INFO - Started process (PID=1878) to work on /opt/airflow/dags/ecommerce_etl.py
[2026-02-06T22:14:46.237+0000] {processor.py:830} INFO - Processing file /opt/airflow/dags/ecommerce_etl.py for tasks to queue
[2026-02-06T22:14:46.238+0000] {logging_mixin.py:188} INFO - [2026-02-06T22:14:46.238+0000] {dagbag.py:538} INFO - Filling up the DagBag from /opt/airflow/dags/ecommerce_etl.py
[2026-02-06T22:14:46.283+0000] {processor.py:840} INFO - DAG(s) 'ecommerce_etl_pipeline' retrieved from /opt/airflow/dags/ecommerce_etl.py
[2026-02-06T22:14:46.318+0000] {logging_mixin.py:188} INFO - [2026-02-06T22:14:46.317+0000] {dag.py:3036} INFO - Sync 1 DAGs
[2026-02-06T22:14:46.343+0000] {logging_mixin.py:188} INFO - [2026-02-06T22:14:46.343+0000] {dag.py:3823} INFO - Setting next_dagrun for ecommerce_etl_pipeline to 2026-02-06 00:00:00+00:00, run_after=2026-02-07 00:00:00+00:00
[2026-02-06T22:14:46.366+0000] {processor.py:183} INFO - Processing /opt/airflow/dags/ecommerce_etl.py took 0.134 seconds
[2026-02-06T22:15:16.633+0000] {processor.py:161} INFO - Started process (PID=1904) to work on /opt/airflow/dags/ecommerce_etl.py
[2026-02-06T22:15:16.634+0000] {processor.py:830} INFO - Processing file /opt/airflow/dags/ecommerce_etl.py for tasks to queue
[2026-02-06T22:15:16.635+0000] {logging_mixin.py:188} INFO - [2026-02-06T22:15:16.635+0000] {dagbag.py:538} INFO - Filling up the DagBag from /opt/airflow/dags/ecommerce_etl.py
[2026-02-06T22:15:16.663+0000] {processor.py:840} INFO - DAG(s) 'ecommerce_etl_pipeline' retrieved from /opt/airflow/dags/ecommerce_etl.py
[2026-02-06T22:15:16.692+0000] {logging_mixin.py:188} INFO - [2026-02-06T22:15:16.692+0000] {dag.py:3036} INFO - Sync 1 DAGs
[2026-02-06T22:15:16.716+0000] {logging_mixin.py:188} INFO - [2026-02-06T22:15:16.716+0000] {dag.py:3823} INFO - Setting next_dagrun for ecommerce_etl_pipeline to 2026-02-06 00:00:00+00:00, run_after=2026-02-07 00:00:00+00:00
[2026-02-06T22:15:16.739+0000] {processor.py:183} INFO - Processing /opt/airflow/dags/ecommerce_etl.py took 0.109 seconds
[2026-02-06T22:15:47.104+0000] {processor.py:161} INFO - Started process (PID=1933) to work on /opt/airflow/dags/ecommerce_etl.py
[2026-02-06T22:15:47.105+0000] {processor.py:830} INFO - Processing file /opt/airflow/dags/ecommerce_etl.py for tasks to queue
[2026-02-06T22:15:47.106+0000] {logging_mixin.py:188} INFO - [2026-02-06T22:15:47.106+0000] {dagbag.py:538} INFO - Filling up the DagBag from /opt/airflow/dags/ecommerce_etl.py
[2026-02-06T22:15:47.136+0000] {processor.py:840} INFO - DAG(s) 'ecommerce_etl_pipeline' retrieved from /opt/airflow/dags/ecommerce_etl.py
[2026-02-06T22:15:47.171+0000] {logging_mixin.py:188} INFO - [2026-02-06T22:15:47.171+0000] {dag.py:3036} INFO - Sync 1 DAGs
[2026-02-06T22:15:47.190+0000] {logging_mixin.py:188} INFO - [2026-02-06T22:15:47.189+0000] {dag.py:3823} INFO - Setting next_dagrun for ecommerce_etl_pipeline to 2026-02-06 00:00:00+00:00, run_after=2026-02-07 00:00:00+00:00
[2026-02-06T22:15:47.206+0000] {processor.py:183} INFO - Processing /opt/airflow/dags/ecommerce_etl.py took 0.105 seconds
[2026-02-06T22:16:17.460+0000] {processor.py:161} INFO - Started process (PID=1962) to work on /opt/airflow/dags/ecommerce_etl.py
[2026-02-06T22:16:17.462+0000] {processor.py:830} INFO - Processing file /opt/airflow/dags/ecommerce_etl.py for tasks to queue
[2026-02-06T22:16:17.464+0000] {logging_mixin.py:188} INFO - [2026-02-06T22:16:17.463+0000] {dagbag.py:538} INFO - Filling up the DagBag from /opt/airflow/dags/ecommerce_etl.py
[2026-02-06T22:16:17.522+0000] {processor.py:840} INFO - DAG(s) 'ecommerce_etl_pipeline' retrieved from /opt/airflow/dags/ecommerce_etl.py
[2026-02-06T22:16:17.553+0000] {logging_mixin.py:188} INFO - [2026-02-06T22:16:17.553+0000] {dag.py:3036} INFO - Sync 1 DAGs
[2026-02-06T22:16:17.573+0000] {logging_mixin.py:188} INFO - [2026-02-06T22:16:17.573+0000] {dag.py:3823} INFO - Setting next_dagrun for ecommerce_etl_pipeline to 2026-02-06 00:00:00+00:00, run_after=2026-02-07 00:00:00+00:00
[2026-02-06T22:16:17.589+0000] {processor.py:183} INFO - Processing /opt/airflow/dags/ecommerce_etl.py took 0.133 seconds
[2026-02-06T22:16:47.734+0000] {processor.py:161} INFO - Started process (PID=1991) to work on /opt/airflow/dags/ecommerce_etl.py
[2026-02-06T22:16:47.735+0000] {processor.py:830} INFO - Processing file /opt/airflow/dags/ecommerce_etl.py for tasks to queue
[2026-02-06T22:16:47.736+0000] {logging_mixin.py:188} INFO - [2026-02-06T22:16:47.736+0000] {dagbag.py:538} INFO - Filling up the DagBag from /opt/airflow/dags/ecommerce_etl.py
[2026-02-06T22:16:47.757+0000] {processor.py:840} INFO - DAG(s) 'ecommerce_etl_pipeline' retrieved from /opt/airflow/dags/ecommerce_etl.py
[2026-02-06T22:16:47.784+0000] {logging_mixin.py:188} INFO - [2026-02-06T22:16:47.783+0000] {dag.py:3036} INFO - Sync 1 DAGs
[2026-02-06T22:16:47.803+0000] {logging_mixin.py:188} INFO - [2026-02-06T22:16:47.803+0000] {dag.py:3823} INFO - Setting next_dagrun for ecommerce_etl_pipeline to 2026-02-06 00:00:00+00:00, run_after=2026-02-07 00:00:00+00:00
[2026-02-06T22:16:47.825+0000] {processor.py:183} INFO - Processing /opt/airflow/dags/ecommerce_etl.py took 0.094 seconds
[2026-02-06T22:17:18.078+0000] {processor.py:161} INFO - Started process (PID=2020) to work on /opt/airflow/dags/ecommerce_etl.py
[2026-02-06T22:17:18.079+0000] {processor.py:830} INFO - Processing file /opt/airflow/dags/ecommerce_etl.py for tasks to queue
[2026-02-06T22:17:18.080+0000] {logging_mixin.py:188} INFO - [2026-02-06T22:17:18.079+0000] {dagbag.py:538} INFO - Filling up the DagBag from /opt/airflow/dags/ecommerce_etl.py
[2026-02-06T22:17:18.102+0000] {processor.py:840} INFO - DAG(s) 'ecommerce_etl_pipeline' retrieved from /opt/airflow/dags/ecommerce_etl.py
[2026-02-06T22:17:18.131+0000] {logging_mixin.py:188} INFO - [2026-02-06T22:17:18.131+0000] {dag.py:3036} INFO - Sync 1 DAGs
[2026-02-06T22:17:18.153+0000] {logging_mixin.py:188} INFO - [2026-02-06T22:17:18.153+0000] {dag.py:3823} INFO - Setting next_dagrun for ecommerce_etl_pipeline to 2026-02-06 00:00:00+00:00, run_after=2026-02-07 00:00:00+00:00
[2026-02-06T22:17:18.171+0000] {processor.py:183} INFO - Processing /opt/airflow/dags/ecommerce_etl.py took 0.096 seconds
[2026-02-06T22:17:48.273+0000] {processor.py:161} INFO - Started process (PID=2049) to work on /opt/airflow/dags/ecommerce_etl.py
[2026-02-06T22:17:48.274+0000] {processor.py:830} INFO - Processing file /opt/airflow/dags/ecommerce_etl.py for tasks to queue
[2026-02-06T22:17:48.275+0000] {logging_mixin.py:188} INFO - [2026-02-06T22:17:48.275+0000] {dagbag.py:538} INFO - Filling up the DagBag from /opt/airflow/dags/ecommerce_etl.py
[2026-02-06T22:17:48.296+0000] {processor.py:840} INFO - DAG(s) 'ecommerce_etl_pipeline' retrieved from /opt/airflow/dags/ecommerce_etl.py
[2026-02-06T22:17:48.322+0000] {logging_mixin.py:188} INFO - [2026-02-06T22:17:48.322+0000] {dag.py:3036} INFO - Sync 1 DAGs
[2026-02-06T22:17:48.348+0000] {logging_mixin.py:188} INFO - [2026-02-06T22:17:48.347+0000] {dag.py:3823} INFO - Setting next_dagrun for ecommerce_etl_pipeline to 2026-02-06 00:00:00+00:00, run_after=2026-02-07 00:00:00+00:00
[2026-02-06T22:17:48.368+0000] {processor.py:183} INFO - Processing /opt/airflow/dags/ecommerce_etl.py took 0.098 seconds
[2026-02-06T22:18:18.531+0000] {processor.py:161} INFO - Started process (PID=2078) to work on /opt/airflow/dags/ecommerce_etl.py
[2026-02-06T22:18:18.532+0000] {processor.py:830} INFO - Processing file /opt/airflow/dags/ecommerce_etl.py for tasks to queue
[2026-02-06T22:18:18.533+0000] {logging_mixin.py:188} INFO - [2026-02-06T22:18:18.533+0000] {dagbag.py:538} INFO - Filling up the DagBag from /opt/airflow/dags/ecommerce_etl.py
[2026-02-06T22:18:18.565+0000] {processor.py:840} INFO - DAG(s) 'ecommerce_etl_pipeline' retrieved from /opt/airflow/dags/ecommerce_etl.py
[2026-02-06T22:18:18.591+0000] {logging_mixin.py:188} INFO - [2026-02-06T22:18:18.591+0000] {dag.py:3036} INFO - Sync 1 DAGs
[2026-02-06T22:18:18.609+0000] {logging_mixin.py:188} INFO - [2026-02-06T22:18:18.609+0000] {dag.py:3823} INFO - Setting next_dagrun for ecommerce_etl_pipeline to 2026-02-06 00:00:00+00:00, run_after=2026-02-07 00:00:00+00:00
[2026-02-06T22:18:18.629+0000] {processor.py:183} INFO - Processing /opt/airflow/dags/ecommerce_etl.py took 0.101 seconds
[2026-02-06T22:18:48.773+0000] {processor.py:161} INFO - Started process (PID=2107) to work on /opt/airflow/dags/ecommerce_etl.py
[2026-02-06T22:18:48.774+0000] {processor.py:830} INFO - Processing file /opt/airflow/dags/ecommerce_etl.py for tasks to queue
[2026-02-06T22:18:48.775+0000] {logging_mixin.py:188} INFO - [2026-02-06T22:18:48.775+0000] {dagbag.py:538} INFO - Filling up the DagBag from /opt/airflow/dags/ecommerce_etl.py
[2026-02-06T22:18:48.794+0000] {processor.py:840} INFO - DAG(s) 'ecommerce_etl_pipeline' retrieved from /opt/airflow/dags/ecommerce_etl.py
[2026-02-06T22:18:48.833+0000] {logging_mixin.py:188} INFO - [2026-02-06T22:18:48.832+0000] {dag.py:3036} INFO - Sync 1 DAGs
[2026-02-06T22:18:48.854+0000] {logging_mixin.py:188} INFO - [2026-02-06T22:18:48.854+0000] {dag.py:3823} INFO - Setting next_dagrun for ecommerce_etl_pipeline to 2026-02-06 00:00:00+00:00, run_after=2026-02-07 00:00:00+00:00
[2026-02-06T22:18:48.870+0000] {processor.py:183} INFO - Processing /opt/airflow/dags/ecommerce_etl.py took 0.100 seconds
[2026-02-06T22:19:19.136+0000] {processor.py:161} INFO - Started process (PID=2202) to work on /opt/airflow/dags/ecommerce_etl.py
[2026-02-06T22:19:19.137+0000] {processor.py:830} INFO - Processing file /opt/airflow/dags/ecommerce_etl.py for tasks to queue
[2026-02-06T22:19:19.138+0000] {logging_mixin.py:188} INFO - [2026-02-06T22:19:19.137+0000] {dagbag.py:538} INFO - Filling up the DagBag from /opt/airflow/dags/ecommerce_etl.py
[2026-02-06T22:19:19.163+0000] {processor.py:840} INFO - DAG(s) 'ecommerce_etl_pipeline' retrieved from /opt/airflow/dags/ecommerce_etl.py
[2026-02-06T22:19:19.192+0000] {logging_mixin.py:188} INFO - [2026-02-06T22:19:19.191+0000] {dag.py:3036} INFO - Sync 1 DAGs
[2026-02-06T22:19:19.253+0000] {processor.py:183} INFO - Processing /opt/airflow/dags/ecommerce_etl.py took 0.120 seconds
[2026-02-06T22:19:49.394+0000] {processor.py:161} INFO - Started process (PID=2217) to work on /opt/airflow/dags/ecommerce_etl.py
[2026-02-06T22:19:49.395+0000] {processor.py:830} INFO - Processing file /opt/airflow/dags/ecommerce_etl.py for tasks to queue
[2026-02-06T22:19:49.396+0000] {logging_mixin.py:188} INFO - [2026-02-06T22:19:49.396+0000] {dagbag.py:538} INFO - Filling up the DagBag from /opt/airflow/dags/ecommerce_etl.py
[2026-02-06T22:19:49.434+0000] {processor.py:840} INFO - DAG(s) 'ecommerce_etl_pipeline' retrieved from /opt/airflow/dags/ecommerce_etl.py
[2026-02-06T22:19:49.518+0000] {logging_mixin.py:188} INFO - [2026-02-06T22:19:49.517+0000] {dag.py:3036} INFO - Sync 1 DAGs
[2026-02-06T22:19:49.581+0000] {processor.py:183} INFO - Processing /opt/airflow/dags/ecommerce_etl.py took 0.191 seconds
[2026-02-06T22:20:19.870+0000] {processor.py:161} INFO - Started process (PID=2259) to work on /opt/airflow/dags/ecommerce_etl.py
[2026-02-06T22:20:19.886+0000] {processor.py:830} INFO - Processing file /opt/airflow/dags/ecommerce_etl.py for tasks to queue
[2026-02-06T22:20:19.887+0000] {logging_mixin.py:188} INFO - [2026-02-06T22:20:19.887+0000] {dagbag.py:538} INFO - Filling up the DagBag from /opt/airflow/dags/ecommerce_etl.py
[2026-02-06T22:20:19.920+0000] {processor.py:840} INFO - DAG(s) 'ecommerce_etl_pipeline' retrieved from /opt/airflow/dags/ecommerce_etl.py
[2026-02-06T22:20:19.953+0000] {logging_mixin.py:188} INFO - [2026-02-06T22:20:19.953+0000] {dag.py:3036} INFO - Sync 1 DAGs
[2026-02-06T22:20:20.063+0000] {processor.py:183} INFO - Processing /opt/airflow/dags/ecommerce_etl.py took 0.201 seconds
[2026-02-06T22:20:50.370+0000] {processor.py:161} INFO - Started process (PID=2301) to work on /opt/airflow/dags/ecommerce_etl.py
[2026-02-06T22:20:50.372+0000] {processor.py:830} INFO - Processing file /opt/airflow/dags/ecommerce_etl.py for tasks to queue
[2026-02-06T22:20:50.375+0000] {logging_mixin.py:188} INFO - [2026-02-06T22:20:50.374+0000] {dagbag.py:538} INFO - Filling up the DagBag from /opt/airflow/dags/ecommerce_etl.py
[2026-02-06T22:20:50.412+0000] {processor.py:840} INFO - DAG(s) 'ecommerce_etl_pipeline' retrieved from /opt/airflow/dags/ecommerce_etl.py
[2026-02-06T22:20:50.470+0000] {logging_mixin.py:188} INFO - [2026-02-06T22:20:50.469+0000] {dag.py:3036} INFO - Sync 1 DAGs
[2026-02-06T22:20:50.538+0000] {logging_mixin.py:188} INFO - [2026-02-06T22:20:50.537+0000] {dag.py:3823} INFO - Setting next_dagrun for ecommerce_etl_pipeline to 2026-02-06 00:00:00+00:00, run_after=2026-02-07 00:00:00+00:00
[2026-02-06T22:20:50.647+0000] {processor.py:183} INFO - Processing /opt/airflow/dags/ecommerce_etl.py took 0.282 seconds
[2026-02-06T22:21:20.969+0000] {processor.py:161} INFO - Started process (PID=2330) to work on /opt/airflow/dags/ecommerce_etl.py
[2026-02-06T22:21:20.970+0000] {processor.py:830} INFO - Processing file /opt/airflow/dags/ecommerce_etl.py for tasks to queue
[2026-02-06T22:21:20.971+0000] {logging_mixin.py:188} INFO - [2026-02-06T22:21:20.971+0000] {dagbag.py:538} INFO - Filling up the DagBag from /opt/airflow/dags/ecommerce_etl.py
[2026-02-06T22:21:21.003+0000] {processor.py:840} INFO - DAG(s) 'ecommerce_etl_pipeline' retrieved from /opt/airflow/dags/ecommerce_etl.py
[2026-02-06T22:21:21.039+0000] {logging_mixin.py:188} INFO - [2026-02-06T22:21:21.039+0000] {dag.py:3036} INFO - Sync 1 DAGs
[2026-02-06T22:21:21.068+0000] {logging_mixin.py:188} INFO - [2026-02-06T22:21:21.068+0000] {dag.py:3823} INFO - Setting next_dagrun for ecommerce_etl_pipeline to 2026-02-06 00:00:00+00:00, run_after=2026-02-07 00:00:00+00:00
[2026-02-06T22:21:21.097+0000] {processor.py:183} INFO - Processing /opt/airflow/dags/ecommerce_etl.py took 0.132 seconds
[2026-02-06T22:21:51.374+0000] {processor.py:161} INFO - Started process (PID=2359) to work on /opt/airflow/dags/ecommerce_etl.py
[2026-02-06T22:21:51.375+0000] {processor.py:830} INFO - Processing file /opt/airflow/dags/ecommerce_etl.py for tasks to queue
[2026-02-06T22:21:51.376+0000] {logging_mixin.py:188} INFO - [2026-02-06T22:21:51.375+0000] {dagbag.py:538} INFO - Filling up the DagBag from /opt/airflow/dags/ecommerce_etl.py
[2026-02-06T22:21:51.399+0000] {processor.py:840} INFO - DAG(s) 'ecommerce_etl_pipeline' retrieved from /opt/airflow/dags/ecommerce_etl.py
[2026-02-06T22:21:51.429+0000] {logging_mixin.py:188} INFO - [2026-02-06T22:21:51.428+0000] {dag.py:3036} INFO - Sync 1 DAGs
[2026-02-06T22:21:51.453+0000] {logging_mixin.py:188} INFO - [2026-02-06T22:21:51.453+0000] {dag.py:3823} INFO - Setting next_dagrun for ecommerce_etl_pipeline to 2026-02-06 00:00:00+00:00, run_after=2026-02-07 00:00:00+00:00
[2026-02-06T22:21:51.497+0000] {processor.py:183} INFO - Processing /opt/airflow/dags/ecommerce_etl.py took 0.127 seconds
[2026-02-06T22:22:21.814+0000] {processor.py:161} INFO - Started process (PID=2388) to work on /opt/airflow/dags/ecommerce_etl.py
[2026-02-06T22:22:21.821+0000] {processor.py:830} INFO - Processing file /opt/airflow/dags/ecommerce_etl.py for tasks to queue
[2026-02-06T22:22:21.823+0000] {logging_mixin.py:188} INFO - [2026-02-06T22:22:21.823+0000] {dagbag.py:538} INFO - Filling up the DagBag from /opt/airflow/dags/ecommerce_etl.py
[2026-02-06T22:22:21.864+0000] {processor.py:840} INFO - DAG(s) 'ecommerce_etl_pipeline' retrieved from /opt/airflow/dags/ecommerce_etl.py
[2026-02-06T22:22:21.905+0000] {logging_mixin.py:188} INFO - [2026-02-06T22:22:21.904+0000] {dag.py:3036} INFO - Sync 1 DAGs
[2026-02-06T22:22:21.946+0000] {logging_mixin.py:188} INFO - [2026-02-06T22:22:21.946+0000] {dag.py:3823} INFO - Setting next_dagrun for ecommerce_etl_pipeline to 2026-02-06 00:00:00+00:00, run_after=2026-02-07 00:00:00+00:00
[2026-02-06T22:22:21.979+0000] {processor.py:183} INFO - Processing /opt/airflow/dags/ecommerce_etl.py took 0.172 seconds
[2026-02-06T22:22:52.242+0000] {processor.py:161} INFO - Started process (PID=2417) to work on /opt/airflow/dags/ecommerce_etl.py
[2026-02-06T22:22:52.243+0000] {processor.py:830} INFO - Processing file /opt/airflow/dags/ecommerce_etl.py for tasks to queue
[2026-02-06T22:22:52.244+0000] {logging_mixin.py:188} INFO - [2026-02-06T22:22:52.244+0000] {dagbag.py:538} INFO - Filling up the DagBag from /opt/airflow/dags/ecommerce_etl.py
[2026-02-06T22:22:52.278+0000] {processor.py:840} INFO - DAG(s) 'ecommerce_etl_pipeline' retrieved from /opt/airflow/dags/ecommerce_etl.py
[2026-02-06T22:22:52.312+0000] {logging_mixin.py:188} INFO - [2026-02-06T22:22:52.312+0000] {dag.py:3036} INFO - Sync 1 DAGs
[2026-02-06T22:22:52.336+0000] {logging_mixin.py:188} INFO - [2026-02-06T22:22:52.336+0000] {dag.py:3823} INFO - Setting next_dagrun for ecommerce_etl_pipeline to 2026-02-06 00:00:00+00:00, run_after=2026-02-07 00:00:00+00:00
[2026-02-06T22:22:52.360+0000] {processor.py:183} INFO - Processing /opt/airflow/dags/ecommerce_etl.py took 0.122 seconds
[2026-02-06T22:23:22.686+0000] {processor.py:161} INFO - Started process (PID=2446) to work on /opt/airflow/dags/ecommerce_etl.py
[2026-02-06T22:23:22.688+0000] {processor.py:830} INFO - Processing file /opt/airflow/dags/ecommerce_etl.py for tasks to queue
[2026-02-06T22:23:22.690+0000] {logging_mixin.py:188} INFO - [2026-02-06T22:23:22.689+0000] {dagbag.py:538} INFO - Filling up the DagBag from /opt/airflow/dags/ecommerce_etl.py
[2026-02-06T22:23:22.737+0000] {processor.py:840} INFO - DAG(s) 'ecommerce_etl_pipeline' retrieved from /opt/airflow/dags/ecommerce_etl.py
[2026-02-06T22:23:22.776+0000] {logging_mixin.py:188} INFO - [2026-02-06T22:23:22.775+0000] {dag.py:3036} INFO - Sync 1 DAGs
[2026-02-06T22:23:22.808+0000] {logging_mixin.py:188} INFO - [2026-02-06T22:23:22.808+0000] {dag.py:3823} INFO - Setting next_dagrun for ecommerce_etl_pipeline to 2026-02-06 00:00:00+00:00, run_after=2026-02-07 00:00:00+00:00
[2026-02-06T22:23:22.839+0000] {processor.py:183} INFO - Processing /opt/airflow/dags/ecommerce_etl.py took 0.163 seconds
[2026-02-06T22:23:53.155+0000] {processor.py:161} INFO - Started process (PID=2476) to work on /opt/airflow/dags/ecommerce_etl.py
[2026-02-06T22:23:53.156+0000] {processor.py:830} INFO - Processing file /opt/airflow/dags/ecommerce_etl.py for tasks to queue
[2026-02-06T22:23:53.157+0000] {logging_mixin.py:188} INFO - [2026-02-06T22:23:53.157+0000] {dagbag.py:538} INFO - Filling up the DagBag from /opt/airflow/dags/ecommerce_etl.py
[2026-02-06T22:23:53.203+0000] {processor.py:840} INFO - DAG(s) 'ecommerce_etl_pipeline' retrieved from /opt/airflow/dags/ecommerce_etl.py
[2026-02-06T22:23:53.240+0000] {logging_mixin.py:188} INFO - [2026-02-06T22:23:53.240+0000] {dag.py:3036} INFO - Sync 1 DAGs
[2026-02-06T22:23:53.265+0000] {logging_mixin.py:188} INFO - [2026-02-06T22:23:53.265+0000] {dag.py:3823} INFO - Setting next_dagrun for ecommerce_etl_pipeline to 2026-02-06 00:00:00+00:00, run_after=2026-02-07 00:00:00+00:00
[2026-02-06T22:23:53.288+0000] {processor.py:183} INFO - Processing /opt/airflow/dags/ecommerce_etl.py took 0.137 seconds
[2026-02-06T22:24:23.412+0000] {processor.py:161} INFO - Started process (PID=2521) to work on /opt/airflow/dags/ecommerce_etl.py
[2026-02-06T22:24:23.414+0000] {processor.py:830} INFO - Processing file /opt/airflow/dags/ecommerce_etl.py for tasks to queue
[2026-02-06T22:24:23.415+0000] {logging_mixin.py:188} INFO - [2026-02-06T22:24:23.415+0000] {dagbag.py:538} INFO - Filling up the DagBag from /opt/airflow/dags/ecommerce_etl.py
[2026-02-06T22:24:23.459+0000] {processor.py:840} INFO - DAG(s) 'ecommerce_etl_pipeline' retrieved from /opt/airflow/dags/ecommerce_etl.py
[2026-02-06T22:24:23.523+0000] {logging_mixin.py:188} INFO - [2026-02-06T22:24:23.523+0000] {dag.py:3036} INFO - Sync 1 DAGs
[2026-02-06T22:24:23.551+0000] {logging_mixin.py:188} INFO - [2026-02-06T22:24:23.551+0000] {dag.py:3823} INFO - Setting next_dagrun for ecommerce_etl_pipeline to 2026-02-06 00:00:00+00:00, run_after=2026-02-07 00:00:00+00:00
[2026-02-06T22:24:23.573+0000] {processor.py:183} INFO - Processing /opt/airflow/dags/ecommerce_etl.py took 0.165 seconds
[2026-02-06T22:24:53.883+0000] {processor.py:161} INFO - Started process (PID=2546) to work on /opt/airflow/dags/ecommerce_etl.py
[2026-02-06T22:24:53.890+0000] {processor.py:830} INFO - Processing file /opt/airflow/dags/ecommerce_etl.py for tasks to queue
[2026-02-06T22:24:53.901+0000] {logging_mixin.py:188} INFO - [2026-02-06T22:24:53.901+0000] {dagbag.py:538} INFO - Filling up the DagBag from /opt/airflow/dags/ecommerce_etl.py
[2026-02-06T22:24:54.099+0000] {processor.py:840} INFO - DAG(s) 'ecommerce_etl_pipeline' retrieved from /opt/airflow/dags/ecommerce_etl.py
[2026-02-06T22:24:54.319+0000] {logging_mixin.py:188} INFO - [2026-02-06T22:24:54.319+0000] {dag.py:3036} INFO - Sync 1 DAGs
[2026-02-06T22:24:54.402+0000] {logging_mixin.py:188} INFO - [2026-02-06T22:24:54.401+0000] {dag.py:3823} INFO - Setting next_dagrun for ecommerce_etl_pipeline to 2026-02-06 00:00:00+00:00, run_after=2026-02-07 00:00:00+00:00
[2026-02-06T22:24:54.525+0000] {processor.py:183} INFO - Processing /opt/airflow/dags/ecommerce_etl.py took 0.648 seconds
[2026-02-06T22:25:24.967+0000] {processor.py:161} INFO - Started process (PID=2575) to work on /opt/airflow/dags/ecommerce_etl.py
[2026-02-06T22:25:24.969+0000] {processor.py:830} INFO - Processing file /opt/airflow/dags/ecommerce_etl.py for tasks to queue
[2026-02-06T22:25:24.971+0000] {logging_mixin.py:188} INFO - [2026-02-06T22:25:24.971+0000] {dagbag.py:538} INFO - Filling up the DagBag from /opt/airflow/dags/ecommerce_etl.py
[2026-02-06T22:25:25.024+0000] {processor.py:840} INFO - DAG(s) 'ecommerce_etl_pipeline' retrieved from /opt/airflow/dags/ecommerce_etl.py
[2026-02-06T22:25:25.082+0000] {logging_mixin.py:188} INFO - [2026-02-06T22:25:25.081+0000] {dag.py:3036} INFO - Sync 1 DAGs
[2026-02-06T22:25:25.118+0000] {logging_mixin.py:188} INFO - [2026-02-06T22:25:25.117+0000] {dag.py:3823} INFO - Setting next_dagrun for ecommerce_etl_pipeline to 2026-02-06 00:00:00+00:00, run_after=2026-02-07 00:00:00+00:00
[2026-02-06T22:25:25.157+0000] {processor.py:183} INFO - Processing /opt/airflow/dags/ecommerce_etl.py took 0.195 seconds
[2026-02-06T22:25:55.496+0000] {processor.py:161} INFO - Started process (PID=2604) to work on /opt/airflow/dags/ecommerce_etl.py
[2026-02-06T22:25:55.498+0000] {processor.py:830} INFO - Processing file /opt/airflow/dags/ecommerce_etl.py for tasks to queue
[2026-02-06T22:25:55.499+0000] {logging_mixin.py:188} INFO - [2026-02-06T22:25:55.498+0000] {dagbag.py:538} INFO - Filling up the DagBag from /opt/airflow/dags/ecommerce_etl.py
[2026-02-06T22:25:55.529+0000] {processor.py:840} INFO - DAG(s) 'ecommerce_etl_pipeline' retrieved from /opt/airflow/dags/ecommerce_etl.py
[2026-02-06T22:25:55.570+0000] {logging_mixin.py:188} INFO - [2026-02-06T22:25:55.570+0000] {dag.py:3036} INFO - Sync 1 DAGs
[2026-02-06T22:25:55.607+0000] {logging_mixin.py:188} INFO - [2026-02-06T22:25:55.607+0000] {dag.py:3823} INFO - Setting next_dagrun for ecommerce_etl_pipeline to 2026-02-06 00:00:00+00:00, run_after=2026-02-07 00:00:00+00:00
[2026-02-06T22:25:55.636+0000] {processor.py:183} INFO - Processing /opt/airflow/dags/ecommerce_etl.py took 0.144 seconds
[2026-02-06T22:26:25.744+0000] {processor.py:161} INFO - Started process (PID=2633) to work on /opt/airflow/dags/ecommerce_etl.py
[2026-02-06T22:26:25.746+0000] {processor.py:830} INFO - Processing file /opt/airflow/dags/ecommerce_etl.py for tasks to queue
[2026-02-06T22:26:25.747+0000] {logging_mixin.py:188} INFO - [2026-02-06T22:26:25.747+0000] {dagbag.py:538} INFO - Filling up the DagBag from /opt/airflow/dags/ecommerce_etl.py
[2026-02-06T22:26:25.780+0000] {processor.py:840} INFO - DAG(s) 'ecommerce_etl_pipeline' retrieved from /opt/airflow/dags/ecommerce_etl.py
[2026-02-06T22:26:25.817+0000] {logging_mixin.py:188} INFO - [2026-02-06T22:26:25.817+0000] {dag.py:3036} INFO - Sync 1 DAGs
[2026-02-06T22:26:25.843+0000] {logging_mixin.py:188} INFO - [2026-02-06T22:26:25.843+0000] {dag.py:3823} INFO - Setting next_dagrun for ecommerce_etl_pipeline to 2026-02-06 00:00:00+00:00, run_after=2026-02-07 00:00:00+00:00
[2026-02-06T22:26:25.866+0000] {processor.py:183} INFO - Processing /opt/airflow/dags/ecommerce_etl.py took 0.129 seconds
[2026-02-06T22:26:56.136+0000] {processor.py:161} INFO - Started process (PID=2662) to work on /opt/airflow/dags/ecommerce_etl.py
[2026-02-06T22:26:56.137+0000] {processor.py:830} INFO - Processing file /opt/airflow/dags/ecommerce_etl.py for tasks to queue
[2026-02-06T22:26:56.138+0000] {logging_mixin.py:188} INFO - [2026-02-06T22:26:56.138+0000] {dagbag.py:538} INFO - Filling up the DagBag from /opt/airflow/dags/ecommerce_etl.py
[2026-02-06T22:26:56.176+0000] {processor.py:840} INFO - DAG(s) 'ecommerce_etl_pipeline' retrieved from /opt/airflow/dags/ecommerce_etl.py
[2026-02-06T22:26:56.219+0000] {logging_mixin.py:188} INFO - [2026-02-06T22:26:56.219+0000] {dag.py:3036} INFO - Sync 1 DAGs
[2026-02-06T22:26:56.252+0000] {logging_mixin.py:188} INFO - [2026-02-06T22:26:56.251+0000] {dag.py:3823} INFO - Setting next_dagrun for ecommerce_etl_pipeline to 2026-02-06 00:00:00+00:00, run_after=2026-02-07 00:00:00+00:00
[2026-02-06T22:26:56.277+0000] {processor.py:183} INFO - Processing /opt/airflow/dags/ecommerce_etl.py took 0.144 seconds
[2026-02-06T22:27:26.568+0000] {processor.py:161} INFO - Started process (PID=2691) to work on /opt/airflow/dags/ecommerce_etl.py
[2026-02-06T22:27:26.569+0000] {processor.py:830} INFO - Processing file /opt/airflow/dags/ecommerce_etl.py for tasks to queue
[2026-02-06T22:27:26.571+0000] {logging_mixin.py:188} INFO - [2026-02-06T22:27:26.570+0000] {dagbag.py:538} INFO - Filling up the DagBag from /opt/airflow/dags/ecommerce_etl.py
[2026-02-06T22:27:26.603+0000] {processor.py:840} INFO - DAG(s) 'ecommerce_etl_pipeline' retrieved from /opt/airflow/dags/ecommerce_etl.py
[2026-02-06T22:27:26.641+0000] {logging_mixin.py:188} INFO - [2026-02-06T22:27:26.641+0000] {dag.py:3036} INFO - Sync 1 DAGs
[2026-02-06T22:27:26.668+0000] {logging_mixin.py:188} INFO - [2026-02-06T22:27:26.668+0000] {dag.py:3823} INFO - Setting next_dagrun for ecommerce_etl_pipeline to 2026-02-06 00:00:00+00:00, run_after=2026-02-07 00:00:00+00:00
[2026-02-06T22:27:26.690+0000] {processor.py:183} INFO - Processing /opt/airflow/dags/ecommerce_etl.py took 0.127 seconds
[2026-02-06T22:27:56.955+0000] {processor.py:161} INFO - Started process (PID=2720) to work on /opt/airflow/dags/ecommerce_etl.py
[2026-02-06T22:27:56.957+0000] {processor.py:830} INFO - Processing file /opt/airflow/dags/ecommerce_etl.py for tasks to queue
[2026-02-06T22:27:56.959+0000] {logging_mixin.py:188} INFO - [2026-02-06T22:27:56.958+0000] {dagbag.py:538} INFO - Filling up the DagBag from /opt/airflow/dags/ecommerce_etl.py
[2026-02-06T22:27:57.000+0000] {processor.py:840} INFO - DAG(s) 'ecommerce_etl_pipeline' retrieved from /opt/airflow/dags/ecommerce_etl.py
[2026-02-06T22:27:57.053+0000] {logging_mixin.py:188} INFO - [2026-02-06T22:27:57.053+0000] {dag.py:3036} INFO - Sync 1 DAGs
[2026-02-06T22:27:57.084+0000] {logging_mixin.py:188} INFO - [2026-02-06T22:27:57.084+0000] {dag.py:3823} INFO - Setting next_dagrun for ecommerce_etl_pipeline to 2026-02-06 00:00:00+00:00, run_after=2026-02-07 00:00:00+00:00
[2026-02-06T22:27:57.168+0000] {processor.py:183} INFO - Processing /opt/airflow/dags/ecommerce_etl.py took 0.219 seconds
[2026-02-06T22:28:27.289+0000] {processor.py:161} INFO - Started process (PID=2749) to work on /opt/airflow/dags/ecommerce_etl.py
[2026-02-06T22:28:27.290+0000] {processor.py:830} INFO - Processing file /opt/airflow/dags/ecommerce_etl.py for tasks to queue
[2026-02-06T22:28:27.291+0000] {logging_mixin.py:188} INFO - [2026-02-06T22:28:27.291+0000] {dagbag.py:538} INFO - Filling up the DagBag from /opt/airflow/dags/ecommerce_etl.py
[2026-02-06T22:28:27.311+0000] {processor.py:840} INFO - DAG(s) 'ecommerce_etl_pipeline' retrieved from /opt/airflow/dags/ecommerce_etl.py
[2026-02-06T22:28:27.338+0000] {logging_mixin.py:188} INFO - [2026-02-06T22:28:27.338+0000] {dag.py:3036} INFO - Sync 1 DAGs
[2026-02-06T22:28:27.357+0000] {logging_mixin.py:188} INFO - [2026-02-06T22:28:27.357+0000] {dag.py:3823} INFO - Setting next_dagrun for ecommerce_etl_pipeline to 2026-02-06 00:00:00+00:00, run_after=2026-02-07 00:00:00+00:00
[2026-02-06T22:28:27.374+0000] {processor.py:183} INFO - Processing /opt/airflow/dags/ecommerce_etl.py took 0.088 seconds
[2026-02-06T22:28:57.539+0000] {processor.py:161} INFO - Started process (PID=2763) to work on /opt/airflow/dags/ecommerce_etl.py
[2026-02-06T22:28:57.541+0000] {processor.py:830} INFO - Processing file /opt/airflow/dags/ecommerce_etl.py for tasks to queue
[2026-02-06T22:28:57.542+0000] {logging_mixin.py:188} INFO - [2026-02-06T22:28:57.541+0000] {dagbag.py:538} INFO - Filling up the DagBag from /opt/airflow/dags/ecommerce_etl.py
[2026-02-06T22:28:57.566+0000] {processor.py:840} INFO - DAG(s) 'ecommerce_etl_pipeline' retrieved from /opt/airflow/dags/ecommerce_etl.py
[2026-02-06T22:28:57.597+0000] {logging_mixin.py:188} INFO - [2026-02-06T22:28:57.597+0000] {dag.py:3036} INFO - Sync 1 DAGs
[2026-02-06T22:28:57.623+0000] {logging_mixin.py:188} INFO - [2026-02-06T22:28:57.623+0000] {dag.py:3823} INFO - Setting next_dagrun for ecommerce_etl_pipeline to 2026-02-06 00:00:00+00:00, run_after=2026-02-07 00:00:00+00:00
[2026-02-06T22:28:57.649+0000] {processor.py:183} INFO - Processing /opt/airflow/dags/ecommerce_etl.py took 0.113 seconds
[2026-02-06T22:29:27.914+0000] {processor.py:161} INFO - Started process (PID=2789) to work on /opt/airflow/dags/ecommerce_etl.py
[2026-02-06T22:29:27.915+0000] {processor.py:830} INFO - Processing file /opt/airflow/dags/ecommerce_etl.py for tasks to queue
[2026-02-06T22:29:27.916+0000] {logging_mixin.py:188} INFO - [2026-02-06T22:29:27.916+0000] {dagbag.py:538} INFO - Filling up the DagBag from /opt/airflow/dags/ecommerce_etl.py
[2026-02-06T22:29:27.938+0000] {processor.py:840} INFO - DAG(s) 'ecommerce_etl_pipeline' retrieved from /opt/airflow/dags/ecommerce_etl.py
[2026-02-06T22:29:27.965+0000] {logging_mixin.py:188} INFO - [2026-02-06T22:29:27.965+0000] {dag.py:3036} INFO - Sync 1 DAGs
[2026-02-06T22:29:27.985+0000] {logging_mixin.py:188} INFO - [2026-02-06T22:29:27.985+0000] {dag.py:3823} INFO - Setting next_dagrun for ecommerce_etl_pipeline to 2026-02-06 00:00:00+00:00, run_after=2026-02-07 00:00:00+00:00
[2026-02-06T22:29:28.003+0000] {processor.py:183} INFO - Processing /opt/airflow/dags/ecommerce_etl.py took 0.092 seconds
[2026-02-06T22:29:58.163+0000] {processor.py:161} INFO - Started process (PID=2818) to work on /opt/airflow/dags/ecommerce_etl.py
[2026-02-06T22:29:58.164+0000] {processor.py:830} INFO - Processing file /opt/airflow/dags/ecommerce_etl.py for tasks to queue
[2026-02-06T22:29:58.165+0000] {logging_mixin.py:188} INFO - [2026-02-06T22:29:58.165+0000] {dagbag.py:538} INFO - Filling up the DagBag from /opt/airflow/dags/ecommerce_etl.py
[2026-02-06T22:29:58.197+0000] {processor.py:840} INFO - DAG(s) 'ecommerce_etl_pipeline' retrieved from /opt/airflow/dags/ecommerce_etl.py
[2026-02-06T22:29:58.232+0000] {logging_mixin.py:188} INFO - [2026-02-06T22:29:58.232+0000] {dag.py:3036} INFO - Sync 1 DAGs
[2026-02-06T22:29:58.265+0000] {logging_mixin.py:188} INFO - [2026-02-06T22:29:58.264+0000] {dag.py:3823} INFO - Setting next_dagrun for ecommerce_etl_pipeline to 2026-02-06 00:00:00+00:00, run_after=2026-02-07 00:00:00+00:00
[2026-02-06T22:29:58.290+0000] {processor.py:183} INFO - Processing /opt/airflow/dags/ecommerce_etl.py took 0.135 seconds
[2026-02-06T22:30:28.518+0000] {processor.py:161} INFO - Started process (PID=2847) to work on /opt/airflow/dags/ecommerce_etl.py
[2026-02-06T22:30:28.519+0000] {processor.py:830} INFO - Processing file /opt/airflow/dags/ecommerce_etl.py for tasks to queue
[2026-02-06T22:30:28.521+0000] {logging_mixin.py:188} INFO - [2026-02-06T22:30:28.520+0000] {dagbag.py:538} INFO - Filling up the DagBag from /opt/airflow/dags/ecommerce_etl.py
[2026-02-06T22:30:28.557+0000] {processor.py:840} INFO - DAG(s) 'ecommerce_etl_pipeline' retrieved from /opt/airflow/dags/ecommerce_etl.py
[2026-02-06T22:30:28.602+0000] {logging_mixin.py:188} INFO - [2026-02-06T22:30:28.601+0000] {dag.py:3036} INFO - Sync 1 DAGs
[2026-02-06T22:30:28.627+0000] {logging_mixin.py:188} INFO - [2026-02-06T22:30:28.627+0000] {dag.py:3823} INFO - Setting next_dagrun for ecommerce_etl_pipeline to 2026-02-06 00:00:00+00:00, run_after=2026-02-07 00:00:00+00:00
[2026-02-06T22:30:28.653+0000] {processor.py:183} INFO - Processing /opt/airflow/dags/ecommerce_etl.py took 0.141 seconds
[2026-02-06T22:30:58.795+0000] {processor.py:161} INFO - Started process (PID=2877) to work on /opt/airflow/dags/ecommerce_etl.py
[2026-02-06T22:30:58.797+0000] {processor.py:830} INFO - Processing file /opt/airflow/dags/ecommerce_etl.py for tasks to queue
[2026-02-06T22:30:58.798+0000] {logging_mixin.py:188} INFO - [2026-02-06T22:30:58.797+0000] {dagbag.py:538} INFO - Filling up the DagBag from /opt/airflow/dags/ecommerce_etl.py
[2026-02-06T22:30:58.819+0000] {processor.py:840} INFO - DAG(s) 'ecommerce_etl_pipeline' retrieved from /opt/airflow/dags/ecommerce_etl.py
[2026-02-06T22:30:58.848+0000] {logging_mixin.py:188} INFO - [2026-02-06T22:30:58.848+0000] {dag.py:3036} INFO - Sync 1 DAGs
[2026-02-06T22:30:58.868+0000] {logging_mixin.py:188} INFO - [2026-02-06T22:30:58.868+0000] {dag.py:3823} INFO - Setting next_dagrun for ecommerce_etl_pipeline to 2026-02-06 00:00:00+00:00, run_after=2026-02-07 00:00:00+00:00
[2026-02-06T22:30:58.888+0000] {processor.py:183} INFO - Processing /opt/airflow/dags/ecommerce_etl.py took 0.096 seconds
[2026-02-06T22:31:29.193+0000] {processor.py:161} INFO - Started process (PID=2906) to work on /opt/airflow/dags/ecommerce_etl.py
[2026-02-06T22:31:29.195+0000] {processor.py:830} INFO - Processing file /opt/airflow/dags/ecommerce_etl.py for tasks to queue
[2026-02-06T22:31:29.196+0000] {logging_mixin.py:188} INFO - [2026-02-06T22:31:29.196+0000] {dagbag.py:538} INFO - Filling up the DagBag from /opt/airflow/dags/ecommerce_etl.py
[2026-02-06T22:31:29.245+0000] {processor.py:840} INFO - DAG(s) 'ecommerce_etl_pipeline' retrieved from /opt/airflow/dags/ecommerce_etl.py
[2026-02-06T22:31:29.299+0000] {logging_mixin.py:188} INFO - [2026-02-06T22:31:29.298+0000] {dag.py:3036} INFO - Sync 1 DAGs
[2026-02-06T22:31:29.338+0000] {logging_mixin.py:188} INFO - [2026-02-06T22:31:29.338+0000] {dag.py:3823} INFO - Setting next_dagrun for ecommerce_etl_pipeline to 2026-02-06 00:00:00+00:00, run_after=2026-02-07 00:00:00+00:00
[2026-02-06T22:31:29.378+0000] {processor.py:183} INFO - Processing /opt/airflow/dags/ecommerce_etl.py took 0.190 seconds
[2026-02-06T22:31:59.444+0000] {processor.py:161} INFO - Started process (PID=2935) to work on /opt/airflow/dags/ecommerce_etl.py
[2026-02-06T22:31:59.446+0000] {processor.py:830} INFO - Processing file /opt/airflow/dags/ecommerce_etl.py for tasks to queue
[2026-02-06T22:31:59.447+0000] {logging_mixin.py:188} INFO - [2026-02-06T22:31:59.446+0000] {dagbag.py:538} INFO - Filling up the DagBag from /opt/airflow/dags/ecommerce_etl.py
[2026-02-06T22:31:59.502+0000] {processor.py:840} INFO - DAG(s) 'ecommerce_etl_pipeline' retrieved from /opt/airflow/dags/ecommerce_etl.py
[2026-02-06T22:31:59.539+0000] {logging_mixin.py:188} INFO - [2026-02-06T22:31:59.538+0000] {dag.py:3036} INFO - Sync 1 DAGs
[2026-02-06T22:31:59.570+0000] {logging_mixin.py:188} INFO - [2026-02-06T22:31:59.569+0000] {dag.py:3823} INFO - Setting next_dagrun for ecommerce_etl_pipeline to 2026-02-06 00:00:00+00:00, run_after=2026-02-07 00:00:00+00:00
[2026-02-06T22:31:59.594+0000] {processor.py:183} INFO - Processing /opt/airflow/dags/ecommerce_etl.py took 0.154 seconds
[2026-02-06T22:32:29.864+0000] {processor.py:161} INFO - Started process (PID=2964) to work on /opt/airflow/dags/ecommerce_etl.py
[2026-02-06T22:32:29.866+0000] {processor.py:830} INFO - Processing file /opt/airflow/dags/ecommerce_etl.py for tasks to queue
[2026-02-06T22:32:29.867+0000] {logging_mixin.py:188} INFO - [2026-02-06T22:32:29.867+0000] {dagbag.py:538} INFO - Filling up the DagBag from /opt/airflow/dags/ecommerce_etl.py
[2026-02-06T22:32:29.902+0000] {processor.py:840} INFO - DAG(s) 'ecommerce_etl_pipeline' retrieved from /opt/airflow/dags/ecommerce_etl.py
[2026-02-06T22:32:29.934+0000] {logging_mixin.py:188} INFO - [2026-02-06T22:32:29.934+0000] {dag.py:3036} INFO - Sync 1 DAGs
[2026-02-06T22:32:29.961+0000] {logging_mixin.py:188} INFO - [2026-02-06T22:32:29.961+0000] {dag.py:3823} INFO - Setting next_dagrun for ecommerce_etl_pipeline to 2026-02-06 00:00:00+00:00, run_after=2026-02-07 00:00:00+00:00
[2026-02-06T22:32:29.986+0000] {processor.py:183} INFO - Processing /opt/airflow/dags/ecommerce_etl.py took 0.131 seconds
[2026-02-06T22:33:00.266+0000] {processor.py:161} INFO - Started process (PID=2993) to work on /opt/airflow/dags/ecommerce_etl.py
[2026-02-06T22:33:00.268+0000] {processor.py:830} INFO - Processing file /opt/airflow/dags/ecommerce_etl.py for tasks to queue
[2026-02-06T22:33:00.269+0000] {logging_mixin.py:188} INFO - [2026-02-06T22:33:00.268+0000] {dagbag.py:538} INFO - Filling up the DagBag from /opt/airflow/dags/ecommerce_etl.py
[2026-02-06T22:33:00.301+0000] {processor.py:840} INFO - DAG(s) 'ecommerce_etl_pipeline' retrieved from /opt/airflow/dags/ecommerce_etl.py
[2026-02-06T22:33:00.332+0000] {logging_mixin.py:188} INFO - [2026-02-06T22:33:00.331+0000] {dag.py:3036} INFO - Sync 1 DAGs
[2026-02-06T22:33:00.354+0000] {logging_mixin.py:188} INFO - [2026-02-06T22:33:00.354+0000] {dag.py:3823} INFO - Setting next_dagrun for ecommerce_etl_pipeline to 2026-02-06 00:00:00+00:00, run_after=2026-02-07 00:00:00+00:00
[2026-02-06T22:33:00.379+0000] {processor.py:183} INFO - Processing /opt/airflow/dags/ecommerce_etl.py took 0.120 seconds
[2026-02-06T22:33:30.511+0000] {processor.py:161} INFO - Started process (PID=3007) to work on /opt/airflow/dags/ecommerce_etl.py
[2026-02-06T22:33:30.512+0000] {processor.py:830} INFO - Processing file /opt/airflow/dags/ecommerce_etl.py for tasks to queue
[2026-02-06T22:33:30.513+0000] {logging_mixin.py:188} INFO - [2026-02-06T22:33:30.512+0000] {dagbag.py:538} INFO - Filling up the DagBag from /opt/airflow/dags/ecommerce_etl.py
[2026-02-06T22:33:30.536+0000] {processor.py:840} INFO - DAG(s) 'ecommerce_etl_pipeline' retrieved from /opt/airflow/dags/ecommerce_etl.py
[2026-02-06T22:33:30.566+0000] {logging_mixin.py:188} INFO - [2026-02-06T22:33:30.566+0000] {dag.py:3036} INFO - Sync 1 DAGs
[2026-02-06T22:33:30.588+0000] {logging_mixin.py:188} INFO - [2026-02-06T22:33:30.588+0000] {dag.py:3823} INFO - Setting next_dagrun for ecommerce_etl_pipeline to 2026-02-06 00:00:00+00:00, run_after=2026-02-07 00:00:00+00:00
[2026-02-06T22:33:30.609+0000] {processor.py:183} INFO - Processing /opt/airflow/dags/ecommerce_etl.py took 0.102 seconds
[2026-02-06T22:34:00.841+0000] {processor.py:161} INFO - Started process (PID=3033) to work on /opt/airflow/dags/ecommerce_etl.py
[2026-02-06T22:34:00.843+0000] {processor.py:830} INFO - Processing file /opt/airflow/dags/ecommerce_etl.py for tasks to queue
[2026-02-06T22:34:00.844+0000] {logging_mixin.py:188} INFO - [2026-02-06T22:34:00.843+0000] {dagbag.py:538} INFO - Filling up the DagBag from /opt/airflow/dags/ecommerce_etl.py
[2026-02-06T22:34:00.878+0000] {processor.py:840} INFO - DAG(s) 'ecommerce_etl_pipeline' retrieved from /opt/airflow/dags/ecommerce_etl.py
[2026-02-06T22:34:00.913+0000] {logging_mixin.py:188} INFO - [2026-02-06T22:34:00.913+0000] {dag.py:3036} INFO - Sync 1 DAGs
[2026-02-06T22:34:00.940+0000] {logging_mixin.py:188} INFO - [2026-02-06T22:34:00.939+0000] {dag.py:3823} INFO - Setting next_dagrun for ecommerce_etl_pipeline to 2026-02-06 00:00:00+00:00, run_after=2026-02-07 00:00:00+00:00
[2026-02-06T22:34:00.962+0000] {processor.py:183} INFO - Processing /opt/airflow/dags/ecommerce_etl.py took 0.124 seconds
[2026-02-06T22:34:31.196+0000] {processor.py:161} INFO - Started process (PID=3062) to work on /opt/airflow/dags/ecommerce_etl.py
[2026-02-06T22:34:31.197+0000] {processor.py:830} INFO - Processing file /opt/airflow/dags/ecommerce_etl.py for tasks to queue
[2026-02-06T22:34:31.198+0000] {logging_mixin.py:188} INFO - [2026-02-06T22:34:31.198+0000] {dagbag.py:538} INFO - Filling up the DagBag from /opt/airflow/dags/ecommerce_etl.py
[2026-02-06T22:34:31.220+0000] {processor.py:840} INFO - DAG(s) 'ecommerce_etl_pipeline' retrieved from /opt/airflow/dags/ecommerce_etl.py
[2026-02-06T22:34:31.251+0000] {logging_mixin.py:188} INFO - [2026-02-06T22:34:31.251+0000] {dag.py:3036} INFO - Sync 1 DAGs
[2026-02-06T22:34:31.271+0000] {logging_mixin.py:188} INFO - [2026-02-06T22:34:31.271+0000] {dag.py:3823} INFO - Setting next_dagrun for ecommerce_etl_pipeline to 2026-02-06 00:00:00+00:00, run_after=2026-02-07 00:00:00+00:00
[2026-02-06T22:34:31.294+0000] {processor.py:183} INFO - Processing /opt/airflow/dags/ecommerce_etl.py took 0.102 seconds
[2026-02-06T22:35:01.581+0000] {processor.py:161} INFO - Started process (PID=3091) to work on /opt/airflow/dags/ecommerce_etl.py
[2026-02-06T22:35:01.583+0000] {processor.py:830} INFO - Processing file /opt/airflow/dags/ecommerce_etl.py for tasks to queue
[2026-02-06T22:35:01.584+0000] {logging_mixin.py:188} INFO - [2026-02-06T22:35:01.584+0000] {dagbag.py:538} INFO - Filling up the DagBag from /opt/airflow/dags/ecommerce_etl.py
[2026-02-06T22:35:01.629+0000] {processor.py:840} INFO - DAG(s) 'ecommerce_etl_pipeline' retrieved from /opt/airflow/dags/ecommerce_etl.py
[2026-02-06T22:35:01.674+0000] {logging_mixin.py:188} INFO - [2026-02-06T22:35:01.674+0000] {dag.py:3036} INFO - Sync 1 DAGs
[2026-02-06T22:35:01.705+0000] {logging_mixin.py:188} INFO - [2026-02-06T22:35:01.704+0000] {dag.py:3823} INFO - Setting next_dagrun for ecommerce_etl_pipeline to 2026-02-06 00:00:00+00:00, run_after=2026-02-07 00:00:00+00:00
[2026-02-06T22:35:01.736+0000] {processor.py:183} INFO - Processing /opt/airflow/dags/ecommerce_etl.py took 0.160 seconds
[2026-02-06T22:35:32.137+0000] {processor.py:161} INFO - Started process (PID=3120) to work on /opt/airflow/dags/ecommerce_etl.py
[2026-02-06T22:35:32.138+0000] {processor.py:830} INFO - Processing file /opt/airflow/dags/ecommerce_etl.py for tasks to queue
[2026-02-06T22:35:32.139+0000] {logging_mixin.py:188} INFO - [2026-02-06T22:35:32.139+0000] {dagbag.py:538} INFO - Filling up the DagBag from /opt/airflow/dags/ecommerce_etl.py
[2026-02-06T22:35:32.162+0000] {processor.py:840} INFO - DAG(s) 'ecommerce_etl_pipeline' retrieved from /opt/airflow/dags/ecommerce_etl.py
[2026-02-06T22:35:32.192+0000] {logging_mixin.py:188} INFO - [2026-02-06T22:35:32.192+0000] {dag.py:3036} INFO - Sync 1 DAGs
[2026-02-06T22:35:32.215+0000] {logging_mixin.py:188} INFO - [2026-02-06T22:35:32.215+0000] {dag.py:3823} INFO - Setting next_dagrun for ecommerce_etl_pipeline to 2026-02-06 00:00:00+00:00, run_after=2026-02-07 00:00:00+00:00
[2026-02-06T22:35:32.235+0000] {processor.py:183} INFO - Processing /opt/airflow/dags/ecommerce_etl.py took 0.105 seconds
[2026-02-06T22:36:02.518+0000] {processor.py:161} INFO - Started process (PID=3149) to work on /opt/airflow/dags/ecommerce_etl.py
[2026-02-06T22:36:02.520+0000] {processor.py:830} INFO - Processing file /opt/airflow/dags/ecommerce_etl.py for tasks to queue
[2026-02-06T22:36:02.520+0000] {logging_mixin.py:188} INFO - [2026-02-06T22:36:02.520+0000] {dagbag.py:538} INFO - Filling up the DagBag from /opt/airflow/dags/ecommerce_etl.py
[2026-02-06T22:36:02.542+0000] {processor.py:840} INFO - DAG(s) 'ecommerce_etl_pipeline' retrieved from /opt/airflow/dags/ecommerce_etl.py
[2026-02-06T22:36:02.570+0000] {logging_mixin.py:188} INFO - [2026-02-06T22:36:02.569+0000] {dag.py:3036} INFO - Sync 1 DAGs
[2026-02-06T22:36:02.592+0000] {logging_mixin.py:188} INFO - [2026-02-06T22:36:02.591+0000] {dag.py:3823} INFO - Setting next_dagrun for ecommerce_etl_pipeline to 2026-02-06 00:00:00+00:00, run_after=2026-02-07 00:00:00+00:00
[2026-02-06T22:36:02.610+0000] {processor.py:183} INFO - Processing /opt/airflow/dags/ecommerce_etl.py took 0.095 seconds
[2026-02-06T22:36:32.857+0000] {processor.py:161} INFO - Started process (PID=3178) to work on /opt/airflow/dags/ecommerce_etl.py
[2026-02-06T22:36:32.859+0000] {processor.py:830} INFO - Processing file /opt/airflow/dags/ecommerce_etl.py for tasks to queue
[2026-02-06T22:36:32.860+0000] {logging_mixin.py:188} INFO - [2026-02-06T22:36:32.859+0000] {dagbag.py:538} INFO - Filling up the DagBag from /opt/airflow/dags/ecommerce_etl.py
[2026-02-06T22:36:32.885+0000] {processor.py:840} INFO - DAG(s) 'ecommerce_etl_pipeline' retrieved from /opt/airflow/dags/ecommerce_etl.py
[2026-02-06T22:36:32.913+0000] {logging_mixin.py:188} INFO - [2026-02-06T22:36:32.913+0000] {dag.py:3036} INFO - Sync 1 DAGs
[2026-02-06T22:36:32.935+0000] {logging_mixin.py:188} INFO - [2026-02-06T22:36:32.934+0000] {dag.py:3823} INFO - Setting next_dagrun for ecommerce_etl_pipeline to 2026-02-06 00:00:00+00:00, run_after=2026-02-07 00:00:00+00:00
[2026-02-06T22:36:32.954+0000] {processor.py:183} INFO - Processing /opt/airflow/dags/ecommerce_etl.py took 0.101 seconds
[2026-02-06T22:37:03.247+0000] {processor.py:161} INFO - Started process (PID=3207) to work on /opt/airflow/dags/ecommerce_etl.py
[2026-02-06T22:37:03.248+0000] {processor.py:830} INFO - Processing file /opt/airflow/dags/ecommerce_etl.py for tasks to queue
[2026-02-06T22:37:03.249+0000] {logging_mixin.py:188} INFO - [2026-02-06T22:37:03.249+0000] {dagbag.py:538} INFO - Filling up the DagBag from /opt/airflow/dags/ecommerce_etl.py
[2026-02-06T22:37:03.273+0000] {processor.py:840} INFO - DAG(s) 'ecommerce_etl_pipeline' retrieved from /opt/airflow/dags/ecommerce_etl.py
[2026-02-06T22:37:03.301+0000] {logging_mixin.py:188} INFO - [2026-02-06T22:37:03.301+0000] {dag.py:3036} INFO - Sync 1 DAGs
[2026-02-06T22:37:03.323+0000] {logging_mixin.py:188} INFO - [2026-02-06T22:37:03.322+0000] {dag.py:3823} INFO - Setting next_dagrun for ecommerce_etl_pipeline to 2026-02-06 00:00:00+00:00, run_after=2026-02-07 00:00:00+00:00
[2026-02-06T22:37:03.349+0000] {processor.py:183} INFO - Processing /opt/airflow/dags/ecommerce_etl.py took 0.105 seconds
[2026-02-06T22:37:33.474+0000] {processor.py:161} INFO - Started process (PID=3236) to work on /opt/airflow/dags/ecommerce_etl.py
[2026-02-06T22:37:33.476+0000] {processor.py:830} INFO - Processing file /opt/airflow/dags/ecommerce_etl.py for tasks to queue
[2026-02-06T22:37:33.477+0000] {logging_mixin.py:188} INFO - [2026-02-06T22:37:33.476+0000] {dagbag.py:538} INFO - Filling up the DagBag from /opt/airflow/dags/ecommerce_etl.py
[2026-02-06T22:37:33.497+0000] {processor.py:840} INFO - DAG(s) 'ecommerce_etl_pipeline' retrieved from /opt/airflow/dags/ecommerce_etl.py
[2026-02-06T22:37:33.525+0000] {logging_mixin.py:188} INFO - [2026-02-06T22:37:33.524+0000] {dag.py:3036} INFO - Sync 1 DAGs
[2026-02-06T22:37:33.545+0000] {logging_mixin.py:188} INFO - [2026-02-06T22:37:33.545+0000] {dag.py:3823} INFO - Setting next_dagrun for ecommerce_etl_pipeline to 2026-02-06 00:00:00+00:00, run_after=2026-02-07 00:00:00+00:00
[2026-02-06T22:37:33.568+0000] {processor.py:183} INFO - Processing /opt/airflow/dags/ecommerce_etl.py took 0.097 seconds
[2026-02-06T22:38:03.709+0000] {processor.py:161} INFO - Started process (PID=3250) to work on /opt/airflow/dags/ecommerce_etl.py
[2026-02-06T22:38:03.710+0000] {processor.py:830} INFO - Processing file /opt/airflow/dags/ecommerce_etl.py for tasks to queue
[2026-02-06T22:38:03.711+0000] {logging_mixin.py:188} INFO - [2026-02-06T22:38:03.711+0000] {dagbag.py:538} INFO - Filling up the DagBag from /opt/airflow/dags/ecommerce_etl.py
[2026-02-06T22:38:03.733+0000] {processor.py:840} INFO - DAG(s) 'ecommerce_etl_pipeline' retrieved from /opt/airflow/dags/ecommerce_etl.py
[2026-02-06T22:38:03.762+0000] {logging_mixin.py:188} INFO - [2026-02-06T22:38:03.762+0000] {dag.py:3036} INFO - Sync 1 DAGs
[2026-02-06T22:38:03.784+0000] {logging_mixin.py:188} INFO - [2026-02-06T22:38:03.784+0000] {dag.py:3823} INFO - Setting next_dagrun for ecommerce_etl_pipeline to 2026-02-06 00:00:00+00:00, run_after=2026-02-07 00:00:00+00:00
[2026-02-06T22:38:03.803+0000] {processor.py:183} INFO - Processing /opt/airflow/dags/ecommerce_etl.py took 0.097 seconds
[2026-02-06T22:38:34.083+0000] {processor.py:161} INFO - Started process (PID=3276) to work on /opt/airflow/dags/ecommerce_etl.py
[2026-02-06T22:38:34.084+0000] {processor.py:830} INFO - Processing file /opt/airflow/dags/ecommerce_etl.py for tasks to queue
[2026-02-06T22:38:34.085+0000] {logging_mixin.py:188} INFO - [2026-02-06T22:38:34.085+0000] {dagbag.py:538} INFO - Filling up the DagBag from /opt/airflow/dags/ecommerce_etl.py
[2026-02-06T22:38:34.107+0000] {processor.py:840} INFO - DAG(s) 'ecommerce_etl_pipeline' retrieved from /opt/airflow/dags/ecommerce_etl.py
[2026-02-06T22:38:34.135+0000] {logging_mixin.py:188} INFO - [2026-02-06T22:38:34.135+0000] {dag.py:3036} INFO - Sync 1 DAGs
[2026-02-06T22:38:34.157+0000] {logging_mixin.py:188} INFO - [2026-02-06T22:38:34.156+0000] {dag.py:3823} INFO - Setting next_dagrun for ecommerce_etl_pipeline to 2026-02-06 00:00:00+00:00, run_after=2026-02-07 00:00:00+00:00
[2026-02-06T22:38:34.178+0000] {processor.py:183} INFO - Processing /opt/airflow/dags/ecommerce_etl.py took 0.098 seconds
[2026-02-06T22:39:04.461+0000] {processor.py:161} INFO - Started process (PID=3305) to work on /opt/airflow/dags/ecommerce_etl.py
[2026-02-06T22:39:04.463+0000] {processor.py:830} INFO - Processing file /opt/airflow/dags/ecommerce_etl.py for tasks to queue
[2026-02-06T22:39:04.464+0000] {logging_mixin.py:188} INFO - [2026-02-06T22:39:04.464+0000] {dagbag.py:538} INFO - Filling up the DagBag from /opt/airflow/dags/ecommerce_etl.py
[2026-02-06T22:39:04.497+0000] {processor.py:840} INFO - DAG(s) 'ecommerce_etl_pipeline' retrieved from /opt/airflow/dags/ecommerce_etl.py
[2026-02-06T22:39:04.525+0000] {logging_mixin.py:188} INFO - [2026-02-06T22:39:04.525+0000] {dag.py:3036} INFO - Sync 1 DAGs
[2026-02-06T22:39:04.544+0000] {logging_mixin.py:188} INFO - [2026-02-06T22:39:04.543+0000] {dag.py:3823} INFO - Setting next_dagrun for ecommerce_etl_pipeline to 2026-02-06 00:00:00+00:00, run_after=2026-02-07 00:00:00+00:00
[2026-02-06T22:39:04.563+0000] {processor.py:183} INFO - Processing /opt/airflow/dags/ecommerce_etl.py took 0.106 seconds
[2026-02-06T22:39:34.833+0000] {processor.py:161} INFO - Started process (PID=3334) to work on /opt/airflow/dags/ecommerce_etl.py
[2026-02-06T22:39:34.834+0000] {processor.py:830} INFO - Processing file /opt/airflow/dags/ecommerce_etl.py for tasks to queue
[2026-02-06T22:39:34.835+0000] {logging_mixin.py:188} INFO - [2026-02-06T22:39:34.835+0000] {dagbag.py:538} INFO - Filling up the DagBag from /opt/airflow/dags/ecommerce_etl.py
[2026-02-06T22:39:34.862+0000] {processor.py:840} INFO - DAG(s) 'ecommerce_etl_pipeline' retrieved from /opt/airflow/dags/ecommerce_etl.py
[2026-02-06T22:39:34.894+0000] {logging_mixin.py:188} INFO - [2026-02-06T22:39:34.894+0000] {dag.py:3036} INFO - Sync 1 DAGs
[2026-02-06T22:39:34.918+0000] {logging_mixin.py:188} INFO - [2026-02-06T22:39:34.918+0000] {dag.py:3823} INFO - Setting next_dagrun for ecommerce_etl_pipeline to 2026-02-06 00:00:00+00:00, run_after=2026-02-07 00:00:00+00:00
[2026-02-06T22:39:34.937+0000] {processor.py:183} INFO - Processing /opt/airflow/dags/ecommerce_etl.py took 0.109 seconds
[2026-02-06T22:40:05.225+0000] {processor.py:161} INFO - Started process (PID=3363) to work on /opt/airflow/dags/ecommerce_etl.py
[2026-02-06T22:40:05.228+0000] {processor.py:830} INFO - Processing file /opt/airflow/dags/ecommerce_etl.py for tasks to queue
[2026-02-06T22:40:05.229+0000] {logging_mixin.py:188} INFO - [2026-02-06T22:40:05.229+0000] {dagbag.py:538} INFO - Filling up the DagBag from /opt/airflow/dags/ecommerce_etl.py
[2026-02-06T22:40:05.362+0000] {processor.py:840} INFO - DAG(s) 'ecommerce_etl_pipeline' retrieved from /opt/airflow/dags/ecommerce_etl.py
[2026-02-06T22:40:05.428+0000] {logging_mixin.py:188} INFO - [2026-02-06T22:40:05.427+0000] {dag.py:3036} INFO - Sync 1 DAGs
[2026-02-06T22:40:05.461+0000] {logging_mixin.py:188} INFO - [2026-02-06T22:40:05.461+0000] {dag.py:3823} INFO - Setting next_dagrun for ecommerce_etl_pipeline to 2026-02-06 00:00:00+00:00, run_after=2026-02-07 00:00:00+00:00
[2026-02-06T22:40:05.495+0000] {processor.py:183} INFO - Processing /opt/airflow/dags/ecommerce_etl.py took 0.276 seconds
[2026-02-06T22:40:35.740+0000] {processor.py:161} INFO - Started process (PID=3392) to work on /opt/airflow/dags/ecommerce_etl.py
[2026-02-06T22:40:35.741+0000] {processor.py:830} INFO - Processing file /opt/airflow/dags/ecommerce_etl.py for tasks to queue
[2026-02-06T22:40:35.742+0000] {logging_mixin.py:188} INFO - [2026-02-06T22:40:35.742+0000] {dagbag.py:538} INFO - Filling up the DagBag from /opt/airflow/dags/ecommerce_etl.py
[2026-02-06T22:40:35.761+0000] {processor.py:840} INFO - DAG(s) 'ecommerce_etl_pipeline' retrieved from /opt/airflow/dags/ecommerce_etl.py
[2026-02-06T22:40:35.790+0000] {logging_mixin.py:188} INFO - [2026-02-06T22:40:35.790+0000] {dag.py:3036} INFO - Sync 1 DAGs
[2026-02-06T22:40:35.809+0000] {logging_mixin.py:188} INFO - [2026-02-06T22:40:35.808+0000] {dag.py:3823} INFO - Setting next_dagrun for ecommerce_etl_pipeline to 2026-02-06 00:00:00+00:00, run_after=2026-02-07 00:00:00+00:00
[2026-02-06T22:40:35.828+0000] {processor.py:183} INFO - Processing /opt/airflow/dags/ecommerce_etl.py took 0.092 seconds
[2026-02-06T22:41:06.106+0000] {processor.py:161} INFO - Started process (PID=3421) to work on /opt/airflow/dags/ecommerce_etl.py
[2026-02-06T22:41:06.108+0000] {processor.py:830} INFO - Processing file /opt/airflow/dags/ecommerce_etl.py for tasks to queue
[2026-02-06T22:41:06.109+0000] {logging_mixin.py:188} INFO - [2026-02-06T22:41:06.109+0000] {dagbag.py:538} INFO - Filling up the DagBag from /opt/airflow/dags/ecommerce_etl.py
[2026-02-06T22:41:06.137+0000] {processor.py:840} INFO - DAG(s) 'ecommerce_etl_pipeline' retrieved from /opt/airflow/dags/ecommerce_etl.py
[2026-02-06T22:41:06.169+0000] {logging_mixin.py:188} INFO - [2026-02-06T22:41:06.169+0000] {dag.py:3036} INFO - Sync 1 DAGs
[2026-02-06T22:41:06.192+0000] {logging_mixin.py:188} INFO - [2026-02-06T22:41:06.192+0000] {dag.py:3823} INFO - Setting next_dagrun for ecommerce_etl_pipeline to 2026-02-06 00:00:00+00:00, run_after=2026-02-07 00:00:00+00:00
[2026-02-06T22:41:06.213+0000] {processor.py:183} INFO - Processing /opt/airflow/dags/ecommerce_etl.py took 0.111 seconds
[2026-02-06T22:41:36.352+0000] {processor.py:161} INFO - Started process (PID=3450) to work on /opt/airflow/dags/ecommerce_etl.py
[2026-02-06T22:41:36.353+0000] {processor.py:830} INFO - Processing file /opt/airflow/dags/ecommerce_etl.py for tasks to queue
[2026-02-06T22:41:36.354+0000] {logging_mixin.py:188} INFO - [2026-02-06T22:41:36.354+0000] {dagbag.py:538} INFO - Filling up the DagBag from /opt/airflow/dags/ecommerce_etl.py
[2026-02-06T22:41:36.375+0000] {processor.py:840} INFO - DAG(s) 'ecommerce_etl_pipeline' retrieved from /opt/airflow/dags/ecommerce_etl.py
[2026-02-06T22:41:36.406+0000] {logging_mixin.py:188} INFO - [2026-02-06T22:41:36.406+0000] {dag.py:3036} INFO - Sync 1 DAGs
[2026-02-06T22:41:36.427+0000] {logging_mixin.py:188} INFO - [2026-02-06T22:41:36.426+0000] {dag.py:3823} INFO - Setting next_dagrun for ecommerce_etl_pipeline to 2026-02-06 00:00:00+00:00, run_after=2026-02-07 00:00:00+00:00
[2026-02-06T22:41:36.446+0000] {processor.py:183} INFO - Processing /opt/airflow/dags/ecommerce_etl.py took 0.096 seconds
[2026-02-06T22:42:06.703+0000] {processor.py:161} INFO - Started process (PID=3480) to work on /opt/airflow/dags/ecommerce_etl.py
[2026-02-06T22:42:06.704+0000] {processor.py:830} INFO - Processing file /opt/airflow/dags/ecommerce_etl.py for tasks to queue
[2026-02-06T22:42:06.705+0000] {logging_mixin.py:188} INFO - [2026-02-06T22:42:06.705+0000] {dagbag.py:538} INFO - Filling up the DagBag from /opt/airflow/dags/ecommerce_etl.py
[2026-02-06T22:42:06.725+0000] {processor.py:840} INFO - DAG(s) 'ecommerce_etl_pipeline' retrieved from /opt/airflow/dags/ecommerce_etl.py
[2026-02-06T22:42:06.754+0000] {logging_mixin.py:188} INFO - [2026-02-06T22:42:06.754+0000] {dag.py:3036} INFO - Sync 1 DAGs
[2026-02-06T22:42:06.778+0000] {logging_mixin.py:188} INFO - [2026-02-06T22:42:06.778+0000] {dag.py:3823} INFO - Setting next_dagrun for ecommerce_etl_pipeline to 2026-02-06 00:00:00+00:00, run_after=2026-02-07 00:00:00+00:00
[2026-02-06T22:42:06.798+0000] {processor.py:183} INFO - Processing /opt/airflow/dags/ecommerce_etl.py took 0.098 seconds
[2026-02-06T22:42:37.053+0000] {processor.py:161} INFO - Started process (PID=3509) to work on /opt/airflow/dags/ecommerce_etl.py
[2026-02-06T22:42:37.054+0000] {processor.py:830} INFO - Processing file /opt/airflow/dags/ecommerce_etl.py for tasks to queue
[2026-02-06T22:42:37.056+0000] {logging_mixin.py:188} INFO - [2026-02-06T22:42:37.055+0000] {dagbag.py:538} INFO - Filling up the DagBag from /opt/airflow/dags/ecommerce_etl.py
[2026-02-06T22:42:37.089+0000] {processor.py:840} INFO - DAG(s) 'ecommerce_etl_pipeline' retrieved from /opt/airflow/dags/ecommerce_etl.py
[2026-02-06T22:42:37.138+0000] {logging_mixin.py:188} INFO - [2026-02-06T22:42:37.138+0000] {dag.py:3036} INFO - Sync 1 DAGs
[2026-02-06T22:42:37.173+0000] {logging_mixin.py:188} INFO - [2026-02-06T22:42:37.173+0000] {dag.py:3823} INFO - Setting next_dagrun for ecommerce_etl_pipeline to 2026-02-06 00:00:00+00:00, run_after=2026-02-07 00:00:00+00:00
[2026-02-06T22:42:37.201+0000] {processor.py:183} INFO - Processing /opt/airflow/dags/ecommerce_etl.py took 0.154 seconds
[2026-02-06T22:43:07.344+0000] {processor.py:161} INFO - Started process (PID=3536) to work on /opt/airflow/dags/ecommerce_etl.py
[2026-02-06T22:43:07.346+0000] {processor.py:830} INFO - Processing file /opt/airflow/dags/ecommerce_etl.py for tasks to queue
[2026-02-06T22:43:07.347+0000] {logging_mixin.py:188} INFO - [2026-02-06T22:43:07.347+0000] {dagbag.py:538} INFO - Filling up the DagBag from /opt/airflow/dags/ecommerce_etl.py
[2026-02-06T22:43:07.379+0000] {processor.py:840} INFO - DAG(s) 'ecommerce_etl_pipeline' retrieved from /opt/airflow/dags/ecommerce_etl.py
[2026-02-06T22:43:07.432+0000] {logging_mixin.py:188} INFO - [2026-02-06T22:43:07.431+0000] {dag.py:3036} INFO - Sync 1 DAGs
[2026-02-06T22:43:07.475+0000] {logging_mixin.py:188} INFO - [2026-02-06T22:43:07.475+0000] {dag.py:3823} INFO - Setting next_dagrun for ecommerce_etl_pipeline to 2026-02-06 00:00:00+00:00, run_after=2026-02-07 00:00:00+00:00
[2026-02-06T22:43:07.512+0000] {processor.py:183} INFO - Processing /opt/airflow/dags/ecommerce_etl.py took 0.173 seconds
[2026-02-06T22:43:37.775+0000] {processor.py:161} INFO - Started process (PID=3549) to work on /opt/airflow/dags/ecommerce_etl.py
[2026-02-06T22:43:37.776+0000] {processor.py:830} INFO - Processing file /opt/airflow/dags/ecommerce_etl.py for tasks to queue
[2026-02-06T22:43:37.777+0000] {logging_mixin.py:188} INFO - [2026-02-06T22:43:37.777+0000] {dagbag.py:538} INFO - Filling up the DagBag from /opt/airflow/dags/ecommerce_etl.py
[2026-02-06T22:43:37.799+0000] {processor.py:840} INFO - DAG(s) 'ecommerce_etl_pipeline' retrieved from /opt/airflow/dags/ecommerce_etl.py
[2026-02-06T22:43:37.827+0000] {logging_mixin.py:188} INFO - [2026-02-06T22:43:37.827+0000] {dag.py:3036} INFO - Sync 1 DAGs
[2026-02-06T22:43:37.846+0000] {logging_mixin.py:188} INFO - [2026-02-06T22:43:37.846+0000] {dag.py:3823} INFO - Setting next_dagrun for ecommerce_etl_pipeline to 2026-02-06 00:00:00+00:00, run_after=2026-02-07 00:00:00+00:00
[2026-02-06T22:43:37.879+0000] {processor.py:183} INFO - Processing /opt/airflow/dags/ecommerce_etl.py took 0.108 seconds
[2026-02-06T22:44:08.013+0000] {processor.py:161} INFO - Started process (PID=3578) to work on /opt/airflow/dags/ecommerce_etl.py
[2026-02-06T22:44:08.014+0000] {processor.py:830} INFO - Processing file /opt/airflow/dags/ecommerce_etl.py for tasks to queue
[2026-02-06T22:44:08.015+0000] {logging_mixin.py:188} INFO - [2026-02-06T22:44:08.015+0000] {dagbag.py:538} INFO - Filling up the DagBag from /opt/airflow/dags/ecommerce_etl.py
[2026-02-06T22:44:08.036+0000] {processor.py:840} INFO - DAG(s) 'ecommerce_etl_pipeline' retrieved from /opt/airflow/dags/ecommerce_etl.py
[2026-02-06T22:44:08.062+0000] {logging_mixin.py:188} INFO - [2026-02-06T22:44:08.061+0000] {dag.py:3036} INFO - Sync 1 DAGs
[2026-02-06T22:44:08.080+0000] {logging_mixin.py:188} INFO - [2026-02-06T22:44:08.080+0000] {dag.py:3823} INFO - Setting next_dagrun for ecommerce_etl_pipeline to 2026-02-06 00:00:00+00:00, run_after=2026-02-07 00:00:00+00:00
[2026-02-06T22:44:08.099+0000] {processor.py:183} INFO - Processing /opt/airflow/dags/ecommerce_etl.py took 0.089 seconds
[2026-02-06T22:44:38.210+0000] {processor.py:161} INFO - Started process (PID=3607) to work on /opt/airflow/dags/ecommerce_etl.py
[2026-02-06T22:44:38.211+0000] {processor.py:830} INFO - Processing file /opt/airflow/dags/ecommerce_etl.py for tasks to queue
[2026-02-06T22:44:38.212+0000] {logging_mixin.py:188} INFO - [2026-02-06T22:44:38.212+0000] {dagbag.py:538} INFO - Filling up the DagBag from /opt/airflow/dags/ecommerce_etl.py
[2026-02-06T22:44:38.233+0000] {processor.py:840} INFO - DAG(s) 'ecommerce_etl_pipeline' retrieved from /opt/airflow/dags/ecommerce_etl.py
[2026-02-06T22:44:38.261+0000] {logging_mixin.py:188} INFO - [2026-02-06T22:44:38.261+0000] {dag.py:3036} INFO - Sync 1 DAGs
[2026-02-06T22:44:38.280+0000] {logging_mixin.py:188} INFO - [2026-02-06T22:44:38.280+0000] {dag.py:3823} INFO - Setting next_dagrun for ecommerce_etl_pipeline to 2026-02-06 00:00:00+00:00, run_after=2026-02-07 00:00:00+00:00
[2026-02-06T22:44:38.298+0000] {processor.py:183} INFO - Processing /opt/airflow/dags/ecommerce_etl.py took 0.091 seconds
[2026-02-06T22:45:08.443+0000] {processor.py:161} INFO - Started process (PID=3637) to work on /opt/airflow/dags/ecommerce_etl.py
[2026-02-06T22:45:08.445+0000] {processor.py:830} INFO - Processing file /opt/airflow/dags/ecommerce_etl.py for tasks to queue
[2026-02-06T22:45:08.446+0000] {logging_mixin.py:188} INFO - [2026-02-06T22:45:08.445+0000] {dagbag.py:538} INFO - Filling up the DagBag from /opt/airflow/dags/ecommerce_etl.py
[2026-02-06T22:45:08.485+0000] {processor.py:840} INFO - DAG(s) 'ecommerce_etl_pipeline' retrieved from /opt/airflow/dags/ecommerce_etl.py
[2026-02-06T22:45:08.516+0000] {logging_mixin.py:188} INFO - [2026-02-06T22:45:08.516+0000] {dag.py:3036} INFO - Sync 1 DAGs
[2026-02-06T22:45:08.539+0000] {logging_mixin.py:188} INFO - [2026-02-06T22:45:08.539+0000] {dag.py:3823} INFO - Setting next_dagrun for ecommerce_etl_pipeline to 2026-02-06 00:00:00+00:00, run_after=2026-02-07 00:00:00+00:00
[2026-02-06T22:45:08.561+0000] {processor.py:183} INFO - Processing /opt/airflow/dags/ecommerce_etl.py took 0.122 seconds
[2026-02-06T22:45:38.871+0000] {processor.py:161} INFO - Started process (PID=3666) to work on /opt/airflow/dags/ecommerce_etl.py
[2026-02-06T22:45:38.872+0000] {processor.py:830} INFO - Processing file /opt/airflow/dags/ecommerce_etl.py for tasks to queue
[2026-02-06T22:45:38.874+0000] {logging_mixin.py:188} INFO - [2026-02-06T22:45:38.873+0000] {dagbag.py:538} INFO - Filling up the DagBag from /opt/airflow/dags/ecommerce_etl.py
[2026-02-06T22:45:38.898+0000] {processor.py:840} INFO - DAG(s) 'ecommerce_etl_pipeline' retrieved from /opt/airflow/dags/ecommerce_etl.py
[2026-02-06T22:45:38.926+0000] {logging_mixin.py:188} INFO - [2026-02-06T22:45:38.925+0000] {dag.py:3036} INFO - Sync 1 DAGs
[2026-02-06T22:45:38.947+0000] {logging_mixin.py:188} INFO - [2026-02-06T22:45:38.947+0000] {dag.py:3823} INFO - Setting next_dagrun for ecommerce_etl_pipeline to 2026-02-06 00:00:00+00:00, run_after=2026-02-07 00:00:00+00:00
[2026-02-06T22:45:38.970+0000] {processor.py:183} INFO - Processing /opt/airflow/dags/ecommerce_etl.py took 0.102 seconds
[2026-02-06T22:46:09.224+0000] {processor.py:161} INFO - Started process (PID=3695) to work on /opt/airflow/dags/ecommerce_etl.py
[2026-02-06T22:46:09.225+0000] {processor.py:830} INFO - Processing file /opt/airflow/dags/ecommerce_etl.py for tasks to queue
[2026-02-06T22:46:09.226+0000] {logging_mixin.py:188} INFO - [2026-02-06T22:46:09.226+0000] {dagbag.py:538} INFO - Filling up the DagBag from /opt/airflow/dags/ecommerce_etl.py
[2026-02-06T22:46:09.252+0000] {processor.py:840} INFO - DAG(s) 'ecommerce_etl_pipeline' retrieved from /opt/airflow/dags/ecommerce_etl.py
[2026-02-06T22:46:09.282+0000] {logging_mixin.py:188} INFO - [2026-02-06T22:46:09.282+0000] {dag.py:3036} INFO - Sync 1 DAGs
[2026-02-06T22:46:09.304+0000] {logging_mixin.py:188} INFO - [2026-02-06T22:46:09.304+0000] {dag.py:3823} INFO - Setting next_dagrun for ecommerce_etl_pipeline to 2026-02-06 00:00:00+00:00, run_after=2026-02-07 00:00:00+00:00
[2026-02-06T22:46:09.324+0000] {processor.py:183} INFO - Processing /opt/airflow/dags/ecommerce_etl.py took 0.104 seconds
[2026-02-06T22:46:39.458+0000] {processor.py:161} INFO - Started process (PID=3724) to work on /opt/airflow/dags/ecommerce_etl.py
[2026-02-06T22:46:39.460+0000] {processor.py:830} INFO - Processing file /opt/airflow/dags/ecommerce_etl.py for tasks to queue
[2026-02-06T22:46:39.462+0000] {logging_mixin.py:188} INFO - [2026-02-06T22:46:39.461+0000] {dagbag.py:538} INFO - Filling up the DagBag from /opt/airflow/dags/ecommerce_etl.py
[2026-02-06T22:46:39.525+0000] {processor.py:840} INFO - DAG(s) 'ecommerce_etl_pipeline' retrieved from /opt/airflow/dags/ecommerce_etl.py
[2026-02-06T22:46:39.563+0000] {logging_mixin.py:188} INFO - [2026-02-06T22:46:39.563+0000] {dag.py:3036} INFO - Sync 1 DAGs
[2026-02-06T22:46:39.587+0000] {logging_mixin.py:188} INFO - [2026-02-06T22:46:39.587+0000] {dag.py:3823} INFO - Setting next_dagrun for ecommerce_etl_pipeline to 2026-02-06 00:00:00+00:00, run_after=2026-02-07 00:00:00+00:00
[2026-02-06T22:46:39.605+0000] {processor.py:183} INFO - Processing /opt/airflow/dags/ecommerce_etl.py took 0.153 seconds
[2026-02-06T22:47:09.866+0000] {processor.py:161} INFO - Started process (PID=3753) to work on /opt/airflow/dags/ecommerce_etl.py
[2026-02-06T22:47:09.867+0000] {processor.py:830} INFO - Processing file /opt/airflow/dags/ecommerce_etl.py for tasks to queue
[2026-02-06T22:47:09.868+0000] {logging_mixin.py:188} INFO - [2026-02-06T22:47:09.868+0000] {dagbag.py:538} INFO - Filling up the DagBag from /opt/airflow/dags/ecommerce_etl.py
[2026-02-06T22:47:09.891+0000] {processor.py:840} INFO - DAG(s) 'ecommerce_etl_pipeline' retrieved from /opt/airflow/dags/ecommerce_etl.py
[2026-02-06T22:47:09.922+0000] {logging_mixin.py:188} INFO - [2026-02-06T22:47:09.921+0000] {dag.py:3036} INFO - Sync 1 DAGs
[2026-02-06T22:47:09.942+0000] {logging_mixin.py:188} INFO - [2026-02-06T22:47:09.942+0000] {dag.py:3823} INFO - Setting next_dagrun for ecommerce_etl_pipeline to 2026-02-06 00:00:00+00:00, run_after=2026-02-07 00:00:00+00:00
[2026-02-06T22:47:09.961+0000] {processor.py:183} INFO - Processing /opt/airflow/dags/ecommerce_etl.py took 0.099 seconds
[2026-02-06T22:47:40.220+0000] {processor.py:161} INFO - Started process (PID=3782) to work on /opt/airflow/dags/ecommerce_etl.py
[2026-02-06T22:47:40.222+0000] {processor.py:830} INFO - Processing file /opt/airflow/dags/ecommerce_etl.py for tasks to queue
[2026-02-06T22:47:40.223+0000] {logging_mixin.py:188} INFO - [2026-02-06T22:47:40.222+0000] {dagbag.py:538} INFO - Filling up the DagBag from /opt/airflow/dags/ecommerce_etl.py
[2026-02-06T22:47:40.253+0000] {processor.py:840} INFO - DAG(s) 'ecommerce_etl_pipeline' retrieved from /opt/airflow/dags/ecommerce_etl.py
[2026-02-06T22:47:40.285+0000] {logging_mixin.py:188} INFO - [2026-02-06T22:47:40.285+0000] {dag.py:3036} INFO - Sync 1 DAGs
[2026-02-06T22:47:40.307+0000] {logging_mixin.py:188} INFO - [2026-02-06T22:47:40.307+0000] {dag.py:3823} INFO - Setting next_dagrun for ecommerce_etl_pipeline to 2026-02-06 00:00:00+00:00, run_after=2026-02-07 00:00:00+00:00
[2026-02-06T22:47:40.324+0000] {processor.py:183} INFO - Processing /opt/airflow/dags/ecommerce_etl.py took 0.108 seconds
[2026-02-06T22:48:10.573+0000] {processor.py:161} INFO - Started process (PID=3811) to work on /opt/airflow/dags/ecommerce_etl.py
[2026-02-06T22:48:10.574+0000] {processor.py:830} INFO - Processing file /opt/airflow/dags/ecommerce_etl.py for tasks to queue
[2026-02-06T22:48:10.575+0000] {logging_mixin.py:188} INFO - [2026-02-06T22:48:10.575+0000] {dagbag.py:538} INFO - Filling up the DagBag from /opt/airflow/dags/ecommerce_etl.py
[2026-02-06T22:48:10.595+0000] {processor.py:840} INFO - DAG(s) 'ecommerce_etl_pipeline' retrieved from /opt/airflow/dags/ecommerce_etl.py
[2026-02-06T22:48:10.620+0000] {logging_mixin.py:188} INFO - [2026-02-06T22:48:10.619+0000] {dag.py:3036} INFO - Sync 1 DAGs
[2026-02-06T22:48:10.638+0000] {logging_mixin.py:188} INFO - [2026-02-06T22:48:10.637+0000] {dag.py:3823} INFO - Setting next_dagrun for ecommerce_etl_pipeline to 2026-02-06 00:00:00+00:00, run_after=2026-02-07 00:00:00+00:00
[2026-02-06T22:48:10.656+0000] {processor.py:183} INFO - Processing /opt/airflow/dags/ecommerce_etl.py took 0.086 seconds
[2026-02-06T22:48:40.827+0000] {processor.py:161} INFO - Started process (PID=3825) to work on /opt/airflow/dags/ecommerce_etl.py
[2026-02-06T22:48:40.828+0000] {processor.py:830} INFO - Processing file /opt/airflow/dags/ecommerce_etl.py for tasks to queue
[2026-02-06T22:48:40.828+0000] {logging_mixin.py:188} INFO - [2026-02-06T22:48:40.828+0000] {dagbag.py:538} INFO - Filling up the DagBag from /opt/airflow/dags/ecommerce_etl.py
[2026-02-06T22:48:40.851+0000] {processor.py:840} INFO - DAG(s) 'ecommerce_etl_pipeline' retrieved from /opt/airflow/dags/ecommerce_etl.py
[2026-02-06T22:48:40.881+0000] {logging_mixin.py:188} INFO - [2026-02-06T22:48:40.881+0000] {dag.py:3036} INFO - Sync 1 DAGs
[2026-02-06T22:48:40.901+0000] {logging_mixin.py:188} INFO - [2026-02-06T22:48:40.901+0000] {dag.py:3823} INFO - Setting next_dagrun for ecommerce_etl_pipeline to 2026-02-06 00:00:00+00:00, run_after=2026-02-07 00:00:00+00:00
[2026-02-06T22:48:40.927+0000] {processor.py:183} INFO - Processing /opt/airflow/dags/ecommerce_etl.py took 0.104 seconds
[2026-02-06T22:49:11.172+0000] {processor.py:161} INFO - Started process (PID=3851) to work on /opt/airflow/dags/ecommerce_etl.py
[2026-02-06T22:49:11.173+0000] {processor.py:830} INFO - Processing file /opt/airflow/dags/ecommerce_etl.py for tasks to queue
[2026-02-06T22:49:11.175+0000] {logging_mixin.py:188} INFO - [2026-02-06T22:49:11.174+0000] {dagbag.py:538} INFO - Filling up the DagBag from /opt/airflow/dags/ecommerce_etl.py
[2026-02-06T22:49:11.200+0000] {processor.py:840} INFO - DAG(s) 'ecommerce_etl_pipeline' retrieved from /opt/airflow/dags/ecommerce_etl.py
[2026-02-06T22:49:11.230+0000] {logging_mixin.py:188} INFO - [2026-02-06T22:49:11.230+0000] {dag.py:3036} INFO - Sync 1 DAGs
[2026-02-06T22:49:11.254+0000] {logging_mixin.py:188} INFO - [2026-02-06T22:49:11.254+0000] {dag.py:3823} INFO - Setting next_dagrun for ecommerce_etl_pipeline to 2026-02-06 00:00:00+00:00, run_after=2026-02-07 00:00:00+00:00
[2026-02-06T22:49:11.279+0000] {processor.py:183} INFO - Processing /opt/airflow/dags/ecommerce_etl.py took 0.111 seconds
[2026-02-06T22:49:41.598+0000] {processor.py:161} INFO - Started process (PID=3880) to work on /opt/airflow/dags/ecommerce_etl.py
[2026-02-06T22:49:41.599+0000] {processor.py:830} INFO - Processing file /opt/airflow/dags/ecommerce_etl.py for tasks to queue
[2026-02-06T22:49:41.601+0000] {logging_mixin.py:188} INFO - [2026-02-06T22:49:41.600+0000] {dagbag.py:538} INFO - Filling up the DagBag from /opt/airflow/dags/ecommerce_etl.py
[2026-02-06T22:49:41.650+0000] {processor.py:840} INFO - DAG(s) 'ecommerce_etl_pipeline' retrieved from /opt/airflow/dags/ecommerce_etl.py
[2026-02-06T22:49:41.684+0000] {logging_mixin.py:188} INFO - [2026-02-06T22:49:41.683+0000] {dag.py:3036} INFO - Sync 1 DAGs
[2026-02-06T22:49:41.709+0000] {logging_mixin.py:188} INFO - [2026-02-06T22:49:41.708+0000] {dag.py:3823} INFO - Setting next_dagrun for ecommerce_etl_pipeline to 2026-02-06 00:00:00+00:00, run_after=2026-02-07 00:00:00+00:00
[2026-02-06T22:49:41.759+0000] {processor.py:183} INFO - Processing /opt/airflow/dags/ecommerce_etl.py took 0.206 seconds
[2026-02-06T22:50:11.909+0000] {processor.py:161} INFO - Started process (PID=3909) to work on /opt/airflow/dags/ecommerce_etl.py
[2026-02-06T22:50:11.911+0000] {processor.py:830} INFO - Processing file /opt/airflow/dags/ecommerce_etl.py for tasks to queue
[2026-02-06T22:50:11.912+0000] {logging_mixin.py:188} INFO - [2026-02-06T22:50:11.912+0000] {dagbag.py:538} INFO - Filling up the DagBag from /opt/airflow/dags/ecommerce_etl.py
[2026-02-06T22:50:11.939+0000] {processor.py:840} INFO - DAG(s) 'ecommerce_etl_pipeline' retrieved from /opt/airflow/dags/ecommerce_etl.py
[2026-02-06T22:50:11.975+0000] {logging_mixin.py:188} INFO - [2026-02-06T22:50:11.975+0000] {dag.py:3036} INFO - Sync 1 DAGs
[2026-02-06T22:50:12.015+0000] {logging_mixin.py:188} INFO - [2026-02-06T22:50:12.014+0000] {dag.py:3823} INFO - Setting next_dagrun for ecommerce_etl_pipeline to 2026-02-06 00:00:00+00:00, run_after=2026-02-07 00:00:00+00:00
[2026-02-06T22:50:12.083+0000] {processor.py:183} INFO - Processing /opt/airflow/dags/ecommerce_etl.py took 0.177 seconds
[2026-02-06T22:50:42.333+0000] {processor.py:161} INFO - Started process (PID=3938) to work on /opt/airflow/dags/ecommerce_etl.py
[2026-02-06T22:50:42.334+0000] {processor.py:830} INFO - Processing file /opt/airflow/dags/ecommerce_etl.py for tasks to queue
[2026-02-06T22:50:42.336+0000] {logging_mixin.py:188} INFO - [2026-02-06T22:50:42.335+0000] {dagbag.py:538} INFO - Filling up the DagBag from /opt/airflow/dags/ecommerce_etl.py
[2026-02-06T22:50:42.368+0000] {processor.py:840} INFO - DAG(s) 'ecommerce_etl_pipeline' retrieved from /opt/airflow/dags/ecommerce_etl.py
[2026-02-06T22:50:42.406+0000] {logging_mixin.py:188} INFO - [2026-02-06T22:50:42.405+0000] {dag.py:3036} INFO - Sync 1 DAGs
[2026-02-06T22:50:42.448+0000] {logging_mixin.py:188} INFO - [2026-02-06T22:50:42.448+0000] {dag.py:3823} INFO - Setting next_dagrun for ecommerce_etl_pipeline to 2026-02-06 00:00:00+00:00, run_after=2026-02-07 00:00:00+00:00
[2026-02-06T22:50:42.483+0000] {processor.py:183} INFO - Processing /opt/airflow/dags/ecommerce_etl.py took 0.154 seconds
[2026-02-06T22:51:12.754+0000] {processor.py:161} INFO - Started process (PID=3967) to work on /opt/airflow/dags/ecommerce_etl.py
[2026-02-06T22:51:12.755+0000] {processor.py:830} INFO - Processing file /opt/airflow/dags/ecommerce_etl.py for tasks to queue
[2026-02-06T22:51:12.756+0000] {logging_mixin.py:188} INFO - [2026-02-06T22:51:12.755+0000] {dagbag.py:538} INFO - Filling up the DagBag from /opt/airflow/dags/ecommerce_etl.py
[2026-02-06T22:51:12.777+0000] {processor.py:840} INFO - DAG(s) 'ecommerce_etl_pipeline' retrieved from /opt/airflow/dags/ecommerce_etl.py
[2026-02-06T22:51:12.806+0000] {logging_mixin.py:188} INFO - [2026-02-06T22:51:12.806+0000] {dag.py:3036} INFO - Sync 1 DAGs
[2026-02-06T22:51:12.831+0000] {logging_mixin.py:188} INFO - [2026-02-06T22:51:12.831+0000] {dag.py:3823} INFO - Setting next_dagrun for ecommerce_etl_pipeline to 2026-02-06 00:00:00+00:00, run_after=2026-02-07 00:00:00+00:00
[2026-02-06T22:51:12.851+0000] {processor.py:183} INFO - Processing /opt/airflow/dags/ecommerce_etl.py took 0.101 seconds
[2026-02-06T22:51:43.147+0000] {processor.py:161} INFO - Started process (PID=3996) to work on /opt/airflow/dags/ecommerce_etl.py
[2026-02-06T22:51:43.149+0000] {processor.py:830} INFO - Processing file /opt/airflow/dags/ecommerce_etl.py for tasks to queue
[2026-02-06T22:51:43.151+0000] {logging_mixin.py:188} INFO - [2026-02-06T22:51:43.150+0000] {dagbag.py:538} INFO - Filling up the DagBag from /opt/airflow/dags/ecommerce_etl.py
[2026-02-06T22:51:43.188+0000] {processor.py:840} INFO - DAG(s) 'ecommerce_etl_pipeline' retrieved from /opt/airflow/dags/ecommerce_etl.py
[2026-02-06T22:51:43.233+0000] {logging_mixin.py:188} INFO - [2026-02-06T22:51:43.232+0000] {dag.py:3036} INFO - Sync 1 DAGs
[2026-02-06T22:51:43.265+0000] {logging_mixin.py:188} INFO - [2026-02-06T22:51:43.265+0000] {dag.py:3823} INFO - Setting next_dagrun for ecommerce_etl_pipeline to 2026-02-06 00:00:00+00:00, run_after=2026-02-07 00:00:00+00:00
[2026-02-06T22:51:43.519+0000] {processor.py:183} INFO - Processing /opt/airflow/dags/ecommerce_etl.py took 0.378 seconds
[2026-02-06T22:52:13.734+0000] {processor.py:161} INFO - Started process (PID=4025) to work on /opt/airflow/dags/ecommerce_etl.py
[2026-02-06T22:52:13.735+0000] {processor.py:830} INFO - Processing file /opt/airflow/dags/ecommerce_etl.py for tasks to queue
[2026-02-06T22:52:13.736+0000] {logging_mixin.py:188} INFO - [2026-02-06T22:52:13.736+0000] {dagbag.py:538} INFO - Filling up the DagBag from /opt/airflow/dags/ecommerce_etl.py
[2026-02-06T22:52:13.763+0000] {processor.py:840} INFO - DAG(s) 'ecommerce_etl_pipeline' retrieved from /opt/airflow/dags/ecommerce_etl.py
[2026-02-06T22:52:13.787+0000] {logging_mixin.py:188} INFO - [2026-02-06T22:52:13.787+0000] {dag.py:3036} INFO - Sync 1 DAGs
[2026-02-06T22:52:13.809+0000] {logging_mixin.py:188} INFO - [2026-02-06T22:52:13.809+0000] {dag.py:3823} INFO - Setting next_dagrun for ecommerce_etl_pipeline to 2026-02-06 00:00:00+00:00, run_after=2026-02-07 00:00:00+00:00
[2026-02-06T22:52:13.828+0000] {processor.py:183} INFO - Processing /opt/airflow/dags/ecommerce_etl.py took 0.097 seconds
[2026-02-06T22:52:43.984+0000] {processor.py:161} INFO - Started process (PID=4041) to work on /opt/airflow/dags/ecommerce_etl.py
[2026-02-06T22:52:43.986+0000] {processor.py:830} INFO - Processing file /opt/airflow/dags/ecommerce_etl.py for tasks to queue
[2026-02-06T22:52:43.988+0000] {logging_mixin.py:188} INFO - [2026-02-06T22:52:43.987+0000] {dagbag.py:538} INFO - Filling up the DagBag from /opt/airflow/dags/ecommerce_etl.py
[2026-02-06T22:52:44.049+0000] {processor.py:840} INFO - DAG(s) 'ecommerce_etl_pipeline' retrieved from /opt/airflow/dags/ecommerce_etl.py
[2026-02-06T22:52:44.121+0000] {logging_mixin.py:188} INFO - [2026-02-06T22:52:44.120+0000] {dag.py:3036} INFO - Sync 1 DAGs
[2026-02-06T22:52:44.323+0000] {logging_mixin.py:188} INFO - [2026-02-06T22:52:44.323+0000] {dag.py:3823} INFO - Setting next_dagrun for ecommerce_etl_pipeline to 2026-02-06 00:00:00+00:00, run_after=2026-02-07 00:00:00+00:00
[2026-02-06T22:52:44.347+0000] {processor.py:183} INFO - Processing /opt/airflow/dags/ecommerce_etl.py took 0.367 seconds
[2026-02-06T22:53:14.766+0000] {processor.py:161} INFO - Started process (PID=4066) to work on /opt/airflow/dags/ecommerce_etl.py
[2026-02-06T22:53:14.767+0000] {processor.py:830} INFO - Processing file /opt/airflow/dags/ecommerce_etl.py for tasks to queue
[2026-02-06T22:53:14.768+0000] {logging_mixin.py:188} INFO - [2026-02-06T22:53:14.768+0000] {dagbag.py:538} INFO - Filling up the DagBag from /opt/airflow/dags/ecommerce_etl.py
[2026-02-06T22:53:14.791+0000] {processor.py:840} INFO - DAG(s) 'ecommerce_etl_pipeline' retrieved from /opt/airflow/dags/ecommerce_etl.py
[2026-02-06T22:53:14.816+0000] {logging_mixin.py:188} INFO - [2026-02-06T22:53:14.816+0000] {dag.py:3036} INFO - Sync 1 DAGs
[2026-02-06T22:53:14.834+0000] {logging_mixin.py:188} INFO - [2026-02-06T22:53:14.834+0000] {dag.py:3823} INFO - Setting next_dagrun for ecommerce_etl_pipeline to 2026-02-06 00:00:00+00:00, run_after=2026-02-07 00:00:00+00:00
[2026-02-06T22:53:14.853+0000] {processor.py:183} INFO - Processing /opt/airflow/dags/ecommerce_etl.py took 0.090 seconds
[2026-02-06T22:53:45.153+0000] {processor.py:161} INFO - Started process (PID=4095) to work on /opt/airflow/dags/ecommerce_etl.py
[2026-02-06T22:53:45.154+0000] {processor.py:830} INFO - Processing file /opt/airflow/dags/ecommerce_etl.py for tasks to queue
[2026-02-06T22:53:45.155+0000] {logging_mixin.py:188} INFO - [2026-02-06T22:53:45.155+0000] {dagbag.py:538} INFO - Filling up the DagBag from /opt/airflow/dags/ecommerce_etl.py
[2026-02-06T22:53:45.177+0000] {processor.py:840} INFO - DAG(s) 'ecommerce_etl_pipeline' retrieved from /opt/airflow/dags/ecommerce_etl.py
[2026-02-06T22:53:45.216+0000] {logging_mixin.py:188} INFO - [2026-02-06T22:53:45.215+0000] {dag.py:3036} INFO - Sync 1 DAGs
[2026-02-06T22:53:45.238+0000] {logging_mixin.py:188} INFO - [2026-02-06T22:53:45.238+0000] {dag.py:3823} INFO - Setting next_dagrun for ecommerce_etl_pipeline to 2026-02-06 00:00:00+00:00, run_after=2026-02-07 00:00:00+00:00
[2026-02-06T22:53:45.255+0000] {processor.py:183} INFO - Processing /opt/airflow/dags/ecommerce_etl.py took 0.106 seconds
[2026-02-06T22:54:15.519+0000] {processor.py:161} INFO - Started process (PID=4124) to work on /opt/airflow/dags/ecommerce_etl.py
[2026-02-06T22:54:15.520+0000] {processor.py:830} INFO - Processing file /opt/airflow/dags/ecommerce_etl.py for tasks to queue
[2026-02-06T22:54:15.524+0000] {logging_mixin.py:188} INFO - [2026-02-06T22:54:15.524+0000] {dagbag.py:538} INFO - Filling up the DagBag from /opt/airflow/dags/ecommerce_etl.py
[2026-02-06T22:54:15.551+0000] {processor.py:840} INFO - DAG(s) 'ecommerce_etl_pipeline' retrieved from /opt/airflow/dags/ecommerce_etl.py
[2026-02-06T22:54:15.581+0000] {logging_mixin.py:188} INFO - [2026-02-06T22:54:15.580+0000] {dag.py:3036} INFO - Sync 1 DAGs
[2026-02-06T22:54:15.600+0000] {logging_mixin.py:188} INFO - [2026-02-06T22:54:15.600+0000] {dag.py:3823} INFO - Setting next_dagrun for ecommerce_etl_pipeline to 2026-02-06 00:00:00+00:00, run_after=2026-02-07 00:00:00+00:00
[2026-02-06T22:54:15.622+0000] {processor.py:183} INFO - Processing /opt/airflow/dags/ecommerce_etl.py took 0.107 seconds
[2026-02-06T22:54:45.939+0000] {processor.py:161} INFO - Started process (PID=4153) to work on /opt/airflow/dags/ecommerce_etl.py
[2026-02-06T22:54:45.941+0000] {processor.py:830} INFO - Processing file /opt/airflow/dags/ecommerce_etl.py for tasks to queue
[2026-02-06T22:54:45.942+0000] {logging_mixin.py:188} INFO - [2026-02-06T22:54:45.942+0000] {dagbag.py:538} INFO - Filling up the DagBag from /opt/airflow/dags/ecommerce_etl.py
[2026-02-06T22:54:45.983+0000] {processor.py:840} INFO - DAG(s) 'ecommerce_etl_pipeline' retrieved from /opt/airflow/dags/ecommerce_etl.py
[2026-02-06T22:54:46.032+0000] {logging_mixin.py:188} INFO - [2026-02-06T22:54:46.032+0000] {dag.py:3036} INFO - Sync 1 DAGs
[2026-02-06T22:54:46.051+0000] {logging_mixin.py:188} INFO - [2026-02-06T22:54:46.051+0000] {dag.py:3823} INFO - Setting next_dagrun for ecommerce_etl_pipeline to 2026-02-06 00:00:00+00:00, run_after=2026-02-07 00:00:00+00:00
[2026-02-06T22:54:46.073+0000] {processor.py:183} INFO - Processing /opt/airflow/dags/ecommerce_etl.py took 0.139 seconds
[2026-02-06T22:55:16.168+0000] {processor.py:161} INFO - Started process (PID=4182) to work on /opt/airflow/dags/ecommerce_etl.py
[2026-02-06T22:55:16.169+0000] {processor.py:830} INFO - Processing file /opt/airflow/dags/ecommerce_etl.py for tasks to queue
[2026-02-06T22:55:16.170+0000] {logging_mixin.py:188} INFO - [2026-02-06T22:55:16.170+0000] {dagbag.py:538} INFO - Filling up the DagBag from /opt/airflow/dags/ecommerce_etl.py
[2026-02-06T22:55:16.198+0000] {processor.py:840} INFO - DAG(s) 'ecommerce_etl_pipeline' retrieved from /opt/airflow/dags/ecommerce_etl.py
[2026-02-06T22:55:16.226+0000] {logging_mixin.py:188} INFO - [2026-02-06T22:55:16.226+0000] {dag.py:3036} INFO - Sync 1 DAGs
[2026-02-06T22:55:16.245+0000] {logging_mixin.py:188} INFO - [2026-02-06T22:55:16.245+0000] {dag.py:3823} INFO - Setting next_dagrun for ecommerce_etl_pipeline to 2026-02-06 00:00:00+00:00, run_after=2026-02-07 00:00:00+00:00
[2026-02-06T22:55:16.264+0000] {processor.py:183} INFO - Processing /opt/airflow/dags/ecommerce_etl.py took 0.099 seconds
[2026-02-06T22:55:46.423+0000] {processor.py:161} INFO - Started process (PID=4211) to work on /opt/airflow/dags/ecommerce_etl.py
[2026-02-06T22:55:46.425+0000] {processor.py:830} INFO - Processing file /opt/airflow/dags/ecommerce_etl.py for tasks to queue
[2026-02-06T22:55:46.426+0000] {logging_mixin.py:188} INFO - [2026-02-06T22:55:46.425+0000] {dagbag.py:538} INFO - Filling up the DagBag from /opt/airflow/dags/ecommerce_etl.py
[2026-02-06T22:55:46.454+0000] {processor.py:840} INFO - DAG(s) 'ecommerce_etl_pipeline' retrieved from /opt/airflow/dags/ecommerce_etl.py
[2026-02-06T22:55:46.515+0000] {logging_mixin.py:188} INFO - [2026-02-06T22:55:46.514+0000] {dag.py:3036} INFO - Sync 1 DAGs
[2026-02-06T22:55:46.537+0000] {logging_mixin.py:188} INFO - [2026-02-06T22:55:46.536+0000] {dag.py:3823} INFO - Setting next_dagrun for ecommerce_etl_pipeline to 2026-02-06 00:00:00+00:00, run_after=2026-02-07 00:00:00+00:00
[2026-02-06T22:55:46.556+0000] {processor.py:183} INFO - Processing /opt/airflow/dags/ecommerce_etl.py took 0.137 seconds
[2026-02-06T22:56:16.814+0000] {processor.py:161} INFO - Started process (PID=4240) to work on /opt/airflow/dags/ecommerce_etl.py
[2026-02-06T22:56:16.816+0000] {processor.py:830} INFO - Processing file /opt/airflow/dags/ecommerce_etl.py for tasks to queue
[2026-02-06T22:56:16.817+0000] {logging_mixin.py:188} INFO - [2026-02-06T22:56:16.817+0000] {dagbag.py:538} INFO - Filling up the DagBag from /opt/airflow/dags/ecommerce_etl.py
[2026-02-06T22:56:16.846+0000] {processor.py:840} INFO - DAG(s) 'ecommerce_etl_pipeline' retrieved from /opt/airflow/dags/ecommerce_etl.py
[2026-02-06T22:56:16.877+0000] {logging_mixin.py:188} INFO - [2026-02-06T22:56:16.876+0000] {dag.py:3036} INFO - Sync 1 DAGs
[2026-02-06T22:56:16.904+0000] {logging_mixin.py:188} INFO - [2026-02-06T22:56:16.903+0000] {dag.py:3823} INFO - Setting next_dagrun for ecommerce_etl_pipeline to 2026-02-06 00:00:00+00:00, run_after=2026-02-07 00:00:00+00:00
[2026-02-06T22:56:16.930+0000] {processor.py:183} INFO - Processing /opt/airflow/dags/ecommerce_etl.py took 0.121 seconds
[2026-02-06T22:56:47.195+0000] {processor.py:161} INFO - Started process (PID=4275) to work on /opt/airflow/dags/ecommerce_etl.py
[2026-02-06T22:56:47.197+0000] {processor.py:830} INFO - Processing file /opt/airflow/dags/ecommerce_etl.py for tasks to queue
[2026-02-06T22:56:47.199+0000] {logging_mixin.py:188} INFO - [2026-02-06T22:56:47.198+0000] {dagbag.py:538} INFO - Filling up the DagBag from /opt/airflow/dags/ecommerce_etl.py
[2026-02-06T22:56:47.229+0000] {processor.py:840} INFO - DAG(s) 'ecommerce_etl_pipeline' retrieved from /opt/airflow/dags/ecommerce_etl.py
[2026-02-06T22:56:47.264+0000] {logging_mixin.py:188} INFO - [2026-02-06T22:56:47.263+0000] {dag.py:3036} INFO - Sync 1 DAGs
[2026-02-06T22:56:47.285+0000] {logging_mixin.py:188} INFO - [2026-02-06T22:56:47.285+0000] {dag.py:3823} INFO - Setting next_dagrun for ecommerce_etl_pipeline to 2026-02-06 00:00:00+00:00, run_after=2026-02-07 00:00:00+00:00
[2026-02-06T22:56:47.309+0000] {processor.py:183} INFO - Processing /opt/airflow/dags/ecommerce_etl.py took 0.118 seconds
[2026-02-06T22:57:17.607+0000] {processor.py:161} INFO - Started process (PID=4304) to work on /opt/airflow/dags/ecommerce_etl.py
[2026-02-06T22:57:17.609+0000] {processor.py:830} INFO - Processing file /opt/airflow/dags/ecommerce_etl.py for tasks to queue
[2026-02-06T22:57:17.610+0000] {logging_mixin.py:188} INFO - [2026-02-06T22:57:17.610+0000] {dagbag.py:538} INFO - Filling up the DagBag from /opt/airflow/dags/ecommerce_etl.py
[2026-02-06T22:57:17.641+0000] {processor.py:840} INFO - DAG(s) 'ecommerce_etl_pipeline' retrieved from /opt/airflow/dags/ecommerce_etl.py
[2026-02-06T22:57:17.672+0000] {logging_mixin.py:188} INFO - [2026-02-06T22:57:17.672+0000] {dag.py:3036} INFO - Sync 1 DAGs
[2026-02-06T22:57:17.697+0000] {logging_mixin.py:188} INFO - [2026-02-06T22:57:17.697+0000] {dag.py:3823} INFO - Setting next_dagrun for ecommerce_etl_pipeline to 2026-02-06 00:00:00+00:00, run_after=2026-02-07 00:00:00+00:00
[2026-02-06T22:57:17.718+0000] {processor.py:183} INFO - Processing /opt/airflow/dags/ecommerce_etl.py took 0.116 seconds
[2026-02-06T22:57:48.017+0000] {processor.py:161} INFO - Started process (PID=4333) to work on /opt/airflow/dags/ecommerce_etl.py
[2026-02-06T22:57:48.018+0000] {processor.py:830} INFO - Processing file /opt/airflow/dags/ecommerce_etl.py for tasks to queue
[2026-02-06T22:57:48.019+0000] {logging_mixin.py:188} INFO - [2026-02-06T22:57:48.019+0000] {dagbag.py:538} INFO - Filling up the DagBag from /opt/airflow/dags/ecommerce_etl.py
[2026-02-06T22:57:48.046+0000] {processor.py:840} INFO - DAG(s) 'ecommerce_etl_pipeline' retrieved from /opt/airflow/dags/ecommerce_etl.py
[2026-02-06T22:57:48.075+0000] {logging_mixin.py:188} INFO - [2026-02-06T22:57:48.075+0000] {dag.py:3036} INFO - Sync 1 DAGs
[2026-02-06T22:57:48.096+0000] {logging_mixin.py:188} INFO - [2026-02-06T22:57:48.096+0000] {dag.py:3823} INFO - Setting next_dagrun for ecommerce_etl_pipeline to 2026-02-06 00:00:00+00:00, run_after=2026-02-07 00:00:00+00:00
[2026-02-06T22:57:48.115+0000] {processor.py:183} INFO - Processing /opt/airflow/dags/ecommerce_etl.py took 0.103 seconds
[2026-02-06T22:58:18.343+0000] {processor.py:161} INFO - Started process (PID=4347) to work on /opt/airflow/dags/ecommerce_etl.py
[2026-02-06T22:58:18.345+0000] {processor.py:830} INFO - Processing file /opt/airflow/dags/ecommerce_etl.py for tasks to queue
[2026-02-06T22:58:18.347+0000] {logging_mixin.py:188} INFO - [2026-02-06T22:58:18.346+0000] {dagbag.py:538} INFO - Filling up the DagBag from /opt/airflow/dags/ecommerce_etl.py
[2026-02-06T22:58:18.384+0000] {processor.py:840} INFO - DAG(s) 'ecommerce_etl_pipeline' retrieved from /opt/airflow/dags/ecommerce_etl.py
[2026-02-06T22:58:18.452+0000] {logging_mixin.py:188} INFO - [2026-02-06T22:58:18.451+0000] {dag.py:3036} INFO - Sync 1 DAGs
[2026-02-06T22:58:18.508+0000] {logging_mixin.py:188} INFO - [2026-02-06T22:58:18.508+0000] {dag.py:3823} INFO - Setting next_dagrun for ecommerce_etl_pipeline to 2026-02-06 00:00:00+00:00, run_after=2026-02-07 00:00:00+00:00
[2026-02-06T22:58:18.567+0000] {processor.py:183} INFO - Processing /opt/airflow/dags/ecommerce_etl.py took 0.230 seconds
[2026-02-06T22:58:48.888+0000] {processor.py:161} INFO - Started process (PID=4373) to work on /opt/airflow/dags/ecommerce_etl.py
[2026-02-06T22:58:48.889+0000] {processor.py:830} INFO - Processing file /opt/airflow/dags/ecommerce_etl.py for tasks to queue
[2026-02-06T22:58:48.891+0000] {logging_mixin.py:188} INFO - [2026-02-06T22:58:48.890+0000] {dagbag.py:538} INFO - Filling up the DagBag from /opt/airflow/dags/ecommerce_etl.py
[2026-02-06T22:58:48.912+0000] {processor.py:840} INFO - DAG(s) 'ecommerce_etl_pipeline' retrieved from /opt/airflow/dags/ecommerce_etl.py
[2026-02-06T22:58:48.940+0000] {logging_mixin.py:188} INFO - [2026-02-06T22:58:48.939+0000] {dag.py:3036} INFO - Sync 1 DAGs
[2026-02-06T22:58:48.958+0000] {logging_mixin.py:188} INFO - [2026-02-06T22:58:48.958+0000] {dag.py:3823} INFO - Setting next_dagrun for ecommerce_etl_pipeline to 2026-02-06 00:00:00+00:00, run_after=2026-02-07 00:00:00+00:00
[2026-02-06T22:58:48.976+0000] {processor.py:183} INFO - Processing /opt/airflow/dags/ecommerce_etl.py took 0.091 seconds
[2026-02-06T22:59:19.243+0000] {processor.py:161} INFO - Started process (PID=4402) to work on /opt/airflow/dags/ecommerce_etl.py
[2026-02-06T22:59:19.244+0000] {processor.py:830} INFO - Processing file /opt/airflow/dags/ecommerce_etl.py for tasks to queue
[2026-02-06T22:59:19.245+0000] {logging_mixin.py:188} INFO - [2026-02-06T22:59:19.245+0000] {dagbag.py:538} INFO - Filling up the DagBag from /opt/airflow/dags/ecommerce_etl.py
[2026-02-06T22:59:19.270+0000] {processor.py:840} INFO - DAG(s) 'ecommerce_etl_pipeline' retrieved from /opt/airflow/dags/ecommerce_etl.py
[2026-02-06T22:59:19.299+0000] {logging_mixin.py:188} INFO - [2026-02-06T22:59:19.299+0000] {dag.py:3036} INFO - Sync 1 DAGs
[2026-02-06T22:59:19.324+0000] {logging_mixin.py:188} INFO - [2026-02-06T22:59:19.323+0000] {dag.py:3823} INFO - Setting next_dagrun for ecommerce_etl_pipeline to 2026-02-06 00:00:00+00:00, run_after=2026-02-07 00:00:00+00:00
[2026-02-06T22:59:19.348+0000] {processor.py:183} INFO - Processing /opt/airflow/dags/ecommerce_etl.py took 0.109 seconds
[2026-02-06T22:59:49.610+0000] {processor.py:161} INFO - Started process (PID=4431) to work on /opt/airflow/dags/ecommerce_etl.py
[2026-02-06T22:59:49.611+0000] {processor.py:830} INFO - Processing file /opt/airflow/dags/ecommerce_etl.py for tasks to queue
[2026-02-06T22:59:49.612+0000] {logging_mixin.py:188} INFO - [2026-02-06T22:59:49.611+0000] {dagbag.py:538} INFO - Filling up the DagBag from /opt/airflow/dags/ecommerce_etl.py
[2026-02-06T22:59:49.631+0000] {processor.py:840} INFO - DAG(s) 'ecommerce_etl_pipeline' retrieved from /opt/airflow/dags/ecommerce_etl.py
[2026-02-06T22:59:49.657+0000] {logging_mixin.py:188} INFO - [2026-02-06T22:59:49.657+0000] {dag.py:3036} INFO - Sync 1 DAGs
[2026-02-06T22:59:49.677+0000] {logging_mixin.py:188} INFO - [2026-02-06T22:59:49.677+0000] {dag.py:3823} INFO - Setting next_dagrun for ecommerce_etl_pipeline to 2026-02-06 00:00:00+00:00, run_after=2026-02-07 00:00:00+00:00
[2026-02-06T22:59:49.694+0000] {processor.py:183} INFO - Processing /opt/airflow/dags/ecommerce_etl.py took 0.088 seconds
[2026-02-06T23:00:19.785+0000] {processor.py:161} INFO - Started process (PID=4460) to work on /opt/airflow/dags/ecommerce_etl.py
[2026-02-06T23:00:19.786+0000] {processor.py:830} INFO - Processing file /opt/airflow/dags/ecommerce_etl.py for tasks to queue
[2026-02-06T23:00:19.787+0000] {logging_mixin.py:188} INFO - [2026-02-06T23:00:19.787+0000] {dagbag.py:538} INFO - Filling up the DagBag from /opt/airflow/dags/ecommerce_etl.py
[2026-02-06T23:00:19.811+0000] {processor.py:840} INFO - DAG(s) 'ecommerce_etl_pipeline' retrieved from /opt/airflow/dags/ecommerce_etl.py
[2026-02-06T23:00:19.837+0000] {logging_mixin.py:188} INFO - [2026-02-06T23:00:19.837+0000] {dag.py:3036} INFO - Sync 1 DAGs
[2026-02-06T23:00:19.857+0000] {logging_mixin.py:188} INFO - [2026-02-06T23:00:19.857+0000] {dag.py:3823} INFO - Setting next_dagrun for ecommerce_etl_pipeline to 2026-02-06 00:00:00+00:00, run_after=2026-02-07 00:00:00+00:00
[2026-02-06T23:00:19.874+0000] {processor.py:183} INFO - Processing /opt/airflow/dags/ecommerce_etl.py took 0.092 seconds
[2026-02-06T23:00:50.166+0000] {processor.py:161} INFO - Started process (PID=4489) to work on /opt/airflow/dags/ecommerce_etl.py
[2026-02-06T23:00:50.167+0000] {processor.py:830} INFO - Processing file /opt/airflow/dags/ecommerce_etl.py for tasks to queue
[2026-02-06T23:00:50.168+0000] {logging_mixin.py:188} INFO - [2026-02-06T23:00:50.168+0000] {dagbag.py:538} INFO - Filling up the DagBag from /opt/airflow/dags/ecommerce_etl.py
[2026-02-06T23:00:50.196+0000] {processor.py:840} INFO - DAG(s) 'ecommerce_etl_pipeline' retrieved from /opt/airflow/dags/ecommerce_etl.py
[2026-02-06T23:00:50.229+0000] {logging_mixin.py:188} INFO - [2026-02-06T23:00:50.229+0000] {dag.py:3036} INFO - Sync 1 DAGs
[2026-02-06T23:00:50.252+0000] {logging_mixin.py:188} INFO - [2026-02-06T23:00:50.252+0000] {dag.py:3823} INFO - Setting next_dagrun for ecommerce_etl_pipeline to 2026-02-06 00:00:00+00:00, run_after=2026-02-07 00:00:00+00:00
[2026-02-06T23:00:50.275+0000] {processor.py:183} INFO - Processing /opt/airflow/dags/ecommerce_etl.py took 0.113 seconds
[2026-02-06T23:01:20.583+0000] {processor.py:161} INFO - Started process (PID=4518) to work on /opt/airflow/dags/ecommerce_etl.py
[2026-02-06T23:01:20.584+0000] {processor.py:830} INFO - Processing file /opt/airflow/dags/ecommerce_etl.py for tasks to queue
[2026-02-06T23:01:20.585+0000] {logging_mixin.py:188} INFO - [2026-02-06T23:01:20.585+0000] {dagbag.py:538} INFO - Filling up the DagBag from /opt/airflow/dags/ecommerce_etl.py
[2026-02-06T23:01:20.614+0000] {processor.py:840} INFO - DAG(s) 'ecommerce_etl_pipeline' retrieved from /opt/airflow/dags/ecommerce_etl.py
[2026-02-06T23:01:20.647+0000] {logging_mixin.py:188} INFO - [2026-02-06T23:01:20.646+0000] {dag.py:3036} INFO - Sync 1 DAGs
[2026-02-06T23:01:20.675+0000] {logging_mixin.py:188} INFO - [2026-02-06T23:01:20.675+0000] {dag.py:3823} INFO - Setting next_dagrun for ecommerce_etl_pipeline to 2026-02-06 00:00:00+00:00, run_after=2026-02-07 00:00:00+00:00
[2026-02-06T23:01:20.695+0000] {processor.py:183} INFO - Processing /opt/airflow/dags/ecommerce_etl.py took 0.117 seconds
[2026-02-06T23:01:50.963+0000] {processor.py:161} INFO - Started process (PID=4547) to work on /opt/airflow/dags/ecommerce_etl.py
[2026-02-06T23:01:50.964+0000] {processor.py:830} INFO - Processing file /opt/airflow/dags/ecommerce_etl.py for tasks to queue
[2026-02-06T23:01:50.965+0000] {logging_mixin.py:188} INFO - [2026-02-06T23:01:50.965+0000] {dagbag.py:538} INFO - Filling up the DagBag from /opt/airflow/dags/ecommerce_etl.py
[2026-02-06T23:01:50.986+0000] {processor.py:840} INFO - DAG(s) 'ecommerce_etl_pipeline' retrieved from /opt/airflow/dags/ecommerce_etl.py
[2026-02-06T23:01:51.011+0000] {logging_mixin.py:188} INFO - [2026-02-06T23:01:51.011+0000] {dag.py:3036} INFO - Sync 1 DAGs
[2026-02-06T23:01:51.031+0000] {logging_mixin.py:188} INFO - [2026-02-06T23:01:51.031+0000] {dag.py:3823} INFO - Setting next_dagrun for ecommerce_etl_pipeline to 2026-02-06 00:00:00+00:00, run_after=2026-02-07 00:00:00+00:00
[2026-02-06T23:01:51.051+0000] {processor.py:183} INFO - Processing /opt/airflow/dags/ecommerce_etl.py took 0.091 seconds
[2026-02-06T23:02:21.260+0000] {processor.py:161} INFO - Started process (PID=4576) to work on /opt/airflow/dags/ecommerce_etl.py
[2026-02-06T23:02:21.261+0000] {processor.py:830} INFO - Processing file /opt/airflow/dags/ecommerce_etl.py for tasks to queue
[2026-02-06T23:02:21.263+0000] {logging_mixin.py:188} INFO - [2026-02-06T23:02:21.262+0000] {dagbag.py:538} INFO - Filling up the DagBag from /opt/airflow/dags/ecommerce_etl.py
[2026-02-06T23:02:21.299+0000] {processor.py:840} INFO - DAG(s) 'ecommerce_etl_pipeline' retrieved from /opt/airflow/dags/ecommerce_etl.py
[2026-02-06T23:02:21.336+0000] {logging_mixin.py:188} INFO - [2026-02-06T23:02:21.335+0000] {dag.py:3036} INFO - Sync 1 DAGs
[2026-02-06T23:02:21.361+0000] {logging_mixin.py:188} INFO - [2026-02-06T23:02:21.360+0000] {dag.py:3823} INFO - Setting next_dagrun for ecommerce_etl_pipeline to 2026-02-06 00:00:00+00:00, run_after=2026-02-07 00:00:00+00:00
[2026-02-06T23:02:21.383+0000] {processor.py:183} INFO - Processing /opt/airflow/dags/ecommerce_etl.py took 0.128 seconds
[2026-02-06T23:02:51.489+0000] {processor.py:161} INFO - Started process (PID=4605) to work on /opt/airflow/dags/ecommerce_etl.py
[2026-02-06T23:02:51.490+0000] {processor.py:830} INFO - Processing file /opt/airflow/dags/ecommerce_etl.py for tasks to queue
[2026-02-06T23:02:51.491+0000] {logging_mixin.py:188} INFO - [2026-02-06T23:02:51.490+0000] {dagbag.py:538} INFO - Filling up the DagBag from /opt/airflow/dags/ecommerce_etl.py
[2026-02-06T23:02:51.512+0000] {processor.py:840} INFO - DAG(s) 'ecommerce_etl_pipeline' retrieved from /opt/airflow/dags/ecommerce_etl.py
[2026-02-06T23:02:51.539+0000] {logging_mixin.py:188} INFO - [2026-02-06T23:02:51.539+0000] {dag.py:3036} INFO - Sync 1 DAGs
[2026-02-06T23:02:51.567+0000] {logging_mixin.py:188} INFO - [2026-02-06T23:02:51.567+0000] {dag.py:3823} INFO - Setting next_dagrun for ecommerce_etl_pipeline to 2026-02-06 00:00:00+00:00, run_after=2026-02-07 00:00:00+00:00
[2026-02-06T23:02:51.594+0000] {processor.py:183} INFO - Processing /opt/airflow/dags/ecommerce_etl.py took 0.109 seconds
[2026-02-06T23:03:21.870+0000] {processor.py:161} INFO - Started process (PID=4620) to work on /opt/airflow/dags/ecommerce_etl.py
[2026-02-06T23:03:21.872+0000] {processor.py:830} INFO - Processing file /opt/airflow/dags/ecommerce_etl.py for tasks to queue
[2026-02-06T23:03:21.873+0000] {logging_mixin.py:188} INFO - [2026-02-06T23:03:21.873+0000] {dagbag.py:538} INFO - Filling up the DagBag from /opt/airflow/dags/ecommerce_etl.py
[2026-02-06T23:03:21.912+0000] {processor.py:840} INFO - DAG(s) 'ecommerce_etl_pipeline' retrieved from /opt/airflow/dags/ecommerce_etl.py
[2026-02-06T23:03:21.961+0000] {logging_mixin.py:188} INFO - [2026-02-06T23:03:21.961+0000] {dag.py:3036} INFO - Sync 1 DAGs
[2026-02-06T23:03:21.993+0000] {logging_mixin.py:188} INFO - [2026-02-06T23:03:21.993+0000] {dag.py:3823} INFO - Setting next_dagrun for ecommerce_etl_pipeline to 2026-02-06 00:00:00+00:00, run_after=2026-02-07 00:00:00+00:00
[2026-02-06T23:03:22.020+0000] {processor.py:183} INFO - Processing /opt/airflow/dags/ecommerce_etl.py took 0.155 seconds
[2026-02-06T23:03:52.287+0000] {processor.py:161} INFO - Started process (PID=4645) to work on /opt/airflow/dags/ecommerce_etl.py
[2026-02-06T23:03:52.289+0000] {processor.py:830} INFO - Processing file /opt/airflow/dags/ecommerce_etl.py for tasks to queue
[2026-02-06T23:03:52.291+0000] {logging_mixin.py:188} INFO - [2026-02-06T23:03:52.290+0000] {dagbag.py:538} INFO - Filling up the DagBag from /opt/airflow/dags/ecommerce_etl.py
[2026-02-06T23:03:52.327+0000] {processor.py:840} INFO - DAG(s) 'ecommerce_etl_pipeline' retrieved from /opt/airflow/dags/ecommerce_etl.py
[2026-02-06T23:03:52.362+0000] {logging_mixin.py:188} INFO - [2026-02-06T23:03:52.361+0000] {dag.py:3036} INFO - Sync 1 DAGs
[2026-02-06T23:03:52.384+0000] {logging_mixin.py:188} INFO - [2026-02-06T23:03:52.384+0000] {dag.py:3823} INFO - Setting next_dagrun for ecommerce_etl_pipeline to 2026-02-06 00:00:00+00:00, run_after=2026-02-07 00:00:00+00:00
[2026-02-06T23:03:52.406+0000] {processor.py:183} INFO - Processing /opt/airflow/dags/ecommerce_etl.py took 0.126 seconds
[2026-02-06T23:04:22.687+0000] {processor.py:161} INFO - Started process (PID=4674) to work on /opt/airflow/dags/ecommerce_etl.py
[2026-02-06T23:04:22.689+0000] {processor.py:830} INFO - Processing file /opt/airflow/dags/ecommerce_etl.py for tasks to queue
[2026-02-06T23:04:22.690+0000] {logging_mixin.py:188} INFO - [2026-02-06T23:04:22.690+0000] {dagbag.py:538} INFO - Filling up the DagBag from /opt/airflow/dags/ecommerce_etl.py
[2026-02-06T23:04:22.720+0000] {processor.py:840} INFO - DAG(s) 'ecommerce_etl_pipeline' retrieved from /opt/airflow/dags/ecommerce_etl.py
[2026-02-06T23:04:22.751+0000] {logging_mixin.py:188} INFO - [2026-02-06T23:04:22.750+0000] {dag.py:3036} INFO - Sync 1 DAGs
[2026-02-06T23:04:22.773+0000] {logging_mixin.py:188} INFO - [2026-02-06T23:04:22.772+0000] {dag.py:3823} INFO - Setting next_dagrun for ecommerce_etl_pipeline to 2026-02-06 00:00:00+00:00, run_after=2026-02-07 00:00:00+00:00
[2026-02-06T23:04:22.790+0000] {processor.py:183} INFO - Processing /opt/airflow/dags/ecommerce_etl.py took 0.110 seconds
