[2026-02-05T21:40:01.713+0000] {processor.py:161} INFO - Started process (PID=995) to work on /opt/airflow/dags/data_quality_checks.py
[2026-02-05T21:40:01.714+0000] {processor.py:830} INFO - Processing file /opt/airflow/dags/data_quality_checks.py for tasks to queue
[2026-02-05T21:40:01.715+0000] {logging_mixin.py:188} INFO - [2026-02-05T21:40:01.715+0000] {dagbag.py:538} INFO - Filling up the DagBag from /opt/airflow/dags/data_quality_checks.py
[2026-02-05T21:40:12.433+0000] {logging_mixin.py:188} INFO - [2026-02-05T21:40:12.432+0000] {warnings.py:110} WARNING - /opt/airflow/dags/data_quality_checks.py:50: RemovedInAirflow3Warning: Param `schedule_interval` is deprecated and will be removed in a future release. Please use `schedule` instead. 
  with DAG(
[2026-02-05T21:40:12.441+0000] {processor.py:840} INFO - DAG(s) 'data_quality_checks' retrieved from /opt/airflow/dags/data_quality_checks.py
[2026-02-05T21:40:12.846+0000] {logging_mixin.py:188} INFO - [2026-02-05T21:40:12.845+0000] {override.py:1769} INFO - Created Permission View: can delete on DAG:data_quality_checks
[2026-02-05T21:40:12.879+0000] {logging_mixin.py:188} INFO - [2026-02-05T21:40:12.878+0000] {override.py:1769} INFO - Created Permission View: can edit on DAG:data_quality_checks
[2026-02-05T21:40:12.887+0000] {logging_mixin.py:188} INFO - [2026-02-05T21:40:12.885+0000] {override.py:1769} INFO - Created Permission View: can read on DAG:data_quality_checks
[2026-02-05T21:40:12.888+0000] {logging_mixin.py:188} INFO - [2026-02-05T21:40:12.888+0000] {dag.py:3036} INFO - Sync 1 DAGs
[2026-02-05T21:40:12.947+0000] {logging_mixin.py:188} INFO - [2026-02-05T21:40:12.947+0000] {dag.py:3058} INFO - Creating ORM DAG for data_quality_checks
[2026-02-05T21:40:12.975+0000] {logging_mixin.py:188} INFO - [2026-02-05T21:40:12.974+0000] {dag.py:3823} INFO - Setting next_dagrun for data_quality_checks to 2026-02-04 00:00:00+00:00, run_after=2026-02-05 00:00:00+00:00
[2026-02-05T21:40:13.009+0000] {processor.py:183} INFO - Processing /opt/airflow/dags/data_quality_checks.py took 11.300 seconds
[2026-02-05T21:40:43.180+0000] {processor.py:161} INFO - Started process (PID=1024) to work on /opt/airflow/dags/data_quality_checks.py
[2026-02-05T21:40:43.181+0000] {processor.py:830} INFO - Processing file /opt/airflow/dags/data_quality_checks.py for tasks to queue
[2026-02-05T21:40:43.182+0000] {logging_mixin.py:188} INFO - [2026-02-05T21:40:43.182+0000] {dagbag.py:538} INFO - Filling up the DagBag from /opt/airflow/dags/data_quality_checks.py
[2026-02-05T21:40:46.149+0000] {logging_mixin.py:188} INFO - [2026-02-05T21:40:46.148+0000] {warnings.py:110} WARNING - /opt/airflow/dags/data_quality_checks.py:50: RemovedInAirflow3Warning: Param `schedule_interval` is deprecated and will be removed in a future release. Please use `schedule` instead. 
  with DAG(
[2026-02-05T21:40:46.154+0000] {processor.py:840} INFO - DAG(s) 'data_quality_checks' retrieved from /opt/airflow/dags/data_quality_checks.py
[2026-02-05T21:40:46.177+0000] {logging_mixin.py:188} INFO - [2026-02-05T21:40:46.177+0000] {dag.py:3036} INFO - Sync 1 DAGs
[2026-02-05T21:40:46.196+0000] {logging_mixin.py:188} INFO - [2026-02-05T21:40:46.195+0000] {dag.py:3823} INFO - Setting next_dagrun for data_quality_checks to 2026-02-04 00:00:00+00:00, run_after=2026-02-05 00:00:00+00:00
[2026-02-05T21:40:46.214+0000] {processor.py:183} INFO - Processing /opt/airflow/dags/data_quality_checks.py took 3.038 seconds
[2026-02-05T21:41:16.463+0000] {processor.py:161} INFO - Started process (PID=1053) to work on /opt/airflow/dags/data_quality_checks.py
[2026-02-05T21:41:16.464+0000] {processor.py:830} INFO - Processing file /opt/airflow/dags/data_quality_checks.py for tasks to queue
[2026-02-05T21:41:16.466+0000] {logging_mixin.py:188} INFO - [2026-02-05T21:41:16.466+0000] {dagbag.py:538} INFO - Filling up the DagBag from /opt/airflow/dags/data_quality_checks.py
[2026-02-05T21:41:19.368+0000] {logging_mixin.py:188} INFO - [2026-02-05T21:41:19.368+0000] {warnings.py:110} WARNING - /opt/airflow/dags/data_quality_checks.py:50: RemovedInAirflow3Warning: Param `schedule_interval` is deprecated and will be removed in a future release. Please use `schedule` instead. 
  with DAG(
[2026-02-05T21:41:19.373+0000] {processor.py:840} INFO - DAG(s) 'data_quality_checks' retrieved from /opt/airflow/dags/data_quality_checks.py
[2026-02-05T21:41:19.393+0000] {logging_mixin.py:188} INFO - [2026-02-05T21:41:19.393+0000] {dag.py:3036} INFO - Sync 1 DAGs
[2026-02-05T21:41:19.411+0000] {logging_mixin.py:188} INFO - [2026-02-05T21:41:19.411+0000] {dag.py:3823} INFO - Setting next_dagrun for data_quality_checks to 2026-02-04 00:00:00+00:00, run_after=2026-02-05 00:00:00+00:00
[2026-02-05T21:41:19.428+0000] {processor.py:183} INFO - Processing /opt/airflow/dags/data_quality_checks.py took 2.968 seconds
[2026-02-05T21:41:49.830+0000] {processor.py:161} INFO - Started process (PID=1088) to work on /opt/airflow/dags/data_quality_checks.py
[2026-02-05T21:41:49.832+0000] {processor.py:830} INFO - Processing file /opt/airflow/dags/data_quality_checks.py for tasks to queue
[2026-02-05T21:41:49.834+0000] {logging_mixin.py:188} INFO - [2026-02-05T21:41:49.833+0000] {dagbag.py:538} INFO - Filling up the DagBag from /opt/airflow/dags/data_quality_checks.py
[2026-02-05T21:41:52.944+0000] {logging_mixin.py:188} INFO - [2026-02-05T21:41:52.944+0000] {warnings.py:110} WARNING - /opt/airflow/dags/data_quality_checks.py:50: RemovedInAirflow3Warning: Param `schedule_interval` is deprecated and will be removed in a future release. Please use `schedule` instead. 
  with DAG(
[2026-02-05T21:41:52.950+0000] {processor.py:840} INFO - DAG(s) 'data_quality_checks' retrieved from /opt/airflow/dags/data_quality_checks.py
[2026-02-05T21:41:52.973+0000] {logging_mixin.py:188} INFO - [2026-02-05T21:41:52.972+0000] {dag.py:3036} INFO - Sync 1 DAGs
[2026-02-05T21:41:52.992+0000] {logging_mixin.py:188} INFO - [2026-02-05T21:41:52.992+0000] {dag.py:3823} INFO - Setting next_dagrun for data_quality_checks to 2026-02-04 00:00:00+00:00, run_after=2026-02-05 00:00:00+00:00
[2026-02-05T21:41:53.010+0000] {processor.py:183} INFO - Processing /opt/airflow/dags/data_quality_checks.py took 3.183 seconds
[2026-02-05T21:42:23.245+0000] {processor.py:161} INFO - Started process (PID=1122) to work on /opt/airflow/dags/data_quality_checks.py
[2026-02-05T21:42:23.246+0000] {processor.py:830} INFO - Processing file /opt/airflow/dags/data_quality_checks.py for tasks to queue
[2026-02-05T21:42:23.247+0000] {logging_mixin.py:188} INFO - [2026-02-05T21:42:23.246+0000] {dagbag.py:538} INFO - Filling up the DagBag from /opt/airflow/dags/data_quality_checks.py
[2026-02-05T21:42:26.323+0000] {logging_mixin.py:188} INFO - [2026-02-05T21:42:26.323+0000] {warnings.py:110} WARNING - /opt/airflow/dags/data_quality_checks.py:50: RemovedInAirflow3Warning: Param `schedule_interval` is deprecated and will be removed in a future release. Please use `schedule` instead. 
  with DAG(
[2026-02-05T21:42:26.329+0000] {processor.py:840} INFO - DAG(s) 'data_quality_checks' retrieved from /opt/airflow/dags/data_quality_checks.py
[2026-02-05T21:42:26.351+0000] {logging_mixin.py:188} INFO - [2026-02-05T21:42:26.351+0000] {dag.py:3036} INFO - Sync 1 DAGs
[2026-02-05T21:42:26.371+0000] {logging_mixin.py:188} INFO - [2026-02-05T21:42:26.371+0000] {dag.py:3823} INFO - Setting next_dagrun for data_quality_checks to 2026-02-04 00:00:00+00:00, run_after=2026-02-05 00:00:00+00:00
[2026-02-05T21:42:26.386+0000] {processor.py:183} INFO - Processing /opt/airflow/dags/data_quality_checks.py took 3.145 seconds
[2026-02-05T21:42:56.651+0000] {processor.py:161} INFO - Started process (PID=1151) to work on /opt/airflow/dags/data_quality_checks.py
[2026-02-05T21:42:56.652+0000] {processor.py:830} INFO - Processing file /opt/airflow/dags/data_quality_checks.py for tasks to queue
[2026-02-05T21:42:56.653+0000] {logging_mixin.py:188} INFO - [2026-02-05T21:42:56.653+0000] {dagbag.py:538} INFO - Filling up the DagBag from /opt/airflow/dags/data_quality_checks.py
[2026-02-05T21:42:59.534+0000] {logging_mixin.py:188} INFO - [2026-02-05T21:42:59.534+0000] {warnings.py:110} WARNING - /opt/airflow/dags/data_quality_checks.py:50: RemovedInAirflow3Warning: Param `schedule_interval` is deprecated and will be removed in a future release. Please use `schedule` instead. 
  with DAG(
[2026-02-05T21:42:59.540+0000] {processor.py:840} INFO - DAG(s) 'data_quality_checks' retrieved from /opt/airflow/dags/data_quality_checks.py
[2026-02-05T21:42:59.584+0000] {logging_mixin.py:188} INFO - [2026-02-05T21:42:59.584+0000] {dag.py:3036} INFO - Sync 1 DAGs
[2026-02-05T21:42:59.624+0000] {logging_mixin.py:188} INFO - [2026-02-05T21:42:59.623+0000] {dag.py:3823} INFO - Setting next_dagrun for data_quality_checks to 2026-02-04 00:00:00+00:00, run_after=2026-02-05 00:00:00+00:00
[2026-02-05T21:42:59.653+0000] {processor.py:183} INFO - Processing /opt/airflow/dags/data_quality_checks.py took 3.005 seconds
[2026-02-05T21:43:29.914+0000] {processor.py:161} INFO - Started process (PID=1180) to work on /opt/airflow/dags/data_quality_checks.py
[2026-02-05T21:43:29.916+0000] {processor.py:830} INFO - Processing file /opt/airflow/dags/data_quality_checks.py for tasks to queue
[2026-02-05T21:43:29.917+0000] {logging_mixin.py:188} INFO - [2026-02-05T21:43:29.916+0000] {dagbag.py:538} INFO - Filling up the DagBag from /opt/airflow/dags/data_quality_checks.py
[2026-02-05T21:43:32.883+0000] {logging_mixin.py:188} INFO - [2026-02-05T21:43:32.882+0000] {warnings.py:110} WARNING - /opt/airflow/dags/data_quality_checks.py:50: RemovedInAirflow3Warning: Param `schedule_interval` is deprecated and will be removed in a future release. Please use `schedule` instead. 
  with DAG(
[2026-02-05T21:43:32.889+0000] {processor.py:840} INFO - DAG(s) 'data_quality_checks' retrieved from /opt/airflow/dags/data_quality_checks.py
[2026-02-05T21:43:32.914+0000] {logging_mixin.py:188} INFO - [2026-02-05T21:43:32.913+0000] {dag.py:3036} INFO - Sync 1 DAGs
[2026-02-05T21:43:32.936+0000] {logging_mixin.py:188} INFO - [2026-02-05T21:43:32.936+0000] {dag.py:3823} INFO - Setting next_dagrun for data_quality_checks to 2026-02-04 00:00:00+00:00, run_after=2026-02-05 00:00:00+00:00
[2026-02-05T21:43:32.958+0000] {processor.py:183} INFO - Processing /opt/airflow/dags/data_quality_checks.py took 3.047 seconds
[2026-02-05T21:44:03.195+0000] {processor.py:161} INFO - Started process (PID=1209) to work on /opt/airflow/dags/data_quality_checks.py
[2026-02-05T21:44:03.196+0000] {processor.py:830} INFO - Processing file /opt/airflow/dags/data_quality_checks.py for tasks to queue
[2026-02-05T21:44:03.197+0000] {logging_mixin.py:188} INFO - [2026-02-05T21:44:03.197+0000] {dagbag.py:538} INFO - Filling up the DagBag from /opt/airflow/dags/data_quality_checks.py
[2026-02-05T21:44:06.113+0000] {logging_mixin.py:188} INFO - [2026-02-05T21:44:06.112+0000] {warnings.py:110} WARNING - /opt/airflow/dags/data_quality_checks.py:50: RemovedInAirflow3Warning: Param `schedule_interval` is deprecated and will be removed in a future release. Please use `schedule` instead. 
  with DAG(
[2026-02-05T21:44:06.118+0000] {processor.py:840} INFO - DAG(s) 'data_quality_checks' retrieved from /opt/airflow/dags/data_quality_checks.py
[2026-02-05T21:44:06.144+0000] {logging_mixin.py:188} INFO - [2026-02-05T21:44:06.144+0000] {dag.py:3036} INFO - Sync 1 DAGs
[2026-02-05T21:44:06.164+0000] {logging_mixin.py:188} INFO - [2026-02-05T21:44:06.163+0000] {dag.py:3823} INFO - Setting next_dagrun for data_quality_checks to 2026-02-04 00:00:00+00:00, run_after=2026-02-05 00:00:00+00:00
[2026-02-05T21:44:06.188+0000] {processor.py:183} INFO - Processing /opt/airflow/dags/data_quality_checks.py took 2.997 seconds
[2026-02-05T21:44:36.532+0000] {processor.py:161} INFO - Started process (PID=1238) to work on /opt/airflow/dags/data_quality_checks.py
[2026-02-05T21:44:36.533+0000] {processor.py:830} INFO - Processing file /opt/airflow/dags/data_quality_checks.py for tasks to queue
[2026-02-05T21:44:36.534+0000] {logging_mixin.py:188} INFO - [2026-02-05T21:44:36.534+0000] {dagbag.py:538} INFO - Filling up the DagBag from /opt/airflow/dags/data_quality_checks.py
[2026-02-05T21:44:39.106+0000] {logging_mixin.py:188} INFO - [2026-02-05T21:44:39.106+0000] {warnings.py:110} WARNING - /opt/airflow/dags/data_quality_checks.py:50: RemovedInAirflow3Warning: Param `schedule_interval` is deprecated and will be removed in a future release. Please use `schedule` instead. 
  with DAG(
[2026-02-05T21:44:39.111+0000] {processor.py:840} INFO - DAG(s) 'data_quality_checks' retrieved from /opt/airflow/dags/data_quality_checks.py
[2026-02-05T21:44:39.131+0000] {logging_mixin.py:188} INFO - [2026-02-05T21:44:39.131+0000] {dag.py:3036} INFO - Sync 1 DAGs
[2026-02-05T21:44:39.147+0000] {logging_mixin.py:188} INFO - [2026-02-05T21:44:39.147+0000] {dag.py:3823} INFO - Setting next_dagrun for data_quality_checks to 2026-02-04 00:00:00+00:00, run_after=2026-02-05 00:00:00+00:00
[2026-02-05T21:44:39.163+0000] {processor.py:183} INFO - Processing /opt/airflow/dags/data_quality_checks.py took 2.634 seconds
[2026-02-05T21:45:10.069+0000] {processor.py:161} INFO - Started process (PID=1267) to work on /opt/airflow/dags/data_quality_checks.py
[2026-02-05T21:45:10.070+0000] {processor.py:830} INFO - Processing file /opt/airflow/dags/data_quality_checks.py for tasks to queue
[2026-02-05T21:45:10.071+0000] {logging_mixin.py:188} INFO - [2026-02-05T21:45:10.071+0000] {dagbag.py:538} INFO - Filling up the DagBag from /opt/airflow/dags/data_quality_checks.py
[2026-02-05T21:45:12.892+0000] {logging_mixin.py:188} INFO - [2026-02-05T21:45:12.892+0000] {warnings.py:110} WARNING - /opt/airflow/dags/data_quality_checks.py:50: RemovedInAirflow3Warning: Param `schedule_interval` is deprecated and will be removed in a future release. Please use `schedule` instead. 
  with DAG(
[2026-02-05T21:45:12.897+0000] {processor.py:840} INFO - DAG(s) 'data_quality_checks' retrieved from /opt/airflow/dags/data_quality_checks.py
[2026-02-05T21:45:12.918+0000] {logging_mixin.py:188} INFO - [2026-02-05T21:45:12.918+0000] {dag.py:3036} INFO - Sync 1 DAGs
[2026-02-05T21:45:12.936+0000] {logging_mixin.py:188} INFO - [2026-02-05T21:45:12.936+0000] {dag.py:3823} INFO - Setting next_dagrun for data_quality_checks to 2026-02-04 00:00:00+00:00, run_after=2026-02-05 00:00:00+00:00
[2026-02-05T21:45:12.953+0000] {processor.py:183} INFO - Processing /opt/airflow/dags/data_quality_checks.py took 2.887 seconds
[2026-02-05T21:45:43.391+0000] {processor.py:161} INFO - Started process (PID=1296) to work on /opt/airflow/dags/data_quality_checks.py
[2026-02-05T21:45:43.392+0000] {processor.py:830} INFO - Processing file /opt/airflow/dags/data_quality_checks.py for tasks to queue
[2026-02-05T21:45:43.392+0000] {logging_mixin.py:188} INFO - [2026-02-05T21:45:43.392+0000] {dagbag.py:538} INFO - Filling up the DagBag from /opt/airflow/dags/data_quality_checks.py
[2026-02-05T21:45:46.215+0000] {logging_mixin.py:188} INFO - [2026-02-05T21:45:46.215+0000] {warnings.py:110} WARNING - /opt/airflow/dags/data_quality_checks.py:50: RemovedInAirflow3Warning: Param `schedule_interval` is deprecated and will be removed in a future release. Please use `schedule` instead. 
  with DAG(
[2026-02-05T21:45:46.221+0000] {processor.py:840} INFO - DAG(s) 'data_quality_checks' retrieved from /opt/airflow/dags/data_quality_checks.py
[2026-02-05T21:45:46.245+0000] {logging_mixin.py:188} INFO - [2026-02-05T21:45:46.245+0000] {dag.py:3036} INFO - Sync 1 DAGs
[2026-02-05T21:45:46.264+0000] {logging_mixin.py:188} INFO - [2026-02-05T21:45:46.263+0000] {dag.py:3823} INFO - Setting next_dagrun for data_quality_checks to 2026-02-04 00:00:00+00:00, run_after=2026-02-05 00:00:00+00:00
[2026-02-05T21:45:46.282+0000] {processor.py:183} INFO - Processing /opt/airflow/dags/data_quality_checks.py took 2.895 seconds
[2026-02-05T21:46:16.649+0000] {processor.py:161} INFO - Started process (PID=1325) to work on /opt/airflow/dags/data_quality_checks.py
[2026-02-05T21:46:16.650+0000] {processor.py:830} INFO - Processing file /opt/airflow/dags/data_quality_checks.py for tasks to queue
[2026-02-05T21:46:16.651+0000] {logging_mixin.py:188} INFO - [2026-02-05T21:46:16.651+0000] {dagbag.py:538} INFO - Filling up the DagBag from /opt/airflow/dags/data_quality_checks.py
[2026-02-05T21:46:19.304+0000] {logging_mixin.py:188} INFO - [2026-02-05T21:46:19.304+0000] {warnings.py:110} WARNING - /opt/airflow/dags/data_quality_checks.py:50: RemovedInAirflow3Warning: Param `schedule_interval` is deprecated and will be removed in a future release. Please use `schedule` instead. 
  with DAG(
[2026-02-05T21:46:19.310+0000] {processor.py:840} INFO - DAG(s) 'data_quality_checks' retrieved from /opt/airflow/dags/data_quality_checks.py
[2026-02-05T21:46:19.334+0000] {logging_mixin.py:188} INFO - [2026-02-05T21:46:19.334+0000] {dag.py:3036} INFO - Sync 1 DAGs
[2026-02-05T21:46:19.352+0000] {logging_mixin.py:188} INFO - [2026-02-05T21:46:19.352+0000] {dag.py:3823} INFO - Setting next_dagrun for data_quality_checks to 2026-02-04 00:00:00+00:00, run_after=2026-02-05 00:00:00+00:00
[2026-02-05T21:46:19.371+0000] {processor.py:183} INFO - Processing /opt/airflow/dags/data_quality_checks.py took 2.725 seconds
[2026-02-05T21:46:49.958+0000] {processor.py:161} INFO - Started process (PID=1361) to work on /opt/airflow/dags/data_quality_checks.py
[2026-02-05T21:46:49.959+0000] {processor.py:830} INFO - Processing file /opt/airflow/dags/data_quality_checks.py for tasks to queue
[2026-02-05T21:46:49.961+0000] {logging_mixin.py:188} INFO - [2026-02-05T21:46:49.960+0000] {dagbag.py:538} INFO - Filling up the DagBag from /opt/airflow/dags/data_quality_checks.py
[2026-02-05T21:46:52.764+0000] {logging_mixin.py:188} INFO - [2026-02-05T21:46:52.764+0000] {warnings.py:110} WARNING - /opt/airflow/dags/data_quality_checks.py:50: RemovedInAirflow3Warning: Param `schedule_interval` is deprecated and will be removed in a future release. Please use `schedule` instead. 
  with DAG(
[2026-02-05T21:46:52.770+0000] {processor.py:840} INFO - DAG(s) 'data_quality_checks' retrieved from /opt/airflow/dags/data_quality_checks.py
[2026-02-05T21:46:52.790+0000] {logging_mixin.py:188} INFO - [2026-02-05T21:46:52.790+0000] {dag.py:3036} INFO - Sync 1 DAGs
[2026-02-05T21:46:52.807+0000] {logging_mixin.py:188} INFO - [2026-02-05T21:46:52.807+0000] {dag.py:3823} INFO - Setting next_dagrun for data_quality_checks to 2026-02-04 00:00:00+00:00, run_after=2026-02-05 00:00:00+00:00
[2026-02-05T21:46:52.828+0000] {processor.py:183} INFO - Processing /opt/airflow/dags/data_quality_checks.py took 2.872 seconds
[2026-02-05T21:47:23.126+0000] {processor.py:161} INFO - Started process (PID=1390) to work on /opt/airflow/dags/data_quality_checks.py
[2026-02-05T21:47:23.128+0000] {processor.py:830} INFO - Processing file /opt/airflow/dags/data_quality_checks.py for tasks to queue
[2026-02-05T21:47:23.129+0000] {logging_mixin.py:188} INFO - [2026-02-05T21:47:23.129+0000] {dagbag.py:538} INFO - Filling up the DagBag from /opt/airflow/dags/data_quality_checks.py
[2026-02-05T21:47:26.049+0000] {logging_mixin.py:188} INFO - [2026-02-05T21:47:26.049+0000] {warnings.py:110} WARNING - /opt/airflow/dags/data_quality_checks.py:50: RemovedInAirflow3Warning: Param `schedule_interval` is deprecated and will be removed in a future release. Please use `schedule` instead. 
  with DAG(
[2026-02-05T21:47:26.056+0000] {processor.py:840} INFO - DAG(s) 'data_quality_checks' retrieved from /opt/airflow/dags/data_quality_checks.py
[2026-02-05T21:47:26.080+0000] {logging_mixin.py:188} INFO - [2026-02-05T21:47:26.080+0000] {dag.py:3036} INFO - Sync 1 DAGs
[2026-02-05T21:47:26.099+0000] {logging_mixin.py:188} INFO - [2026-02-05T21:47:26.099+0000] {dag.py:3823} INFO - Setting next_dagrun for data_quality_checks to 2026-02-04 00:00:00+00:00, run_after=2026-02-05 00:00:00+00:00
[2026-02-05T21:47:26.116+0000] {processor.py:183} INFO - Processing /opt/airflow/dags/data_quality_checks.py took 2.996 seconds
[2026-02-05T21:47:56.582+0000] {processor.py:161} INFO - Started process (PID=1424) to work on /opt/airflow/dags/data_quality_checks.py
[2026-02-05T21:47:56.583+0000] {processor.py:830} INFO - Processing file /opt/airflow/dags/data_quality_checks.py for tasks to queue
[2026-02-05T21:47:56.584+0000] {logging_mixin.py:188} INFO - [2026-02-05T21:47:56.583+0000] {dagbag.py:538} INFO - Filling up the DagBag from /opt/airflow/dags/data_quality_checks.py
[2026-02-05T21:47:59.054+0000] {logging_mixin.py:188} INFO - [2026-02-05T21:47:59.054+0000] {warnings.py:110} WARNING - /opt/airflow/dags/data_quality_checks.py:50: RemovedInAirflow3Warning: Param `schedule_interval` is deprecated and will be removed in a future release. Please use `schedule` instead. 
  with DAG(
[2026-02-05T21:47:59.060+0000] {processor.py:840} INFO - DAG(s) 'data_quality_checks' retrieved from /opt/airflow/dags/data_quality_checks.py
[2026-02-05T21:47:59.082+0000] {logging_mixin.py:188} INFO - [2026-02-05T21:47:59.082+0000] {dag.py:3036} INFO - Sync 1 DAGs
[2026-02-05T21:47:59.098+0000] {logging_mixin.py:188} INFO - [2026-02-05T21:47:59.098+0000] {dag.py:3823} INFO - Setting next_dagrun for data_quality_checks to 2026-02-04 00:00:00+00:00, run_after=2026-02-05 00:00:00+00:00
[2026-02-05T21:47:59.114+0000] {processor.py:183} INFO - Processing /opt/airflow/dags/data_quality_checks.py took 2.536 seconds
[2026-02-05T21:48:29.892+0000] {processor.py:161} INFO - Started process (PID=1453) to work on /opt/airflow/dags/data_quality_checks.py
[2026-02-05T21:48:29.894+0000] {processor.py:830} INFO - Processing file /opt/airflow/dags/data_quality_checks.py for tasks to queue
[2026-02-05T21:48:29.895+0000] {logging_mixin.py:188} INFO - [2026-02-05T21:48:29.894+0000] {dagbag.py:538} INFO - Filling up the DagBag from /opt/airflow/dags/data_quality_checks.py
[2026-02-05T21:48:32.625+0000] {logging_mixin.py:188} INFO - [2026-02-05T21:48:32.625+0000] {warnings.py:110} WARNING - /opt/airflow/dags/data_quality_checks.py:50: RemovedInAirflow3Warning: Param `schedule_interval` is deprecated and will be removed in a future release. Please use `schedule` instead. 
  with DAG(
[2026-02-05T21:48:32.643+0000] {processor.py:840} INFO - DAG(s) 'data_quality_checks' retrieved from /opt/airflow/dags/data_quality_checks.py
[2026-02-05T21:48:32.713+0000] {logging_mixin.py:188} INFO - [2026-02-05T21:48:32.713+0000] {dag.py:3036} INFO - Sync 1 DAGs
[2026-02-05T21:48:32.826+0000] {logging_mixin.py:188} INFO - [2026-02-05T21:48:32.826+0000] {dag.py:3823} INFO - Setting next_dagrun for data_quality_checks to 2026-02-04 00:00:00+00:00, run_after=2026-02-05 00:00:00+00:00
[2026-02-05T21:48:32.866+0000] {processor.py:183} INFO - Processing /opt/airflow/dags/data_quality_checks.py took 2.977 seconds
[2026-02-05T21:49:03.453+0000] {processor.py:161} INFO - Started process (PID=1482) to work on /opt/airflow/dags/data_quality_checks.py
[2026-02-05T21:49:03.454+0000] {processor.py:830} INFO - Processing file /opt/airflow/dags/data_quality_checks.py for tasks to queue
[2026-02-05T21:49:03.455+0000] {logging_mixin.py:188} INFO - [2026-02-05T21:49:03.455+0000] {dagbag.py:538} INFO - Filling up the DagBag from /opt/airflow/dags/data_quality_checks.py
[2026-02-05T21:49:05.983+0000] {logging_mixin.py:188} INFO - [2026-02-05T21:49:05.983+0000] {warnings.py:110} WARNING - /opt/airflow/dags/data_quality_checks.py:50: RemovedInAirflow3Warning: Param `schedule_interval` is deprecated and will be removed in a future release. Please use `schedule` instead. 
  with DAG(
[2026-02-05T21:49:05.989+0000] {processor.py:840} INFO - DAG(s) 'data_quality_checks' retrieved from /opt/airflow/dags/data_quality_checks.py
[2026-02-05T21:49:06.009+0000] {logging_mixin.py:188} INFO - [2026-02-05T21:49:06.009+0000] {dag.py:3036} INFO - Sync 1 DAGs
[2026-02-05T21:49:06.026+0000] {logging_mixin.py:188} INFO - [2026-02-05T21:49:06.026+0000] {dag.py:3823} INFO - Setting next_dagrun for data_quality_checks to 2026-02-04 00:00:00+00:00, run_after=2026-02-05 00:00:00+00:00
[2026-02-05T21:49:06.044+0000] {processor.py:183} INFO - Processing /opt/airflow/dags/data_quality_checks.py took 2.594 seconds
[2026-02-05T21:49:36.795+0000] {processor.py:161} INFO - Started process (PID=1511) to work on /opt/airflow/dags/data_quality_checks.py
[2026-02-05T21:49:36.797+0000] {processor.py:830} INFO - Processing file /opt/airflow/dags/data_quality_checks.py for tasks to queue
[2026-02-05T21:49:36.799+0000] {logging_mixin.py:188} INFO - [2026-02-05T21:49:36.798+0000] {dagbag.py:538} INFO - Filling up the DagBag from /opt/airflow/dags/data_quality_checks.py
[2026-02-05T21:49:39.299+0000] {logging_mixin.py:188} INFO - [2026-02-05T21:49:39.299+0000] {warnings.py:110} WARNING - /opt/airflow/dags/data_quality_checks.py:50: RemovedInAirflow3Warning: Param `schedule_interval` is deprecated and will be removed in a future release. Please use `schedule` instead. 
  with DAG(
[2026-02-05T21:49:39.305+0000] {processor.py:840} INFO - DAG(s) 'data_quality_checks' retrieved from /opt/airflow/dags/data_quality_checks.py
[2026-02-05T21:49:39.324+0000] {logging_mixin.py:188} INFO - [2026-02-05T21:49:39.324+0000] {dag.py:3036} INFO - Sync 1 DAGs
[2026-02-05T21:49:39.340+0000] {logging_mixin.py:188} INFO - [2026-02-05T21:49:39.340+0000] {dag.py:3823} INFO - Setting next_dagrun for data_quality_checks to 2026-02-04 00:00:00+00:00, run_after=2026-02-05 00:00:00+00:00
[2026-02-05T21:49:39.356+0000] {processor.py:183} INFO - Processing /opt/airflow/dags/data_quality_checks.py took 2.564 seconds
[2026-02-05T21:50:10.384+0000] {processor.py:161} INFO - Started process (PID=1540) to work on /opt/airflow/dags/data_quality_checks.py
[2026-02-05T21:50:10.385+0000] {processor.py:830} INFO - Processing file /opt/airflow/dags/data_quality_checks.py for tasks to queue
[2026-02-05T21:50:10.386+0000] {logging_mixin.py:188} INFO - [2026-02-05T21:50:10.385+0000] {dagbag.py:538} INFO - Filling up the DagBag from /opt/airflow/dags/data_quality_checks.py
[2026-02-05T21:50:12.829+0000] {logging_mixin.py:188} INFO - [2026-02-05T21:50:12.829+0000] {warnings.py:110} WARNING - /opt/airflow/dags/data_quality_checks.py:50: RemovedInAirflow3Warning: Param `schedule_interval` is deprecated and will be removed in a future release. Please use `schedule` instead. 
  with DAG(
[2026-02-05T21:50:12.834+0000] {processor.py:840} INFO - DAG(s) 'data_quality_checks' retrieved from /opt/airflow/dags/data_quality_checks.py
[2026-02-05T21:50:12.853+0000] {logging_mixin.py:188} INFO - [2026-02-05T21:50:12.853+0000] {dag.py:3036} INFO - Sync 1 DAGs
[2026-02-05T21:50:12.869+0000] {logging_mixin.py:188} INFO - [2026-02-05T21:50:12.869+0000] {dag.py:3823} INFO - Setting next_dagrun for data_quality_checks to 2026-02-04 00:00:00+00:00, run_after=2026-02-05 00:00:00+00:00
[2026-02-05T21:50:12.886+0000] {processor.py:183} INFO - Processing /opt/airflow/dags/data_quality_checks.py took 2.505 seconds
[2026-02-05T21:50:43.715+0000] {processor.py:161} INFO - Started process (PID=1569) to work on /opt/airflow/dags/data_quality_checks.py
[2026-02-05T21:50:43.716+0000] {processor.py:830} INFO - Processing file /opt/airflow/dags/data_quality_checks.py for tasks to queue
[2026-02-05T21:50:43.717+0000] {logging_mixin.py:188} INFO - [2026-02-05T21:50:43.717+0000] {dagbag.py:538} INFO - Filling up the DagBag from /opt/airflow/dags/data_quality_checks.py
[2026-02-05T21:50:46.298+0000] {logging_mixin.py:188} INFO - [2026-02-05T21:50:46.298+0000] {warnings.py:110} WARNING - /opt/airflow/dags/data_quality_checks.py:50: RemovedInAirflow3Warning: Param `schedule_interval` is deprecated and will be removed in a future release. Please use `schedule` instead. 
  with DAG(
[2026-02-05T21:50:46.303+0000] {processor.py:840} INFO - DAG(s) 'data_quality_checks' retrieved from /opt/airflow/dags/data_quality_checks.py
[2026-02-05T21:50:46.322+0000] {logging_mixin.py:188} INFO - [2026-02-05T21:50:46.322+0000] {dag.py:3036} INFO - Sync 1 DAGs
[2026-02-05T21:50:46.339+0000] {logging_mixin.py:188} INFO - [2026-02-05T21:50:46.339+0000] {dag.py:3823} INFO - Setting next_dagrun for data_quality_checks to 2026-02-04 00:00:00+00:00, run_after=2026-02-05 00:00:00+00:00
[2026-02-05T21:50:46.353+0000] {processor.py:183} INFO - Processing /opt/airflow/dags/data_quality_checks.py took 2.641 seconds
[2026-02-05T21:51:17.148+0000] {processor.py:161} INFO - Started process (PID=1598) to work on /opt/airflow/dags/data_quality_checks.py
[2026-02-05T21:51:17.149+0000] {processor.py:830} INFO - Processing file /opt/airflow/dags/data_quality_checks.py for tasks to queue
[2026-02-05T21:51:17.150+0000] {logging_mixin.py:188} INFO - [2026-02-05T21:51:17.150+0000] {dagbag.py:538} INFO - Filling up the DagBag from /opt/airflow/dags/data_quality_checks.py
[2026-02-05T21:51:19.542+0000] {logging_mixin.py:188} INFO - [2026-02-05T21:51:19.542+0000] {warnings.py:110} WARNING - /opt/airflow/dags/data_quality_checks.py:50: RemovedInAirflow3Warning: Param `schedule_interval` is deprecated and will be removed in a future release. Please use `schedule` instead. 
  with DAG(
[2026-02-05T21:51:19.547+0000] {processor.py:840} INFO - DAG(s) 'data_quality_checks' retrieved from /opt/airflow/dags/data_quality_checks.py
[2026-02-05T21:51:19.568+0000] {logging_mixin.py:188} INFO - [2026-02-05T21:51:19.568+0000] {dag.py:3036} INFO - Sync 1 DAGs
[2026-02-05T21:51:19.585+0000] {logging_mixin.py:188} INFO - [2026-02-05T21:51:19.584+0000] {dag.py:3823} INFO - Setting next_dagrun for data_quality_checks to 2026-02-04 00:00:00+00:00, run_after=2026-02-05 00:00:00+00:00
[2026-02-05T21:51:19.599+0000] {processor.py:183} INFO - Processing /opt/airflow/dags/data_quality_checks.py took 2.456 seconds
[2026-02-05T21:51:49.688+0000] {processor.py:161} INFO - Started process (PID=1627) to work on /opt/airflow/dags/data_quality_checks.py
[2026-02-05T21:51:49.689+0000] {processor.py:830} INFO - Processing file /opt/airflow/dags/data_quality_checks.py for tasks to queue
[2026-02-05T21:51:49.690+0000] {logging_mixin.py:188} INFO - [2026-02-05T21:51:49.690+0000] {dagbag.py:538} INFO - Filling up the DagBag from /opt/airflow/dags/data_quality_checks.py
[2026-02-05T21:51:52.057+0000] {logging_mixin.py:188} INFO - [2026-02-05T21:51:52.056+0000] {warnings.py:110} WARNING - /opt/airflow/dags/data_quality_checks.py:50: RemovedInAirflow3Warning: Param `schedule_interval` is deprecated and will be removed in a future release. Please use `schedule` instead. 
  with DAG(
[2026-02-05T21:51:52.062+0000] {processor.py:840} INFO - DAG(s) 'data_quality_checks' retrieved from /opt/airflow/dags/data_quality_checks.py
[2026-02-05T21:51:52.081+0000] {logging_mixin.py:188} INFO - [2026-02-05T21:51:52.080+0000] {dag.py:3036} INFO - Sync 1 DAGs
[2026-02-05T21:51:52.098+0000] {logging_mixin.py:188} INFO - [2026-02-05T21:51:52.098+0000] {dag.py:3823} INFO - Setting next_dagrun for data_quality_checks to 2026-02-04 00:00:00+00:00, run_after=2026-02-05 00:00:00+00:00
[2026-02-05T21:51:52.114+0000] {processor.py:183} INFO - Processing /opt/airflow/dags/data_quality_checks.py took 2.429 seconds
[2026-02-05T21:52:23.081+0000] {processor.py:161} INFO - Started process (PID=1662) to work on /opt/airflow/dags/data_quality_checks.py
[2026-02-05T21:52:23.082+0000] {processor.py:830} INFO - Processing file /opt/airflow/dags/data_quality_checks.py for tasks to queue
[2026-02-05T21:52:23.083+0000] {logging_mixin.py:188} INFO - [2026-02-05T21:52:23.083+0000] {dagbag.py:538} INFO - Filling up the DagBag from /opt/airflow/dags/data_quality_checks.py
[2026-02-05T21:52:25.585+0000] {logging_mixin.py:188} INFO - [2026-02-05T21:52:25.585+0000] {warnings.py:110} WARNING - /opt/airflow/dags/data_quality_checks.py:50: RemovedInAirflow3Warning: Param `schedule_interval` is deprecated and will be removed in a future release. Please use `schedule` instead. 
  with DAG(
[2026-02-05T21:52:25.589+0000] {processor.py:840} INFO - DAG(s) 'data_quality_checks' retrieved from /opt/airflow/dags/data_quality_checks.py
[2026-02-05T21:52:25.631+0000] {logging_mixin.py:188} INFO - [2026-02-05T21:52:25.630+0000] {dag.py:3036} INFO - Sync 1 DAGs
[2026-02-05T21:52:25.646+0000] {logging_mixin.py:188} INFO - [2026-02-05T21:52:25.646+0000] {dag.py:3823} INFO - Setting next_dagrun for data_quality_checks to 2026-02-04 00:00:00+00:00, run_after=2026-02-05 00:00:00+00:00
[2026-02-05T21:52:25.664+0000] {processor.py:183} INFO - Processing /opt/airflow/dags/data_quality_checks.py took 2.587 seconds
[2026-02-05T21:52:56.454+0000] {processor.py:161} INFO - Started process (PID=1691) to work on /opt/airflow/dags/data_quality_checks.py
[2026-02-05T21:52:56.455+0000] {processor.py:830} INFO - Processing file /opt/airflow/dags/data_quality_checks.py for tasks to queue
[2026-02-05T21:52:56.456+0000] {logging_mixin.py:188} INFO - [2026-02-05T21:52:56.456+0000] {dagbag.py:538} INFO - Filling up the DagBag from /opt/airflow/dags/data_quality_checks.py
[2026-02-05T21:52:58.852+0000] {logging_mixin.py:188} INFO - [2026-02-05T21:52:58.852+0000] {warnings.py:110} WARNING - /opt/airflow/dags/data_quality_checks.py:50: RemovedInAirflow3Warning: Param `schedule_interval` is deprecated and will be removed in a future release. Please use `schedule` instead. 
  with DAG(
[2026-02-05T21:52:58.857+0000] {processor.py:840} INFO - DAG(s) 'data_quality_checks' retrieved from /opt/airflow/dags/data_quality_checks.py
[2026-02-05T21:52:58.876+0000] {logging_mixin.py:188} INFO - [2026-02-05T21:52:58.876+0000] {dag.py:3036} INFO - Sync 1 DAGs
[2026-02-05T21:52:58.890+0000] {logging_mixin.py:188} INFO - [2026-02-05T21:52:58.890+0000] {dag.py:3823} INFO - Setting next_dagrun for data_quality_checks to 2026-02-04 00:00:00+00:00, run_after=2026-02-05 00:00:00+00:00
[2026-02-05T21:52:58.906+0000] {processor.py:183} INFO - Processing /opt/airflow/dags/data_quality_checks.py took 2.455 seconds
[2026-02-05T21:53:29.099+0000] {processor.py:161} INFO - Started process (PID=1725) to work on /opt/airflow/dags/data_quality_checks.py
[2026-02-05T21:53:29.100+0000] {processor.py:830} INFO - Processing file /opt/airflow/dags/data_quality_checks.py for tasks to queue
[2026-02-05T21:53:29.100+0000] {logging_mixin.py:188} INFO - [2026-02-05T21:53:29.100+0000] {dagbag.py:538} INFO - Filling up the DagBag from /opt/airflow/dags/data_quality_checks.py
[2026-02-05T21:53:31.446+0000] {logging_mixin.py:188} INFO - [2026-02-05T21:53:31.446+0000] {warnings.py:110} WARNING - /opt/airflow/dags/data_quality_checks.py:50: RemovedInAirflow3Warning: Param `schedule_interval` is deprecated and will be removed in a future release. Please use `schedule` instead. 
  with DAG(
[2026-02-05T21:53:31.451+0000] {processor.py:840} INFO - DAG(s) 'data_quality_checks' retrieved from /opt/airflow/dags/data_quality_checks.py
[2026-02-05T21:53:31.470+0000] {logging_mixin.py:188} INFO - [2026-02-05T21:53:31.470+0000] {dag.py:3036} INFO - Sync 1 DAGs
[2026-02-05T21:53:31.508+0000] {logging_mixin.py:188} INFO - [2026-02-05T21:53:31.507+0000] {dag.py:3823} INFO - Setting next_dagrun for data_quality_checks to 2026-02-04 00:00:00+00:00, run_after=2026-02-05 00:00:00+00:00
[2026-02-05T21:53:31.546+0000] {processor.py:183} INFO - Processing /opt/airflow/dags/data_quality_checks.py took 2.450 seconds
[2026-02-05T21:54:02.471+0000] {processor.py:161} INFO - Started process (PID=1754) to work on /opt/airflow/dags/data_quality_checks.py
[2026-02-05T21:54:02.479+0000] {processor.py:830} INFO - Processing file /opt/airflow/dags/data_quality_checks.py for tasks to queue
[2026-02-05T21:54:02.480+0000] {logging_mixin.py:188} INFO - [2026-02-05T21:54:02.480+0000] {dagbag.py:538} INFO - Filling up the DagBag from /opt/airflow/dags/data_quality_checks.py
[2026-02-05T21:54:04.990+0000] {logging_mixin.py:188} INFO - [2026-02-05T21:54:04.990+0000] {warnings.py:110} WARNING - /opt/airflow/dags/data_quality_checks.py:50: RemovedInAirflow3Warning: Param `schedule_interval` is deprecated and will be removed in a future release. Please use `schedule` instead. 
  with DAG(
[2026-02-05T21:54:04.996+0000] {processor.py:840} INFO - DAG(s) 'data_quality_checks' retrieved from /opt/airflow/dags/data_quality_checks.py
[2026-02-05T21:54:05.021+0000] {logging_mixin.py:188} INFO - [2026-02-05T21:54:05.020+0000] {dag.py:3036} INFO - Sync 1 DAGs
[2026-02-05T21:54:05.039+0000] {logging_mixin.py:188} INFO - [2026-02-05T21:54:05.039+0000] {dag.py:3823} INFO - Setting next_dagrun for data_quality_checks to 2026-02-04 00:00:00+00:00, run_after=2026-02-05 00:00:00+00:00
[2026-02-05T21:54:05.057+0000] {processor.py:183} INFO - Processing /opt/airflow/dags/data_quality_checks.py took 2.589 seconds
[2026-02-05T21:54:35.959+0000] {processor.py:161} INFO - Started process (PID=1783) to work on /opt/airflow/dags/data_quality_checks.py
[2026-02-05T21:54:35.960+0000] {processor.py:830} INFO - Processing file /opt/airflow/dags/data_quality_checks.py for tasks to queue
[2026-02-05T21:54:35.962+0000] {logging_mixin.py:188} INFO - [2026-02-05T21:54:35.961+0000] {dagbag.py:538} INFO - Filling up the DagBag from /opt/airflow/dags/data_quality_checks.py
[2026-02-05T21:54:38.431+0000] {logging_mixin.py:188} INFO - [2026-02-05T21:54:38.430+0000] {warnings.py:110} WARNING - /opt/airflow/dags/data_quality_checks.py:50: RemovedInAirflow3Warning: Param `schedule_interval` is deprecated and will be removed in a future release. Please use `schedule` instead. 
  with DAG(
[2026-02-05T21:54:38.435+0000] {processor.py:840} INFO - DAG(s) 'data_quality_checks' retrieved from /opt/airflow/dags/data_quality_checks.py
[2026-02-05T21:54:38.460+0000] {logging_mixin.py:188} INFO - [2026-02-05T21:54:38.460+0000] {dag.py:3036} INFO - Sync 1 DAGs
[2026-02-05T21:54:38.476+0000] {logging_mixin.py:188} INFO - [2026-02-05T21:54:38.476+0000] {dag.py:3823} INFO - Setting next_dagrun for data_quality_checks to 2026-02-04 00:00:00+00:00, run_after=2026-02-05 00:00:00+00:00
[2026-02-05T21:54:38.494+0000] {processor.py:183} INFO - Processing /opt/airflow/dags/data_quality_checks.py took 2.538 seconds
[2026-02-05T21:55:09.493+0000] {processor.py:161} INFO - Started process (PID=1812) to work on /opt/airflow/dags/data_quality_checks.py
[2026-02-05T21:55:09.495+0000] {processor.py:830} INFO - Processing file /opt/airflow/dags/data_quality_checks.py for tasks to queue
[2026-02-05T21:55:09.496+0000] {logging_mixin.py:188} INFO - [2026-02-05T21:55:09.495+0000] {dagbag.py:538} INFO - Filling up the DagBag from /opt/airflow/dags/data_quality_checks.py
[2026-02-05T21:55:11.896+0000] {logging_mixin.py:188} INFO - [2026-02-05T21:55:11.896+0000] {warnings.py:110} WARNING - /opt/airflow/dags/data_quality_checks.py:50: RemovedInAirflow3Warning: Param `schedule_interval` is deprecated and will be removed in a future release. Please use `schedule` instead. 
  with DAG(
[2026-02-05T21:55:11.902+0000] {processor.py:840} INFO - DAG(s) 'data_quality_checks' retrieved from /opt/airflow/dags/data_quality_checks.py
[2026-02-05T21:55:11.922+0000] {logging_mixin.py:188} INFO - [2026-02-05T21:55:11.922+0000] {dag.py:3036} INFO - Sync 1 DAGs
[2026-02-05T21:55:11.938+0000] {logging_mixin.py:188} INFO - [2026-02-05T21:55:11.938+0000] {dag.py:3823} INFO - Setting next_dagrun for data_quality_checks to 2026-02-04 00:00:00+00:00, run_after=2026-02-05 00:00:00+00:00
[2026-02-05T21:55:11.954+0000] {processor.py:183} INFO - Processing /opt/airflow/dags/data_quality_checks.py took 2.463 seconds
[2026-02-05T21:55:42.030+0000] {processor.py:161} INFO - Started process (PID=1841) to work on /opt/airflow/dags/data_quality_checks.py
[2026-02-05T21:55:42.031+0000] {processor.py:830} INFO - Processing file /opt/airflow/dags/data_quality_checks.py for tasks to queue
[2026-02-05T21:55:42.032+0000] {logging_mixin.py:188} INFO - [2026-02-05T21:55:42.032+0000] {dagbag.py:538} INFO - Filling up the DagBag from /opt/airflow/dags/data_quality_checks.py
[2026-02-05T21:55:44.514+0000] {logging_mixin.py:188} INFO - [2026-02-05T21:55:44.514+0000] {warnings.py:110} WARNING - /opt/airflow/dags/data_quality_checks.py:50: RemovedInAirflow3Warning: Param `schedule_interval` is deprecated and will be removed in a future release. Please use `schedule` instead. 
  with DAG(
[2026-02-05T21:55:44.526+0000] {processor.py:840} INFO - DAG(s) 'data_quality_checks' retrieved from /opt/airflow/dags/data_quality_checks.py
[2026-02-05T21:55:44.552+0000] {logging_mixin.py:188} INFO - [2026-02-05T21:55:44.552+0000] {dag.py:3036} INFO - Sync 1 DAGs
[2026-02-05T21:55:44.677+0000] {logging_mixin.py:188} INFO - [2026-02-05T21:55:44.665+0000] {dag.py:3823} INFO - Setting next_dagrun for data_quality_checks to 2026-02-04 00:00:00+00:00, run_after=2026-02-05 00:00:00+00:00
[2026-02-05T21:55:44.817+0000] {processor.py:183} INFO - Processing /opt/airflow/dags/data_quality_checks.py took 2.790 seconds
[2026-02-05T21:56:15.385+0000] {processor.py:161} INFO - Started process (PID=1870) to work on /opt/airflow/dags/data_quality_checks.py
[2026-02-05T21:56:15.387+0000] {processor.py:830} INFO - Processing file /opt/airflow/dags/data_quality_checks.py for tasks to queue
[2026-02-05T21:56:15.390+0000] {logging_mixin.py:188} INFO - [2026-02-05T21:56:15.389+0000] {dagbag.py:538} INFO - Filling up the DagBag from /opt/airflow/dags/data_quality_checks.py
[2026-02-05T21:56:17.841+0000] {logging_mixin.py:188} INFO - [2026-02-05T21:56:17.841+0000] {warnings.py:110} WARNING - /opt/airflow/dags/data_quality_checks.py:50: RemovedInAirflow3Warning: Param `schedule_interval` is deprecated and will be removed in a future release. Please use `schedule` instead. 
  with DAG(
[2026-02-05T21:56:17.847+0000] {processor.py:840} INFO - DAG(s) 'data_quality_checks' retrieved from /opt/airflow/dags/data_quality_checks.py
[2026-02-05T21:56:17.873+0000] {logging_mixin.py:188} INFO - [2026-02-05T21:56:17.872+0000] {dag.py:3036} INFO - Sync 1 DAGs
[2026-02-05T21:56:17.889+0000] {logging_mixin.py:188} INFO - [2026-02-05T21:56:17.889+0000] {dag.py:3823} INFO - Setting next_dagrun for data_quality_checks to 2026-02-04 00:00:00+00:00, run_after=2026-02-05 00:00:00+00:00
[2026-02-05T21:56:17.908+0000] {processor.py:183} INFO - Processing /opt/airflow/dags/data_quality_checks.py took 2.526 seconds
[2026-02-05T21:56:48.753+0000] {processor.py:161} INFO - Started process (PID=1899) to work on /opt/airflow/dags/data_quality_checks.py
[2026-02-05T21:56:48.754+0000] {processor.py:830} INFO - Processing file /opt/airflow/dags/data_quality_checks.py for tasks to queue
[2026-02-05T21:56:48.754+0000] {logging_mixin.py:188} INFO - [2026-02-05T21:56:48.754+0000] {dagbag.py:538} INFO - Filling up the DagBag from /opt/airflow/dags/data_quality_checks.py
[2026-02-05T21:56:51.184+0000] {logging_mixin.py:188} INFO - [2026-02-05T21:56:51.184+0000] {warnings.py:110} WARNING - /opt/airflow/dags/data_quality_checks.py:50: RemovedInAirflow3Warning: Param `schedule_interval` is deprecated and will be removed in a future release. Please use `schedule` instead. 
  with DAG(
[2026-02-05T21:56:51.190+0000] {processor.py:840} INFO - DAG(s) 'data_quality_checks' retrieved from /opt/airflow/dags/data_quality_checks.py
[2026-02-05T21:56:51.212+0000] {logging_mixin.py:188} INFO - [2026-02-05T21:56:51.211+0000] {dag.py:3036} INFO - Sync 1 DAGs
[2026-02-05T21:56:51.227+0000] {logging_mixin.py:188} INFO - [2026-02-05T21:56:51.227+0000] {dag.py:3823} INFO - Setting next_dagrun for data_quality_checks to 2026-02-04 00:00:00+00:00, run_after=2026-02-05 00:00:00+00:00
[2026-02-05T21:56:51.242+0000] {processor.py:183} INFO - Processing /opt/airflow/dags/data_quality_checks.py took 2.493 seconds
[2026-02-05T21:57:21.379+0000] {processor.py:161} INFO - Started process (PID=1928) to work on /opt/airflow/dags/data_quality_checks.py
[2026-02-05T21:57:21.380+0000] {processor.py:830} INFO - Processing file /opt/airflow/dags/data_quality_checks.py for tasks to queue
[2026-02-05T21:57:21.380+0000] {logging_mixin.py:188} INFO - [2026-02-05T21:57:21.380+0000] {dagbag.py:538} INFO - Filling up the DagBag from /opt/airflow/dags/data_quality_checks.py
[2026-02-05T21:57:23.798+0000] {logging_mixin.py:188} INFO - [2026-02-05T21:57:23.798+0000] {warnings.py:110} WARNING - /opt/airflow/dags/data_quality_checks.py:50: RemovedInAirflow3Warning: Param `schedule_interval` is deprecated and will be removed in a future release. Please use `schedule` instead. 
  with DAG(
[2026-02-05T21:57:23.803+0000] {processor.py:840} INFO - DAG(s) 'data_quality_checks' retrieved from /opt/airflow/dags/data_quality_checks.py
[2026-02-05T21:57:23.828+0000] {logging_mixin.py:188} INFO - [2026-02-05T21:57:23.828+0000] {dag.py:3036} INFO - Sync 1 DAGs
[2026-02-05T21:57:23.844+0000] {logging_mixin.py:188} INFO - [2026-02-05T21:57:23.844+0000] {dag.py:3823} INFO - Setting next_dagrun for data_quality_checks to 2026-02-04 00:00:00+00:00, run_after=2026-02-05 00:00:00+00:00
[2026-02-05T21:57:23.858+0000] {processor.py:183} INFO - Processing /opt/airflow/dags/data_quality_checks.py took 2.483 seconds
[2026-02-05T21:57:54.742+0000] {processor.py:161} INFO - Started process (PID=1963) to work on /opt/airflow/dags/data_quality_checks.py
[2026-02-05T21:57:54.743+0000] {processor.py:830} INFO - Processing file /opt/airflow/dags/data_quality_checks.py for tasks to queue
[2026-02-05T21:57:54.744+0000] {logging_mixin.py:188} INFO - [2026-02-05T21:57:54.744+0000] {dagbag.py:538} INFO - Filling up the DagBag from /opt/airflow/dags/data_quality_checks.py
[2026-02-05T21:57:57.202+0000] {logging_mixin.py:188} INFO - [2026-02-05T21:57:57.201+0000] {warnings.py:110} WARNING - /opt/airflow/dags/data_quality_checks.py:50: RemovedInAirflow3Warning: Param `schedule_interval` is deprecated and will be removed in a future release. Please use `schedule` instead. 
  with DAG(
[2026-02-05T21:57:57.207+0000] {processor.py:840} INFO - DAG(s) 'data_quality_checks' retrieved from /opt/airflow/dags/data_quality_checks.py
[2026-02-05T21:57:57.226+0000] {logging_mixin.py:188} INFO - [2026-02-05T21:57:57.226+0000] {dag.py:3036} INFO - Sync 1 DAGs
[2026-02-05T21:57:57.244+0000] {logging_mixin.py:188} INFO - [2026-02-05T21:57:57.244+0000] {dag.py:3823} INFO - Setting next_dagrun for data_quality_checks to 2026-02-04 00:00:00+00:00, run_after=2026-02-05 00:00:00+00:00
[2026-02-05T21:57:57.258+0000] {processor.py:183} INFO - Processing /opt/airflow/dags/data_quality_checks.py took 2.522 seconds
[2026-02-05T21:58:28.152+0000] {processor.py:161} INFO - Started process (PID=1993) to work on /opt/airflow/dags/data_quality_checks.py
[2026-02-05T21:58:28.153+0000] {processor.py:830} INFO - Processing file /opt/airflow/dags/data_quality_checks.py for tasks to queue
[2026-02-05T21:58:28.154+0000] {logging_mixin.py:188} INFO - [2026-02-05T21:58:28.154+0000] {dagbag.py:538} INFO - Filling up the DagBag from /opt/airflow/dags/data_quality_checks.py
[2026-02-05T21:58:31.141+0000] {logging_mixin.py:188} INFO - [2026-02-05T21:58:31.141+0000] {warnings.py:110} WARNING - /opt/airflow/dags/data_quality_checks.py:50: RemovedInAirflow3Warning: Param `schedule_interval` is deprecated and will be removed in a future release. Please use `schedule` instead. 
  with DAG(
[2026-02-05T21:58:31.147+0000] {processor.py:840} INFO - DAG(s) 'data_quality_checks' retrieved from /opt/airflow/dags/data_quality_checks.py
[2026-02-05T21:58:31.169+0000] {logging_mixin.py:188} INFO - [2026-02-05T21:58:31.169+0000] {dag.py:3036} INFO - Sync 1 DAGs
[2026-02-05T21:58:31.187+0000] {logging_mixin.py:188} INFO - [2026-02-05T21:58:31.187+0000] {dag.py:3823} INFO - Setting next_dagrun for data_quality_checks to 2026-02-04 00:00:00+00:00, run_after=2026-02-05 00:00:00+00:00
[2026-02-05T21:58:31.204+0000] {processor.py:183} INFO - Processing /opt/airflow/dags/data_quality_checks.py took 3.055 seconds
[2026-02-05T21:59:01.487+0000] {processor.py:161} INFO - Started process (PID=2022) to work on /opt/airflow/dags/data_quality_checks.py
[2026-02-05T21:59:01.489+0000] {processor.py:830} INFO - Processing file /opt/airflow/dags/data_quality_checks.py for tasks to queue
[2026-02-05T21:59:01.491+0000] {logging_mixin.py:188} INFO - [2026-02-05T21:59:01.490+0000] {dagbag.py:538} INFO - Filling up the DagBag from /opt/airflow/dags/data_quality_checks.py
[2026-02-05T21:59:05.656+0000] {logging_mixin.py:188} INFO - [2026-02-05T21:59:05.655+0000] {warnings.py:110} WARNING - /opt/airflow/dags/data_quality_checks.py:50: RemovedInAirflow3Warning: Param `schedule_interval` is deprecated and will be removed in a future release. Please use `schedule` instead. 
  with DAG(
[2026-02-05T21:59:05.662+0000] {processor.py:840} INFO - DAG(s) 'data_quality_checks' retrieved from /opt/airflow/dags/data_quality_checks.py
[2026-02-05T21:59:05.691+0000] {logging_mixin.py:188} INFO - [2026-02-05T21:59:05.691+0000] {dag.py:3036} INFO - Sync 1 DAGs
[2026-02-05T21:59:05.715+0000] {logging_mixin.py:188} INFO - [2026-02-05T21:59:05.714+0000] {dag.py:3823} INFO - Setting next_dagrun for data_quality_checks to 2026-02-04 00:00:00+00:00, run_after=2026-02-05 00:00:00+00:00
[2026-02-05T21:59:05.736+0000] {processor.py:183} INFO - Processing /opt/airflow/dags/data_quality_checks.py took 4.255 seconds
[2026-02-05T21:59:35.992+0000] {processor.py:161} INFO - Started process (PID=2056) to work on /opt/airflow/dags/data_quality_checks.py
[2026-02-05T21:59:35.993+0000] {processor.py:830} INFO - Processing file /opt/airflow/dags/data_quality_checks.py for tasks to queue
[2026-02-05T21:59:35.994+0000] {logging_mixin.py:188} INFO - [2026-02-05T21:59:35.994+0000] {dagbag.py:538} INFO - Filling up the DagBag from /opt/airflow/dags/data_quality_checks.py
[2026-02-05T21:59:38.661+0000] {logging_mixin.py:188} INFO - [2026-02-05T21:59:38.661+0000] {warnings.py:110} WARNING - /opt/airflow/dags/data_quality_checks.py:50: RemovedInAirflow3Warning: Param `schedule_interval` is deprecated and will be removed in a future release. Please use `schedule` instead. 
  with DAG(
[2026-02-05T21:59:38.667+0000] {processor.py:840} INFO - DAG(s) 'data_quality_checks' retrieved from /opt/airflow/dags/data_quality_checks.py
[2026-02-05T21:59:38.689+0000] {logging_mixin.py:188} INFO - [2026-02-05T21:59:38.689+0000] {dag.py:3036} INFO - Sync 1 DAGs
[2026-02-05T21:59:38.708+0000] {logging_mixin.py:188} INFO - [2026-02-05T21:59:38.707+0000] {dag.py:3823} INFO - Setting next_dagrun for data_quality_checks to 2026-02-04 00:00:00+00:00, run_after=2026-02-05 00:00:00+00:00
[2026-02-05T21:59:38.723+0000] {processor.py:183} INFO - Processing /opt/airflow/dags/data_quality_checks.py took 2.734 seconds
[2026-02-05T22:00:08.930+0000] {processor.py:161} INFO - Started process (PID=2085) to work on /opt/airflow/dags/data_quality_checks.py
[2026-02-05T22:00:08.932+0000] {processor.py:830} INFO - Processing file /opt/airflow/dags/data_quality_checks.py for tasks to queue
[2026-02-05T22:00:08.934+0000] {logging_mixin.py:188} INFO - [2026-02-05T22:00:08.933+0000] {dagbag.py:538} INFO - Filling up the DagBag from /opt/airflow/dags/data_quality_checks.py
[2026-02-05T22:00:12.300+0000] {logging_mixin.py:188} INFO - [2026-02-05T22:00:12.299+0000] {warnings.py:110} WARNING - /opt/airflow/dags/data_quality_checks.py:50: RemovedInAirflow3Warning: Param `schedule_interval` is deprecated and will be removed in a future release. Please use `schedule` instead. 
  with DAG(
[2026-02-05T22:00:12.305+0000] {processor.py:840} INFO - DAG(s) 'data_quality_checks' retrieved from /opt/airflow/dags/data_quality_checks.py
[2026-02-05T22:00:12.333+0000] {logging_mixin.py:188} INFO - [2026-02-05T22:00:12.333+0000] {dag.py:3036} INFO - Sync 1 DAGs
[2026-02-05T22:00:12.352+0000] {logging_mixin.py:188} INFO - [2026-02-05T22:00:12.352+0000] {dag.py:3823} INFO - Setting next_dagrun for data_quality_checks to 2026-02-04 00:00:00+00:00, run_after=2026-02-05 00:00:00+00:00
[2026-02-05T22:00:12.371+0000] {processor.py:183} INFO - Processing /opt/airflow/dags/data_quality_checks.py took 3.445 seconds
[2026-02-05T22:00:43.159+0000] {processor.py:161} INFO - Started process (PID=2114) to work on /opt/airflow/dags/data_quality_checks.py
[2026-02-05T22:00:43.161+0000] {processor.py:830} INFO - Processing file /opt/airflow/dags/data_quality_checks.py for tasks to queue
[2026-02-05T22:00:43.162+0000] {logging_mixin.py:188} INFO - [2026-02-05T22:00:43.161+0000] {dagbag.py:538} INFO - Filling up the DagBag from /opt/airflow/dags/data_quality_checks.py
[2026-02-05T22:00:45.909+0000] {logging_mixin.py:188} INFO - [2026-02-05T22:00:45.909+0000] {warnings.py:110} WARNING - /opt/airflow/dags/data_quality_checks.py:50: RemovedInAirflow3Warning: Param `schedule_interval` is deprecated and will be removed in a future release. Please use `schedule` instead. 
  with DAG(
[2026-02-05T22:00:45.915+0000] {processor.py:840} INFO - DAG(s) 'data_quality_checks' retrieved from /opt/airflow/dags/data_quality_checks.py
[2026-02-05T22:00:45.937+0000] {logging_mixin.py:188} INFO - [2026-02-05T22:00:45.937+0000] {dag.py:3036} INFO - Sync 1 DAGs
[2026-02-05T22:00:45.956+0000] {logging_mixin.py:188} INFO - [2026-02-05T22:00:45.955+0000] {dag.py:3823} INFO - Setting next_dagrun for data_quality_checks to 2026-02-04 00:00:00+00:00, run_after=2026-02-05 00:00:00+00:00
[2026-02-05T22:00:45.974+0000] {processor.py:183} INFO - Processing /opt/airflow/dags/data_quality_checks.py took 2.818 seconds
[2026-02-05T22:01:16.603+0000] {processor.py:161} INFO - Started process (PID=2143) to work on /opt/airflow/dags/data_quality_checks.py
[2026-02-05T22:01:16.604+0000] {processor.py:830} INFO - Processing file /opt/airflow/dags/data_quality_checks.py for tasks to queue
[2026-02-05T22:01:16.605+0000] {logging_mixin.py:188} INFO - [2026-02-05T22:01:16.605+0000] {dagbag.py:538} INFO - Filling up the DagBag from /opt/airflow/dags/data_quality_checks.py
[2026-02-05T22:01:19.369+0000] {logging_mixin.py:188} INFO - [2026-02-05T22:01:19.369+0000] {warnings.py:110} WARNING - /opt/airflow/dags/data_quality_checks.py:50: RemovedInAirflow3Warning: Param `schedule_interval` is deprecated and will be removed in a future release. Please use `schedule` instead. 
  with DAG(
[2026-02-05T22:01:19.374+0000] {processor.py:840} INFO - DAG(s) 'data_quality_checks' retrieved from /opt/airflow/dags/data_quality_checks.py
[2026-02-05T22:01:19.394+0000] {logging_mixin.py:188} INFO - [2026-02-05T22:01:19.394+0000] {dag.py:3036} INFO - Sync 1 DAGs
[2026-02-05T22:01:19.412+0000] {logging_mixin.py:188} INFO - [2026-02-05T22:01:19.412+0000] {dag.py:3823} INFO - Setting next_dagrun for data_quality_checks to 2026-02-04 00:00:00+00:00, run_after=2026-02-05 00:00:00+00:00
[2026-02-05T22:01:19.427+0000] {processor.py:183} INFO - Processing /opt/airflow/dags/data_quality_checks.py took 2.828 seconds
[2026-02-05T22:01:50.120+0000] {processor.py:161} INFO - Started process (PID=2172) to work on /opt/airflow/dags/data_quality_checks.py
[2026-02-05T22:01:50.121+0000] {processor.py:830} INFO - Processing file /opt/airflow/dags/data_quality_checks.py for tasks to queue
[2026-02-05T22:01:50.122+0000] {logging_mixin.py:188} INFO - [2026-02-05T22:01:50.122+0000] {dagbag.py:538} INFO - Filling up the DagBag from /opt/airflow/dags/data_quality_checks.py
[2026-02-05T22:01:52.503+0000] {logging_mixin.py:188} INFO - [2026-02-05T22:01:52.503+0000] {warnings.py:110} WARNING - /opt/airflow/dags/data_quality_checks.py:50: RemovedInAirflow3Warning: Param `schedule_interval` is deprecated and will be removed in a future release. Please use `schedule` instead. 
  with DAG(
[2026-02-05T22:01:52.509+0000] {processor.py:840} INFO - DAG(s) 'data_quality_checks' retrieved from /opt/airflow/dags/data_quality_checks.py
[2026-02-05T22:01:52.530+0000] {logging_mixin.py:188} INFO - [2026-02-05T22:01:52.530+0000] {dag.py:3036} INFO - Sync 1 DAGs
[2026-02-05T22:01:52.547+0000] {logging_mixin.py:188} INFO - [2026-02-05T22:01:52.546+0000] {dag.py:3823} INFO - Setting next_dagrun for data_quality_checks to 2026-02-04 00:00:00+00:00, run_after=2026-02-05 00:00:00+00:00
[2026-02-05T22:01:52.564+0000] {processor.py:183} INFO - Processing /opt/airflow/dags/data_quality_checks.py took 2.446 seconds
[2026-02-05T22:02:23.496+0000] {processor.py:161} INFO - Started process (PID=2207) to work on /opt/airflow/dags/data_quality_checks.py
[2026-02-05T22:02:23.497+0000] {processor.py:830} INFO - Processing file /opt/airflow/dags/data_quality_checks.py for tasks to queue
[2026-02-05T22:02:23.498+0000] {logging_mixin.py:188} INFO - [2026-02-05T22:02:23.498+0000] {dagbag.py:538} INFO - Filling up the DagBag from /opt/airflow/dags/data_quality_checks.py
[2026-02-05T22:02:26.079+0000] {logging_mixin.py:188} INFO - [2026-02-05T22:02:26.079+0000] {warnings.py:110} WARNING - /opt/airflow/dags/data_quality_checks.py:50: RemovedInAirflow3Warning: Param `schedule_interval` is deprecated and will be removed in a future release. Please use `schedule` instead. 
  with DAG(
[2026-02-05T22:02:26.085+0000] {processor.py:840} INFO - DAG(s) 'data_quality_checks' retrieved from /opt/airflow/dags/data_quality_checks.py
[2026-02-05T22:02:26.108+0000] {logging_mixin.py:188} INFO - [2026-02-05T22:02:26.108+0000] {dag.py:3036} INFO - Sync 1 DAGs
[2026-02-05T22:02:26.128+0000] {logging_mixin.py:188} INFO - [2026-02-05T22:02:26.128+0000] {dag.py:3823} INFO - Setting next_dagrun for data_quality_checks to 2026-02-04 00:00:00+00:00, run_after=2026-02-05 00:00:00+00:00
[2026-02-05T22:02:26.147+0000] {processor.py:183} INFO - Processing /opt/airflow/dags/data_quality_checks.py took 2.659 seconds
[2026-02-05T22:02:56.817+0000] {processor.py:161} INFO - Started process (PID=2236) to work on /opt/airflow/dags/data_quality_checks.py
[2026-02-05T22:02:56.818+0000] {processor.py:830} INFO - Processing file /opt/airflow/dags/data_quality_checks.py for tasks to queue
[2026-02-05T22:02:56.819+0000] {logging_mixin.py:188} INFO - [2026-02-05T22:02:56.818+0000] {dagbag.py:538} INFO - Filling up the DagBag from /opt/airflow/dags/data_quality_checks.py
[2026-02-05T22:02:59.412+0000] {logging_mixin.py:188} INFO - [2026-02-05T22:02:59.411+0000] {warnings.py:110} WARNING - /opt/airflow/dags/data_quality_checks.py:50: RemovedInAirflow3Warning: Param `schedule_interval` is deprecated and will be removed in a future release. Please use `schedule` instead. 
  with DAG(
[2026-02-05T22:02:59.417+0000] {processor.py:840} INFO - DAG(s) 'data_quality_checks' retrieved from /opt/airflow/dags/data_quality_checks.py
[2026-02-05T22:02:59.437+0000] {logging_mixin.py:188} INFO - [2026-02-05T22:02:59.437+0000] {dag.py:3036} INFO - Sync 1 DAGs
[2026-02-05T22:02:59.454+0000] {logging_mixin.py:188} INFO - [2026-02-05T22:02:59.454+0000] {dag.py:3823} INFO - Setting next_dagrun for data_quality_checks to 2026-02-04 00:00:00+00:00, run_after=2026-02-05 00:00:00+00:00
[2026-02-05T22:02:59.471+0000] {processor.py:183} INFO - Processing /opt/airflow/dags/data_quality_checks.py took 2.657 seconds
[2026-02-05T22:03:30.250+0000] {processor.py:161} INFO - Started process (PID=2272) to work on /opt/airflow/dags/data_quality_checks.py
[2026-02-05T22:03:30.251+0000] {processor.py:830} INFO - Processing file /opt/airflow/dags/data_quality_checks.py for tasks to queue
[2026-02-05T22:03:30.252+0000] {logging_mixin.py:188} INFO - [2026-02-05T22:03:30.252+0000] {dagbag.py:538} INFO - Filling up the DagBag from /opt/airflow/dags/data_quality_checks.py
[2026-02-05T22:03:33.071+0000] {logging_mixin.py:188} INFO - [2026-02-05T22:03:33.070+0000] {warnings.py:110} WARNING - /opt/airflow/dags/data_quality_checks.py:50: RemovedInAirflow3Warning: Param `schedule_interval` is deprecated and will be removed in a future release. Please use `schedule` instead. 
  with DAG(
[2026-02-05T22:03:33.103+0000] {processor.py:840} INFO - DAG(s) 'data_quality_checks' retrieved from /opt/airflow/dags/data_quality_checks.py
[2026-02-05T22:03:33.162+0000] {logging_mixin.py:188} INFO - [2026-02-05T22:03:33.161+0000] {dag.py:3036} INFO - Sync 1 DAGs
[2026-02-05T22:03:33.193+0000] {logging_mixin.py:188} INFO - [2026-02-05T22:03:33.193+0000] {dag.py:3823} INFO - Setting next_dagrun for data_quality_checks to 2026-02-04 00:00:00+00:00, run_after=2026-02-05 00:00:00+00:00
[2026-02-05T22:03:33.213+0000] {processor.py:183} INFO - Processing /opt/airflow/dags/data_quality_checks.py took 2.965 seconds
[2026-02-05T22:04:03.587+0000] {processor.py:161} INFO - Started process (PID=2318) to work on /opt/airflow/dags/data_quality_checks.py
[2026-02-05T22:04:03.588+0000] {processor.py:830} INFO - Processing file /opt/airflow/dags/data_quality_checks.py for tasks to queue
[2026-02-05T22:04:03.589+0000] {logging_mixin.py:188} INFO - [2026-02-05T22:04:03.588+0000] {dagbag.py:538} INFO - Filling up the DagBag from /opt/airflow/dags/data_quality_checks.py
[2026-02-05T22:04:06.604+0000] {logging_mixin.py:188} INFO - [2026-02-05T22:04:06.604+0000] {warnings.py:110} WARNING - /opt/airflow/dags/data_quality_checks.py:50: RemovedInAirflow3Warning: Param `schedule_interval` is deprecated and will be removed in a future release. Please use `schedule` instead. 
  with DAG(
[2026-02-05T22:04:06.609+0000] {processor.py:840} INFO - DAG(s) 'data_quality_checks' retrieved from /opt/airflow/dags/data_quality_checks.py
[2026-02-05T22:04:06.632+0000] {logging_mixin.py:188} INFO - [2026-02-05T22:04:06.631+0000] {dag.py:3036} INFO - Sync 1 DAGs
[2026-02-05T22:04:06.649+0000] {logging_mixin.py:188} INFO - [2026-02-05T22:04:06.649+0000] {dag.py:3823} INFO - Setting next_dagrun for data_quality_checks to 2026-02-04 00:00:00+00:00, run_after=2026-02-05 00:00:00+00:00
[2026-02-05T22:04:06.664+0000] {processor.py:183} INFO - Processing /opt/airflow/dags/data_quality_checks.py took 3.081 seconds
[2026-02-05T22:04:36.944+0000] {processor.py:161} INFO - Started process (PID=2347) to work on /opt/airflow/dags/data_quality_checks.py
[2026-02-05T22:04:36.946+0000] {processor.py:830} INFO - Processing file /opt/airflow/dags/data_quality_checks.py for tasks to queue
[2026-02-05T22:04:36.947+0000] {logging_mixin.py:188} INFO - [2026-02-05T22:04:36.947+0000] {dagbag.py:538} INFO - Filling up the DagBag from /opt/airflow/dags/data_quality_checks.py
[2026-02-05T22:04:40.011+0000] {logging_mixin.py:188} INFO - [2026-02-05T22:04:40.011+0000] {warnings.py:110} WARNING - /opt/airflow/dags/data_quality_checks.py:50: RemovedInAirflow3Warning: Param `schedule_interval` is deprecated and will be removed in a future release. Please use `schedule` instead. 
  with DAG(
[2026-02-05T22:04:40.017+0000] {processor.py:840} INFO - DAG(s) 'data_quality_checks' retrieved from /opt/airflow/dags/data_quality_checks.py
[2026-02-05T22:04:40.044+0000] {logging_mixin.py:188} INFO - [2026-02-05T22:04:40.043+0000] {dag.py:3036} INFO - Sync 1 DAGs
[2026-02-05T22:04:40.064+0000] {logging_mixin.py:188} INFO - [2026-02-05T22:04:40.064+0000] {dag.py:3823} INFO - Setting next_dagrun for data_quality_checks to 2026-02-04 00:00:00+00:00, run_after=2026-02-05 00:00:00+00:00
[2026-02-05T22:04:40.084+0000] {processor.py:183} INFO - Processing /opt/airflow/dags/data_quality_checks.py took 3.145 seconds
[2026-02-05T22:05:10.367+0000] {processor.py:161} INFO - Started process (PID=2381) to work on /opt/airflow/dags/data_quality_checks.py
[2026-02-05T22:05:10.368+0000] {processor.py:830} INFO - Processing file /opt/airflow/dags/data_quality_checks.py for tasks to queue
[2026-02-05T22:05:10.369+0000] {logging_mixin.py:188} INFO - [2026-02-05T22:05:10.368+0000] {dagbag.py:538} INFO - Filling up the DagBag from /opt/airflow/dags/data_quality_checks.py
[2026-02-05T22:05:13.164+0000] {logging_mixin.py:188} INFO - [2026-02-05T22:05:13.164+0000] {warnings.py:110} WARNING - /opt/airflow/dags/data_quality_checks.py:50: RemovedInAirflow3Warning: Param `schedule_interval` is deprecated and will be removed in a future release. Please use `schedule` instead. 
  with DAG(
[2026-02-05T22:05:13.170+0000] {processor.py:840} INFO - DAG(s) 'data_quality_checks' retrieved from /opt/airflow/dags/data_quality_checks.py
[2026-02-05T22:05:13.193+0000] {logging_mixin.py:188} INFO - [2026-02-05T22:05:13.193+0000] {dag.py:3036} INFO - Sync 1 DAGs
[2026-02-05T22:05:13.212+0000] {logging_mixin.py:188} INFO - [2026-02-05T22:05:13.212+0000] {dag.py:3823} INFO - Setting next_dagrun for data_quality_checks to 2026-02-04 00:00:00+00:00, run_after=2026-02-05 00:00:00+00:00
[2026-02-05T22:05:13.229+0000] {processor.py:183} INFO - Processing /opt/airflow/dags/data_quality_checks.py took 2.866 seconds
[2026-02-05T22:05:43.720+0000] {processor.py:161} INFO - Started process (PID=2410) to work on /opt/airflow/dags/data_quality_checks.py
[2026-02-05T22:05:43.721+0000] {processor.py:830} INFO - Processing file /opt/airflow/dags/data_quality_checks.py for tasks to queue
[2026-02-05T22:05:43.722+0000] {logging_mixin.py:188} INFO - [2026-02-05T22:05:43.722+0000] {dagbag.py:538} INFO - Filling up the DagBag from /opt/airflow/dags/data_quality_checks.py
[2026-02-05T22:05:47.356+0000] {logging_mixin.py:188} INFO - [2026-02-05T22:05:47.356+0000] {warnings.py:110} WARNING - /opt/airflow/dags/data_quality_checks.py:50: RemovedInAirflow3Warning: Param `schedule_interval` is deprecated and will be removed in a future release. Please use `schedule` instead. 
  with DAG(
[2026-02-05T22:05:47.364+0000] {processor.py:840} INFO - DAG(s) 'data_quality_checks' retrieved from /opt/airflow/dags/data_quality_checks.py
[2026-02-05T22:05:47.390+0000] {logging_mixin.py:188} INFO - [2026-02-05T22:05:47.389+0000] {dag.py:3036} INFO - Sync 1 DAGs
[2026-02-05T22:05:47.409+0000] {logging_mixin.py:188} INFO - [2026-02-05T22:05:47.409+0000] {dag.py:3823} INFO - Setting next_dagrun for data_quality_checks to 2026-02-04 00:00:00+00:00, run_after=2026-02-05 00:00:00+00:00
[2026-02-05T22:05:47.429+0000] {processor.py:183} INFO - Processing /opt/airflow/dags/data_quality_checks.py took 3.712 seconds
[2026-02-05T22:06:18.146+0000] {processor.py:161} INFO - Started process (PID=2439) to work on /opt/airflow/dags/data_quality_checks.py
[2026-02-05T22:06:18.147+0000] {processor.py:830} INFO - Processing file /opt/airflow/dags/data_quality_checks.py for tasks to queue
[2026-02-05T22:06:18.148+0000] {logging_mixin.py:188} INFO - [2026-02-05T22:06:18.148+0000] {dagbag.py:538} INFO - Filling up the DagBag from /opt/airflow/dags/data_quality_checks.py
[2026-02-05T22:06:20.767+0000] {logging_mixin.py:188} INFO - [2026-02-05T22:06:20.767+0000] {warnings.py:110} WARNING - /opt/airflow/dags/data_quality_checks.py:50: RemovedInAirflow3Warning: Param `schedule_interval` is deprecated and will be removed in a future release. Please use `schedule` instead. 
  with DAG(
[2026-02-05T22:06:20.772+0000] {processor.py:840} INFO - DAG(s) 'data_quality_checks' retrieved from /opt/airflow/dags/data_quality_checks.py
[2026-02-05T22:06:20.792+0000] {logging_mixin.py:188} INFO - [2026-02-05T22:06:20.792+0000] {dag.py:3036} INFO - Sync 1 DAGs
[2026-02-05T22:06:20.808+0000] {logging_mixin.py:188} INFO - [2026-02-05T22:06:20.808+0000] {dag.py:3823} INFO - Setting next_dagrun for data_quality_checks to 2026-02-04 00:00:00+00:00, run_after=2026-02-05 00:00:00+00:00
[2026-02-05T22:06:20.824+0000] {processor.py:183} INFO - Processing /opt/airflow/dags/data_quality_checks.py took 2.681 seconds
[2026-02-05T22:06:51.519+0000] {processor.py:161} INFO - Started process (PID=2468) to work on /opt/airflow/dags/data_quality_checks.py
[2026-02-05T22:06:51.520+0000] {processor.py:830} INFO - Processing file /opt/airflow/dags/data_quality_checks.py for tasks to queue
[2026-02-05T22:06:51.521+0000] {logging_mixin.py:188} INFO - [2026-02-05T22:06:51.521+0000] {dagbag.py:538} INFO - Filling up the DagBag from /opt/airflow/dags/data_quality_checks.py
[2026-02-05T22:06:54.416+0000] {logging_mixin.py:188} INFO - [2026-02-05T22:06:54.415+0000] {warnings.py:110} WARNING - /opt/airflow/dags/data_quality_checks.py:50: RemovedInAirflow3Warning: Param `schedule_interval` is deprecated and will be removed in a future release. Please use `schedule` instead. 
  with DAG(
[2026-02-05T22:06:54.422+0000] {processor.py:840} INFO - DAG(s) 'data_quality_checks' retrieved from /opt/airflow/dags/data_quality_checks.py
[2026-02-05T22:06:54.447+0000] {logging_mixin.py:188} INFO - [2026-02-05T22:06:54.446+0000] {dag.py:3036} INFO - Sync 1 DAGs
[2026-02-05T22:06:54.469+0000] {logging_mixin.py:188} INFO - [2026-02-05T22:06:54.469+0000] {dag.py:3823} INFO - Setting next_dagrun for data_quality_checks to 2026-02-04 00:00:00+00:00, run_after=2026-02-05 00:00:00+00:00
[2026-02-05T22:06:54.493+0000] {processor.py:183} INFO - Processing /opt/airflow/dags/data_quality_checks.py took 2.977 seconds
[2026-02-05T22:07:24.836+0000] {processor.py:161} INFO - Started process (PID=2504) to work on /opt/airflow/dags/data_quality_checks.py
[2026-02-05T22:07:24.837+0000] {processor.py:830} INFO - Processing file /opt/airflow/dags/data_quality_checks.py for tasks to queue
[2026-02-05T22:07:24.839+0000] {logging_mixin.py:188} INFO - [2026-02-05T22:07:24.839+0000] {dagbag.py:538} INFO - Filling up the DagBag from /opt/airflow/dags/data_quality_checks.py
[2026-02-05T22:07:27.849+0000] {logging_mixin.py:188} INFO - [2026-02-05T22:07:27.849+0000] {warnings.py:110} WARNING - /opt/airflow/dags/data_quality_checks.py:50: RemovedInAirflow3Warning: Param `schedule_interval` is deprecated and will be removed in a future release. Please use `schedule` instead. 
  with DAG(
[2026-02-05T22:07:27.856+0000] {processor.py:840} INFO - DAG(s) 'data_quality_checks' retrieved from /opt/airflow/dags/data_quality_checks.py
[2026-02-05T22:07:27.877+0000] {logging_mixin.py:188} INFO - [2026-02-05T22:07:27.877+0000] {dag.py:3036} INFO - Sync 1 DAGs
[2026-02-05T22:07:27.895+0000] {logging_mixin.py:188} INFO - [2026-02-05T22:07:27.895+0000] {dag.py:3823} INFO - Setting next_dagrun for data_quality_checks to 2026-02-04 00:00:00+00:00, run_after=2026-02-05 00:00:00+00:00
[2026-02-05T22:07:27.911+0000] {processor.py:183} INFO - Processing /opt/airflow/dags/data_quality_checks.py took 3.081 seconds
[2026-02-05T22:07:58.159+0000] {processor.py:161} INFO - Started process (PID=2533) to work on /opt/airflow/dags/data_quality_checks.py
[2026-02-05T22:07:58.160+0000] {processor.py:830} INFO - Processing file /opt/airflow/dags/data_quality_checks.py for tasks to queue
[2026-02-05T22:07:58.161+0000] {logging_mixin.py:188} INFO - [2026-02-05T22:07:58.161+0000] {dagbag.py:538} INFO - Filling up the DagBag from /opt/airflow/dags/data_quality_checks.py
[2026-02-05T22:08:00.786+0000] {logging_mixin.py:188} INFO - [2026-02-05T22:08:00.785+0000] {warnings.py:110} WARNING - /opt/airflow/dags/data_quality_checks.py:50: RemovedInAirflow3Warning: Param `schedule_interval` is deprecated and will be removed in a future release. Please use `schedule` instead. 
  with DAG(
[2026-02-05T22:08:00.791+0000] {processor.py:840} INFO - DAG(s) 'data_quality_checks' retrieved from /opt/airflow/dags/data_quality_checks.py
[2026-02-05T22:08:00.810+0000] {logging_mixin.py:188} INFO - [2026-02-05T22:08:00.810+0000] {dag.py:3036} INFO - Sync 1 DAGs
[2026-02-05T22:08:00.826+0000] {logging_mixin.py:188} INFO - [2026-02-05T22:08:00.826+0000] {dag.py:3823} INFO - Setting next_dagrun for data_quality_checks to 2026-02-04 00:00:00+00:00, run_after=2026-02-05 00:00:00+00:00
[2026-02-05T22:08:00.842+0000] {processor.py:183} INFO - Processing /opt/airflow/dags/data_quality_checks.py took 2.686 seconds
[2026-02-05T22:08:31.469+0000] {processor.py:161} INFO - Started process (PID=2562) to work on /opt/airflow/dags/data_quality_checks.py
[2026-02-05T22:08:31.470+0000] {processor.py:830} INFO - Processing file /opt/airflow/dags/data_quality_checks.py for tasks to queue
[2026-02-05T22:08:31.471+0000] {logging_mixin.py:188} INFO - [2026-02-05T22:08:31.471+0000] {dagbag.py:538} INFO - Filling up the DagBag from /opt/airflow/dags/data_quality_checks.py
[2026-02-05T22:08:34.185+0000] {logging_mixin.py:188} INFO - [2026-02-05T22:08:34.185+0000] {warnings.py:110} WARNING - /opt/airflow/dags/data_quality_checks.py:50: RemovedInAirflow3Warning: Param `schedule_interval` is deprecated and will be removed in a future release. Please use `schedule` instead. 
  with DAG(
[2026-02-05T22:08:34.191+0000] {processor.py:840} INFO - DAG(s) 'data_quality_checks' retrieved from /opt/airflow/dags/data_quality_checks.py
[2026-02-05T22:08:34.213+0000] {logging_mixin.py:188} INFO - [2026-02-05T22:08:34.212+0000] {dag.py:3036} INFO - Sync 1 DAGs
[2026-02-05T22:08:34.230+0000] {logging_mixin.py:188} INFO - [2026-02-05T22:08:34.230+0000] {dag.py:3823} INFO - Setting next_dagrun for data_quality_checks to 2026-02-04 00:00:00+00:00, run_after=2026-02-05 00:00:00+00:00
[2026-02-05T22:08:34.246+0000] {processor.py:183} INFO - Processing /opt/airflow/dags/data_quality_checks.py took 2.780 seconds
[2026-02-05T22:09:04.799+0000] {processor.py:161} INFO - Started process (PID=2591) to work on /opt/airflow/dags/data_quality_checks.py
[2026-02-05T22:09:04.800+0000] {processor.py:830} INFO - Processing file /opt/airflow/dags/data_quality_checks.py for tasks to queue
[2026-02-05T22:09:04.801+0000] {logging_mixin.py:188} INFO - [2026-02-05T22:09:04.801+0000] {dagbag.py:538} INFO - Filling up the DagBag from /opt/airflow/dags/data_quality_checks.py
[2026-02-05T22:09:07.448+0000] {logging_mixin.py:188} INFO - [2026-02-05T22:09:07.448+0000] {warnings.py:110} WARNING - /opt/airflow/dags/data_quality_checks.py:50: RemovedInAirflow3Warning: Param `schedule_interval` is deprecated and will be removed in a future release. Please use `schedule` instead. 
  with DAG(
[2026-02-05T22:09:07.453+0000] {processor.py:840} INFO - DAG(s) 'data_quality_checks' retrieved from /opt/airflow/dags/data_quality_checks.py
[2026-02-05T22:09:07.473+0000] {logging_mixin.py:188} INFO - [2026-02-05T22:09:07.473+0000] {dag.py:3036} INFO - Sync 1 DAGs
[2026-02-05T22:09:07.490+0000] {logging_mixin.py:188} INFO - [2026-02-05T22:09:07.490+0000] {dag.py:3823} INFO - Setting next_dagrun for data_quality_checks to 2026-02-04 00:00:00+00:00, run_after=2026-02-05 00:00:00+00:00
[2026-02-05T22:09:07.524+0000] {processor.py:183} INFO - Processing /opt/airflow/dags/data_quality_checks.py took 2.728 seconds
[2026-02-05T22:09:38.140+0000] {processor.py:161} INFO - Started process (PID=2620) to work on /opt/airflow/dags/data_quality_checks.py
[2026-02-05T22:09:38.141+0000] {processor.py:830} INFO - Processing file /opt/airflow/dags/data_quality_checks.py for tasks to queue
[2026-02-05T22:09:38.142+0000] {logging_mixin.py:188} INFO - [2026-02-05T22:09:38.142+0000] {dagbag.py:538} INFO - Filling up the DagBag from /opt/airflow/dags/data_quality_checks.py
[2026-02-05T22:09:40.764+0000] {logging_mixin.py:188} INFO - [2026-02-05T22:09:40.764+0000] {warnings.py:110} WARNING - /opt/airflow/dags/data_quality_checks.py:50: RemovedInAirflow3Warning: Param `schedule_interval` is deprecated and will be removed in a future release. Please use `schedule` instead. 
  with DAG(
[2026-02-05T22:09:40.770+0000] {processor.py:840} INFO - DAG(s) 'data_quality_checks' retrieved from /opt/airflow/dags/data_quality_checks.py
[2026-02-05T22:09:40.791+0000] {logging_mixin.py:188} INFO - [2026-02-05T22:09:40.791+0000] {dag.py:3036} INFO - Sync 1 DAGs
[2026-02-05T22:09:40.808+0000] {logging_mixin.py:188} INFO - [2026-02-05T22:09:40.808+0000] {dag.py:3823} INFO - Setting next_dagrun for data_quality_checks to 2026-02-04 00:00:00+00:00, run_after=2026-02-05 00:00:00+00:00
[2026-02-05T22:09:40.828+0000] {processor.py:183} INFO - Processing /opt/airflow/dags/data_quality_checks.py took 2.691 seconds
[2026-02-05T22:10:11.562+0000] {processor.py:161} INFO - Started process (PID=2649) to work on /opt/airflow/dags/data_quality_checks.py
[2026-02-05T22:10:11.563+0000] {processor.py:830} INFO - Processing file /opt/airflow/dags/data_quality_checks.py for tasks to queue
[2026-02-05T22:10:11.564+0000] {logging_mixin.py:188} INFO - [2026-02-05T22:10:11.564+0000] {dagbag.py:538} INFO - Filling up the DagBag from /opt/airflow/dags/data_quality_checks.py
[2026-02-05T22:10:14.206+0000] {logging_mixin.py:188} INFO - [2026-02-05T22:10:14.206+0000] {warnings.py:110} WARNING - /opt/airflow/dags/data_quality_checks.py:50: RemovedInAirflow3Warning: Param `schedule_interval` is deprecated and will be removed in a future release. Please use `schedule` instead. 
  with DAG(
[2026-02-05T22:10:14.212+0000] {processor.py:840} INFO - DAG(s) 'data_quality_checks' retrieved from /opt/airflow/dags/data_quality_checks.py
[2026-02-05T22:10:14.233+0000] {logging_mixin.py:188} INFO - [2026-02-05T22:10:14.233+0000] {dag.py:3036} INFO - Sync 1 DAGs
[2026-02-05T22:10:14.251+0000] {logging_mixin.py:188} INFO - [2026-02-05T22:10:14.251+0000] {dag.py:3823} INFO - Setting next_dagrun for data_quality_checks to 2026-02-04 00:00:00+00:00, run_after=2026-02-05 00:00:00+00:00
[2026-02-05T22:10:14.268+0000] {processor.py:183} INFO - Processing /opt/airflow/dags/data_quality_checks.py took 2.709 seconds
[2026-02-05T22:10:44.990+0000] {processor.py:161} INFO - Started process (PID=2683) to work on /opt/airflow/dags/data_quality_checks.py
[2026-02-05T22:10:44.991+0000] {processor.py:830} INFO - Processing file /opt/airflow/dags/data_quality_checks.py for tasks to queue
[2026-02-05T22:10:44.992+0000] {logging_mixin.py:188} INFO - [2026-02-05T22:10:44.992+0000] {dagbag.py:538} INFO - Filling up the DagBag from /opt/airflow/dags/data_quality_checks.py
[2026-02-05T22:10:48.183+0000] {logging_mixin.py:188} INFO - [2026-02-05T22:10:48.183+0000] {warnings.py:110} WARNING - /opt/airflow/dags/data_quality_checks.py:50: RemovedInAirflow3Warning: Param `schedule_interval` is deprecated and will be removed in a future release. Please use `schedule` instead. 
  with DAG(
[2026-02-05T22:10:48.189+0000] {processor.py:840} INFO - DAG(s) 'data_quality_checks' retrieved from /opt/airflow/dags/data_quality_checks.py
[2026-02-05T22:10:48.212+0000] {logging_mixin.py:188} INFO - [2026-02-05T22:10:48.212+0000] {dag.py:3036} INFO - Sync 1 DAGs
[2026-02-05T22:10:48.231+0000] {logging_mixin.py:188} INFO - [2026-02-05T22:10:48.231+0000] {dag.py:3823} INFO - Setting next_dagrun for data_quality_checks to 2026-02-04 00:00:00+00:00, run_after=2026-02-05 00:00:00+00:00
[2026-02-05T22:10:48.249+0000] {processor.py:183} INFO - Processing /opt/airflow/dags/data_quality_checks.py took 3.262 seconds
[2026-02-05T22:11:18.494+0000] {processor.py:161} INFO - Started process (PID=2712) to work on /opt/airflow/dags/data_quality_checks.py
[2026-02-05T22:11:18.495+0000] {processor.py:830} INFO - Processing file /opt/airflow/dags/data_quality_checks.py for tasks to queue
[2026-02-05T22:11:18.497+0000] {logging_mixin.py:188} INFO - [2026-02-05T22:11:18.496+0000] {dagbag.py:538} INFO - Filling up the DagBag from /opt/airflow/dags/data_quality_checks.py
[2026-02-05T22:11:21.017+0000] {logging_mixin.py:188} INFO - [2026-02-05T22:11:21.017+0000] {warnings.py:110} WARNING - /opt/airflow/dags/data_quality_checks.py:50: RemovedInAirflow3Warning: Param `schedule_interval` is deprecated and will be removed in a future release. Please use `schedule` instead. 
  with DAG(
[2026-02-05T22:11:21.024+0000] {processor.py:840} INFO - DAG(s) 'data_quality_checks' retrieved from /opt/airflow/dags/data_quality_checks.py
[2026-02-05T22:11:21.044+0000] {logging_mixin.py:188} INFO - [2026-02-05T22:11:21.044+0000] {dag.py:3036} INFO - Sync 1 DAGs
[2026-02-05T22:11:21.062+0000] {logging_mixin.py:188} INFO - [2026-02-05T22:11:21.062+0000] {dag.py:3823} INFO - Setting next_dagrun for data_quality_checks to 2026-02-04 00:00:00+00:00, run_after=2026-02-05 00:00:00+00:00
[2026-02-05T22:11:21.076+0000] {processor.py:183} INFO - Processing /opt/airflow/dags/data_quality_checks.py took 2.585 seconds
[2026-02-05T22:11:51.763+0000] {processor.py:161} INFO - Started process (PID=2741) to work on /opt/airflow/dags/data_quality_checks.py
[2026-02-05T22:11:51.764+0000] {processor.py:830} INFO - Processing file /opt/airflow/dags/data_quality_checks.py for tasks to queue
[2026-02-05T22:11:51.764+0000] {logging_mixin.py:188} INFO - [2026-02-05T22:11:51.764+0000] {dagbag.py:538} INFO - Filling up the DagBag from /opt/airflow/dags/data_quality_checks.py
[2026-02-05T22:11:54.184+0000] {logging_mixin.py:188} INFO - [2026-02-05T22:11:54.184+0000] {warnings.py:110} WARNING - /opt/airflow/dags/data_quality_checks.py:50: RemovedInAirflow3Warning: Param `schedule_interval` is deprecated and will be removed in a future release. Please use `schedule` instead. 
  with DAG(
[2026-02-05T22:11:54.189+0000] {processor.py:840} INFO - DAG(s) 'data_quality_checks' retrieved from /opt/airflow/dags/data_quality_checks.py
[2026-02-05T22:11:54.211+0000] {logging_mixin.py:188} INFO - [2026-02-05T22:11:54.211+0000] {dag.py:3036} INFO - Sync 1 DAGs
[2026-02-05T22:11:54.383+0000] {logging_mixin.py:188} INFO - [2026-02-05T22:11:54.383+0000] {dag.py:3823} INFO - Setting next_dagrun for data_quality_checks to 2026-02-04 00:00:00+00:00, run_after=2026-02-05 00:00:00+00:00
[2026-02-05T22:11:54.399+0000] {processor.py:183} INFO - Processing /opt/airflow/dags/data_quality_checks.py took 2.639 seconds
[2026-02-05T22:12:25.140+0000] {processor.py:161} INFO - Started process (PID=2776) to work on /opt/airflow/dags/data_quality_checks.py
[2026-02-05T22:12:25.141+0000] {processor.py:830} INFO - Processing file /opt/airflow/dags/data_quality_checks.py for tasks to queue
[2026-02-05T22:12:25.142+0000] {logging_mixin.py:188} INFO - [2026-02-05T22:12:25.142+0000] {dagbag.py:538} INFO - Filling up the DagBag from /opt/airflow/dags/data_quality_checks.py
[2026-02-05T22:12:27.807+0000] {logging_mixin.py:188} INFO - [2026-02-05T22:12:27.807+0000] {warnings.py:110} WARNING - /opt/airflow/dags/data_quality_checks.py:50: RemovedInAirflow3Warning: Param `schedule_interval` is deprecated and will be removed in a future release. Please use `schedule` instead. 
  with DAG(
[2026-02-05T22:12:27.812+0000] {processor.py:840} INFO - DAG(s) 'data_quality_checks' retrieved from /opt/airflow/dags/data_quality_checks.py
[2026-02-05T22:12:27.832+0000] {logging_mixin.py:188} INFO - [2026-02-05T22:12:27.832+0000] {dag.py:3036} INFO - Sync 1 DAGs
[2026-02-05T22:12:27.848+0000] {logging_mixin.py:188} INFO - [2026-02-05T22:12:27.848+0000] {dag.py:3823} INFO - Setting next_dagrun for data_quality_checks to 2026-02-04 00:00:00+00:00, run_after=2026-02-05 00:00:00+00:00
[2026-02-05T22:12:27.865+0000] {processor.py:183} INFO - Processing /opt/airflow/dags/data_quality_checks.py took 2.728 seconds
[2026-02-05T22:12:58.513+0000] {processor.py:161} INFO - Started process (PID=2805) to work on /opt/airflow/dags/data_quality_checks.py
[2026-02-05T22:12:58.514+0000] {processor.py:830} INFO - Processing file /opt/airflow/dags/data_quality_checks.py for tasks to queue
[2026-02-05T22:12:58.516+0000] {logging_mixin.py:188} INFO - [2026-02-05T22:12:58.515+0000] {dagbag.py:538} INFO - Filling up the DagBag from /opt/airflow/dags/data_quality_checks.py
[2026-02-05T22:13:01.503+0000] {logging_mixin.py:188} INFO - [2026-02-05T22:13:01.503+0000] {warnings.py:110} WARNING - /opt/airflow/dags/data_quality_checks.py:50: RemovedInAirflow3Warning: Param `schedule_interval` is deprecated and will be removed in a future release. Please use `schedule` instead. 
  with DAG(
[2026-02-05T22:13:01.511+0000] {processor.py:840} INFO - DAG(s) 'data_quality_checks' retrieved from /opt/airflow/dags/data_quality_checks.py
[2026-02-05T22:13:01.546+0000] {logging_mixin.py:188} INFO - [2026-02-05T22:13:01.545+0000] {dag.py:3036} INFO - Sync 1 DAGs
[2026-02-05T22:13:01.572+0000] {logging_mixin.py:188} INFO - [2026-02-05T22:13:01.571+0000] {dag.py:3823} INFO - Setting next_dagrun for data_quality_checks to 2026-02-04 00:00:00+00:00, run_after=2026-02-05 00:00:00+00:00
[2026-02-05T22:13:01.594+0000] {processor.py:183} INFO - Processing /opt/airflow/dags/data_quality_checks.py took 3.084 seconds
[2026-02-05T22:13:31.856+0000] {processor.py:161} INFO - Started process (PID=2834) to work on /opt/airflow/dags/data_quality_checks.py
[2026-02-05T22:13:31.857+0000] {processor.py:830} INFO - Processing file /opt/airflow/dags/data_quality_checks.py for tasks to queue
[2026-02-05T22:13:31.859+0000] {logging_mixin.py:188} INFO - [2026-02-05T22:13:31.858+0000] {dagbag.py:538} INFO - Filling up the DagBag from /opt/airflow/dags/data_quality_checks.py
[2026-02-05T22:13:34.482+0000] {logging_mixin.py:188} INFO - [2026-02-05T22:13:34.481+0000] {warnings.py:110} WARNING - /opt/airflow/dags/data_quality_checks.py:50: RemovedInAirflow3Warning: Param `schedule_interval` is deprecated and will be removed in a future release. Please use `schedule` instead. 
  with DAG(
[2026-02-05T22:13:34.488+0000] {processor.py:840} INFO - DAG(s) 'data_quality_checks' retrieved from /opt/airflow/dags/data_quality_checks.py
[2026-02-05T22:13:34.510+0000] {logging_mixin.py:188} INFO - [2026-02-05T22:13:34.510+0000] {dag.py:3036} INFO - Sync 1 DAGs
[2026-02-05T22:13:34.530+0000] {logging_mixin.py:188} INFO - [2026-02-05T22:13:34.530+0000] {dag.py:3823} INFO - Setting next_dagrun for data_quality_checks to 2026-02-04 00:00:00+00:00, run_after=2026-02-05 00:00:00+00:00
[2026-02-05T22:13:34.710+0000] {processor.py:183} INFO - Processing /opt/airflow/dags/data_quality_checks.py took 2.857 seconds
[2026-02-05T22:14:05.191+0000] {processor.py:161} INFO - Started process (PID=2863) to work on /opt/airflow/dags/data_quality_checks.py
[2026-02-05T22:14:05.192+0000] {processor.py:830} INFO - Processing file /opt/airflow/dags/data_quality_checks.py for tasks to queue
[2026-02-05T22:14:05.193+0000] {logging_mixin.py:188} INFO - [2026-02-05T22:14:05.193+0000] {dagbag.py:538} INFO - Filling up the DagBag from /opt/airflow/dags/data_quality_checks.py
[2026-02-05T22:14:08.086+0000] {logging_mixin.py:188} INFO - [2026-02-05T22:14:08.086+0000] {warnings.py:110} WARNING - /opt/airflow/dags/data_quality_checks.py:50: RemovedInAirflow3Warning: Param `schedule_interval` is deprecated and will be removed in a future release. Please use `schedule` instead. 
  with DAG(
[2026-02-05T22:14:08.092+0000] {processor.py:840} INFO - DAG(s) 'data_quality_checks' retrieved from /opt/airflow/dags/data_quality_checks.py
[2026-02-05T22:14:08.117+0000] {logging_mixin.py:188} INFO - [2026-02-05T22:14:08.116+0000] {dag.py:3036} INFO - Sync 1 DAGs
[2026-02-05T22:14:08.135+0000] {logging_mixin.py:188} INFO - [2026-02-05T22:14:08.135+0000] {dag.py:3823} INFO - Setting next_dagrun for data_quality_checks to 2026-02-04 00:00:00+00:00, run_after=2026-02-05 00:00:00+00:00
[2026-02-05T22:14:08.151+0000] {processor.py:183} INFO - Processing /opt/airflow/dags/data_quality_checks.py took 2.963 seconds
[2026-02-05T22:14:38.565+0000] {processor.py:161} INFO - Started process (PID=2892) to work on /opt/airflow/dags/data_quality_checks.py
[2026-02-05T22:14:38.567+0000] {processor.py:830} INFO - Processing file /opt/airflow/dags/data_quality_checks.py for tasks to queue
[2026-02-05T22:14:38.570+0000] {logging_mixin.py:188} INFO - [2026-02-05T22:14:38.569+0000] {dagbag.py:538} INFO - Filling up the DagBag from /opt/airflow/dags/data_quality_checks.py
[2026-02-05T22:14:41.816+0000] {logging_mixin.py:188} INFO - [2026-02-05T22:14:41.816+0000] {warnings.py:110} WARNING - /opt/airflow/dags/data_quality_checks.py:50: RemovedInAirflow3Warning: Param `schedule_interval` is deprecated and will be removed in a future release. Please use `schedule` instead. 
  with DAG(
[2026-02-05T22:14:41.824+0000] {processor.py:840} INFO - DAG(s) 'data_quality_checks' retrieved from /opt/airflow/dags/data_quality_checks.py
[2026-02-05T22:14:41.851+0000] {logging_mixin.py:188} INFO - [2026-02-05T22:14:41.851+0000] {dag.py:3036} INFO - Sync 1 DAGs
[2026-02-05T22:14:42.039+0000] {logging_mixin.py:188} INFO - [2026-02-05T22:14:42.039+0000] {dag.py:3823} INFO - Setting next_dagrun for data_quality_checks to 2026-02-04 00:00:00+00:00, run_after=2026-02-05 00:00:00+00:00
[2026-02-05T22:14:42.053+0000] {processor.py:183} INFO - Processing /opt/airflow/dags/data_quality_checks.py took 3.495 seconds
[2026-02-05T22:15:12.163+0000] {processor.py:161} INFO - Started process (PID=2921) to work on /opt/airflow/dags/data_quality_checks.py
[2026-02-05T22:15:12.164+0000] {processor.py:830} INFO - Processing file /opt/airflow/dags/data_quality_checks.py for tasks to queue
[2026-02-05T22:15:12.165+0000] {logging_mixin.py:188} INFO - [2026-02-05T22:15:12.165+0000] {dagbag.py:538} INFO - Filling up the DagBag from /opt/airflow/dags/data_quality_checks.py
[2026-02-05T22:15:16.182+0000] {logging_mixin.py:188} INFO - [2026-02-05T22:15:16.181+0000] {warnings.py:110} WARNING - /opt/airflow/dags/data_quality_checks.py:50: RemovedInAirflow3Warning: Param `schedule_interval` is deprecated and will be removed in a future release. Please use `schedule` instead. 
  with DAG(
[2026-02-05T22:15:16.193+0000] {processor.py:840} INFO - DAG(s) 'data_quality_checks' retrieved from /opt/airflow/dags/data_quality_checks.py
[2026-02-05T22:15:16.225+0000] {logging_mixin.py:188} INFO - [2026-02-05T22:15:16.225+0000] {dag.py:3036} INFO - Sync 1 DAGs
[2026-02-05T22:15:16.254+0000] {logging_mixin.py:188} INFO - [2026-02-05T22:15:16.253+0000] {dag.py:3823} INFO - Setting next_dagrun for data_quality_checks to 2026-02-04 00:00:00+00:00, run_after=2026-02-05 00:00:00+00:00
[2026-02-05T22:15:16.290+0000] {processor.py:183} INFO - Processing /opt/airflow/dags/data_quality_checks.py took 4.132 seconds
[2026-02-05T22:15:46.562+0000] {processor.py:161} INFO - Started process (PID=2955) to work on /opt/airflow/dags/data_quality_checks.py
[2026-02-05T22:15:46.565+0000] {processor.py:830} INFO - Processing file /opt/airflow/dags/data_quality_checks.py for tasks to queue
[2026-02-05T22:15:46.566+0000] {logging_mixin.py:188} INFO - [2026-02-05T22:15:46.566+0000] {dagbag.py:538} INFO - Filling up the DagBag from /opt/airflow/dags/data_quality_checks.py
[2026-02-05T22:15:49.687+0000] {logging_mixin.py:188} INFO - [2026-02-05T22:15:49.687+0000] {warnings.py:110} WARNING - /opt/airflow/dags/data_quality_checks.py:50: RemovedInAirflow3Warning: Param `schedule_interval` is deprecated and will be removed in a future release. Please use `schedule` instead. 
  with DAG(
[2026-02-05T22:15:49.693+0000] {processor.py:840} INFO - DAG(s) 'data_quality_checks' retrieved from /opt/airflow/dags/data_quality_checks.py
[2026-02-05T22:15:49.717+0000] {logging_mixin.py:188} INFO - [2026-02-05T22:15:49.717+0000] {dag.py:3036} INFO - Sync 1 DAGs
[2026-02-05T22:15:49.740+0000] {logging_mixin.py:188} INFO - [2026-02-05T22:15:49.740+0000] {dag.py:3823} INFO - Setting next_dagrun for data_quality_checks to 2026-02-04 00:00:00+00:00, run_after=2026-02-05 00:00:00+00:00
[2026-02-05T22:15:49.768+0000] {processor.py:183} INFO - Processing /opt/airflow/dags/data_quality_checks.py took 3.210 seconds
[2026-02-05T22:16:19.910+0000] {processor.py:161} INFO - Started process (PID=2985) to work on /opt/airflow/dags/data_quality_checks.py
[2026-02-05T22:16:19.911+0000] {processor.py:830} INFO - Processing file /opt/airflow/dags/data_quality_checks.py for tasks to queue
[2026-02-05T22:16:19.912+0000] {logging_mixin.py:188} INFO - [2026-02-05T22:16:19.912+0000] {dagbag.py:538} INFO - Filling up the DagBag from /opt/airflow/dags/data_quality_checks.py
[2026-02-05T22:16:22.818+0000] {logging_mixin.py:188} INFO - [2026-02-05T22:16:22.818+0000] {warnings.py:110} WARNING - /opt/airflow/dags/data_quality_checks.py:50: RemovedInAirflow3Warning: Param `schedule_interval` is deprecated and will be removed in a future release. Please use `schedule` instead. 
  with DAG(
[2026-02-05T22:16:22.825+0000] {processor.py:840} INFO - DAG(s) 'data_quality_checks' retrieved from /opt/airflow/dags/data_quality_checks.py
[2026-02-05T22:16:22.846+0000] {logging_mixin.py:188} INFO - [2026-02-05T22:16:22.846+0000] {dag.py:3036} INFO - Sync 1 DAGs
[2026-02-05T22:16:22.865+0000] {logging_mixin.py:188} INFO - [2026-02-05T22:16:22.865+0000] {dag.py:3823} INFO - Setting next_dagrun for data_quality_checks to 2026-02-04 00:00:00+00:00, run_after=2026-02-05 00:00:00+00:00
[2026-02-05T22:16:22.881+0000] {processor.py:183} INFO - Processing /opt/airflow/dags/data_quality_checks.py took 2.975 seconds
[2026-02-05T22:16:53.147+0000] {processor.py:161} INFO - Started process (PID=3014) to work on /opt/airflow/dags/data_quality_checks.py
[2026-02-05T22:16:53.149+0000] {processor.py:830} INFO - Processing file /opt/airflow/dags/data_quality_checks.py for tasks to queue
[2026-02-05T22:16:53.150+0000] {logging_mixin.py:188} INFO - [2026-02-05T22:16:53.149+0000] {dagbag.py:538} INFO - Filling up the DagBag from /opt/airflow/dags/data_quality_checks.py
[2026-02-05T22:16:55.994+0000] {logging_mixin.py:188} INFO - [2026-02-05T22:16:55.994+0000] {warnings.py:110} WARNING - /opt/airflow/dags/data_quality_checks.py:50: RemovedInAirflow3Warning: Param `schedule_interval` is deprecated and will be removed in a future release. Please use `schedule` instead. 
  with DAG(
[2026-02-05T22:16:56.000+0000] {processor.py:840} INFO - DAG(s) 'data_quality_checks' retrieved from /opt/airflow/dags/data_quality_checks.py
[2026-02-05T22:16:56.021+0000] {logging_mixin.py:188} INFO - [2026-02-05T22:16:56.021+0000] {dag.py:3036} INFO - Sync 1 DAGs
[2026-02-05T22:16:56.041+0000] {logging_mixin.py:188} INFO - [2026-02-05T22:16:56.041+0000] {dag.py:3823} INFO - Setting next_dagrun for data_quality_checks to 2026-02-04 00:00:00+00:00, run_after=2026-02-05 00:00:00+00:00
[2026-02-05T22:16:56.058+0000] {processor.py:183} INFO - Processing /opt/airflow/dags/data_quality_checks.py took 2.916 seconds
[2026-02-05T22:17:26.472+0000] {processor.py:161} INFO - Started process (PID=3050) to work on /opt/airflow/dags/data_quality_checks.py
[2026-02-05T22:17:26.474+0000] {processor.py:830} INFO - Processing file /opt/airflow/dags/data_quality_checks.py for tasks to queue
[2026-02-05T22:17:26.476+0000] {logging_mixin.py:188} INFO - [2026-02-05T22:17:26.475+0000] {dagbag.py:538} INFO - Filling up the DagBag from /opt/airflow/dags/data_quality_checks.py
[2026-02-05T22:17:29.319+0000] {logging_mixin.py:188} INFO - [2026-02-05T22:17:29.318+0000] {warnings.py:110} WARNING - /opt/airflow/dags/data_quality_checks.py:50: RemovedInAirflow3Warning: Param `schedule_interval` is deprecated and will be removed in a future release. Please use `schedule` instead. 
  with DAG(
[2026-02-05T22:17:29.326+0000] {processor.py:840} INFO - DAG(s) 'data_quality_checks' retrieved from /opt/airflow/dags/data_quality_checks.py
[2026-02-05T22:17:29.347+0000] {logging_mixin.py:188} INFO - [2026-02-05T22:17:29.347+0000] {dag.py:3036} INFO - Sync 1 DAGs
[2026-02-05T22:17:29.364+0000] {logging_mixin.py:188} INFO - [2026-02-05T22:17:29.364+0000] {dag.py:3823} INFO - Setting next_dagrun for data_quality_checks to 2026-02-04 00:00:00+00:00, run_after=2026-02-05 00:00:00+00:00
[2026-02-05T22:17:29.382+0000] {processor.py:183} INFO - Processing /opt/airflow/dags/data_quality_checks.py took 2.915 seconds
[2026-02-05T22:17:59.752+0000] {processor.py:161} INFO - Started process (PID=3079) to work on /opt/airflow/dags/data_quality_checks.py
[2026-02-05T22:17:59.753+0000] {processor.py:830} INFO - Processing file /opt/airflow/dags/data_quality_checks.py for tasks to queue
[2026-02-05T22:17:59.754+0000] {logging_mixin.py:188} INFO - [2026-02-05T22:17:59.754+0000] {dagbag.py:538} INFO - Filling up the DagBag from /opt/airflow/dags/data_quality_checks.py
[2026-02-05T22:18:02.692+0000] {logging_mixin.py:188} INFO - [2026-02-05T22:18:02.692+0000] {warnings.py:110} WARNING - /opt/airflow/dags/data_quality_checks.py:50: RemovedInAirflow3Warning: Param `schedule_interval` is deprecated and will be removed in a future release. Please use `schedule` instead. 
  with DAG(
[2026-02-05T22:18:02.697+0000] {processor.py:840} INFO - DAG(s) 'data_quality_checks' retrieved from /opt/airflow/dags/data_quality_checks.py
[2026-02-05T22:18:02.720+0000] {logging_mixin.py:188} INFO - [2026-02-05T22:18:02.720+0000] {dag.py:3036} INFO - Sync 1 DAGs
[2026-02-05T22:18:02.742+0000] {logging_mixin.py:188} INFO - [2026-02-05T22:18:02.742+0000] {dag.py:3823} INFO - Setting next_dagrun for data_quality_checks to 2026-02-04 00:00:00+00:00, run_after=2026-02-05 00:00:00+00:00
[2026-02-05T22:18:02.760+0000] {processor.py:183} INFO - Processing /opt/airflow/dags/data_quality_checks.py took 3.012 seconds
[2026-02-05T22:18:33.035+0000] {processor.py:161} INFO - Started process (PID=3109) to work on /opt/airflow/dags/data_quality_checks.py
[2026-02-05T22:18:33.037+0000] {processor.py:830} INFO - Processing file /opt/airflow/dags/data_quality_checks.py for tasks to queue
[2026-02-05T22:18:33.038+0000] {logging_mixin.py:188} INFO - [2026-02-05T22:18:33.037+0000] {dagbag.py:538} INFO - Filling up the DagBag from /opt/airflow/dags/data_quality_checks.py
[2026-02-05T22:18:35.885+0000] {logging_mixin.py:188} INFO - [2026-02-05T22:18:35.885+0000] {warnings.py:110} WARNING - /opt/airflow/dags/data_quality_checks.py:50: RemovedInAirflow3Warning: Param `schedule_interval` is deprecated and will be removed in a future release. Please use `schedule` instead. 
  with DAG(
[2026-02-05T22:18:35.891+0000] {processor.py:840} INFO - DAG(s) 'data_quality_checks' retrieved from /opt/airflow/dags/data_quality_checks.py
[2026-02-05T22:18:35.912+0000] {logging_mixin.py:188} INFO - [2026-02-05T22:18:35.912+0000] {dag.py:3036} INFO - Sync 1 DAGs
[2026-02-05T22:18:35.932+0000] {logging_mixin.py:188} INFO - [2026-02-05T22:18:35.932+0000] {dag.py:3823} INFO - Setting next_dagrun for data_quality_checks to 2026-02-04 00:00:00+00:00, run_after=2026-02-05 00:00:00+00:00
[2026-02-05T22:18:35.953+0000] {processor.py:183} INFO - Processing /opt/airflow/dags/data_quality_checks.py took 2.922 seconds
[2026-02-05T22:19:06.357+0000] {processor.py:161} INFO - Started process (PID=3138) to work on /opt/airflow/dags/data_quality_checks.py
[2026-02-05T22:19:06.359+0000] {processor.py:830} INFO - Processing file /opt/airflow/dags/data_quality_checks.py for tasks to queue
[2026-02-05T22:19:06.360+0000] {logging_mixin.py:188} INFO - [2026-02-05T22:19:06.359+0000] {dagbag.py:538} INFO - Filling up the DagBag from /opt/airflow/dags/data_quality_checks.py
[2026-02-05T22:19:09.267+0000] {logging_mixin.py:188} INFO - [2026-02-05T22:19:09.266+0000] {warnings.py:110} WARNING - /opt/airflow/dags/data_quality_checks.py:50: RemovedInAirflow3Warning: Param `schedule_interval` is deprecated and will be removed in a future release. Please use `schedule` instead. 
  with DAG(
[2026-02-05T22:19:09.274+0000] {processor.py:840} INFO - DAG(s) 'data_quality_checks' retrieved from /opt/airflow/dags/data_quality_checks.py
[2026-02-05T22:19:09.297+0000] {logging_mixin.py:188} INFO - [2026-02-05T22:19:09.297+0000] {dag.py:3036} INFO - Sync 1 DAGs
[2026-02-05T22:19:09.315+0000] {logging_mixin.py:188} INFO - [2026-02-05T22:19:09.315+0000] {dag.py:3823} INFO - Setting next_dagrun for data_quality_checks to 2026-02-04 00:00:00+00:00, run_after=2026-02-05 00:00:00+00:00
[2026-02-05T22:19:09.332+0000] {processor.py:183} INFO - Processing /opt/airflow/dags/data_quality_checks.py took 2.979 seconds
[2026-02-05T22:19:39.615+0000] {processor.py:161} INFO - Started process (PID=3167) to work on /opt/airflow/dags/data_quality_checks.py
[2026-02-05T22:19:39.616+0000] {processor.py:830} INFO - Processing file /opt/airflow/dags/data_quality_checks.py for tasks to queue
[2026-02-05T22:19:39.617+0000] {logging_mixin.py:188} INFO - [2026-02-05T22:19:39.617+0000] {dagbag.py:538} INFO - Filling up the DagBag from /opt/airflow/dags/data_quality_checks.py
[2026-02-05T22:19:42.431+0000] {logging_mixin.py:188} INFO - [2026-02-05T22:19:42.431+0000] {warnings.py:110} WARNING - /opt/airflow/dags/data_quality_checks.py:50: RemovedInAirflow3Warning: Param `schedule_interval` is deprecated and will be removed in a future release. Please use `schedule` instead. 
  with DAG(
[2026-02-05T22:19:42.437+0000] {processor.py:840} INFO - DAG(s) 'data_quality_checks' retrieved from /opt/airflow/dags/data_quality_checks.py
[2026-02-05T22:19:42.459+0000] {logging_mixin.py:188} INFO - [2026-02-05T22:19:42.459+0000] {dag.py:3036} INFO - Sync 1 DAGs
[2026-02-05T22:19:42.478+0000] {logging_mixin.py:188} INFO - [2026-02-05T22:19:42.478+0000] {dag.py:3823} INFO - Setting next_dagrun for data_quality_checks to 2026-02-04 00:00:00+00:00, run_after=2026-02-05 00:00:00+00:00
[2026-02-05T22:19:42.499+0000] {processor.py:183} INFO - Processing /opt/airflow/dags/data_quality_checks.py took 2.888 seconds
[2026-02-05T22:20:12.984+0000] {processor.py:161} INFO - Started process (PID=3196) to work on /opt/airflow/dags/data_quality_checks.py
[2026-02-05T22:20:12.985+0000] {processor.py:830} INFO - Processing file /opt/airflow/dags/data_quality_checks.py for tasks to queue
[2026-02-05T22:20:12.986+0000] {logging_mixin.py:188} INFO - [2026-02-05T22:20:12.986+0000] {dagbag.py:538} INFO - Filling up the DagBag from /opt/airflow/dags/data_quality_checks.py
[2026-02-05T22:20:15.669+0000] {logging_mixin.py:188} INFO - [2026-02-05T22:20:15.669+0000] {warnings.py:110} WARNING - /opt/airflow/dags/data_quality_checks.py:50: RemovedInAirflow3Warning: Param `schedule_interval` is deprecated and will be removed in a future release. Please use `schedule` instead. 
  with DAG(
[2026-02-05T22:20:15.674+0000] {processor.py:840} INFO - DAG(s) 'data_quality_checks' retrieved from /opt/airflow/dags/data_quality_checks.py
[2026-02-05T22:20:15.695+0000] {logging_mixin.py:188} INFO - [2026-02-05T22:20:15.695+0000] {dag.py:3036} INFO - Sync 1 DAGs
[2026-02-05T22:20:15.712+0000] {logging_mixin.py:188} INFO - [2026-02-05T22:20:15.712+0000] {dag.py:3823} INFO - Setting next_dagrun for data_quality_checks to 2026-02-04 00:00:00+00:00, run_after=2026-02-05 00:00:00+00:00
[2026-02-05T22:20:15.727+0000] {processor.py:183} INFO - Processing /opt/airflow/dags/data_quality_checks.py took 2.746 seconds
[2026-02-05T22:20:46.291+0000] {processor.py:161} INFO - Started process (PID=3225) to work on /opt/airflow/dags/data_quality_checks.py
[2026-02-05T22:20:46.292+0000] {processor.py:830} INFO - Processing file /opt/airflow/dags/data_quality_checks.py for tasks to queue
[2026-02-05T22:20:46.293+0000] {logging_mixin.py:188} INFO - [2026-02-05T22:20:46.293+0000] {dagbag.py:538} INFO - Filling up the DagBag from /opt/airflow/dags/data_quality_checks.py
[2026-02-05T22:20:48.989+0000] {logging_mixin.py:188} INFO - [2026-02-05T22:20:48.989+0000] {warnings.py:110} WARNING - /opt/airflow/dags/data_quality_checks.py:50: RemovedInAirflow3Warning: Param `schedule_interval` is deprecated and will be removed in a future release. Please use `schedule` instead. 
  with DAG(
[2026-02-05T22:20:48.996+0000] {processor.py:840} INFO - DAG(s) 'data_quality_checks' retrieved from /opt/airflow/dags/data_quality_checks.py
[2026-02-05T22:20:49.016+0000] {logging_mixin.py:188} INFO - [2026-02-05T22:20:49.015+0000] {dag.py:3036} INFO - Sync 1 DAGs
[2026-02-05T22:20:49.031+0000] {logging_mixin.py:188} INFO - [2026-02-05T22:20:49.030+0000] {dag.py:3823} INFO - Setting next_dagrun for data_quality_checks to 2026-02-04 00:00:00+00:00, run_after=2026-02-05 00:00:00+00:00
[2026-02-05T22:20:49.045+0000] {processor.py:183} INFO - Processing /opt/airflow/dags/data_quality_checks.py took 2.758 seconds
[2026-02-05T22:21:19.677+0000] {processor.py:161} INFO - Started process (PID=3259) to work on /opt/airflow/dags/data_quality_checks.py
[2026-02-05T22:21:19.678+0000] {processor.py:830} INFO - Processing file /opt/airflow/dags/data_quality_checks.py for tasks to queue
[2026-02-05T22:21:19.679+0000] {logging_mixin.py:188} INFO - [2026-02-05T22:21:19.678+0000] {dagbag.py:538} INFO - Filling up the DagBag from /opt/airflow/dags/data_quality_checks.py
[2026-02-05T22:21:22.298+0000] {logging_mixin.py:188} INFO - [2026-02-05T22:21:22.298+0000] {warnings.py:110} WARNING - /opt/airflow/dags/data_quality_checks.py:50: RemovedInAirflow3Warning: Param `schedule_interval` is deprecated and will be removed in a future release. Please use `schedule` instead. 
  with DAG(
[2026-02-05T22:21:22.304+0000] {processor.py:840} INFO - DAG(s) 'data_quality_checks' retrieved from /opt/airflow/dags/data_quality_checks.py
[2026-02-05T22:21:22.327+0000] {logging_mixin.py:188} INFO - [2026-02-05T22:21:22.326+0000] {dag.py:3036} INFO - Sync 1 DAGs
[2026-02-05T22:21:22.345+0000] {logging_mixin.py:188} INFO - [2026-02-05T22:21:22.345+0000] {dag.py:3823} INFO - Setting next_dagrun for data_quality_checks to 2026-02-04 00:00:00+00:00, run_after=2026-02-05 00:00:00+00:00
[2026-02-05T22:21:22.362+0000] {processor.py:183} INFO - Processing /opt/airflow/dags/data_quality_checks.py took 2.689 seconds
[2026-02-05T22:21:53.047+0000] {processor.py:161} INFO - Started process (PID=3288) to work on /opt/airflow/dags/data_quality_checks.py
[2026-02-05T22:21:53.048+0000] {processor.py:830} INFO - Processing file /opt/airflow/dags/data_quality_checks.py for tasks to queue
[2026-02-05T22:21:53.049+0000] {logging_mixin.py:188} INFO - [2026-02-05T22:21:53.049+0000] {dagbag.py:538} INFO - Filling up the DagBag from /opt/airflow/dags/data_quality_checks.py
[2026-02-05T22:21:55.689+0000] {logging_mixin.py:188} INFO - [2026-02-05T22:21:55.689+0000] {warnings.py:110} WARNING - /opt/airflow/dags/data_quality_checks.py:50: RemovedInAirflow3Warning: Param `schedule_interval` is deprecated and will be removed in a future release. Please use `schedule` instead. 
  with DAG(
[2026-02-05T22:21:55.695+0000] {processor.py:840} INFO - DAG(s) 'data_quality_checks' retrieved from /opt/airflow/dags/data_quality_checks.py
[2026-02-05T22:21:55.716+0000] {logging_mixin.py:188} INFO - [2026-02-05T22:21:55.715+0000] {dag.py:3036} INFO - Sync 1 DAGs
[2026-02-05T22:21:55.734+0000] {logging_mixin.py:188} INFO - [2026-02-05T22:21:55.734+0000] {dag.py:3823} INFO - Setting next_dagrun for data_quality_checks to 2026-02-04 00:00:00+00:00, run_after=2026-02-05 00:00:00+00:00
[2026-02-05T22:21:55.749+0000] {processor.py:183} INFO - Processing /opt/airflow/dags/data_quality_checks.py took 2.706 seconds
[2026-02-05T22:22:26.306+0000] {processor.py:161} INFO - Started process (PID=3323) to work on /opt/airflow/dags/data_quality_checks.py
[2026-02-05T22:22:26.307+0000] {processor.py:830} INFO - Processing file /opt/airflow/dags/data_quality_checks.py for tasks to queue
[2026-02-05T22:22:26.308+0000] {logging_mixin.py:188} INFO - [2026-02-05T22:22:26.308+0000] {dagbag.py:538} INFO - Filling up the DagBag from /opt/airflow/dags/data_quality_checks.py
[2026-02-05T22:22:29.024+0000] {logging_mixin.py:188} INFO - [2026-02-05T22:22:29.023+0000] {warnings.py:110} WARNING - /opt/airflow/dags/data_quality_checks.py:50: RemovedInAirflow3Warning: Param `schedule_interval` is deprecated and will be removed in a future release. Please use `schedule` instead. 
  with DAG(
[2026-02-05T22:22:29.029+0000] {processor.py:840} INFO - DAG(s) 'data_quality_checks' retrieved from /opt/airflow/dags/data_quality_checks.py
[2026-02-05T22:22:29.051+0000] {logging_mixin.py:188} INFO - [2026-02-05T22:22:29.051+0000] {dag.py:3036} INFO - Sync 1 DAGs
[2026-02-05T22:22:29.070+0000] {logging_mixin.py:188} INFO - [2026-02-05T22:22:29.070+0000] {dag.py:3823} INFO - Setting next_dagrun for data_quality_checks to 2026-02-04 00:00:00+00:00, run_after=2026-02-05 00:00:00+00:00
[2026-02-05T22:22:29.088+0000] {processor.py:183} INFO - Processing /opt/airflow/dags/data_quality_checks.py took 2.785 seconds
[2026-02-05T22:22:59.681+0000] {processor.py:161} INFO - Started process (PID=3352) to work on /opt/airflow/dags/data_quality_checks.py
[2026-02-05T22:22:59.683+0000] {processor.py:830} INFO - Processing file /opt/airflow/dags/data_quality_checks.py for tasks to queue
[2026-02-05T22:22:59.684+0000] {logging_mixin.py:188} INFO - [2026-02-05T22:22:59.683+0000] {dagbag.py:538} INFO - Filling up the DagBag from /opt/airflow/dags/data_quality_checks.py
[2026-02-05T22:23:02.434+0000] {logging_mixin.py:188} INFO - [2026-02-05T22:23:02.434+0000] {warnings.py:110} WARNING - /opt/airflow/dags/data_quality_checks.py:50: RemovedInAirflow3Warning: Param `schedule_interval` is deprecated and will be removed in a future release. Please use `schedule` instead. 
  with DAG(
[2026-02-05T22:23:02.440+0000] {processor.py:840} INFO - DAG(s) 'data_quality_checks' retrieved from /opt/airflow/dags/data_quality_checks.py
[2026-02-05T22:23:02.465+0000] {logging_mixin.py:188} INFO - [2026-02-05T22:23:02.465+0000] {dag.py:3036} INFO - Sync 1 DAGs
[2026-02-05T22:23:02.490+0000] {logging_mixin.py:188} INFO - [2026-02-05T22:23:02.489+0000] {dag.py:3823} INFO - Setting next_dagrun for data_quality_checks to 2026-02-04 00:00:00+00:00, run_after=2026-02-05 00:00:00+00:00
[2026-02-05T22:23:02.510+0000] {processor.py:183} INFO - Processing /opt/airflow/dags/data_quality_checks.py took 2.831 seconds
[2026-02-05T22:23:33.121+0000] {processor.py:161} INFO - Started process (PID=3381) to work on /opt/airflow/dags/data_quality_checks.py
[2026-02-05T22:23:33.123+0000] {processor.py:830} INFO - Processing file /opt/airflow/dags/data_quality_checks.py for tasks to queue
[2026-02-05T22:23:33.124+0000] {logging_mixin.py:188} INFO - [2026-02-05T22:23:33.123+0000] {dagbag.py:538} INFO - Filling up the DagBag from /opt/airflow/dags/data_quality_checks.py
[2026-02-05T22:23:35.668+0000] {logging_mixin.py:188} INFO - [2026-02-05T22:23:35.668+0000] {warnings.py:110} WARNING - /opt/airflow/dags/data_quality_checks.py:50: RemovedInAirflow3Warning: Param `schedule_interval` is deprecated and will be removed in a future release. Please use `schedule` instead. 
  with DAG(
[2026-02-05T22:23:35.673+0000] {processor.py:840} INFO - DAG(s) 'data_quality_checks' retrieved from /opt/airflow/dags/data_quality_checks.py
[2026-02-05T22:23:35.693+0000] {logging_mixin.py:188} INFO - [2026-02-05T22:23:35.693+0000] {dag.py:3036} INFO - Sync 1 DAGs
[2026-02-05T22:23:35.710+0000] {logging_mixin.py:188} INFO - [2026-02-05T22:23:35.710+0000] {dag.py:3823} INFO - Setting next_dagrun for data_quality_checks to 2026-02-04 00:00:00+00:00, run_after=2026-02-05 00:00:00+00:00
[2026-02-05T22:23:35.727+0000] {processor.py:183} INFO - Processing /opt/airflow/dags/data_quality_checks.py took 2.609 seconds
[2026-02-05T22:24:06.472+0000] {processor.py:161} INFO - Started process (PID=3410) to work on /opt/airflow/dags/data_quality_checks.py
[2026-02-05T22:24:06.473+0000] {processor.py:830} INFO - Processing file /opt/airflow/dags/data_quality_checks.py for tasks to queue
[2026-02-05T22:24:06.474+0000] {logging_mixin.py:188} INFO - [2026-02-05T22:24:06.474+0000] {dagbag.py:538} INFO - Filling up the DagBag from /opt/airflow/dags/data_quality_checks.py
[2026-02-05T22:24:09.539+0000] {logging_mixin.py:188} INFO - [2026-02-05T22:24:09.539+0000] {warnings.py:110} WARNING - /opt/airflow/dags/data_quality_checks.py:50: RemovedInAirflow3Warning: Param `schedule_interval` is deprecated and will be removed in a future release. Please use `schedule` instead. 
  with DAG(
[2026-02-05T22:24:09.546+0000] {processor.py:840} INFO - DAG(s) 'data_quality_checks' retrieved from /opt/airflow/dags/data_quality_checks.py
[2026-02-05T22:24:09.574+0000] {logging_mixin.py:188} INFO - [2026-02-05T22:24:09.574+0000] {dag.py:3036} INFO - Sync 1 DAGs
[2026-02-05T22:24:09.595+0000] {logging_mixin.py:188} INFO - [2026-02-05T22:24:09.595+0000] {dag.py:3823} INFO - Setting next_dagrun for data_quality_checks to 2026-02-04 00:00:00+00:00, run_after=2026-02-05 00:00:00+00:00
[2026-02-05T22:24:09.613+0000] {processor.py:183} INFO - Processing /opt/airflow/dags/data_quality_checks.py took 3.144 seconds
[2026-02-05T22:24:39.858+0000] {processor.py:161} INFO - Started process (PID=3439) to work on /opt/airflow/dags/data_quality_checks.py
[2026-02-05T22:24:39.859+0000] {processor.py:830} INFO - Processing file /opt/airflow/dags/data_quality_checks.py for tasks to queue
[2026-02-05T22:24:39.860+0000] {logging_mixin.py:188} INFO - [2026-02-05T22:24:39.860+0000] {dagbag.py:538} INFO - Filling up the DagBag from /opt/airflow/dags/data_quality_checks.py
[2026-02-05T22:24:42.498+0000] {logging_mixin.py:188} INFO - [2026-02-05T22:24:42.498+0000] {warnings.py:110} WARNING - /opt/airflow/dags/data_quality_checks.py:50: RemovedInAirflow3Warning: Param `schedule_interval` is deprecated and will be removed in a future release. Please use `schedule` instead. 
  with DAG(
[2026-02-05T22:24:42.505+0000] {processor.py:840} INFO - DAG(s) 'data_quality_checks' retrieved from /opt/airflow/dags/data_quality_checks.py
[2026-02-05T22:24:42.530+0000] {logging_mixin.py:188} INFO - [2026-02-05T22:24:42.529+0000] {dag.py:3036} INFO - Sync 1 DAGs
[2026-02-05T22:24:42.551+0000] {logging_mixin.py:188} INFO - [2026-02-05T22:24:42.550+0000] {dag.py:3823} INFO - Setting next_dagrun for data_quality_checks to 2026-02-04 00:00:00+00:00, run_after=2026-02-05 00:00:00+00:00
[2026-02-05T22:24:42.574+0000] {processor.py:183} INFO - Processing /opt/airflow/dags/data_quality_checks.py took 2.719 seconds
[2026-02-05T22:25:13.175+0000] {processor.py:161} INFO - Started process (PID=3468) to work on /opt/airflow/dags/data_quality_checks.py
[2026-02-05T22:25:13.177+0000] {processor.py:830} INFO - Processing file /opt/airflow/dags/data_quality_checks.py for tasks to queue
[2026-02-05T22:25:13.178+0000] {logging_mixin.py:188} INFO - [2026-02-05T22:25:13.178+0000] {dagbag.py:538} INFO - Filling up the DagBag from /opt/airflow/dags/data_quality_checks.py
[2026-02-05T22:25:15.841+0000] {logging_mixin.py:188} INFO - [2026-02-05T22:25:15.841+0000] {warnings.py:110} WARNING - /opt/airflow/dags/data_quality_checks.py:50: RemovedInAirflow3Warning: Param `schedule_interval` is deprecated and will be removed in a future release. Please use `schedule` instead. 
  with DAG(
[2026-02-05T22:25:15.846+0000] {processor.py:840} INFO - DAG(s) 'data_quality_checks' retrieved from /opt/airflow/dags/data_quality_checks.py
[2026-02-05T22:25:15.866+0000] {logging_mixin.py:188} INFO - [2026-02-05T22:25:15.866+0000] {dag.py:3036} INFO - Sync 1 DAGs
[2026-02-05T22:25:15.883+0000] {logging_mixin.py:188} INFO - [2026-02-05T22:25:15.882+0000] {dag.py:3823} INFO - Setting next_dagrun for data_quality_checks to 2026-02-04 00:00:00+00:00, run_after=2026-02-05 00:00:00+00:00
[2026-02-05T22:25:15.898+0000] {processor.py:183} INFO - Processing /opt/airflow/dags/data_quality_checks.py took 2.727 seconds
[2026-02-05T22:25:46.462+0000] {processor.py:161} INFO - Started process (PID=3497) to work on /opt/airflow/dags/data_quality_checks.py
[2026-02-05T22:25:46.463+0000] {processor.py:830} INFO - Processing file /opt/airflow/dags/data_quality_checks.py for tasks to queue
[2026-02-05T22:25:46.464+0000] {logging_mixin.py:188} INFO - [2026-02-05T22:25:46.464+0000] {dagbag.py:538} INFO - Filling up the DagBag from /opt/airflow/dags/data_quality_checks.py
[2026-02-05T22:25:49.152+0000] {logging_mixin.py:188} INFO - [2026-02-05T22:25:49.151+0000] {warnings.py:110} WARNING - /opt/airflow/dags/data_quality_checks.py:50: RemovedInAirflow3Warning: Param `schedule_interval` is deprecated and will be removed in a future release. Please use `schedule` instead. 
  with DAG(
[2026-02-05T22:25:49.157+0000] {processor.py:840} INFO - DAG(s) 'data_quality_checks' retrieved from /opt/airflow/dags/data_quality_checks.py
[2026-02-05T22:25:49.178+0000] {logging_mixin.py:188} INFO - [2026-02-05T22:25:49.178+0000] {dag.py:3036} INFO - Sync 1 DAGs
[2026-02-05T22:25:49.195+0000] {logging_mixin.py:188} INFO - [2026-02-05T22:25:49.194+0000] {dag.py:3823} INFO - Setting next_dagrun for data_quality_checks to 2026-02-04 00:00:00+00:00, run_after=2026-02-05 00:00:00+00:00
[2026-02-05T22:25:49.210+0000] {processor.py:183} INFO - Processing /opt/airflow/dags/data_quality_checks.py took 2.751 seconds
[2026-02-05T22:26:19.798+0000] {processor.py:161} INFO - Started process (PID=3526) to work on /opt/airflow/dags/data_quality_checks.py
[2026-02-05T22:26:19.799+0000] {processor.py:830} INFO - Processing file /opt/airflow/dags/data_quality_checks.py for tasks to queue
[2026-02-05T22:26:19.800+0000] {logging_mixin.py:188} INFO - [2026-02-05T22:26:19.799+0000] {dagbag.py:538} INFO - Filling up the DagBag from /opt/airflow/dags/data_quality_checks.py
[2026-02-05T22:26:22.381+0000] {logging_mixin.py:188} INFO - [2026-02-05T22:26:22.381+0000] {warnings.py:110} WARNING - /opt/airflow/dags/data_quality_checks.py:50: RemovedInAirflow3Warning: Param `schedule_interval` is deprecated and will be removed in a future release. Please use `schedule` instead. 
  with DAG(
[2026-02-05T22:26:22.386+0000] {processor.py:840} INFO - DAG(s) 'data_quality_checks' retrieved from /opt/airflow/dags/data_quality_checks.py
[2026-02-05T22:26:22.405+0000] {logging_mixin.py:188} INFO - [2026-02-05T22:26:22.404+0000] {dag.py:3036} INFO - Sync 1 DAGs
[2026-02-05T22:26:22.420+0000] {logging_mixin.py:188} INFO - [2026-02-05T22:26:22.420+0000] {dag.py:3823} INFO - Setting next_dagrun for data_quality_checks to 2026-02-04 00:00:00+00:00, run_after=2026-02-05 00:00:00+00:00
[2026-02-05T22:26:22.435+0000] {processor.py:183} INFO - Processing /opt/airflow/dags/data_quality_checks.py took 2.641 seconds
[2026-02-05T22:26:53.184+0000] {processor.py:161} INFO - Started process (PID=3560) to work on /opt/airflow/dags/data_quality_checks.py
[2026-02-05T22:26:53.185+0000] {processor.py:830} INFO - Processing file /opt/airflow/dags/data_quality_checks.py for tasks to queue
[2026-02-05T22:26:53.186+0000] {logging_mixin.py:188} INFO - [2026-02-05T22:26:53.186+0000] {dagbag.py:538} INFO - Filling up the DagBag from /opt/airflow/dags/data_quality_checks.py
[2026-02-05T22:26:55.783+0000] {logging_mixin.py:188} INFO - [2026-02-05T22:26:55.783+0000] {warnings.py:110} WARNING - /opt/airflow/dags/data_quality_checks.py:50: RemovedInAirflow3Warning: Param `schedule_interval` is deprecated and will be removed in a future release. Please use `schedule` instead. 
  with DAG(
[2026-02-05T22:26:55.789+0000] {processor.py:840} INFO - DAG(s) 'data_quality_checks' retrieved from /opt/airflow/dags/data_quality_checks.py
[2026-02-05T22:26:55.809+0000] {logging_mixin.py:188} INFO - [2026-02-05T22:26:55.809+0000] {dag.py:3036} INFO - Sync 1 DAGs
[2026-02-05T22:26:55.825+0000] {logging_mixin.py:188} INFO - [2026-02-05T22:26:55.825+0000] {dag.py:3823} INFO - Setting next_dagrun for data_quality_checks to 2026-02-04 00:00:00+00:00, run_after=2026-02-05 00:00:00+00:00
[2026-02-05T22:26:55.841+0000] {processor.py:183} INFO - Processing /opt/airflow/dags/data_quality_checks.py took 2.662 seconds
[2026-02-05T22:27:26.508+0000] {processor.py:161} INFO - Started process (PID=3595) to work on /opt/airflow/dags/data_quality_checks.py
[2026-02-05T22:27:26.509+0000] {processor.py:830} INFO - Processing file /opt/airflow/dags/data_quality_checks.py for tasks to queue
[2026-02-05T22:27:26.510+0000] {logging_mixin.py:188} INFO - [2026-02-05T22:27:26.509+0000] {dagbag.py:538} INFO - Filling up the DagBag from /opt/airflow/dags/data_quality_checks.py
[2026-02-05T22:27:29.173+0000] {logging_mixin.py:188} INFO - [2026-02-05T22:27:29.173+0000] {warnings.py:110} WARNING - /opt/airflow/dags/data_quality_checks.py:50: RemovedInAirflow3Warning: Param `schedule_interval` is deprecated and will be removed in a future release. Please use `schedule` instead. 
  with DAG(
[2026-02-05T22:27:29.179+0000] {processor.py:840} INFO - DAG(s) 'data_quality_checks' retrieved from /opt/airflow/dags/data_quality_checks.py
[2026-02-05T22:27:29.203+0000] {logging_mixin.py:188} INFO - [2026-02-05T22:27:29.203+0000] {dag.py:3036} INFO - Sync 1 DAGs
[2026-02-05T22:27:29.223+0000] {logging_mixin.py:188} INFO - [2026-02-05T22:27:29.223+0000] {dag.py:3823} INFO - Setting next_dagrun for data_quality_checks to 2026-02-04 00:00:00+00:00, run_after=2026-02-05 00:00:00+00:00
[2026-02-05T22:27:29.239+0000] {processor.py:183} INFO - Processing /opt/airflow/dags/data_quality_checks.py took 2.734 seconds
[2026-02-05T22:27:59.888+0000] {processor.py:161} INFO - Started process (PID=3624) to work on /opt/airflow/dags/data_quality_checks.py
[2026-02-05T22:27:59.889+0000] {processor.py:830} INFO - Processing file /opt/airflow/dags/data_quality_checks.py for tasks to queue
[2026-02-05T22:27:59.890+0000] {logging_mixin.py:188} INFO - [2026-02-05T22:27:59.889+0000] {dagbag.py:538} INFO - Filling up the DagBag from /opt/airflow/dags/data_quality_checks.py
[2026-02-05T22:28:02.419+0000] {logging_mixin.py:188} INFO - [2026-02-05T22:28:02.419+0000] {warnings.py:110} WARNING - /opt/airflow/dags/data_quality_checks.py:50: RemovedInAirflow3Warning: Param `schedule_interval` is deprecated and will be removed in a future release. Please use `schedule` instead. 
  with DAG(
[2026-02-05T22:28:02.425+0000] {processor.py:840} INFO - DAG(s) 'data_quality_checks' retrieved from /opt/airflow/dags/data_quality_checks.py
[2026-02-05T22:28:02.446+0000] {logging_mixin.py:188} INFO - [2026-02-05T22:28:02.445+0000] {dag.py:3036} INFO - Sync 1 DAGs
[2026-02-05T22:28:02.463+0000] {logging_mixin.py:188} INFO - [2026-02-05T22:28:02.463+0000] {dag.py:3823} INFO - Setting next_dagrun for data_quality_checks to 2026-02-04 00:00:00+00:00, run_after=2026-02-05 00:00:00+00:00
[2026-02-05T22:28:02.481+0000] {processor.py:183} INFO - Processing /opt/airflow/dags/data_quality_checks.py took 2.596 seconds
[2026-02-05T22:28:33.263+0000] {processor.py:161} INFO - Started process (PID=3653) to work on /opt/airflow/dags/data_quality_checks.py
[2026-02-05T22:28:33.264+0000] {processor.py:830} INFO - Processing file /opt/airflow/dags/data_quality_checks.py for tasks to queue
[2026-02-05T22:28:33.265+0000] {logging_mixin.py:188} INFO - [2026-02-05T22:28:33.264+0000] {dagbag.py:538} INFO - Filling up the DagBag from /opt/airflow/dags/data_quality_checks.py
[2026-02-05T22:28:35.804+0000] {logging_mixin.py:188} INFO - [2026-02-05T22:28:35.804+0000] {warnings.py:110} WARNING - /opt/airflow/dags/data_quality_checks.py:50: RemovedInAirflow3Warning: Param `schedule_interval` is deprecated and will be removed in a future release. Please use `schedule` instead. 
  with DAG(
[2026-02-05T22:28:35.811+0000] {processor.py:840} INFO - DAG(s) 'data_quality_checks' retrieved from /opt/airflow/dags/data_quality_checks.py
[2026-02-05T22:28:35.831+0000] {logging_mixin.py:188} INFO - [2026-02-05T22:28:35.831+0000] {dag.py:3036} INFO - Sync 1 DAGs
[2026-02-05T22:28:35.848+0000] {logging_mixin.py:188} INFO - [2026-02-05T22:28:35.848+0000] {dag.py:3823} INFO - Setting next_dagrun for data_quality_checks to 2026-02-04 00:00:00+00:00, run_after=2026-02-05 00:00:00+00:00
[2026-02-05T22:28:35.863+0000] {processor.py:183} INFO - Processing /opt/airflow/dags/data_quality_checks.py took 2.603 seconds
[2026-02-05T22:29:06.642+0000] {processor.py:161} INFO - Started process (PID=3682) to work on /opt/airflow/dags/data_quality_checks.py
[2026-02-05T22:29:06.644+0000] {processor.py:830} INFO - Processing file /opt/airflow/dags/data_quality_checks.py for tasks to queue
[2026-02-05T22:29:06.645+0000] {logging_mixin.py:188} INFO - [2026-02-05T22:29:06.645+0000] {dagbag.py:538} INFO - Filling up the DagBag from /opt/airflow/dags/data_quality_checks.py
[2026-02-05T22:29:09.408+0000] {logging_mixin.py:188} INFO - [2026-02-05T22:29:09.407+0000] {warnings.py:110} WARNING - /opt/airflow/dags/data_quality_checks.py:50: RemovedInAirflow3Warning: Param `schedule_interval` is deprecated and will be removed in a future release. Please use `schedule` instead. 
  with DAG(
[2026-02-05T22:29:09.413+0000] {processor.py:840} INFO - DAG(s) 'data_quality_checks' retrieved from /opt/airflow/dags/data_quality_checks.py
[2026-02-05T22:29:09.434+0000] {logging_mixin.py:188} INFO - [2026-02-05T22:29:09.434+0000] {dag.py:3036} INFO - Sync 1 DAGs
[2026-02-05T22:29:09.453+0000] {logging_mixin.py:188} INFO - [2026-02-05T22:29:09.453+0000] {dag.py:3823} INFO - Setting next_dagrun for data_quality_checks to 2026-02-04 00:00:00+00:00, run_after=2026-02-05 00:00:00+00:00
[2026-02-05T22:29:09.468+0000] {processor.py:183} INFO - Processing /opt/airflow/dags/data_quality_checks.py took 2.830 seconds
[2026-02-05T22:29:39.982+0000] {processor.py:161} INFO - Started process (PID=3711) to work on /opt/airflow/dags/data_quality_checks.py
[2026-02-05T22:29:39.983+0000] {processor.py:830} INFO - Processing file /opt/airflow/dags/data_quality_checks.py for tasks to queue
[2026-02-05T22:29:39.984+0000] {logging_mixin.py:188} INFO - [2026-02-05T22:29:39.984+0000] {dagbag.py:538} INFO - Filling up the DagBag from /opt/airflow/dags/data_quality_checks.py
[2026-02-05T22:29:42.524+0000] {logging_mixin.py:188} INFO - [2026-02-05T22:29:42.524+0000] {warnings.py:110} WARNING - /opt/airflow/dags/data_quality_checks.py:50: RemovedInAirflow3Warning: Param `schedule_interval` is deprecated and will be removed in a future release. Please use `schedule` instead. 
  with DAG(
[2026-02-05T22:29:42.530+0000] {processor.py:840} INFO - DAG(s) 'data_quality_checks' retrieved from /opt/airflow/dags/data_quality_checks.py
[2026-02-05T22:29:42.552+0000] {logging_mixin.py:188} INFO - [2026-02-05T22:29:42.552+0000] {dag.py:3036} INFO - Sync 1 DAGs
[2026-02-05T22:29:42.570+0000] {logging_mixin.py:188} INFO - [2026-02-05T22:29:42.570+0000] {dag.py:3823} INFO - Setting next_dagrun for data_quality_checks to 2026-02-04 00:00:00+00:00, run_after=2026-02-05 00:00:00+00:00
[2026-02-05T22:29:42.586+0000] {processor.py:183} INFO - Processing /opt/airflow/dags/data_quality_checks.py took 2.607 seconds
[2026-02-05T22:30:13.348+0000] {processor.py:161} INFO - Started process (PID=3740) to work on /opt/airflow/dags/data_quality_checks.py
[2026-02-05T22:30:13.349+0000] {processor.py:830} INFO - Processing file /opt/airflow/dags/data_quality_checks.py for tasks to queue
[2026-02-05T22:30:13.350+0000] {logging_mixin.py:188} INFO - [2026-02-05T22:30:13.350+0000] {dagbag.py:538} INFO - Filling up the DagBag from /opt/airflow/dags/data_quality_checks.py
[2026-02-05T22:30:15.927+0000] {logging_mixin.py:188} INFO - [2026-02-05T22:30:15.926+0000] {warnings.py:110} WARNING - /opt/airflow/dags/data_quality_checks.py:50: RemovedInAirflow3Warning: Param `schedule_interval` is deprecated and will be removed in a future release. Please use `schedule` instead. 
  with DAG(
[2026-02-05T22:30:15.932+0000] {processor.py:840} INFO - DAG(s) 'data_quality_checks' retrieved from /opt/airflow/dags/data_quality_checks.py
[2026-02-05T22:30:15.955+0000] {logging_mixin.py:188} INFO - [2026-02-05T22:30:15.955+0000] {dag.py:3036} INFO - Sync 1 DAGs
[2026-02-05T22:30:15.975+0000] {logging_mixin.py:188} INFO - [2026-02-05T22:30:15.975+0000] {dag.py:3823} INFO - Setting next_dagrun for data_quality_checks to 2026-02-04 00:00:00+00:00, run_after=2026-02-05 00:00:00+00:00
[2026-02-05T22:30:15.994+0000] {processor.py:183} INFO - Processing /opt/airflow/dags/data_quality_checks.py took 2.649 seconds
[2026-02-05T22:30:46.633+0000] {processor.py:161} INFO - Started process (PID=3769) to work on /opt/airflow/dags/data_quality_checks.py
[2026-02-05T22:30:46.634+0000] {processor.py:830} INFO - Processing file /opt/airflow/dags/data_quality_checks.py for tasks to queue
[2026-02-05T22:30:46.635+0000] {logging_mixin.py:188} INFO - [2026-02-05T22:30:46.635+0000] {dagbag.py:538} INFO - Filling up the DagBag from /opt/airflow/dags/data_quality_checks.py
[2026-02-05T22:30:49.238+0000] {logging_mixin.py:188} INFO - [2026-02-05T22:30:49.238+0000] {warnings.py:110} WARNING - /opt/airflow/dags/data_quality_checks.py:50: RemovedInAirflow3Warning: Param `schedule_interval` is deprecated and will be removed in a future release. Please use `schedule` instead. 
  with DAG(
[2026-02-05T22:30:49.244+0000] {processor.py:840} INFO - DAG(s) 'data_quality_checks' retrieved from /opt/airflow/dags/data_quality_checks.py
[2026-02-05T22:30:49.266+0000] {logging_mixin.py:188} INFO - [2026-02-05T22:30:49.265+0000] {dag.py:3036} INFO - Sync 1 DAGs
[2026-02-05T22:30:49.285+0000] {logging_mixin.py:188} INFO - [2026-02-05T22:30:49.285+0000] {dag.py:3823} INFO - Setting next_dagrun for data_quality_checks to 2026-02-04 00:00:00+00:00, run_after=2026-02-05 00:00:00+00:00
[2026-02-05T22:30:49.305+0000] {processor.py:183} INFO - Processing /opt/airflow/dags/data_quality_checks.py took 2.676 seconds
[2026-02-05T22:31:20.004+0000] {processor.py:161} INFO - Started process (PID=3798) to work on /opt/airflow/dags/data_quality_checks.py
[2026-02-05T22:31:20.005+0000] {processor.py:830} INFO - Processing file /opt/airflow/dags/data_quality_checks.py for tasks to queue
[2026-02-05T22:31:20.006+0000] {logging_mixin.py:188} INFO - [2026-02-05T22:31:20.006+0000] {dagbag.py:538} INFO - Filling up the DagBag from /opt/airflow/dags/data_quality_checks.py
[2026-02-05T22:31:22.547+0000] {logging_mixin.py:188} INFO - [2026-02-05T22:31:22.547+0000] {warnings.py:110} WARNING - /opt/airflow/dags/data_quality_checks.py:50: RemovedInAirflow3Warning: Param `schedule_interval` is deprecated and will be removed in a future release. Please use `schedule` instead. 
  with DAG(
[2026-02-05T22:31:22.553+0000] {processor.py:840} INFO - DAG(s) 'data_quality_checks' retrieved from /opt/airflow/dags/data_quality_checks.py
[2026-02-05T22:31:22.574+0000] {logging_mixin.py:188} INFO - [2026-02-05T22:31:22.573+0000] {dag.py:3036} INFO - Sync 1 DAGs
[2026-02-05T22:31:22.591+0000] {logging_mixin.py:188} INFO - [2026-02-05T22:31:22.591+0000] {dag.py:3823} INFO - Setting next_dagrun for data_quality_checks to 2026-02-04 00:00:00+00:00, run_after=2026-02-05 00:00:00+00:00
[2026-02-05T22:31:22.607+0000] {processor.py:183} INFO - Processing /opt/airflow/dags/data_quality_checks.py took 2.606 seconds
[2026-02-05T22:31:53.378+0000] {processor.py:161} INFO - Started process (PID=3827) to work on /opt/airflow/dags/data_quality_checks.py
[2026-02-05T22:31:53.379+0000] {processor.py:830} INFO - Processing file /opt/airflow/dags/data_quality_checks.py for tasks to queue
[2026-02-05T22:31:53.380+0000] {logging_mixin.py:188} INFO - [2026-02-05T22:31:53.379+0000] {dagbag.py:538} INFO - Filling up the DagBag from /opt/airflow/dags/data_quality_checks.py
[2026-02-05T22:31:55.950+0000] {logging_mixin.py:188} INFO - [2026-02-05T22:31:55.950+0000] {warnings.py:110} WARNING - /opt/airflow/dags/data_quality_checks.py:50: RemovedInAirflow3Warning: Param `schedule_interval` is deprecated and will be removed in a future release. Please use `schedule` instead. 
  with DAG(
[2026-02-05T22:31:55.955+0000] {processor.py:840} INFO - DAG(s) 'data_quality_checks' retrieved from /opt/airflow/dags/data_quality_checks.py
[2026-02-05T22:31:55.975+0000] {logging_mixin.py:188} INFO - [2026-02-05T22:31:55.974+0000] {dag.py:3036} INFO - Sync 1 DAGs
[2026-02-05T22:31:55.992+0000] {logging_mixin.py:188} INFO - [2026-02-05T22:31:55.992+0000] {dag.py:3823} INFO - Setting next_dagrun for data_quality_checks to 2026-02-04 00:00:00+00:00, run_after=2026-02-05 00:00:00+00:00
[2026-02-05T22:31:56.009+0000] {processor.py:183} INFO - Processing /opt/airflow/dags/data_quality_checks.py took 2.637 seconds
[2026-02-05T22:32:26.763+0000] {processor.py:161} INFO - Started process (PID=3861) to work on /opt/airflow/dags/data_quality_checks.py
[2026-02-05T22:32:26.764+0000] {processor.py:830} INFO - Processing file /opt/airflow/dags/data_quality_checks.py for tasks to queue
[2026-02-05T22:32:26.765+0000] {logging_mixin.py:188} INFO - [2026-02-05T22:32:26.765+0000] {dagbag.py:538} INFO - Filling up the DagBag from /opt/airflow/dags/data_quality_checks.py
[2026-02-05T22:32:29.461+0000] {logging_mixin.py:188} INFO - [2026-02-05T22:32:29.460+0000] {warnings.py:110} WARNING - /opt/airflow/dags/data_quality_checks.py:50: RemovedInAirflow3Warning: Param `schedule_interval` is deprecated and will be removed in a future release. Please use `schedule` instead. 
  with DAG(
[2026-02-05T22:32:29.466+0000] {processor.py:840} INFO - DAG(s) 'data_quality_checks' retrieved from /opt/airflow/dags/data_quality_checks.py
[2026-02-05T22:32:29.487+0000] {logging_mixin.py:188} INFO - [2026-02-05T22:32:29.486+0000] {dag.py:3036} INFO - Sync 1 DAGs
[2026-02-05T22:32:29.506+0000] {logging_mixin.py:188} INFO - [2026-02-05T22:32:29.506+0000] {dag.py:3823} INFO - Setting next_dagrun for data_quality_checks to 2026-02-04 00:00:00+00:00, run_after=2026-02-05 00:00:00+00:00
[2026-02-05T22:32:29.523+0000] {processor.py:183} INFO - Processing /opt/airflow/dags/data_quality_checks.py took 2.764 seconds
[2026-02-05T22:33:00.089+0000] {processor.py:161} INFO - Started process (PID=3896) to work on /opt/airflow/dags/data_quality_checks.py
[2026-02-05T22:33:00.090+0000] {processor.py:830} INFO - Processing file /opt/airflow/dags/data_quality_checks.py for tasks to queue
[2026-02-05T22:33:00.091+0000] {logging_mixin.py:188} INFO - [2026-02-05T22:33:00.091+0000] {dagbag.py:538} INFO - Filling up the DagBag from /opt/airflow/dags/data_quality_checks.py
[2026-02-05T22:33:02.587+0000] {logging_mixin.py:188} INFO - [2026-02-05T22:33:02.586+0000] {warnings.py:110} WARNING - /opt/airflow/dags/data_quality_checks.py:50: RemovedInAirflow3Warning: Param `schedule_interval` is deprecated and will be removed in a future release. Please use `schedule` instead. 
  with DAG(
[2026-02-05T22:33:02.593+0000] {processor.py:840} INFO - DAG(s) 'data_quality_checks' retrieved from /opt/airflow/dags/data_quality_checks.py
[2026-02-05T22:33:02.614+0000] {logging_mixin.py:188} INFO - [2026-02-05T22:33:02.614+0000] {dag.py:3036} INFO - Sync 1 DAGs
[2026-02-05T22:33:02.631+0000] {logging_mixin.py:188} INFO - [2026-02-05T22:33:02.631+0000] {dag.py:3823} INFO - Setting next_dagrun for data_quality_checks to 2026-02-04 00:00:00+00:00, run_after=2026-02-05 00:00:00+00:00
[2026-02-05T22:33:02.646+0000] {processor.py:183} INFO - Processing /opt/airflow/dags/data_quality_checks.py took 2.560 seconds
[2026-02-05T22:33:33.431+0000] {processor.py:161} INFO - Started process (PID=3925) to work on /opt/airflow/dags/data_quality_checks.py
[2026-02-05T22:33:33.432+0000] {processor.py:830} INFO - Processing file /opt/airflow/dags/data_quality_checks.py for tasks to queue
[2026-02-05T22:33:33.433+0000] {logging_mixin.py:188} INFO - [2026-02-05T22:33:33.432+0000] {dagbag.py:538} INFO - Filling up the DagBag from /opt/airflow/dags/data_quality_checks.py
[2026-02-05T22:33:36.172+0000] {logging_mixin.py:188} INFO - [2026-02-05T22:33:36.172+0000] {warnings.py:110} WARNING - /opt/airflow/dags/data_quality_checks.py:50: RemovedInAirflow3Warning: Param `schedule_interval` is deprecated and will be removed in a future release. Please use `schedule` instead. 
  with DAG(
[2026-02-05T22:33:36.178+0000] {processor.py:840} INFO - DAG(s) 'data_quality_checks' retrieved from /opt/airflow/dags/data_quality_checks.py
[2026-02-05T22:33:36.201+0000] {logging_mixin.py:188} INFO - [2026-02-05T22:33:36.200+0000] {dag.py:3036} INFO - Sync 1 DAGs
[2026-02-05T22:33:36.221+0000] {logging_mixin.py:188} INFO - [2026-02-05T22:33:36.220+0000] {dag.py:3823} INFO - Setting next_dagrun for data_quality_checks to 2026-02-04 00:00:00+00:00, run_after=2026-02-05 00:00:00+00:00
[2026-02-05T22:33:36.242+0000] {processor.py:183} INFO - Processing /opt/airflow/dags/data_quality_checks.py took 2.814 seconds
[2026-02-05T22:34:06.758+0000] {processor.py:161} INFO - Started process (PID=3954) to work on /opt/airflow/dags/data_quality_checks.py
[2026-02-05T22:34:06.759+0000] {processor.py:830} INFO - Processing file /opt/airflow/dags/data_quality_checks.py for tasks to queue
[2026-02-05T22:34:06.760+0000] {logging_mixin.py:188} INFO - [2026-02-05T22:34:06.760+0000] {dagbag.py:538} INFO - Filling up the DagBag from /opt/airflow/dags/data_quality_checks.py
[2026-02-05T22:34:09.490+0000] {logging_mixin.py:188} INFO - [2026-02-05T22:34:09.490+0000] {warnings.py:110} WARNING - /opt/airflow/dags/data_quality_checks.py:50: RemovedInAirflow3Warning: Param `schedule_interval` is deprecated and will be removed in a future release. Please use `schedule` instead. 
  with DAG(
[2026-02-05T22:34:09.496+0000] {processor.py:840} INFO - DAG(s) 'data_quality_checks' retrieved from /opt/airflow/dags/data_quality_checks.py
[2026-02-05T22:34:09.518+0000] {logging_mixin.py:188} INFO - [2026-02-05T22:34:09.518+0000] {dag.py:3036} INFO - Sync 1 DAGs
[2026-02-05T22:34:09.536+0000] {logging_mixin.py:188} INFO - [2026-02-05T22:34:09.536+0000] {dag.py:3823} INFO - Setting next_dagrun for data_quality_checks to 2026-02-04 00:00:00+00:00, run_after=2026-02-05 00:00:00+00:00
[2026-02-05T22:34:09.555+0000] {processor.py:183} INFO - Processing /opt/airflow/dags/data_quality_checks.py took 2.800 seconds
[2026-02-05T22:34:40.096+0000] {processor.py:161} INFO - Started process (PID=3983) to work on /opt/airflow/dags/data_quality_checks.py
[2026-02-05T22:34:40.097+0000] {processor.py:830} INFO - Processing file /opt/airflow/dags/data_quality_checks.py for tasks to queue
[2026-02-05T22:34:40.098+0000] {logging_mixin.py:188} INFO - [2026-02-05T22:34:40.098+0000] {dagbag.py:538} INFO - Filling up the DagBag from /opt/airflow/dags/data_quality_checks.py
[2026-02-05T22:34:42.647+0000] {logging_mixin.py:188} INFO - [2026-02-05T22:34:42.646+0000] {warnings.py:110} WARNING - /opt/airflow/dags/data_quality_checks.py:50: RemovedInAirflow3Warning: Param `schedule_interval` is deprecated and will be removed in a future release. Please use `schedule` instead. 
  with DAG(
[2026-02-05T22:34:42.652+0000] {processor.py:840} INFO - DAG(s) 'data_quality_checks' retrieved from /opt/airflow/dags/data_quality_checks.py
[2026-02-05T22:34:42.674+0000] {logging_mixin.py:188} INFO - [2026-02-05T22:34:42.674+0000] {dag.py:3036} INFO - Sync 1 DAGs
[2026-02-05T22:34:42.691+0000] {logging_mixin.py:188} INFO - [2026-02-05T22:34:42.691+0000] {dag.py:3823} INFO - Setting next_dagrun for data_quality_checks to 2026-02-04 00:00:00+00:00, run_after=2026-02-05 00:00:00+00:00
[2026-02-05T22:34:42.708+0000] {processor.py:183} INFO - Processing /opt/airflow/dags/data_quality_checks.py took 2.615 seconds
[2026-02-05T22:35:13.499+0000] {processor.py:161} INFO - Started process (PID=4012) to work on /opt/airflow/dags/data_quality_checks.py
[2026-02-05T22:35:13.501+0000] {processor.py:830} INFO - Processing file /opt/airflow/dags/data_quality_checks.py for tasks to queue
[2026-02-05T22:35:13.502+0000] {logging_mixin.py:188} INFO - [2026-02-05T22:35:13.501+0000] {dagbag.py:538} INFO - Filling up the DagBag from /opt/airflow/dags/data_quality_checks.py
[2026-02-05T22:35:16.087+0000] {logging_mixin.py:188} INFO - [2026-02-05T22:35:16.087+0000] {warnings.py:110} WARNING - /opt/airflow/dags/data_quality_checks.py:50: RemovedInAirflow3Warning: Param `schedule_interval` is deprecated and will be removed in a future release. Please use `schedule` instead. 
  with DAG(
[2026-02-05T22:35:16.093+0000] {processor.py:840} INFO - DAG(s) 'data_quality_checks' retrieved from /opt/airflow/dags/data_quality_checks.py
[2026-02-05T22:35:16.113+0000] {logging_mixin.py:188} INFO - [2026-02-05T22:35:16.113+0000] {dag.py:3036} INFO - Sync 1 DAGs
[2026-02-05T22:35:16.131+0000] {logging_mixin.py:188} INFO - [2026-02-05T22:35:16.131+0000] {dag.py:3823} INFO - Setting next_dagrun for data_quality_checks to 2026-02-04 00:00:00+00:00, run_after=2026-02-05 00:00:00+00:00
[2026-02-05T22:35:16.148+0000] {processor.py:183} INFO - Processing /opt/airflow/dags/data_quality_checks.py took 2.652 seconds
[2026-02-05T22:35:46.826+0000] {processor.py:161} INFO - Started process (PID=4041) to work on /opt/airflow/dags/data_quality_checks.py
[2026-02-05T22:35:46.828+0000] {processor.py:830} INFO - Processing file /opt/airflow/dags/data_quality_checks.py for tasks to queue
[2026-02-05T22:35:46.829+0000] {logging_mixin.py:188} INFO - [2026-02-05T22:35:46.829+0000] {dagbag.py:538} INFO - Filling up the DagBag from /opt/airflow/dags/data_quality_checks.py
[2026-02-05T22:35:49.536+0000] {logging_mixin.py:188} INFO - [2026-02-05T22:35:49.536+0000] {warnings.py:110} WARNING - /opt/airflow/dags/data_quality_checks.py:50: RemovedInAirflow3Warning: Param `schedule_interval` is deprecated and will be removed in a future release. Please use `schedule` instead. 
  with DAG(
[2026-02-05T22:35:49.542+0000] {processor.py:840} INFO - DAG(s) 'data_quality_checks' retrieved from /opt/airflow/dags/data_quality_checks.py
[2026-02-05T22:35:49.565+0000] {logging_mixin.py:188} INFO - [2026-02-05T22:35:49.565+0000] {dag.py:3036} INFO - Sync 1 DAGs
[2026-02-05T22:35:49.582+0000] {logging_mixin.py:188} INFO - [2026-02-05T22:35:49.582+0000] {dag.py:3823} INFO - Setting next_dagrun for data_quality_checks to 2026-02-04 00:00:00+00:00, run_after=2026-02-05 00:00:00+00:00
[2026-02-05T22:35:49.598+0000] {processor.py:183} INFO - Processing /opt/airflow/dags/data_quality_checks.py took 2.775 seconds
[2026-02-05T22:36:20.207+0000] {processor.py:161} INFO - Started process (PID=4070) to work on /opt/airflow/dags/data_quality_checks.py
[2026-02-05T22:36:20.208+0000] {processor.py:830} INFO - Processing file /opt/airflow/dags/data_quality_checks.py for tasks to queue
[2026-02-05T22:36:20.209+0000] {logging_mixin.py:188} INFO - [2026-02-05T22:36:20.209+0000] {dagbag.py:538} INFO - Filling up the DagBag from /opt/airflow/dags/data_quality_checks.py
[2026-02-05T22:36:22.737+0000] {logging_mixin.py:188} INFO - [2026-02-05T22:36:22.737+0000] {warnings.py:110} WARNING - /opt/airflow/dags/data_quality_checks.py:50: RemovedInAirflow3Warning: Param `schedule_interval` is deprecated and will be removed in a future release. Please use `schedule` instead. 
  with DAG(
[2026-02-05T22:36:22.743+0000] {processor.py:840} INFO - DAG(s) 'data_quality_checks' retrieved from /opt/airflow/dags/data_quality_checks.py
[2026-02-05T22:36:22.764+0000] {logging_mixin.py:188} INFO - [2026-02-05T22:36:22.764+0000] {dag.py:3036} INFO - Sync 1 DAGs
[2026-02-05T22:36:22.782+0000] {logging_mixin.py:188} INFO - [2026-02-05T22:36:22.781+0000] {dag.py:3823} INFO - Setting next_dagrun for data_quality_checks to 2026-02-04 00:00:00+00:00, run_after=2026-02-05 00:00:00+00:00
[2026-02-05T22:36:22.799+0000] {processor.py:183} INFO - Processing /opt/airflow/dags/data_quality_checks.py took 2.595 seconds
[2026-02-05T22:36:53.549+0000] {processor.py:161} INFO - Started process (PID=4099) to work on /opt/airflow/dags/data_quality_checks.py
[2026-02-05T22:36:53.550+0000] {processor.py:830} INFO - Processing file /opt/airflow/dags/data_quality_checks.py for tasks to queue
[2026-02-05T22:36:53.550+0000] {logging_mixin.py:188} INFO - [2026-02-05T22:36:53.550+0000] {dagbag.py:538} INFO - Filling up the DagBag from /opt/airflow/dags/data_quality_checks.py
[2026-02-05T22:36:56.053+0000] {logging_mixin.py:188} INFO - [2026-02-05T22:36:56.052+0000] {warnings.py:110} WARNING - /opt/airflow/dags/data_quality_checks.py:50: RemovedInAirflow3Warning: Param `schedule_interval` is deprecated and will be removed in a future release. Please use `schedule` instead. 
  with DAG(
[2026-02-05T22:36:56.059+0000] {processor.py:840} INFO - DAG(s) 'data_quality_checks' retrieved from /opt/airflow/dags/data_quality_checks.py
[2026-02-05T22:36:56.082+0000] {logging_mixin.py:188} INFO - [2026-02-05T22:36:56.082+0000] {dag.py:3036} INFO - Sync 1 DAGs
[2026-02-05T22:36:56.099+0000] {logging_mixin.py:188} INFO - [2026-02-05T22:36:56.099+0000] {dag.py:3823} INFO - Setting next_dagrun for data_quality_checks to 2026-02-04 00:00:00+00:00, run_after=2026-02-05 00:00:00+00:00
[2026-02-05T22:36:56.116+0000] {processor.py:183} INFO - Processing /opt/airflow/dags/data_quality_checks.py took 2.572 seconds
[2026-02-05T22:37:26.892+0000] {processor.py:161} INFO - Started process (PID=4128) to work on /opt/airflow/dags/data_quality_checks.py
[2026-02-05T22:37:26.893+0000] {processor.py:830} INFO - Processing file /opt/airflow/dags/data_quality_checks.py for tasks to queue
[2026-02-05T22:37:26.894+0000] {logging_mixin.py:188} INFO - [2026-02-05T22:37:26.893+0000] {dagbag.py:538} INFO - Filling up the DagBag from /opt/airflow/dags/data_quality_checks.py
[2026-02-05T22:37:29.549+0000] {logging_mixin.py:188} INFO - [2026-02-05T22:37:29.549+0000] {warnings.py:110} WARNING - /opt/airflow/dags/data_quality_checks.py:50: RemovedInAirflow3Warning: Param `schedule_interval` is deprecated and will be removed in a future release. Please use `schedule` instead. 
  with DAG(
[2026-02-05T22:37:29.554+0000] {processor.py:840} INFO - DAG(s) 'data_quality_checks' retrieved from /opt/airflow/dags/data_quality_checks.py
[2026-02-05T22:37:29.577+0000] {logging_mixin.py:188} INFO - [2026-02-05T22:37:29.576+0000] {dag.py:3036} INFO - Sync 1 DAGs
[2026-02-05T22:37:29.596+0000] {logging_mixin.py:188} INFO - [2026-02-05T22:37:29.596+0000] {dag.py:3823} INFO - Setting next_dagrun for data_quality_checks to 2026-02-04 00:00:00+00:00, run_after=2026-02-05 00:00:00+00:00
[2026-02-05T22:37:29.614+0000] {processor.py:183} INFO - Processing /opt/airflow/dags/data_quality_checks.py took 2.725 seconds
[2026-02-05T22:38:00.269+0000] {processor.py:161} INFO - Started process (PID=4168) to work on /opt/airflow/dags/data_quality_checks.py
[2026-02-05T22:38:00.270+0000] {processor.py:830} INFO - Processing file /opt/airflow/dags/data_quality_checks.py for tasks to queue
[2026-02-05T22:38:00.271+0000] {logging_mixin.py:188} INFO - [2026-02-05T22:38:00.271+0000] {dagbag.py:538} INFO - Filling up the DagBag from /opt/airflow/dags/data_quality_checks.py
[2026-02-05T22:38:02.798+0000] {logging_mixin.py:188} INFO - [2026-02-05T22:38:02.797+0000] {warnings.py:110} WARNING - /opt/airflow/dags/data_quality_checks.py:50: RemovedInAirflow3Warning: Param `schedule_interval` is deprecated and will be removed in a future release. Please use `schedule` instead. 
  with DAG(
[2026-02-05T22:38:02.803+0000] {processor.py:840} INFO - DAG(s) 'data_quality_checks' retrieved from /opt/airflow/dags/data_quality_checks.py
[2026-02-05T22:38:02.826+0000] {logging_mixin.py:188} INFO - [2026-02-05T22:38:02.826+0000] {dag.py:3036} INFO - Sync 1 DAGs
[2026-02-05T22:38:02.843+0000] {logging_mixin.py:188} INFO - [2026-02-05T22:38:02.842+0000] {dag.py:3823} INFO - Setting next_dagrun for data_quality_checks to 2026-02-04 00:00:00+00:00, run_after=2026-02-05 00:00:00+00:00
[2026-02-05T22:38:02.860+0000] {processor.py:183} INFO - Processing /opt/airflow/dags/data_quality_checks.py took 2.594 seconds
[2026-02-05T22:38:33.622+0000] {processor.py:161} INFO - Started process (PID=4197) to work on /opt/airflow/dags/data_quality_checks.py
[2026-02-05T22:38:33.623+0000] {processor.py:830} INFO - Processing file /opt/airflow/dags/data_quality_checks.py for tasks to queue
[2026-02-05T22:38:33.624+0000] {logging_mixin.py:188} INFO - [2026-02-05T22:38:33.623+0000] {dagbag.py:538} INFO - Filling up the DagBag from /opt/airflow/dags/data_quality_checks.py
[2026-02-05T22:38:36.167+0000] {logging_mixin.py:188} INFO - [2026-02-05T22:38:36.167+0000] {warnings.py:110} WARNING - /opt/airflow/dags/data_quality_checks.py:50: RemovedInAirflow3Warning: Param `schedule_interval` is deprecated and will be removed in a future release. Please use `schedule` instead. 
  with DAG(
[2026-02-05T22:38:36.173+0000] {processor.py:840} INFO - DAG(s) 'data_quality_checks' retrieved from /opt/airflow/dags/data_quality_checks.py
[2026-02-05T22:38:36.193+0000] {logging_mixin.py:188} INFO - [2026-02-05T22:38:36.193+0000] {dag.py:3036} INFO - Sync 1 DAGs
[2026-02-05T22:38:36.210+0000] {logging_mixin.py:188} INFO - [2026-02-05T22:38:36.210+0000] {dag.py:3823} INFO - Setting next_dagrun for data_quality_checks to 2026-02-04 00:00:00+00:00, run_after=2026-02-05 00:00:00+00:00
[2026-02-05T22:38:36.228+0000] {processor.py:183} INFO - Processing /opt/airflow/dags/data_quality_checks.py took 2.609 seconds
[2026-02-05T22:39:06.967+0000] {processor.py:161} INFO - Started process (PID=4226) to work on /opt/airflow/dags/data_quality_checks.py
[2026-02-05T22:39:06.968+0000] {processor.py:830} INFO - Processing file /opt/airflow/dags/data_quality_checks.py for tasks to queue
[2026-02-05T22:39:06.969+0000] {logging_mixin.py:188} INFO - [2026-02-05T22:39:06.968+0000] {dagbag.py:538} INFO - Filling up the DagBag from /opt/airflow/dags/data_quality_checks.py
[2026-02-05T22:39:09.728+0000] {logging_mixin.py:188} INFO - [2026-02-05T22:39:09.728+0000] {warnings.py:110} WARNING - /opt/airflow/dags/data_quality_checks.py:50: RemovedInAirflow3Warning: Param `schedule_interval` is deprecated and will be removed in a future release. Please use `schedule` instead. 
  with DAG(
[2026-02-05T22:39:09.735+0000] {processor.py:840} INFO - DAG(s) 'data_quality_checks' retrieved from /opt/airflow/dags/data_quality_checks.py
[2026-02-05T22:39:09.759+0000] {logging_mixin.py:188} INFO - [2026-02-05T22:39:09.759+0000] {dag.py:3036} INFO - Sync 1 DAGs
[2026-02-05T22:39:09.779+0000] {logging_mixin.py:188} INFO - [2026-02-05T22:39:09.779+0000] {dag.py:3823} INFO - Setting next_dagrun for data_quality_checks to 2026-02-04 00:00:00+00:00, run_after=2026-02-05 00:00:00+00:00
[2026-02-05T22:39:09.796+0000] {processor.py:183} INFO - Processing /opt/airflow/dags/data_quality_checks.py took 2.833 seconds
[2026-02-05T22:39:40.333+0000] {processor.py:161} INFO - Started process (PID=4255) to work on /opt/airflow/dags/data_quality_checks.py
[2026-02-05T22:39:40.334+0000] {processor.py:830} INFO - Processing file /opt/airflow/dags/data_quality_checks.py for tasks to queue
[2026-02-05T22:39:40.335+0000] {logging_mixin.py:188} INFO - [2026-02-05T22:39:40.334+0000] {dagbag.py:538} INFO - Filling up the DagBag from /opt/airflow/dags/data_quality_checks.py
[2026-02-05T22:39:43.559+0000] {logging_mixin.py:188} INFO - [2026-02-05T22:39:43.558+0000] {warnings.py:110} WARNING - /opt/airflow/dags/data_quality_checks.py:50: RemovedInAirflow3Warning: Param `schedule_interval` is deprecated and will be removed in a future release. Please use `schedule` instead. 
  with DAG(
[2026-02-05T22:39:43.567+0000] {processor.py:840} INFO - DAG(s) 'data_quality_checks' retrieved from /opt/airflow/dags/data_quality_checks.py
[2026-02-05T22:39:43.593+0000] {logging_mixin.py:188} INFO - [2026-02-05T22:39:43.593+0000] {dag.py:3036} INFO - Sync 1 DAGs
[2026-02-05T22:39:43.617+0000] {logging_mixin.py:188} INFO - [2026-02-05T22:39:43.616+0000] {dag.py:3823} INFO - Setting next_dagrun for data_quality_checks to 2026-02-04 00:00:00+00:00, run_after=2026-02-05 00:00:00+00:00
[2026-02-05T22:39:43.636+0000] {processor.py:183} INFO - Processing /opt/airflow/dags/data_quality_checks.py took 3.307 seconds
[2026-02-05T22:40:13.823+0000] {processor.py:161} INFO - Started process (PID=4284) to work on /opt/airflow/dags/data_quality_checks.py
[2026-02-05T22:40:13.829+0000] {processor.py:830} INFO - Processing file /opt/airflow/dags/data_quality_checks.py for tasks to queue
[2026-02-05T22:40:13.833+0000] {logging_mixin.py:188} INFO - [2026-02-05T22:40:13.832+0000] {dagbag.py:538} INFO - Filling up the DagBag from /opt/airflow/dags/data_quality_checks.py
[2026-02-05T22:40:17.445+0000] {logging_mixin.py:188} INFO - [2026-02-05T22:40:17.445+0000] {warnings.py:110} WARNING - /opt/airflow/dags/data_quality_checks.py:50: RemovedInAirflow3Warning: Param `schedule_interval` is deprecated and will be removed in a future release. Please use `schedule` instead. 
  with DAG(
[2026-02-05T22:40:17.455+0000] {processor.py:840} INFO - DAG(s) 'data_quality_checks' retrieved from /opt/airflow/dags/data_quality_checks.py
[2026-02-05T22:40:17.524+0000] {logging_mixin.py:188} INFO - [2026-02-05T22:40:17.523+0000] {dag.py:3036} INFO - Sync 1 DAGs
[2026-02-05T22:40:17.593+0000] {logging_mixin.py:188} INFO - [2026-02-05T22:40:17.592+0000] {dag.py:3823} INFO - Setting next_dagrun for data_quality_checks to 2026-02-04 00:00:00+00:00, run_after=2026-02-05 00:00:00+00:00
[2026-02-05T22:40:17.662+0000] {processor.py:183} INFO - Processing /opt/airflow/dags/data_quality_checks.py took 3.844 seconds
[2026-02-05T22:40:48.114+0000] {processor.py:161} INFO - Started process (PID=4313) to work on /opt/airflow/dags/data_quality_checks.py
[2026-02-05T22:40:48.115+0000] {processor.py:830} INFO - Processing file /opt/airflow/dags/data_quality_checks.py for tasks to queue
[2026-02-05T22:40:48.116+0000] {logging_mixin.py:188} INFO - [2026-02-05T22:40:48.116+0000] {dagbag.py:538} INFO - Filling up the DagBag from /opt/airflow/dags/data_quality_checks.py
[2026-02-05T22:40:51.125+0000] {logging_mixin.py:188} INFO - [2026-02-05T22:40:51.125+0000] {warnings.py:110} WARNING - /opt/airflow/dags/data_quality_checks.py:50: RemovedInAirflow3Warning: Param `schedule_interval` is deprecated and will be removed in a future release. Please use `schedule` instead. 
  with DAG(
[2026-02-05T22:40:51.131+0000] {processor.py:840} INFO - DAG(s) 'data_quality_checks' retrieved from /opt/airflow/dags/data_quality_checks.py
[2026-02-05T22:40:51.152+0000] {logging_mixin.py:188} INFO - [2026-02-05T22:40:51.152+0000] {dag.py:3036} INFO - Sync 1 DAGs
[2026-02-05T22:40:51.169+0000] {logging_mixin.py:188} INFO - [2026-02-05T22:40:51.169+0000] {dag.py:3823} INFO - Setting next_dagrun for data_quality_checks to 2026-02-04 00:00:00+00:00, run_after=2026-02-05 00:00:00+00:00
[2026-02-05T22:40:51.185+0000] {processor.py:183} INFO - Processing /opt/airflow/dags/data_quality_checks.py took 3.074 seconds
[2026-02-05T22:41:21.434+0000] {processor.py:161} INFO - Started process (PID=4342) to work on /opt/airflow/dags/data_quality_checks.py
[2026-02-05T22:41:21.435+0000] {processor.py:830} INFO - Processing file /opt/airflow/dags/data_quality_checks.py for tasks to queue
[2026-02-05T22:41:21.436+0000] {logging_mixin.py:188} INFO - [2026-02-05T22:41:21.436+0000] {dagbag.py:538} INFO - Filling up the DagBag from /opt/airflow/dags/data_quality_checks.py
[2026-02-05T22:41:24.343+0000] {logging_mixin.py:188} INFO - [2026-02-05T22:41:24.342+0000] {warnings.py:110} WARNING - /opt/airflow/dags/data_quality_checks.py:50: RemovedInAirflow3Warning: Param `schedule_interval` is deprecated and will be removed in a future release. Please use `schedule` instead. 
  with DAG(
[2026-02-05T22:41:24.348+0000] {processor.py:840} INFO - DAG(s) 'data_quality_checks' retrieved from /opt/airflow/dags/data_quality_checks.py
[2026-02-05T22:41:24.370+0000] {logging_mixin.py:188} INFO - [2026-02-05T22:41:24.369+0000] {dag.py:3036} INFO - Sync 1 DAGs
[2026-02-05T22:41:24.386+0000] {logging_mixin.py:188} INFO - [2026-02-05T22:41:24.386+0000] {dag.py:3823} INFO - Setting next_dagrun for data_quality_checks to 2026-02-04 00:00:00+00:00, run_after=2026-02-05 00:00:00+00:00
[2026-02-05T22:41:24.403+0000] {processor.py:183} INFO - Processing /opt/airflow/dags/data_quality_checks.py took 2.973 seconds
[2026-02-05T22:41:54.719+0000] {processor.py:161} INFO - Started process (PID=4371) to work on /opt/airflow/dags/data_quality_checks.py
[2026-02-05T22:41:54.721+0000] {processor.py:830} INFO - Processing file /opt/airflow/dags/data_quality_checks.py for tasks to queue
[2026-02-05T22:41:54.723+0000] {logging_mixin.py:188} INFO - [2026-02-05T22:41:54.723+0000] {dagbag.py:538} INFO - Filling up the DagBag from /opt/airflow/dags/data_quality_checks.py
[2026-02-05T22:41:58.495+0000] {logging_mixin.py:188} INFO - [2026-02-05T22:41:58.494+0000] {warnings.py:110} WARNING - /opt/airflow/dags/data_quality_checks.py:50: RemovedInAirflow3Warning: Param `schedule_interval` is deprecated and will be removed in a future release. Please use `schedule` instead. 
  with DAG(
[2026-02-05T22:41:58.504+0000] {processor.py:840} INFO - DAG(s) 'data_quality_checks' retrieved from /opt/airflow/dags/data_quality_checks.py
[2026-02-05T22:41:58.528+0000] {logging_mixin.py:188} INFO - [2026-02-05T22:41:58.528+0000] {dag.py:3036} INFO - Sync 1 DAGs
[2026-02-05T22:41:58.549+0000] {logging_mixin.py:188} INFO - [2026-02-05T22:41:58.549+0000] {dag.py:3823} INFO - Setting next_dagrun for data_quality_checks to 2026-02-04 00:00:00+00:00, run_after=2026-02-05 00:00:00+00:00
[2026-02-05T22:41:58.571+0000] {processor.py:183} INFO - Processing /opt/airflow/dags/data_quality_checks.py took 3.859 seconds
[2026-02-05T22:42:28.839+0000] {processor.py:161} INFO - Started process (PID=4406) to work on /opt/airflow/dags/data_quality_checks.py
[2026-02-05T22:42:28.840+0000] {processor.py:830} INFO - Processing file /opt/airflow/dags/data_quality_checks.py for tasks to queue
[2026-02-05T22:42:28.841+0000] {logging_mixin.py:188} INFO - [2026-02-05T22:42:28.841+0000] {dagbag.py:538} INFO - Filling up the DagBag from /opt/airflow/dags/data_quality_checks.py
[2026-02-05T22:42:31.474+0000] {logging_mixin.py:188} INFO - [2026-02-05T22:42:31.474+0000] {warnings.py:110} WARNING - /opt/airflow/dags/data_quality_checks.py:50: RemovedInAirflow3Warning: Param `schedule_interval` is deprecated and will be removed in a future release. Please use `schedule` instead. 
  with DAG(
[2026-02-05T22:42:31.480+0000] {processor.py:840} INFO - DAG(s) 'data_quality_checks' retrieved from /opt/airflow/dags/data_quality_checks.py
[2026-02-05T22:42:31.505+0000] {logging_mixin.py:188} INFO - [2026-02-05T22:42:31.504+0000] {dag.py:3036} INFO - Sync 1 DAGs
[2026-02-05T22:42:31.523+0000] {logging_mixin.py:188} INFO - [2026-02-05T22:42:31.522+0000] {dag.py:3823} INFO - Setting next_dagrun for data_quality_checks to 2026-02-04 00:00:00+00:00, run_after=2026-02-05 00:00:00+00:00
[2026-02-05T22:42:31.539+0000] {processor.py:183} INFO - Processing /opt/airflow/dags/data_quality_checks.py took 2.704 seconds
[2026-02-05T22:43:02.178+0000] {processor.py:161} INFO - Started process (PID=4435) to work on /opt/airflow/dags/data_quality_checks.py
[2026-02-05T22:43:02.179+0000] {processor.py:830} INFO - Processing file /opt/airflow/dags/data_quality_checks.py for tasks to queue
[2026-02-05T22:43:02.180+0000] {logging_mixin.py:188} INFO - [2026-02-05T22:43:02.179+0000] {dagbag.py:538} INFO - Filling up the DagBag from /opt/airflow/dags/data_quality_checks.py
[2026-02-05T22:43:04.816+0000] {logging_mixin.py:188} INFO - [2026-02-05T22:43:04.816+0000] {warnings.py:110} WARNING - /opt/airflow/dags/data_quality_checks.py:50: RemovedInAirflow3Warning: Param `schedule_interval` is deprecated and will be removed in a future release. Please use `schedule` instead. 
  with DAG(
[2026-02-05T22:43:04.822+0000] {processor.py:840} INFO - DAG(s) 'data_quality_checks' retrieved from /opt/airflow/dags/data_quality_checks.py
[2026-02-05T22:43:04.844+0000] {logging_mixin.py:188} INFO - [2026-02-05T22:43:04.844+0000] {dag.py:3036} INFO - Sync 1 DAGs
[2026-02-05T22:43:04.863+0000] {logging_mixin.py:188} INFO - [2026-02-05T22:43:04.863+0000] {dag.py:3823} INFO - Setting next_dagrun for data_quality_checks to 2026-02-04 00:00:00+00:00, run_after=2026-02-05 00:00:00+00:00
[2026-02-05T22:43:04.883+0000] {processor.py:183} INFO - Processing /opt/airflow/dags/data_quality_checks.py took 2.708 seconds
[2026-02-05T22:43:35.589+0000] {processor.py:161} INFO - Started process (PID=4469) to work on /opt/airflow/dags/data_quality_checks.py
[2026-02-05T22:43:35.590+0000] {processor.py:830} INFO - Processing file /opt/airflow/dags/data_quality_checks.py for tasks to queue
[2026-02-05T22:43:35.591+0000] {logging_mixin.py:188} INFO - [2026-02-05T22:43:35.591+0000] {dagbag.py:538} INFO - Filling up the DagBag from /opt/airflow/dags/data_quality_checks.py
[2026-02-05T22:43:38.386+0000] {logging_mixin.py:188} INFO - [2026-02-05T22:43:38.385+0000] {warnings.py:110} WARNING - /opt/airflow/dags/data_quality_checks.py:50: RemovedInAirflow3Warning: Param `schedule_interval` is deprecated and will be removed in a future release. Please use `schedule` instead. 
  with DAG(
[2026-02-05T22:43:38.391+0000] {processor.py:840} INFO - DAG(s) 'data_quality_checks' retrieved from /opt/airflow/dags/data_quality_checks.py
[2026-02-05T22:43:38.413+0000] {logging_mixin.py:188} INFO - [2026-02-05T22:43:38.412+0000] {dag.py:3036} INFO - Sync 1 DAGs
[2026-02-05T22:43:38.430+0000] {logging_mixin.py:188} INFO - [2026-02-05T22:43:38.430+0000] {dag.py:3823} INFO - Setting next_dagrun for data_quality_checks to 2026-02-04 00:00:00+00:00, run_after=2026-02-05 00:00:00+00:00
[2026-02-05T22:43:38.448+0000] {processor.py:183} INFO - Processing /opt/airflow/dags/data_quality_checks.py took 2.862 seconds
[2026-02-05T22:44:08.935+0000] {processor.py:161} INFO - Started process (PID=4498) to work on /opt/airflow/dags/data_quality_checks.py
[2026-02-05T22:44:08.936+0000] {processor.py:830} INFO - Processing file /opt/airflow/dags/data_quality_checks.py for tasks to queue
[2026-02-05T22:44:08.937+0000] {logging_mixin.py:188} INFO - [2026-02-05T22:44:08.937+0000] {dagbag.py:538} INFO - Filling up the DagBag from /opt/airflow/dags/data_quality_checks.py
[2026-02-05T22:44:11.619+0000] {logging_mixin.py:188} INFO - [2026-02-05T22:44:11.619+0000] {warnings.py:110} WARNING - /opt/airflow/dags/data_quality_checks.py:50: RemovedInAirflow3Warning: Param `schedule_interval` is deprecated and will be removed in a future release. Please use `schedule` instead. 
  with DAG(
[2026-02-05T22:44:11.625+0000] {processor.py:840} INFO - DAG(s) 'data_quality_checks' retrieved from /opt/airflow/dags/data_quality_checks.py
[2026-02-05T22:44:11.646+0000] {logging_mixin.py:188} INFO - [2026-02-05T22:44:11.646+0000] {dag.py:3036} INFO - Sync 1 DAGs
[2026-02-05T22:44:11.664+0000] {logging_mixin.py:188} INFO - [2026-02-05T22:44:11.663+0000] {dag.py:3823} INFO - Setting next_dagrun for data_quality_checks to 2026-02-04 00:00:00+00:00, run_after=2026-02-05 00:00:00+00:00
[2026-02-05T22:44:11.680+0000] {processor.py:183} INFO - Processing /opt/airflow/dags/data_quality_checks.py took 2.748 seconds
[2026-02-05T22:44:42.282+0000] {processor.py:161} INFO - Started process (PID=4527) to work on /opt/airflow/dags/data_quality_checks.py
[2026-02-05T22:44:42.283+0000] {processor.py:830} INFO - Processing file /opt/airflow/dags/data_quality_checks.py for tasks to queue
[2026-02-05T22:44:42.285+0000] {logging_mixin.py:188} INFO - [2026-02-05T22:44:42.284+0000] {dagbag.py:538} INFO - Filling up the DagBag from /opt/airflow/dags/data_quality_checks.py
[2026-02-05T22:44:45.620+0000] {logging_mixin.py:188} INFO - [2026-02-05T22:44:45.619+0000] {warnings.py:110} WARNING - /opt/airflow/dags/data_quality_checks.py:50: RemovedInAirflow3Warning: Param `schedule_interval` is deprecated and will be removed in a future release. Please use `schedule` instead. 
  with DAG(
[2026-02-05T22:44:45.625+0000] {processor.py:840} INFO - DAG(s) 'data_quality_checks' retrieved from /opt/airflow/dags/data_quality_checks.py
[2026-02-05T22:44:45.646+0000] {logging_mixin.py:188} INFO - [2026-02-05T22:44:45.646+0000] {dag.py:3036} INFO - Sync 1 DAGs
[2026-02-05T22:44:45.667+0000] {logging_mixin.py:188} INFO - [2026-02-05T22:44:45.667+0000] {dag.py:3823} INFO - Setting next_dagrun for data_quality_checks to 2026-02-04 00:00:00+00:00, run_after=2026-02-05 00:00:00+00:00
[2026-02-05T22:44:45.684+0000] {processor.py:183} INFO - Processing /opt/airflow/dags/data_quality_checks.py took 3.407 seconds
[2026-02-05T22:45:15.829+0000] {processor.py:161} INFO - Started process (PID=4556) to work on /opt/airflow/dags/data_quality_checks.py
[2026-02-05T22:45:15.830+0000] {processor.py:830} INFO - Processing file /opt/airflow/dags/data_quality_checks.py for tasks to queue
[2026-02-05T22:45:15.832+0000] {logging_mixin.py:188} INFO - [2026-02-05T22:45:15.831+0000] {dagbag.py:538} INFO - Filling up the DagBag from /opt/airflow/dags/data_quality_checks.py
[2026-02-05T22:45:18.896+0000] {logging_mixin.py:188} INFO - [2026-02-05T22:45:18.895+0000] {warnings.py:110} WARNING - /opt/airflow/dags/data_quality_checks.py:50: RemovedInAirflow3Warning: Param `schedule_interval` is deprecated and will be removed in a future release. Please use `schedule` instead. 
  with DAG(
[2026-02-05T22:45:18.908+0000] {processor.py:840} INFO - DAG(s) 'data_quality_checks' retrieved from /opt/airflow/dags/data_quality_checks.py
[2026-02-05T22:45:18.939+0000] {logging_mixin.py:188} INFO - [2026-02-05T22:45:18.939+0000] {dag.py:3036} INFO - Sync 1 DAGs
[2026-02-05T22:45:18.969+0000] {logging_mixin.py:188} INFO - [2026-02-05T22:45:18.969+0000] {dag.py:3823} INFO - Setting next_dagrun for data_quality_checks to 2026-02-04 00:00:00+00:00, run_after=2026-02-05 00:00:00+00:00
[2026-02-05T22:45:18.997+0000] {processor.py:183} INFO - Processing /opt/airflow/dags/data_quality_checks.py took 3.171 seconds
[2026-02-05T22:45:49.089+0000] {processor.py:161} INFO - Started process (PID=4585) to work on /opt/airflow/dags/data_quality_checks.py
[2026-02-05T22:45:49.090+0000] {processor.py:830} INFO - Processing file /opt/airflow/dags/data_quality_checks.py for tasks to queue
[2026-02-05T22:45:49.091+0000] {logging_mixin.py:188} INFO - [2026-02-05T22:45:49.090+0000] {dagbag.py:538} INFO - Filling up the DagBag from /opt/airflow/dags/data_quality_checks.py
[2026-02-05T22:45:51.969+0000] {logging_mixin.py:188} INFO - [2026-02-05T22:45:51.969+0000] {warnings.py:110} WARNING - /opt/airflow/dags/data_quality_checks.py:50: RemovedInAirflow3Warning: Param `schedule_interval` is deprecated and will be removed in a future release. Please use `schedule` instead. 
  with DAG(
[2026-02-05T22:45:51.976+0000] {processor.py:840} INFO - DAG(s) 'data_quality_checks' retrieved from /opt/airflow/dags/data_quality_checks.py
[2026-02-05T22:45:51.997+0000] {logging_mixin.py:188} INFO - [2026-02-05T22:45:51.996+0000] {dag.py:3036} INFO - Sync 1 DAGs
[2026-02-05T22:45:52.017+0000] {logging_mixin.py:188} INFO - [2026-02-05T22:45:52.016+0000] {dag.py:3823} INFO - Setting next_dagrun for data_quality_checks to 2026-02-04 00:00:00+00:00, run_after=2026-02-05 00:00:00+00:00
[2026-02-05T22:45:52.035+0000] {processor.py:183} INFO - Processing /opt/airflow/dags/data_quality_checks.py took 2.949 seconds
[2026-02-05T22:46:22.408+0000] {processor.py:161} INFO - Started process (PID=4614) to work on /opt/airflow/dags/data_quality_checks.py
[2026-02-05T22:46:22.409+0000] {processor.py:830} INFO - Processing file /opt/airflow/dags/data_quality_checks.py for tasks to queue
[2026-02-05T22:46:22.410+0000] {logging_mixin.py:188} INFO - [2026-02-05T22:46:22.410+0000] {dagbag.py:538} INFO - Filling up the DagBag from /opt/airflow/dags/data_quality_checks.py
[2026-02-05T22:46:25.414+0000] {logging_mixin.py:188} INFO - [2026-02-05T22:46:25.414+0000] {warnings.py:110} WARNING - /opt/airflow/dags/data_quality_checks.py:50: RemovedInAirflow3Warning: Param `schedule_interval` is deprecated and will be removed in a future release. Please use `schedule` instead. 
  with DAG(
[2026-02-05T22:46:25.427+0000] {processor.py:840} INFO - DAG(s) 'data_quality_checks' retrieved from /opt/airflow/dags/data_quality_checks.py
[2026-02-05T22:46:25.452+0000] {logging_mixin.py:188} INFO - [2026-02-05T22:46:25.452+0000] {dag.py:3036} INFO - Sync 1 DAGs
[2026-02-05T22:46:25.473+0000] {logging_mixin.py:188} INFO - [2026-02-05T22:46:25.473+0000] {dag.py:3823} INFO - Setting next_dagrun for data_quality_checks to 2026-02-04 00:00:00+00:00, run_after=2026-02-05 00:00:00+00:00
[2026-02-05T22:46:25.493+0000] {processor.py:183} INFO - Processing /opt/airflow/dags/data_quality_checks.py took 3.090 seconds
[2026-02-05T22:46:55.750+0000] {processor.py:161} INFO - Started process (PID=4643) to work on /opt/airflow/dags/data_quality_checks.py
[2026-02-05T22:46:55.751+0000] {processor.py:830} INFO - Processing file /opt/airflow/dags/data_quality_checks.py for tasks to queue
[2026-02-05T22:46:55.752+0000] {logging_mixin.py:188} INFO - [2026-02-05T22:46:55.752+0000] {dagbag.py:538} INFO - Filling up the DagBag from /opt/airflow/dags/data_quality_checks.py
[2026-02-05T22:46:58.734+0000] {logging_mixin.py:188} INFO - [2026-02-05T22:46:58.733+0000] {warnings.py:110} WARNING - /opt/airflow/dags/data_quality_checks.py:50: RemovedInAirflow3Warning: Param `schedule_interval` is deprecated and will be removed in a future release. Please use `schedule` instead. 
  with DAG(
[2026-02-05T22:46:58.739+0000] {processor.py:840} INFO - DAG(s) 'data_quality_checks' retrieved from /opt/airflow/dags/data_quality_checks.py
[2026-02-05T22:46:58.762+0000] {logging_mixin.py:188} INFO - [2026-02-05T22:46:58.761+0000] {dag.py:3036} INFO - Sync 1 DAGs
[2026-02-05T22:46:58.780+0000] {logging_mixin.py:188} INFO - [2026-02-05T22:46:58.780+0000] {dag.py:3823} INFO - Setting next_dagrun for data_quality_checks to 2026-02-04 00:00:00+00:00, run_after=2026-02-05 00:00:00+00:00
[2026-02-05T22:46:58.800+0000] {processor.py:183} INFO - Processing /opt/airflow/dags/data_quality_checks.py took 3.054 seconds
[2026-02-05T22:47:29.069+0000] {processor.py:161} INFO - Started process (PID=4672) to work on /opt/airflow/dags/data_quality_checks.py
[2026-02-05T22:47:29.071+0000] {processor.py:830} INFO - Processing file /opt/airflow/dags/data_quality_checks.py for tasks to queue
[2026-02-05T22:47:29.072+0000] {logging_mixin.py:188} INFO - [2026-02-05T22:47:29.072+0000] {dagbag.py:538} INFO - Filling up the DagBag from /opt/airflow/dags/data_quality_checks.py
[2026-02-05T22:47:32.641+0000] {logging_mixin.py:188} INFO - [2026-02-05T22:47:32.640+0000] {warnings.py:110} WARNING - /opt/airflow/dags/data_quality_checks.py:50: RemovedInAirflow3Warning: Param `schedule_interval` is deprecated and will be removed in a future release. Please use `schedule` instead. 
  with DAG(
[2026-02-05T22:47:32.647+0000] {processor.py:840} INFO - DAG(s) 'data_quality_checks' retrieved from /opt/airflow/dags/data_quality_checks.py
[2026-02-05T22:47:32.678+0000] {logging_mixin.py:188} INFO - [2026-02-05T22:47:32.677+0000] {dag.py:3036} INFO - Sync 1 DAGs
[2026-02-05T22:47:32.703+0000] {logging_mixin.py:188} INFO - [2026-02-05T22:47:32.702+0000] {dag.py:3823} INFO - Setting next_dagrun for data_quality_checks to 2026-02-04 00:00:00+00:00, run_after=2026-02-05 00:00:00+00:00
[2026-02-05T22:47:32.939+0000] {processor.py:183} INFO - Processing /opt/airflow/dags/data_quality_checks.py took 3.873 seconds
[2026-02-05T22:48:03.405+0000] {processor.py:161} INFO - Started process (PID=4708) to work on /opt/airflow/dags/data_quality_checks.py
[2026-02-05T22:48:03.406+0000] {processor.py:830} INFO - Processing file /opt/airflow/dags/data_quality_checks.py for tasks to queue
[2026-02-05T22:48:03.407+0000] {logging_mixin.py:188} INFO - [2026-02-05T22:48:03.407+0000] {dagbag.py:538} INFO - Filling up the DagBag from /opt/airflow/dags/data_quality_checks.py
[2026-02-05T22:48:06.754+0000] {logging_mixin.py:188} INFO - [2026-02-05T22:48:06.754+0000] {warnings.py:110} WARNING - /opt/airflow/dags/data_quality_checks.py:50: RemovedInAirflow3Warning: Param `schedule_interval` is deprecated and will be removed in a future release. Please use `schedule` instead. 
  with DAG(
[2026-02-05T22:48:06.761+0000] {processor.py:840} INFO - DAG(s) 'data_quality_checks' retrieved from /opt/airflow/dags/data_quality_checks.py
[2026-02-05T22:48:06.787+0000] {logging_mixin.py:188} INFO - [2026-02-05T22:48:06.787+0000] {dag.py:3036} INFO - Sync 1 DAGs
[2026-02-05T22:48:06.810+0000] {logging_mixin.py:188} INFO - [2026-02-05T22:48:06.809+0000] {dag.py:3823} INFO - Setting next_dagrun for data_quality_checks to 2026-02-04 00:00:00+00:00, run_after=2026-02-05 00:00:00+00:00
[2026-02-05T22:48:06.831+0000] {processor.py:183} INFO - Processing /opt/airflow/dags/data_quality_checks.py took 3.430 seconds
[2026-02-05T22:48:36.958+0000] {processor.py:161} INFO - Started process (PID=4742) to work on /opt/airflow/dags/data_quality_checks.py
[2026-02-05T22:48:36.959+0000] {processor.py:830} INFO - Processing file /opt/airflow/dags/data_quality_checks.py for tasks to queue
[2026-02-05T22:48:36.960+0000] {logging_mixin.py:188} INFO - [2026-02-05T22:48:36.960+0000] {dagbag.py:538} INFO - Filling up the DagBag from /opt/airflow/dags/data_quality_checks.py
[2026-02-05T22:48:40.857+0000] {logging_mixin.py:188} INFO - [2026-02-05T22:48:40.856+0000] {warnings.py:110} WARNING - /opt/airflow/dags/data_quality_checks.py:50: RemovedInAirflow3Warning: Param `schedule_interval` is deprecated and will be removed in a future release. Please use `schedule` instead. 
  with DAG(
[2026-02-05T22:48:40.871+0000] {processor.py:840} INFO - DAG(s) 'data_quality_checks' retrieved from /opt/airflow/dags/data_quality_checks.py
[2026-02-05T22:48:40.925+0000] {logging_mixin.py:188} INFO - [2026-02-05T22:48:40.925+0000] {dag.py:3036} INFO - Sync 1 DAGs
[2026-02-05T22:48:40.961+0000] {logging_mixin.py:188} INFO - [2026-02-05T22:48:40.960+0000] {dag.py:3823} INFO - Setting next_dagrun for data_quality_checks to 2026-02-04 00:00:00+00:00, run_after=2026-02-05 00:00:00+00:00
[2026-02-05T22:48:41.016+0000] {processor.py:183} INFO - Processing /opt/airflow/dags/data_quality_checks.py took 4.061 seconds
[2026-02-05T22:49:11.256+0000] {processor.py:161} INFO - Started process (PID=4771) to work on /opt/airflow/dags/data_quality_checks.py
[2026-02-05T22:49:11.257+0000] {processor.py:830} INFO - Processing file /opt/airflow/dags/data_quality_checks.py for tasks to queue
[2026-02-05T22:49:11.258+0000] {logging_mixin.py:188} INFO - [2026-02-05T22:49:11.258+0000] {dagbag.py:538} INFO - Filling up the DagBag from /opt/airflow/dags/data_quality_checks.py
[2026-02-05T22:49:14.462+0000] {logging_mixin.py:188} INFO - [2026-02-05T22:49:14.461+0000] {warnings.py:110} WARNING - /opt/airflow/dags/data_quality_checks.py:50: RemovedInAirflow3Warning: Param `schedule_interval` is deprecated and will be removed in a future release. Please use `schedule` instead. 
  with DAG(
[2026-02-05T22:49:14.471+0000] {processor.py:840} INFO - DAG(s) 'data_quality_checks' retrieved from /opt/airflow/dags/data_quality_checks.py
[2026-02-05T22:49:14.508+0000] {logging_mixin.py:188} INFO - [2026-02-05T22:49:14.507+0000] {dag.py:3036} INFO - Sync 1 DAGs
[2026-02-05T22:49:14.704+0000] {logging_mixin.py:188} INFO - [2026-02-05T22:49:14.703+0000] {dag.py:3823} INFO - Setting next_dagrun for data_quality_checks to 2026-02-04 00:00:00+00:00, run_after=2026-02-05 00:00:00+00:00
[2026-02-05T22:49:14.720+0000] {processor.py:183} INFO - Processing /opt/airflow/dags/data_quality_checks.py took 3.467 seconds
[2026-02-05T22:49:45.573+0000] {processor.py:161} INFO - Started process (PID=4800) to work on /opt/airflow/dags/data_quality_checks.py
[2026-02-05T22:49:45.574+0000] {processor.py:830} INFO - Processing file /opt/airflow/dags/data_quality_checks.py for tasks to queue
[2026-02-05T22:49:45.575+0000] {logging_mixin.py:188} INFO - [2026-02-05T22:49:45.574+0000] {dagbag.py:538} INFO - Filling up the DagBag from /opt/airflow/dags/data_quality_checks.py
[2026-02-05T22:49:48.549+0000] {logging_mixin.py:188} INFO - [2026-02-05T22:49:48.549+0000] {warnings.py:110} WARNING - /opt/airflow/dags/data_quality_checks.py:50: RemovedInAirflow3Warning: Param `schedule_interval` is deprecated and will be removed in a future release. Please use `schedule` instead. 
  with DAG(
[2026-02-05T22:49:48.555+0000] {processor.py:840} INFO - DAG(s) 'data_quality_checks' retrieved from /opt/airflow/dags/data_quality_checks.py
[2026-02-05T22:49:48.575+0000] {logging_mixin.py:188} INFO - [2026-02-05T22:49:48.575+0000] {dag.py:3036} INFO - Sync 1 DAGs
[2026-02-05T22:49:48.593+0000] {logging_mixin.py:188} INFO - [2026-02-05T22:49:48.593+0000] {dag.py:3823} INFO - Setting next_dagrun for data_quality_checks to 2026-02-04 00:00:00+00:00, run_after=2026-02-05 00:00:00+00:00
[2026-02-05T22:49:48.609+0000] {processor.py:183} INFO - Processing /opt/airflow/dags/data_quality_checks.py took 3.040 seconds
[2026-02-05T22:50:18.930+0000] {processor.py:161} INFO - Started process (PID=4829) to work on /opt/airflow/dags/data_quality_checks.py
[2026-02-05T22:50:18.931+0000] {processor.py:830} INFO - Processing file /opt/airflow/dags/data_quality_checks.py for tasks to queue
[2026-02-05T22:50:18.932+0000] {logging_mixin.py:188} INFO - [2026-02-05T22:50:18.932+0000] {dagbag.py:538} INFO - Filling up the DagBag from /opt/airflow/dags/data_quality_checks.py
[2026-02-05T22:50:21.807+0000] {logging_mixin.py:188} INFO - [2026-02-05T22:50:21.807+0000] {warnings.py:110} WARNING - /opt/airflow/dags/data_quality_checks.py:50: RemovedInAirflow3Warning: Param `schedule_interval` is deprecated and will be removed in a future release. Please use `schedule` instead. 
  with DAG(
[2026-02-05T22:50:21.812+0000] {processor.py:840} INFO - DAG(s) 'data_quality_checks' retrieved from /opt/airflow/dags/data_quality_checks.py
[2026-02-05T22:50:21.833+0000] {logging_mixin.py:188} INFO - [2026-02-05T22:50:21.833+0000] {dag.py:3036} INFO - Sync 1 DAGs
[2026-02-05T22:50:21.850+0000] {logging_mixin.py:188} INFO - [2026-02-05T22:50:21.850+0000] {dag.py:3823} INFO - Setting next_dagrun for data_quality_checks to 2026-02-04 00:00:00+00:00, run_after=2026-02-05 00:00:00+00:00
[2026-02-05T22:50:21.867+0000] {processor.py:183} INFO - Processing /opt/airflow/dags/data_quality_checks.py took 2.941 seconds
[2026-02-05T22:50:52.506+0000] {processor.py:161} INFO - Started process (PID=4858) to work on /opt/airflow/dags/data_quality_checks.py
[2026-02-05T22:50:52.507+0000] {processor.py:830} INFO - Processing file /opt/airflow/dags/data_quality_checks.py for tasks to queue
[2026-02-05T22:50:52.508+0000] {logging_mixin.py:188} INFO - [2026-02-05T22:50:52.508+0000] {dagbag.py:538} INFO - Filling up the DagBag from /opt/airflow/dags/data_quality_checks.py
[2026-02-05T22:50:55.239+0000] {logging_mixin.py:188} INFO - [2026-02-05T22:50:55.239+0000] {warnings.py:110} WARNING - /opt/airflow/dags/data_quality_checks.py:50: RemovedInAirflow3Warning: Param `schedule_interval` is deprecated and will be removed in a future release. Please use `schedule` instead. 
  with DAG(
[2026-02-05T22:50:55.244+0000] {processor.py:840} INFO - DAG(s) 'data_quality_checks' retrieved from /opt/airflow/dags/data_quality_checks.py
[2026-02-05T22:50:55.266+0000] {logging_mixin.py:188} INFO - [2026-02-05T22:50:55.265+0000] {dag.py:3036} INFO - Sync 1 DAGs
[2026-02-05T22:50:55.285+0000] {logging_mixin.py:188} INFO - [2026-02-05T22:50:55.285+0000] {dag.py:3823} INFO - Setting next_dagrun for data_quality_checks to 2026-02-04 00:00:00+00:00, run_after=2026-02-05 00:00:00+00:00
[2026-02-05T22:50:55.303+0000] {processor.py:183} INFO - Processing /opt/airflow/dags/data_quality_checks.py took 2.801 seconds
[2026-02-05T22:51:25.436+0000] {processor.py:161} INFO - Started process (PID=4887) to work on /opt/airflow/dags/data_quality_checks.py
[2026-02-05T22:51:25.437+0000] {processor.py:830} INFO - Processing file /opt/airflow/dags/data_quality_checks.py for tasks to queue
[2026-02-05T22:51:25.438+0000] {logging_mixin.py:188} INFO - [2026-02-05T22:51:25.437+0000] {dagbag.py:538} INFO - Filling up the DagBag from /opt/airflow/dags/data_quality_checks.py
[2026-02-05T22:51:27.959+0000] {logging_mixin.py:188} INFO - [2026-02-05T22:51:27.959+0000] {warnings.py:110} WARNING - /opt/airflow/dags/data_quality_checks.py:50: RemovedInAirflow3Warning: Param `schedule_interval` is deprecated and will be removed in a future release. Please use `schedule` instead. 
  with DAG(
[2026-02-05T22:51:27.967+0000] {processor.py:840} INFO - DAG(s) 'data_quality_checks' retrieved from /opt/airflow/dags/data_quality_checks.py
[2026-02-05T22:51:27.999+0000] {logging_mixin.py:188} INFO - [2026-02-05T22:51:27.999+0000] {dag.py:3036} INFO - Sync 1 DAGs
[2026-02-05T22:51:28.027+0000] {logging_mixin.py:188} INFO - [2026-02-05T22:51:28.026+0000] {dag.py:3823} INFO - Setting next_dagrun for data_quality_checks to 2026-02-04 00:00:00+00:00, run_after=2026-02-05 00:00:00+00:00
[2026-02-05T22:51:28.052+0000] {processor.py:183} INFO - Processing /opt/airflow/dags/data_quality_checks.py took 2.619 seconds
[2026-02-05T22:51:58.751+0000] {processor.py:161} INFO - Started process (PID=4916) to work on /opt/airflow/dags/data_quality_checks.py
[2026-02-05T22:51:58.752+0000] {processor.py:830} INFO - Processing file /opt/airflow/dags/data_quality_checks.py for tasks to queue
[2026-02-05T22:51:58.752+0000] {logging_mixin.py:188} INFO - [2026-02-05T22:51:58.752+0000] {dagbag.py:538} INFO - Filling up the DagBag from /opt/airflow/dags/data_quality_checks.py
[2026-02-05T22:52:01.367+0000] {logging_mixin.py:188} INFO - [2026-02-05T22:52:01.367+0000] {warnings.py:110} WARNING - /opt/airflow/dags/data_quality_checks.py:50: RemovedInAirflow3Warning: Param `schedule_interval` is deprecated and will be removed in a future release. Please use `schedule` instead. 
  with DAG(
[2026-02-05T22:52:01.373+0000] {processor.py:840} INFO - DAG(s) 'data_quality_checks' retrieved from /opt/airflow/dags/data_quality_checks.py
[2026-02-05T22:52:01.395+0000] {logging_mixin.py:188} INFO - [2026-02-05T22:52:01.395+0000] {dag.py:3036} INFO - Sync 1 DAGs
[2026-02-05T22:52:01.413+0000] {logging_mixin.py:188} INFO - [2026-02-05T22:52:01.413+0000] {dag.py:3823} INFO - Setting next_dagrun for data_quality_checks to 2026-02-04 00:00:00+00:00, run_after=2026-02-05 00:00:00+00:00
[2026-02-05T22:52:01.428+0000] {processor.py:183} INFO - Processing /opt/airflow/dags/data_quality_checks.py took 2.683 seconds
[2026-02-05T22:52:32.103+0000] {processor.py:161} INFO - Started process (PID=4952) to work on /opt/airflow/dags/data_quality_checks.py
[2026-02-05T22:52:32.104+0000] {processor.py:830} INFO - Processing file /opt/airflow/dags/data_quality_checks.py for tasks to queue
[2026-02-05T22:52:32.105+0000] {logging_mixin.py:188} INFO - [2026-02-05T22:52:32.105+0000] {dagbag.py:538} INFO - Filling up the DagBag from /opt/airflow/dags/data_quality_checks.py
[2026-02-05T22:52:34.591+0000] {logging_mixin.py:188} INFO - [2026-02-05T22:52:34.590+0000] {warnings.py:110} WARNING - /opt/airflow/dags/data_quality_checks.py:50: RemovedInAirflow3Warning: Param `schedule_interval` is deprecated and will be removed in a future release. Please use `schedule` instead. 
  with DAG(
[2026-02-05T22:52:34.596+0000] {processor.py:840} INFO - DAG(s) 'data_quality_checks' retrieved from /opt/airflow/dags/data_quality_checks.py
[2026-02-05T22:52:34.619+0000] {logging_mixin.py:188} INFO - [2026-02-05T22:52:34.619+0000] {dag.py:3036} INFO - Sync 1 DAGs
[2026-02-05T22:52:34.637+0000] {logging_mixin.py:188} INFO - [2026-02-05T22:52:34.637+0000] {dag.py:3823} INFO - Setting next_dagrun for data_quality_checks to 2026-02-04 00:00:00+00:00, run_after=2026-02-05 00:00:00+00:00
[2026-02-05T22:52:34.657+0000] {processor.py:183} INFO - Processing /opt/airflow/dags/data_quality_checks.py took 2.557 seconds
[2026-02-05T22:53:05.605+0000] {processor.py:161} INFO - Started process (PID=4981) to work on /opt/airflow/dags/data_quality_checks.py
[2026-02-05T22:53:05.606+0000] {processor.py:830} INFO - Processing file /opt/airflow/dags/data_quality_checks.py for tasks to queue
[2026-02-05T22:53:05.607+0000] {logging_mixin.py:188} INFO - [2026-02-05T22:53:05.607+0000] {dagbag.py:538} INFO - Filling up the DagBag from /opt/airflow/dags/data_quality_checks.py
[2026-02-05T22:53:08.375+0000] {logging_mixin.py:188} INFO - [2026-02-05T22:53:08.375+0000] {warnings.py:110} WARNING - /opt/airflow/dags/data_quality_checks.py:50: RemovedInAirflow3Warning: Param `schedule_interval` is deprecated and will be removed in a future release. Please use `schedule` instead. 
  with DAG(
[2026-02-05T22:53:08.380+0000] {processor.py:840} INFO - DAG(s) 'data_quality_checks' retrieved from /opt/airflow/dags/data_quality_checks.py
[2026-02-05T22:53:08.403+0000] {logging_mixin.py:188} INFO - [2026-02-05T22:53:08.403+0000] {dag.py:3036} INFO - Sync 1 DAGs
[2026-02-05T22:53:08.419+0000] {logging_mixin.py:188} INFO - [2026-02-05T22:53:08.419+0000] {dag.py:3823} INFO - Setting next_dagrun for data_quality_checks to 2026-02-04 00:00:00+00:00, run_after=2026-02-05 00:00:00+00:00
[2026-02-05T22:53:08.439+0000] {processor.py:183} INFO - Processing /opt/airflow/dags/data_quality_checks.py took 2.838 seconds
[2026-02-05T22:53:38.990+0000] {processor.py:161} INFO - Started process (PID=5010) to work on /opt/airflow/dags/data_quality_checks.py
[2026-02-05T22:53:38.991+0000] {processor.py:830} INFO - Processing file /opt/airflow/dags/data_quality_checks.py for tasks to queue
[2026-02-05T22:53:38.992+0000] {logging_mixin.py:188} INFO - [2026-02-05T22:53:38.991+0000] {dagbag.py:538} INFO - Filling up the DagBag from /opt/airflow/dags/data_quality_checks.py
[2026-02-05T22:53:41.658+0000] {logging_mixin.py:188} INFO - [2026-02-05T22:53:41.657+0000] {warnings.py:110} WARNING - /opt/airflow/dags/data_quality_checks.py:50: RemovedInAirflow3Warning: Param `schedule_interval` is deprecated and will be removed in a future release. Please use `schedule` instead. 
  with DAG(
[2026-02-05T22:53:41.664+0000] {processor.py:840} INFO - DAG(s) 'data_quality_checks' retrieved from /opt/airflow/dags/data_quality_checks.py
[2026-02-05T22:53:41.685+0000] {logging_mixin.py:188} INFO - [2026-02-05T22:53:41.685+0000] {dag.py:3036} INFO - Sync 1 DAGs
[2026-02-05T22:53:41.704+0000] {logging_mixin.py:188} INFO - [2026-02-05T22:53:41.703+0000] {dag.py:3823} INFO - Setting next_dagrun for data_quality_checks to 2026-02-04 00:00:00+00:00, run_after=2026-02-05 00:00:00+00:00
[2026-02-05T22:53:41.719+0000] {processor.py:183} INFO - Processing /opt/airflow/dags/data_quality_checks.py took 2.733 seconds
[2026-02-05T22:54:12.446+0000] {processor.py:161} INFO - Started process (PID=5044) to work on /opt/airflow/dags/data_quality_checks.py
[2026-02-05T22:54:12.448+0000] {processor.py:830} INFO - Processing file /opt/airflow/dags/data_quality_checks.py for tasks to queue
[2026-02-05T22:54:12.449+0000] {logging_mixin.py:188} INFO - [2026-02-05T22:54:12.448+0000] {dagbag.py:538} INFO - Filling up the DagBag from /opt/airflow/dags/data_quality_checks.py
[2026-02-05T22:54:15.090+0000] {logging_mixin.py:188} INFO - [2026-02-05T22:54:15.090+0000] {warnings.py:110} WARNING - /opt/airflow/dags/data_quality_checks.py:50: RemovedInAirflow3Warning: Param `schedule_interval` is deprecated and will be removed in a future release. Please use `schedule` instead. 
  with DAG(
[2026-02-05T22:54:15.095+0000] {processor.py:840} INFO - DAG(s) 'data_quality_checks' retrieved from /opt/airflow/dags/data_quality_checks.py
[2026-02-05T22:54:15.114+0000] {logging_mixin.py:188} INFO - [2026-02-05T22:54:15.113+0000] {dag.py:3036} INFO - Sync 1 DAGs
[2026-02-05T22:54:15.130+0000] {logging_mixin.py:188} INFO - [2026-02-05T22:54:15.130+0000] {dag.py:3823} INFO - Setting next_dagrun for data_quality_checks to 2026-02-04 00:00:00+00:00, run_after=2026-02-05 00:00:00+00:00
[2026-02-05T22:54:15.147+0000] {processor.py:183} INFO - Processing /opt/airflow/dags/data_quality_checks.py took 2.703 seconds
