[2026-02-05T05:08:59.107+0000] {processor.py:161} INFO - Started process (PID=180) to work on /opt/airflow/dags/ecommerce_etl.py
[2026-02-05T05:08:59.109+0000] {processor.py:830} INFO - Processing file /opt/airflow/dags/ecommerce_etl.py for tasks to queue
[2026-02-05T05:08:59.111+0000] {logging_mixin.py:188} INFO - [2026-02-05T05:08:59.111+0000] {dagbag.py:538} INFO - Filling up the DagBag from /opt/airflow/dags/ecommerce_etl.py
[2026-02-05T05:08:59.183+0000] {logging_mixin.py:188} INFO - [2026-02-05T05:08:59.173+0000] {dagbag.py:348} ERROR - Failed to import: /opt/airflow/dags/ecommerce_etl.py
Traceback (most recent call last):
  File "/home/airflow/.local/lib/python3.11/site-packages/airflow/models/dagbag.py", line 344, in parse
    loader.exec_module(new_module)
  File "<frozen importlib._bootstrap_external>", line 940, in exec_module
  File "<frozen importlib._bootstrap>", line 241, in _call_with_frames_removed
  File "/opt/airflow/dags/ecommerce_etl.py", line 5, in <module>
    import pandas as pd
  File "/home/airflow/.local/lib/python3.11/site-packages/pandas/__init__.py", line 22, in <module>
    from pandas.compat import is_numpy_dev as _is_numpy_dev  # pyright: ignore # noqa:F401
    ^^^^^^^^^^^^^^^^^^^^^^^^^^^^^^^^^^^^^^^^^^^^^^^^^^^^^^^
  File "/home/airflow/.local/lib/python3.11/site-packages/pandas/compat/__init__.py", line 25, in <module>
    from pandas.compat.numpy import (
  File "/home/airflow/.local/lib/python3.11/site-packages/pandas/compat/numpy/__init__.py", line 4, in <module>
    from pandas.util.version import Version
  File "/home/airflow/.local/lib/python3.11/site-packages/pandas/util/__init__.py", line 2, in <module>
    from pandas.util._decorators import (  # noqa:F401
  File "/home/airflow/.local/lib/python3.11/site-packages/pandas/util/_decorators.py", line 14, in <module>
    from pandas._libs.properties import cache_readonly
  File "/home/airflow/.local/lib/python3.11/site-packages/pandas/_libs/__init__.py", line 13, in <module>
    from pandas._libs.interval import Interval
  File "pandas/_libs/interval.pyx", line 1, in init pandas._libs.interval
ValueError: numpy.dtype size changed, may indicate binary incompatibility. Expected 96 from C header, got 88 from PyObject
[2026-02-05T05:08:59.185+0000] {processor.py:842} WARNING - No viable dags retrieved from /opt/airflow/dags/ecommerce_etl.py
[2026-02-05T05:08:59.239+0000] {processor.py:183} INFO - Processing /opt/airflow/dags/ecommerce_etl.py took 0.136 seconds
[2026-02-05T05:09:29.373+0000] {processor.py:161} INFO - Started process (PID=209) to work on /opt/airflow/dags/ecommerce_etl.py
[2026-02-05T05:09:29.375+0000] {processor.py:830} INFO - Processing file /opt/airflow/dags/ecommerce_etl.py for tasks to queue
[2026-02-05T05:09:29.376+0000] {logging_mixin.py:188} INFO - [2026-02-05T05:09:29.376+0000] {dagbag.py:538} INFO - Filling up the DagBag from /opt/airflow/dags/ecommerce_etl.py
[2026-02-05T05:09:29.425+0000] {logging_mixin.py:188} INFO - [2026-02-05T05:09:29.416+0000] {dagbag.py:348} ERROR - Failed to import: /opt/airflow/dags/ecommerce_etl.py
Traceback (most recent call last):
  File "/home/airflow/.local/lib/python3.11/site-packages/airflow/models/dagbag.py", line 344, in parse
    loader.exec_module(new_module)
  File "<frozen importlib._bootstrap_external>", line 940, in exec_module
  File "<frozen importlib._bootstrap>", line 241, in _call_with_frames_removed
  File "/opt/airflow/dags/ecommerce_etl.py", line 5, in <module>
    import pandas as pd
  File "/home/airflow/.local/lib/python3.11/site-packages/pandas/__init__.py", line 22, in <module>
    from pandas.compat import is_numpy_dev as _is_numpy_dev  # pyright: ignore # noqa:F401
    ^^^^^^^^^^^^^^^^^^^^^^^^^^^^^^^^^^^^^^^^^^^^^^^^^^^^^^^
  File "/home/airflow/.local/lib/python3.11/site-packages/pandas/compat/__init__.py", line 25, in <module>
    from pandas.compat.numpy import (
  File "/home/airflow/.local/lib/python3.11/site-packages/pandas/compat/numpy/__init__.py", line 4, in <module>
    from pandas.util.version import Version
  File "/home/airflow/.local/lib/python3.11/site-packages/pandas/util/__init__.py", line 2, in <module>
    from pandas.util._decorators import (  # noqa:F401
  File "/home/airflow/.local/lib/python3.11/site-packages/pandas/util/_decorators.py", line 14, in <module>
    from pandas._libs.properties import cache_readonly
  File "/home/airflow/.local/lib/python3.11/site-packages/pandas/_libs/__init__.py", line 13, in <module>
    from pandas._libs.interval import Interval
  File "pandas/_libs/interval.pyx", line 1, in init pandas._libs.interval
ValueError: numpy.dtype size changed, may indicate binary incompatibility. Expected 96 from C header, got 88 from PyObject
[2026-02-05T05:09:29.427+0000] {processor.py:842} WARNING - No viable dags retrieved from /opt/airflow/dags/ecommerce_etl.py
[2026-02-05T05:09:29.456+0000] {processor.py:183} INFO - Processing /opt/airflow/dags/ecommerce_etl.py took 0.089 seconds
[2026-02-05T05:09:59.650+0000] {processor.py:161} INFO - Started process (PID=220) to work on /opt/airflow/dags/ecommerce_etl.py
[2026-02-05T05:09:59.651+0000] {processor.py:830} INFO - Processing file /opt/airflow/dags/ecommerce_etl.py for tasks to queue
[2026-02-05T05:09:59.653+0000] {logging_mixin.py:188} INFO - [2026-02-05T05:09:59.652+0000] {dagbag.py:538} INFO - Filling up the DagBag from /opt/airflow/dags/ecommerce_etl.py
[2026-02-05T05:09:59.689+0000] {logging_mixin.py:188} INFO - [2026-02-05T05:09:59.683+0000] {dagbag.py:348} ERROR - Failed to import: /opt/airflow/dags/ecommerce_etl.py
Traceback (most recent call last):
  File "/home/airflow/.local/lib/python3.11/site-packages/airflow/models/dagbag.py", line 344, in parse
    loader.exec_module(new_module)
  File "<frozen importlib._bootstrap_external>", line 940, in exec_module
  File "<frozen importlib._bootstrap>", line 241, in _call_with_frames_removed
  File "/opt/airflow/dags/ecommerce_etl.py", line 5, in <module>
    import pandas as pd
  File "/home/airflow/.local/lib/python3.11/site-packages/pandas/__init__.py", line 22, in <module>
    from pandas.compat import is_numpy_dev as _is_numpy_dev  # pyright: ignore # noqa:F401
    ^^^^^^^^^^^^^^^^^^^^^^^^^^^^^^^^^^^^^^^^^^^^^^^^^^^^^^^
  File "/home/airflow/.local/lib/python3.11/site-packages/pandas/compat/__init__.py", line 25, in <module>
    from pandas.compat.numpy import (
  File "/home/airflow/.local/lib/python3.11/site-packages/pandas/compat/numpy/__init__.py", line 4, in <module>
    from pandas.util.version import Version
  File "/home/airflow/.local/lib/python3.11/site-packages/pandas/util/__init__.py", line 2, in <module>
    from pandas.util._decorators import (  # noqa:F401
  File "/home/airflow/.local/lib/python3.11/site-packages/pandas/util/_decorators.py", line 14, in <module>
    from pandas._libs.properties import cache_readonly
  File "/home/airflow/.local/lib/python3.11/site-packages/pandas/_libs/__init__.py", line 13, in <module>
    from pandas._libs.interval import Interval
  File "pandas/_libs/interval.pyx", line 1, in init pandas._libs.interval
ValueError: numpy.dtype size changed, may indicate binary incompatibility. Expected 96 from C header, got 88 from PyObject
[2026-02-05T05:09:59.690+0000] {processor.py:842} WARNING - No viable dags retrieved from /opt/airflow/dags/ecommerce_etl.py
[2026-02-05T05:09:59.711+0000] {processor.py:183} INFO - Processing /opt/airflow/dags/ecommerce_etl.py took 0.063 seconds
[2026-02-05T05:10:29.851+0000] {processor.py:161} INFO - Started process (PID=231) to work on /opt/airflow/dags/ecommerce_etl.py
[2026-02-05T05:10:29.852+0000] {processor.py:830} INFO - Processing file /opt/airflow/dags/ecommerce_etl.py for tasks to queue
[2026-02-05T05:10:29.853+0000] {logging_mixin.py:188} INFO - [2026-02-05T05:10:29.853+0000] {dagbag.py:538} INFO - Filling up the DagBag from /opt/airflow/dags/ecommerce_etl.py
[2026-02-05T05:10:29.890+0000] {logging_mixin.py:188} INFO - [2026-02-05T05:10:29.882+0000] {dagbag.py:348} ERROR - Failed to import: /opt/airflow/dags/ecommerce_etl.py
Traceback (most recent call last):
  File "/home/airflow/.local/lib/python3.11/site-packages/airflow/models/dagbag.py", line 344, in parse
    loader.exec_module(new_module)
  File "<frozen importlib._bootstrap_external>", line 940, in exec_module
  File "<frozen importlib._bootstrap>", line 241, in _call_with_frames_removed
  File "/opt/airflow/dags/ecommerce_etl.py", line 5, in <module>
    import pandas as pd
  File "/home/airflow/.local/lib/python3.11/site-packages/pandas/__init__.py", line 22, in <module>
    from pandas.compat import is_numpy_dev as _is_numpy_dev  # pyright: ignore # noqa:F401
    ^^^^^^^^^^^^^^^^^^^^^^^^^^^^^^^^^^^^^^^^^^^^^^^^^^^^^^^
  File "/home/airflow/.local/lib/python3.11/site-packages/pandas/compat/__init__.py", line 25, in <module>
    from pandas.compat.numpy import (
  File "/home/airflow/.local/lib/python3.11/site-packages/pandas/compat/numpy/__init__.py", line 4, in <module>
    from pandas.util.version import Version
  File "/home/airflow/.local/lib/python3.11/site-packages/pandas/util/__init__.py", line 2, in <module>
    from pandas.util._decorators import (  # noqa:F401
  File "/home/airflow/.local/lib/python3.11/site-packages/pandas/util/_decorators.py", line 14, in <module>
    from pandas._libs.properties import cache_readonly
  File "/home/airflow/.local/lib/python3.11/site-packages/pandas/_libs/__init__.py", line 13, in <module>
    from pandas._libs.interval import Interval
  File "pandas/_libs/interval.pyx", line 1, in init pandas._libs.interval
ValueError: numpy.dtype size changed, may indicate binary incompatibility. Expected 96 from C header, got 88 from PyObject
[2026-02-05T05:10:29.891+0000] {processor.py:842} WARNING - No viable dags retrieved from /opt/airflow/dags/ecommerce_etl.py
[2026-02-05T05:10:29.935+0000] {processor.py:183} INFO - Processing /opt/airflow/dags/ecommerce_etl.py took 0.087 seconds
[2026-02-05T05:11:00.067+0000] {processor.py:161} INFO - Started process (PID=242) to work on /opt/airflow/dags/ecommerce_etl.py
[2026-02-05T05:11:00.068+0000] {processor.py:830} INFO - Processing file /opt/airflow/dags/ecommerce_etl.py for tasks to queue
[2026-02-05T05:11:00.069+0000] {logging_mixin.py:188} INFO - [2026-02-05T05:11:00.068+0000] {dagbag.py:538} INFO - Filling up the DagBag from /opt/airflow/dags/ecommerce_etl.py
[2026-02-05T05:11:00.107+0000] {logging_mixin.py:188} INFO - [2026-02-05T05:11:00.097+0000] {dagbag.py:348} ERROR - Failed to import: /opt/airflow/dags/ecommerce_etl.py
Traceback (most recent call last):
  File "/home/airflow/.local/lib/python3.11/site-packages/airflow/models/dagbag.py", line 344, in parse
    loader.exec_module(new_module)
  File "<frozen importlib._bootstrap_external>", line 940, in exec_module
  File "<frozen importlib._bootstrap>", line 241, in _call_with_frames_removed
  File "/opt/airflow/dags/ecommerce_etl.py", line 5, in <module>
    import pandas as pd
  File "/home/airflow/.local/lib/python3.11/site-packages/pandas/__init__.py", line 22, in <module>
    from pandas.compat import is_numpy_dev as _is_numpy_dev  # pyright: ignore # noqa:F401
    ^^^^^^^^^^^^^^^^^^^^^^^^^^^^^^^^^^^^^^^^^^^^^^^^^^^^^^^
  File "/home/airflow/.local/lib/python3.11/site-packages/pandas/compat/__init__.py", line 25, in <module>
    from pandas.compat.numpy import (
  File "/home/airflow/.local/lib/python3.11/site-packages/pandas/compat/numpy/__init__.py", line 4, in <module>
    from pandas.util.version import Version
  File "/home/airflow/.local/lib/python3.11/site-packages/pandas/util/__init__.py", line 2, in <module>
    from pandas.util._decorators import (  # noqa:F401
  File "/home/airflow/.local/lib/python3.11/site-packages/pandas/util/_decorators.py", line 14, in <module>
    from pandas._libs.properties import cache_readonly
  File "/home/airflow/.local/lib/python3.11/site-packages/pandas/_libs/__init__.py", line 13, in <module>
    from pandas._libs.interval import Interval
  File "pandas/_libs/interval.pyx", line 1, in init pandas._libs.interval
ValueError: numpy.dtype size changed, may indicate binary incompatibility. Expected 96 from C header, got 88 from PyObject
[2026-02-05T05:11:00.108+0000] {processor.py:842} WARNING - No viable dags retrieved from /opt/airflow/dags/ecommerce_etl.py
[2026-02-05T05:11:00.130+0000] {processor.py:183} INFO - Processing /opt/airflow/dags/ecommerce_etl.py took 0.066 seconds
[2026-02-05T05:11:30.303+0000] {processor.py:161} INFO - Started process (PID=253) to work on /opt/airflow/dags/ecommerce_etl.py
[2026-02-05T05:11:30.304+0000] {processor.py:830} INFO - Processing file /opt/airflow/dags/ecommerce_etl.py for tasks to queue
[2026-02-05T05:11:30.305+0000] {logging_mixin.py:188} INFO - [2026-02-05T05:11:30.305+0000] {dagbag.py:538} INFO - Filling up the DagBag from /opt/airflow/dags/ecommerce_etl.py
[2026-02-05T05:11:30.352+0000] {logging_mixin.py:188} INFO - [2026-02-05T05:11:30.344+0000] {dagbag.py:348} ERROR - Failed to import: /opt/airflow/dags/ecommerce_etl.py
Traceback (most recent call last):
  File "/home/airflow/.local/lib/python3.11/site-packages/airflow/models/dagbag.py", line 344, in parse
    loader.exec_module(new_module)
  File "<frozen importlib._bootstrap_external>", line 940, in exec_module
  File "<frozen importlib._bootstrap>", line 241, in _call_with_frames_removed
  File "/opt/airflow/dags/ecommerce_etl.py", line 5, in <module>
    import pandas as pd
  File "/home/airflow/.local/lib/python3.11/site-packages/pandas/__init__.py", line 22, in <module>
    from pandas.compat import is_numpy_dev as _is_numpy_dev  # pyright: ignore # noqa:F401
    ^^^^^^^^^^^^^^^^^^^^^^^^^^^^^^^^^^^^^^^^^^^^^^^^^^^^^^^
  File "/home/airflow/.local/lib/python3.11/site-packages/pandas/compat/__init__.py", line 25, in <module>
    from pandas.compat.numpy import (
  File "/home/airflow/.local/lib/python3.11/site-packages/pandas/compat/numpy/__init__.py", line 4, in <module>
    from pandas.util.version import Version
  File "/home/airflow/.local/lib/python3.11/site-packages/pandas/util/__init__.py", line 2, in <module>
    from pandas.util._decorators import (  # noqa:F401
  File "/home/airflow/.local/lib/python3.11/site-packages/pandas/util/_decorators.py", line 14, in <module>
    from pandas._libs.properties import cache_readonly
  File "/home/airflow/.local/lib/python3.11/site-packages/pandas/_libs/__init__.py", line 13, in <module>
    from pandas._libs.interval import Interval
  File "pandas/_libs/interval.pyx", line 1, in init pandas._libs.interval
ValueError: numpy.dtype size changed, may indicate binary incompatibility. Expected 96 from C header, got 88 from PyObject
[2026-02-05T05:11:30.353+0000] {processor.py:842} WARNING - No viable dags retrieved from /opt/airflow/dags/ecommerce_etl.py
[2026-02-05T05:11:30.400+0000] {processor.py:183} INFO - Processing /opt/airflow/dags/ecommerce_etl.py took 0.100 seconds
[2026-02-05T15:03:00.662+0000] {processor.py:161} INFO - Started process (PID=186) to work on /opt/airflow/dags/ecommerce_etl.py
[2026-02-05T15:03:00.665+0000] {processor.py:830} INFO - Processing file /opt/airflow/dags/ecommerce_etl.py for tasks to queue
[2026-02-05T15:03:00.667+0000] {logging_mixin.py:188} INFO - [2026-02-05T15:03:00.666+0000] {dagbag.py:538} INFO - Filling up the DagBag from /opt/airflow/dags/ecommerce_etl.py
[2026-02-05T15:03:00.727+0000] {processor.py:840} INFO - DAG(s) 'test_simple' retrieved from /opt/airflow/dags/ecommerce_etl.py
[2026-02-05T15:03:00.772+0000] {logging_mixin.py:188} INFO - [2026-02-05T15:03:00.772+0000] {dag.py:3036} INFO - Sync 1 DAGs
[2026-02-05T15:03:00.817+0000] {logging_mixin.py:188} INFO - [2026-02-05T15:03:00.816+0000] {dag.py:3823} INFO - Setting next_dagrun for test_simple to 2026-02-04 00:00:00+00:00, run_after=2026-02-05 00:00:00+00:00
[2026-02-05T15:03:00.851+0000] {processor.py:183} INFO - Processing /opt/airflow/dags/ecommerce_etl.py took 0.192 seconds
[2026-02-05T15:03:30.916+0000] {processor.py:161} INFO - Started process (PID=209) to work on /opt/airflow/dags/ecommerce_etl.py
[2026-02-05T15:03:30.917+0000] {processor.py:830} INFO - Processing file /opt/airflow/dags/ecommerce_etl.py for tasks to queue
[2026-02-05T15:03:30.918+0000] {logging_mixin.py:188} INFO - [2026-02-05T15:03:30.918+0000] {dagbag.py:538} INFO - Filling up the DagBag from /opt/airflow/dags/ecommerce_etl.py
[2026-02-05T15:03:30.945+0000] {processor.py:840} INFO - DAG(s) 'test_simple' retrieved from /opt/airflow/dags/ecommerce_etl.py
[2026-02-05T15:03:31.164+0000] {logging_mixin.py:188} INFO - [2026-02-05T15:03:31.163+0000] {dag.py:3036} INFO - Sync 1 DAGs
[2026-02-05T15:03:31.184+0000] {logging_mixin.py:188} INFO - [2026-02-05T15:03:31.184+0000] {dag.py:3823} INFO - Setting next_dagrun for test_simple to 2026-02-04 00:00:00+00:00, run_after=2026-02-05 00:00:00+00:00
[2026-02-05T15:03:31.205+0000] {processor.py:183} INFO - Processing /opt/airflow/dags/ecommerce_etl.py took 0.294 seconds
[2026-02-05T15:04:01.251+0000] {processor.py:161} INFO - Started process (PID=220) to work on /opt/airflow/dags/ecommerce_etl.py
[2026-02-05T15:04:01.252+0000] {processor.py:830} INFO - Processing file /opt/airflow/dags/ecommerce_etl.py for tasks to queue
[2026-02-05T15:04:01.253+0000] {logging_mixin.py:188} INFO - [2026-02-05T15:04:01.253+0000] {dagbag.py:538} INFO - Filling up the DagBag from /opt/airflow/dags/ecommerce_etl.py
[2026-02-05T15:04:01.276+0000] {processor.py:840} INFO - DAG(s) 'test_simple' retrieved from /opt/airflow/dags/ecommerce_etl.py
[2026-02-05T15:04:01.306+0000] {logging_mixin.py:188} INFO - [2026-02-05T15:04:01.305+0000] {dag.py:3036} INFO - Sync 1 DAGs
[2026-02-05T15:04:01.328+0000] {logging_mixin.py:188} INFO - [2026-02-05T15:04:01.328+0000] {dag.py:3823} INFO - Setting next_dagrun for test_simple to 2026-02-04 00:00:00+00:00, run_after=2026-02-05 00:00:00+00:00
[2026-02-05T15:04:01.348+0000] {processor.py:183} INFO - Processing /opt/airflow/dags/ecommerce_etl.py took 0.100 seconds
[2026-02-05T15:04:31.435+0000] {processor.py:161} INFO - Started process (PID=231) to work on /opt/airflow/dags/ecommerce_etl.py
[2026-02-05T15:04:31.436+0000] {processor.py:830} INFO - Processing file /opt/airflow/dags/ecommerce_etl.py for tasks to queue
[2026-02-05T15:04:31.438+0000] {logging_mixin.py:188} INFO - [2026-02-05T15:04:31.438+0000] {dagbag.py:538} INFO - Filling up the DagBag from /opt/airflow/dags/ecommerce_etl.py
[2026-02-05T15:04:31.466+0000] {processor.py:840} INFO - DAG(s) 'test_simple' retrieved from /opt/airflow/dags/ecommerce_etl.py
[2026-02-05T15:04:31.498+0000] {logging_mixin.py:188} INFO - [2026-02-05T15:04:31.498+0000] {dag.py:3036} INFO - Sync 1 DAGs
[2026-02-05T15:04:31.526+0000] {logging_mixin.py:188} INFO - [2026-02-05T15:04:31.526+0000] {dag.py:3823} INFO - Setting next_dagrun for test_simple to 2026-02-04 00:00:00+00:00, run_after=2026-02-05 00:00:00+00:00
[2026-02-05T15:04:31.547+0000] {processor.py:183} INFO - Processing /opt/airflow/dags/ecommerce_etl.py took 0.116 seconds
[2026-02-05T15:05:01.715+0000] {processor.py:161} INFO - Started process (PID=242) to work on /opt/airflow/dags/ecommerce_etl.py
[2026-02-05T15:05:01.716+0000] {processor.py:830} INFO - Processing file /opt/airflow/dags/ecommerce_etl.py for tasks to queue
[2026-02-05T15:05:01.717+0000] {logging_mixin.py:188} INFO - [2026-02-05T15:05:01.717+0000] {dagbag.py:538} INFO - Filling up the DagBag from /opt/airflow/dags/ecommerce_etl.py
[2026-02-05T15:05:01.742+0000] {processor.py:840} INFO - DAG(s) 'test_simple' retrieved from /opt/airflow/dags/ecommerce_etl.py
[2026-02-05T15:05:01.781+0000] {logging_mixin.py:188} INFO - [2026-02-05T15:05:01.780+0000] {dag.py:3036} INFO - Sync 1 DAGs
[2026-02-05T15:05:01.805+0000] {logging_mixin.py:188} INFO - [2026-02-05T15:05:01.805+0000] {dag.py:3823} INFO - Setting next_dagrun for test_simple to 2026-02-04 00:00:00+00:00, run_after=2026-02-05 00:00:00+00:00
[2026-02-05T15:05:01.829+0000] {processor.py:183} INFO - Processing /opt/airflow/dags/ecommerce_etl.py took 0.117 seconds
[2026-02-05T15:05:31.914+0000] {processor.py:161} INFO - Started process (PID=253) to work on /opt/airflow/dags/ecommerce_etl.py
[2026-02-05T15:05:31.916+0000] {processor.py:830} INFO - Processing file /opt/airflow/dags/ecommerce_etl.py for tasks to queue
[2026-02-05T15:05:31.917+0000] {logging_mixin.py:188} INFO - [2026-02-05T15:05:31.917+0000] {dagbag.py:538} INFO - Filling up the DagBag from /opt/airflow/dags/ecommerce_etl.py
[2026-02-05T15:05:31.950+0000] {processor.py:840} INFO - DAG(s) 'test_simple' retrieved from /opt/airflow/dags/ecommerce_etl.py
[2026-02-05T15:05:31.980+0000] {logging_mixin.py:188} INFO - [2026-02-05T15:05:31.980+0000] {dag.py:3036} INFO - Sync 1 DAGs
[2026-02-05T15:05:32.006+0000] {logging_mixin.py:188} INFO - [2026-02-05T15:05:32.005+0000] {dag.py:3823} INFO - Setting next_dagrun for test_simple to 2026-02-04 00:00:00+00:00, run_after=2026-02-05 00:00:00+00:00
[2026-02-05T15:05:32.032+0000] {processor.py:183} INFO - Processing /opt/airflow/dags/ecommerce_etl.py took 0.125 seconds
[2026-02-05T15:06:02.182+0000] {processor.py:161} INFO - Started process (PID=264) to work on /opt/airflow/dags/ecommerce_etl.py
[2026-02-05T15:06:02.182+0000] {processor.py:830} INFO - Processing file /opt/airflow/dags/ecommerce_etl.py for tasks to queue
[2026-02-05T15:06:02.183+0000] {logging_mixin.py:188} INFO - [2026-02-05T15:06:02.183+0000] {dagbag.py:538} INFO - Filling up the DagBag from /opt/airflow/dags/ecommerce_etl.py
[2026-02-05T15:06:02.206+0000] {processor.py:840} INFO - DAG(s) 'test_simple' retrieved from /opt/airflow/dags/ecommerce_etl.py
[2026-02-05T15:06:02.235+0000] {logging_mixin.py:188} INFO - [2026-02-05T15:06:02.235+0000] {dag.py:3036} INFO - Sync 1 DAGs
[2026-02-05T15:06:02.262+0000] {logging_mixin.py:188} INFO - [2026-02-05T15:06:02.261+0000] {dag.py:3823} INFO - Setting next_dagrun for test_simple to 2026-02-04 00:00:00+00:00, run_after=2026-02-05 00:00:00+00:00
[2026-02-05T15:06:02.285+0000] {processor.py:183} INFO - Processing /opt/airflow/dags/ecommerce_etl.py took 0.106 seconds
[2026-02-05T15:06:32.383+0000] {processor.py:161} INFO - Started process (PID=275) to work on /opt/airflow/dags/ecommerce_etl.py
[2026-02-05T15:06:32.384+0000] {processor.py:830} INFO - Processing file /opt/airflow/dags/ecommerce_etl.py for tasks to queue
[2026-02-05T15:06:32.385+0000] {logging_mixin.py:188} INFO - [2026-02-05T15:06:32.385+0000] {dagbag.py:538} INFO - Filling up the DagBag from /opt/airflow/dags/ecommerce_etl.py
[2026-02-05T15:06:32.411+0000] {processor.py:840} INFO - DAG(s) 'test_simple' retrieved from /opt/airflow/dags/ecommerce_etl.py
[2026-02-05T15:06:32.450+0000] {logging_mixin.py:188} INFO - [2026-02-05T15:06:32.449+0000] {dag.py:3036} INFO - Sync 1 DAGs
[2026-02-05T15:06:32.480+0000] {logging_mixin.py:188} INFO - [2026-02-05T15:06:32.479+0000] {dag.py:3823} INFO - Setting next_dagrun for test_simple to 2026-02-04 00:00:00+00:00, run_after=2026-02-05 00:00:00+00:00
[2026-02-05T15:06:32.510+0000] {processor.py:183} INFO - Processing /opt/airflow/dags/ecommerce_etl.py took 0.130 seconds
[2026-02-05T15:07:02.661+0000] {processor.py:161} INFO - Started process (PID=286) to work on /opt/airflow/dags/ecommerce_etl.py
[2026-02-05T15:07:02.662+0000] {processor.py:830} INFO - Processing file /opt/airflow/dags/ecommerce_etl.py for tasks to queue
[2026-02-05T15:07:02.663+0000] {logging_mixin.py:188} INFO - [2026-02-05T15:07:02.663+0000] {dagbag.py:538} INFO - Filling up the DagBag from /opt/airflow/dags/ecommerce_etl.py
[2026-02-05T15:07:02.691+0000] {processor.py:840} INFO - DAG(s) 'test_simple' retrieved from /opt/airflow/dags/ecommerce_etl.py
[2026-02-05T15:07:02.720+0000] {logging_mixin.py:188} INFO - [2026-02-05T15:07:02.720+0000] {dag.py:3036} INFO - Sync 1 DAGs
[2026-02-05T15:07:02.742+0000] {logging_mixin.py:188} INFO - [2026-02-05T15:07:02.742+0000] {dag.py:3823} INFO - Setting next_dagrun for test_simple to 2026-02-04 00:00:00+00:00, run_after=2026-02-05 00:00:00+00:00
[2026-02-05T15:07:02.763+0000] {processor.py:183} INFO - Processing /opt/airflow/dags/ecommerce_etl.py took 0.106 seconds
[2026-02-05T15:07:32.873+0000] {processor.py:161} INFO - Started process (PID=298) to work on /opt/airflow/dags/ecommerce_etl.py
[2026-02-05T15:07:32.873+0000] {processor.py:830} INFO - Processing file /opt/airflow/dags/ecommerce_etl.py for tasks to queue
[2026-02-05T15:07:32.874+0000] {logging_mixin.py:188} INFO - [2026-02-05T15:07:32.874+0000] {dagbag.py:538} INFO - Filling up the DagBag from /opt/airflow/dags/ecommerce_etl.py
[2026-02-05T15:07:32.896+0000] {processor.py:840} INFO - DAG(s) 'test_simple' retrieved from /opt/airflow/dags/ecommerce_etl.py
[2026-02-05T15:07:32.926+0000] {logging_mixin.py:188} INFO - [2026-02-05T15:07:32.926+0000] {dag.py:3036} INFO - Sync 1 DAGs
[2026-02-05T15:07:32.945+0000] {logging_mixin.py:188} INFO - [2026-02-05T15:07:32.944+0000] {dag.py:3823} INFO - Setting next_dagrun for test_simple to 2026-02-04 00:00:00+00:00, run_after=2026-02-05 00:00:00+00:00
[2026-02-05T15:07:32.966+0000] {processor.py:183} INFO - Processing /opt/airflow/dags/ecommerce_etl.py took 0.096 seconds
[2026-02-05T15:08:03.166+0000] {processor.py:161} INFO - Started process (PID=309) to work on /opt/airflow/dags/ecommerce_etl.py
[2026-02-05T15:08:03.167+0000] {processor.py:830} INFO - Processing file /opt/airflow/dags/ecommerce_etl.py for tasks to queue
[2026-02-05T15:08:03.168+0000] {logging_mixin.py:188} INFO - [2026-02-05T15:08:03.168+0000] {dagbag.py:538} INFO - Filling up the DagBag from /opt/airflow/dags/ecommerce_etl.py
[2026-02-05T15:08:03.191+0000] {processor.py:840} INFO - DAG(s) 'test_simple' retrieved from /opt/airflow/dags/ecommerce_etl.py
[2026-02-05T15:08:03.219+0000] {logging_mixin.py:188} INFO - [2026-02-05T15:08:03.219+0000] {dag.py:3036} INFO - Sync 1 DAGs
[2026-02-05T15:08:03.243+0000] {logging_mixin.py:188} INFO - [2026-02-05T15:08:03.243+0000] {dag.py:3823} INFO - Setting next_dagrun for test_simple to 2026-02-04 00:00:00+00:00, run_after=2026-02-05 00:00:00+00:00
[2026-02-05T15:08:03.264+0000] {processor.py:183} INFO - Processing /opt/airflow/dags/ecommerce_etl.py took 0.101 seconds
[2026-02-05T15:08:33.358+0000] {processor.py:161} INFO - Started process (PID=320) to work on /opt/airflow/dags/ecommerce_etl.py
[2026-02-05T15:08:33.359+0000] {processor.py:830} INFO - Processing file /opt/airflow/dags/ecommerce_etl.py for tasks to queue
[2026-02-05T15:08:33.361+0000] {logging_mixin.py:188} INFO - [2026-02-05T15:08:33.360+0000] {dagbag.py:538} INFO - Filling up the DagBag from /opt/airflow/dags/ecommerce_etl.py
[2026-02-05T15:08:33.386+0000] {processor.py:840} INFO - DAG(s) 'test_simple' retrieved from /opt/airflow/dags/ecommerce_etl.py
[2026-02-05T15:08:33.419+0000] {logging_mixin.py:188} INFO - [2026-02-05T15:08:33.419+0000] {dag.py:3036} INFO - Sync 1 DAGs
[2026-02-05T15:08:33.440+0000] {logging_mixin.py:188} INFO - [2026-02-05T15:08:33.440+0000] {dag.py:3823} INFO - Setting next_dagrun for test_simple to 2026-02-04 00:00:00+00:00, run_after=2026-02-05 00:00:00+00:00
[2026-02-05T15:08:33.460+0000] {processor.py:183} INFO - Processing /opt/airflow/dags/ecommerce_etl.py took 0.106 seconds
[2026-02-05T15:08:36.477+0000] {processor.py:161} INFO - Started process (PID=325) to work on /opt/airflow/dags/ecommerce_etl.py
[2026-02-05T15:08:36.478+0000] {processor.py:830} INFO - Processing file /opt/airflow/dags/ecommerce_etl.py for tasks to queue
[2026-02-05T15:08:36.479+0000] {logging_mixin.py:188} INFO - [2026-02-05T15:08:36.479+0000] {dagbag.py:538} INFO - Filling up the DagBag from /opt/airflow/dags/ecommerce_etl.py
[2026-02-05T15:08:36.973+0000] {processor.py:840} INFO - DAG(s) 'ecommerce_etl_pipeline' retrieved from /opt/airflow/dags/ecommerce_etl.py
[2026-02-05T15:08:37.069+0000] {logging_mixin.py:188} INFO - [2026-02-05T15:08:37.069+0000] {override.py:1769} INFO - Created Permission View: can delete on DAG:ecommerce_etl_pipeline
[2026-02-05T15:08:37.080+0000] {logging_mixin.py:188} INFO - [2026-02-05T15:08:37.080+0000] {override.py:1769} INFO - Created Permission View: can read on DAG:ecommerce_etl_pipeline
[2026-02-05T15:08:37.086+0000] {logging_mixin.py:188} INFO - [2026-02-05T15:08:37.086+0000] {override.py:1769} INFO - Created Permission View: can edit on DAG:ecommerce_etl_pipeline
[2026-02-05T15:08:37.087+0000] {logging_mixin.py:188} INFO - [2026-02-05T15:08:37.087+0000] {dag.py:3036} INFO - Sync 1 DAGs
[2026-02-05T15:08:37.097+0000] {logging_mixin.py:188} INFO - [2026-02-05T15:08:37.097+0000] {dag.py:3058} INFO - Creating ORM DAG for ecommerce_etl_pipeline
[2026-02-05T15:08:37.107+0000] {logging_mixin.py:188} INFO - [2026-02-05T15:08:37.107+0000] {dag.py:3823} INFO - Setting next_dagrun for ecommerce_etl_pipeline to 2026-02-04 00:00:00+00:00, run_after=2026-02-05 00:00:00+00:00
[2026-02-05T15:08:37.132+0000] {processor.py:183} INFO - Processing /opt/airflow/dags/ecommerce_etl.py took 0.659 seconds
[2026-02-05T15:12:10.561+0000] {processor.py:161} INFO - Started process (PID=180) to work on /opt/airflow/dags/ecommerce_etl.py
[2026-02-05T15:12:10.592+0000] {processor.py:830} INFO - Processing file /opt/airflow/dags/ecommerce_etl.py for tasks to queue
[2026-02-05T15:12:10.594+0000] {logging_mixin.py:188} INFO - [2026-02-05T15:12:10.593+0000] {dagbag.py:538} INFO - Filling up the DagBag from /opt/airflow/dags/ecommerce_etl.py
[2026-02-05T15:12:10.967+0000] {processor.py:840} INFO - DAG(s) 'ecommerce_etl_pipeline' retrieved from /opt/airflow/dags/ecommerce_etl.py
[2026-02-05T15:12:10.995+0000] {logging_mixin.py:188} INFO - [2026-02-05T15:12:10.994+0000] {dag.py:3036} INFO - Sync 1 DAGs
[2026-02-05T15:12:11.022+0000] {logging_mixin.py:188} INFO - [2026-02-05T15:12:11.022+0000] {dag.py:3823} INFO - Setting next_dagrun for ecommerce_etl_pipeline to 2026-02-04 00:00:00+00:00, run_after=2026-02-05 00:00:00+00:00
[2026-02-05T15:12:11.048+0000] {processor.py:183} INFO - Processing /opt/airflow/dags/ecommerce_etl.py took 0.491 seconds
[2026-02-05T15:12:41.279+0000] {processor.py:161} INFO - Started process (PID=210) to work on /opt/airflow/dags/ecommerce_etl.py
[2026-02-05T15:12:41.280+0000] {processor.py:830} INFO - Processing file /opt/airflow/dags/ecommerce_etl.py for tasks to queue
[2026-02-05T15:12:41.281+0000] {logging_mixin.py:188} INFO - [2026-02-05T15:12:41.281+0000] {dagbag.py:538} INFO - Filling up the DagBag from /opt/airflow/dags/ecommerce_etl.py
[2026-02-05T15:12:41.523+0000] {processor.py:840} INFO - DAG(s) 'ecommerce_etl_pipeline' retrieved from /opt/airflow/dags/ecommerce_etl.py
[2026-02-05T15:12:41.713+0000] {logging_mixin.py:188} INFO - [2026-02-05T15:12:41.713+0000] {dag.py:3036} INFO - Sync 1 DAGs
[2026-02-05T15:12:41.731+0000] {logging_mixin.py:188} INFO - [2026-02-05T15:12:41.731+0000] {dag.py:3823} INFO - Setting next_dagrun for ecommerce_etl_pipeline to 2026-02-04 00:00:00+00:00, run_after=2026-02-05 00:00:00+00:00
[2026-02-05T15:12:41.751+0000] {processor.py:183} INFO - Processing /opt/airflow/dags/ecommerce_etl.py took 0.475 seconds
[2026-02-05T15:13:11.977+0000] {processor.py:161} INFO - Started process (PID=222) to work on /opt/airflow/dags/ecommerce_etl.py
[2026-02-05T15:13:11.978+0000] {processor.py:830} INFO - Processing file /opt/airflow/dags/ecommerce_etl.py for tasks to queue
[2026-02-05T15:13:11.980+0000] {logging_mixin.py:188} INFO - [2026-02-05T15:13:11.979+0000] {dagbag.py:538} INFO - Filling up the DagBag from /opt/airflow/dags/ecommerce_etl.py
[2026-02-05T15:13:12.233+0000] {processor.py:840} INFO - DAG(s) 'ecommerce_etl_pipeline' retrieved from /opt/airflow/dags/ecommerce_etl.py
[2026-02-05T15:13:12.263+0000] {logging_mixin.py:188} INFO - [2026-02-05T15:13:12.263+0000] {dag.py:3036} INFO - Sync 1 DAGs
[2026-02-05T15:13:12.282+0000] {logging_mixin.py:188} INFO - [2026-02-05T15:13:12.282+0000] {dag.py:3823} INFO - Setting next_dagrun for ecommerce_etl_pipeline to 2026-02-04 00:00:00+00:00, run_after=2026-02-05 00:00:00+00:00
[2026-02-05T15:13:12.302+0000] {processor.py:183} INFO - Processing /opt/airflow/dags/ecommerce_etl.py took 0.330 seconds
[2026-02-05T15:13:42.512+0000] {processor.py:161} INFO - Started process (PID=234) to work on /opt/airflow/dags/ecommerce_etl.py
[2026-02-05T15:13:42.513+0000] {processor.py:830} INFO - Processing file /opt/airflow/dags/ecommerce_etl.py for tasks to queue
[2026-02-05T15:13:42.514+0000] {logging_mixin.py:188} INFO - [2026-02-05T15:13:42.513+0000] {dagbag.py:538} INFO - Filling up the DagBag from /opt/airflow/dags/ecommerce_etl.py
[2026-02-05T15:13:42.759+0000] {processor.py:840} INFO - DAG(s) 'ecommerce_etl_pipeline' retrieved from /opt/airflow/dags/ecommerce_etl.py
[2026-02-05T15:13:42.788+0000] {logging_mixin.py:188} INFO - [2026-02-05T15:13:42.788+0000] {dag.py:3036} INFO - Sync 1 DAGs
[2026-02-05T15:13:42.808+0000] {logging_mixin.py:188} INFO - [2026-02-05T15:13:42.808+0000] {dag.py:3823} INFO - Setting next_dagrun for ecommerce_etl_pipeline to 2026-02-04 00:00:00+00:00, run_after=2026-02-05 00:00:00+00:00
[2026-02-05T15:13:42.825+0000] {processor.py:183} INFO - Processing /opt/airflow/dags/ecommerce_etl.py took 0.317 seconds
[2026-02-05T15:14:13.038+0000] {processor.py:161} INFO - Started process (PID=246) to work on /opt/airflow/dags/ecommerce_etl.py
[2026-02-05T15:14:13.039+0000] {processor.py:830} INFO - Processing file /opt/airflow/dags/ecommerce_etl.py for tasks to queue
[2026-02-05T15:14:13.041+0000] {logging_mixin.py:188} INFO - [2026-02-05T15:14:13.041+0000] {dagbag.py:538} INFO - Filling up the DagBag from /opt/airflow/dags/ecommerce_etl.py
[2026-02-05T15:14:13.308+0000] {processor.py:840} INFO - DAG(s) 'ecommerce_etl_pipeline' retrieved from /opt/airflow/dags/ecommerce_etl.py
[2026-02-05T15:14:13.341+0000] {logging_mixin.py:188} INFO - [2026-02-05T15:14:13.341+0000] {dag.py:3036} INFO - Sync 1 DAGs
[2026-02-05T15:14:13.368+0000] {logging_mixin.py:188} INFO - [2026-02-05T15:14:13.367+0000] {dag.py:3823} INFO - Setting next_dagrun for ecommerce_etl_pipeline to 2026-02-04 00:00:00+00:00, run_after=2026-02-05 00:00:00+00:00
[2026-02-05T15:14:13.390+0000] {processor.py:183} INFO - Processing /opt/airflow/dags/ecommerce_etl.py took 0.358 seconds
[2026-02-05T15:14:43.643+0000] {processor.py:161} INFO - Started process (PID=258) to work on /opt/airflow/dags/ecommerce_etl.py
[2026-02-05T15:14:43.644+0000] {processor.py:830} INFO - Processing file /opt/airflow/dags/ecommerce_etl.py for tasks to queue
[2026-02-05T15:14:43.646+0000] {logging_mixin.py:188} INFO - [2026-02-05T15:14:43.645+0000] {dagbag.py:538} INFO - Filling up the DagBag from /opt/airflow/dags/ecommerce_etl.py
[2026-02-05T15:14:43.941+0000] {processor.py:840} INFO - DAG(s) 'ecommerce_etl_pipeline' retrieved from /opt/airflow/dags/ecommerce_etl.py
[2026-02-05T15:14:43.973+0000] {logging_mixin.py:188} INFO - [2026-02-05T15:14:43.973+0000] {dag.py:3036} INFO - Sync 1 DAGs
[2026-02-05T15:14:43.995+0000] {logging_mixin.py:188} INFO - [2026-02-05T15:14:43.995+0000] {dag.py:3823} INFO - Setting next_dagrun for ecommerce_etl_pipeline to 2026-02-04 00:00:00+00:00, run_after=2026-02-05 00:00:00+00:00
[2026-02-05T15:14:44.017+0000] {processor.py:183} INFO - Processing /opt/airflow/dags/ecommerce_etl.py took 0.377 seconds
[2026-02-05T15:15:14.217+0000] {processor.py:161} INFO - Started process (PID=270) to work on /opt/airflow/dags/ecommerce_etl.py
[2026-02-05T15:15:14.218+0000] {processor.py:830} INFO - Processing file /opt/airflow/dags/ecommerce_etl.py for tasks to queue
[2026-02-05T15:15:14.219+0000] {logging_mixin.py:188} INFO - [2026-02-05T15:15:14.219+0000] {dagbag.py:538} INFO - Filling up the DagBag from /opt/airflow/dags/ecommerce_etl.py
[2026-02-05T15:15:14.508+0000] {processor.py:840} INFO - DAG(s) 'ecommerce_etl_pipeline' retrieved from /opt/airflow/dags/ecommerce_etl.py
[2026-02-05T15:15:14.544+0000] {logging_mixin.py:188} INFO - [2026-02-05T15:15:14.543+0000] {dag.py:3036} INFO - Sync 1 DAGs
[2026-02-05T15:15:14.568+0000] {logging_mixin.py:188} INFO - [2026-02-05T15:15:14.568+0000] {dag.py:3823} INFO - Setting next_dagrun for ecommerce_etl_pipeline to 2026-02-04 00:00:00+00:00, run_after=2026-02-05 00:00:00+00:00
[2026-02-05T15:15:14.590+0000] {processor.py:183} INFO - Processing /opt/airflow/dags/ecommerce_etl.py took 0.377 seconds
[2026-02-05T15:15:44.790+0000] {processor.py:161} INFO - Started process (PID=282) to work on /opt/airflow/dags/ecommerce_etl.py
[2026-02-05T15:15:44.791+0000] {processor.py:830} INFO - Processing file /opt/airflow/dags/ecommerce_etl.py for tasks to queue
[2026-02-05T15:15:44.792+0000] {logging_mixin.py:188} INFO - [2026-02-05T15:15:44.792+0000] {dagbag.py:538} INFO - Filling up the DagBag from /opt/airflow/dags/ecommerce_etl.py
[2026-02-05T15:15:45.053+0000] {processor.py:840} INFO - DAG(s) 'ecommerce_etl_pipeline' retrieved from /opt/airflow/dags/ecommerce_etl.py
[2026-02-05T15:15:45.082+0000] {logging_mixin.py:188} INFO - [2026-02-05T15:15:45.082+0000] {dag.py:3036} INFO - Sync 1 DAGs
[2026-02-05T15:15:45.115+0000] {logging_mixin.py:188} INFO - [2026-02-05T15:15:45.114+0000] {dag.py:3823} INFO - Setting next_dagrun for ecommerce_etl_pipeline to 2026-02-04 00:00:00+00:00, run_after=2026-02-05 00:00:00+00:00
[2026-02-05T15:15:45.135+0000] {processor.py:183} INFO - Processing /opt/airflow/dags/ecommerce_etl.py took 0.348 seconds
[2026-02-05T15:16:15.326+0000] {processor.py:161} INFO - Started process (PID=294) to work on /opt/airflow/dags/ecommerce_etl.py
[2026-02-05T15:16:15.327+0000] {processor.py:830} INFO - Processing file /opt/airflow/dags/ecommerce_etl.py for tasks to queue
[2026-02-05T15:16:15.329+0000] {logging_mixin.py:188} INFO - [2026-02-05T15:16:15.328+0000] {dagbag.py:538} INFO - Filling up the DagBag from /opt/airflow/dags/ecommerce_etl.py
[2026-02-05T15:16:15.622+0000] {processor.py:840} INFO - DAG(s) 'ecommerce_etl_pipeline' retrieved from /opt/airflow/dags/ecommerce_etl.py
[2026-02-05T15:16:15.655+0000] {logging_mixin.py:188} INFO - [2026-02-05T15:16:15.655+0000] {dag.py:3036} INFO - Sync 1 DAGs
[2026-02-05T15:16:15.681+0000] {logging_mixin.py:188} INFO - [2026-02-05T15:16:15.681+0000] {dag.py:3823} INFO - Setting next_dagrun for ecommerce_etl_pipeline to 2026-02-04 00:00:00+00:00, run_after=2026-02-05 00:00:00+00:00
[2026-02-05T15:16:15.703+0000] {processor.py:183} INFO - Processing /opt/airflow/dags/ecommerce_etl.py took 0.380 seconds
[2026-02-05T15:16:45.911+0000] {processor.py:161} INFO - Started process (PID=306) to work on /opt/airflow/dags/ecommerce_etl.py
[2026-02-05T15:16:45.912+0000] {processor.py:830} INFO - Processing file /opt/airflow/dags/ecommerce_etl.py for tasks to queue
[2026-02-05T15:16:45.913+0000] {logging_mixin.py:188} INFO - [2026-02-05T15:16:45.913+0000] {dagbag.py:538} INFO - Filling up the DagBag from /opt/airflow/dags/ecommerce_etl.py
[2026-02-05T15:16:46.174+0000] {processor.py:840} INFO - DAG(s) 'ecommerce_etl_pipeline' retrieved from /opt/airflow/dags/ecommerce_etl.py
[2026-02-05T15:16:46.202+0000] {logging_mixin.py:188} INFO - [2026-02-05T15:16:46.202+0000] {dag.py:3036} INFO - Sync 1 DAGs
[2026-02-05T15:16:46.222+0000] {logging_mixin.py:188} INFO - [2026-02-05T15:16:46.222+0000] {dag.py:3823} INFO - Setting next_dagrun for ecommerce_etl_pipeline to 2026-02-04 00:00:00+00:00, run_after=2026-02-05 00:00:00+00:00
[2026-02-05T15:16:46.240+0000] {processor.py:183} INFO - Processing /opt/airflow/dags/ecommerce_etl.py took 0.332 seconds
[2026-02-05T15:17:16.424+0000] {processor.py:161} INFO - Started process (PID=318) to work on /opt/airflow/dags/ecommerce_etl.py
[2026-02-05T15:17:16.425+0000] {processor.py:830} INFO - Processing file /opt/airflow/dags/ecommerce_etl.py for tasks to queue
[2026-02-05T15:17:16.426+0000] {logging_mixin.py:188} INFO - [2026-02-05T15:17:16.425+0000] {dagbag.py:538} INFO - Filling up the DagBag from /opt/airflow/dags/ecommerce_etl.py
[2026-02-05T15:17:16.671+0000] {processor.py:840} INFO - DAG(s) 'ecommerce_etl_pipeline' retrieved from /opt/airflow/dags/ecommerce_etl.py
[2026-02-05T15:17:16.700+0000] {logging_mixin.py:188} INFO - [2026-02-05T15:17:16.699+0000] {dag.py:3036} INFO - Sync 1 DAGs
[2026-02-05T15:17:16.719+0000] {logging_mixin.py:188} INFO - [2026-02-05T15:17:16.719+0000] {dag.py:3823} INFO - Setting next_dagrun for ecommerce_etl_pipeline to 2026-02-04 00:00:00+00:00, run_after=2026-02-05 00:00:00+00:00
[2026-02-05T15:17:16.735+0000] {processor.py:183} INFO - Processing /opt/airflow/dags/ecommerce_etl.py took 0.315 seconds
[2026-02-05T15:17:46.929+0000] {processor.py:161} INFO - Started process (PID=330) to work on /opt/airflow/dags/ecommerce_etl.py
[2026-02-05T15:17:46.931+0000] {processor.py:830} INFO - Processing file /opt/airflow/dags/ecommerce_etl.py for tasks to queue
[2026-02-05T15:17:46.932+0000] {logging_mixin.py:188} INFO - [2026-02-05T15:17:46.931+0000] {dagbag.py:538} INFO - Filling up the DagBag from /opt/airflow/dags/ecommerce_etl.py
[2026-02-05T15:17:47.188+0000] {processor.py:840} INFO - DAG(s) 'ecommerce_etl_pipeline' retrieved from /opt/airflow/dags/ecommerce_etl.py
[2026-02-05T15:17:47.218+0000] {logging_mixin.py:188} INFO - [2026-02-05T15:17:47.218+0000] {dag.py:3036} INFO - Sync 1 DAGs
[2026-02-05T15:17:47.240+0000] {logging_mixin.py:188} INFO - [2026-02-05T15:17:47.239+0000] {dag.py:3823} INFO - Setting next_dagrun for ecommerce_etl_pipeline to 2026-02-04 00:00:00+00:00, run_after=2026-02-05 00:00:00+00:00
[2026-02-05T15:17:47.257+0000] {processor.py:183} INFO - Processing /opt/airflow/dags/ecommerce_etl.py took 0.331 seconds
[2026-02-05T15:18:17.458+0000] {processor.py:161} INFO - Started process (PID=342) to work on /opt/airflow/dags/ecommerce_etl.py
[2026-02-05T15:18:17.459+0000] {processor.py:830} INFO - Processing file /opt/airflow/dags/ecommerce_etl.py for tasks to queue
[2026-02-05T15:18:17.460+0000] {logging_mixin.py:188} INFO - [2026-02-05T15:18:17.460+0000] {dagbag.py:538} INFO - Filling up the DagBag from /opt/airflow/dags/ecommerce_etl.py
[2026-02-05T15:18:17.726+0000] {processor.py:840} INFO - DAG(s) 'ecommerce_etl_pipeline' retrieved from /opt/airflow/dags/ecommerce_etl.py
[2026-02-05T15:18:17.752+0000] {logging_mixin.py:188} INFO - [2026-02-05T15:18:17.751+0000] {dag.py:3036} INFO - Sync 1 DAGs
[2026-02-05T15:18:17.772+0000] {logging_mixin.py:188} INFO - [2026-02-05T15:18:17.771+0000] {dag.py:3823} INFO - Setting next_dagrun for ecommerce_etl_pipeline to 2026-02-04 00:00:00+00:00, run_after=2026-02-05 00:00:00+00:00
[2026-02-05T15:18:17.789+0000] {processor.py:183} INFO - Processing /opt/airflow/dags/ecommerce_etl.py took 0.335 seconds
[2026-02-05T15:18:47.971+0000] {processor.py:161} INFO - Started process (PID=354) to work on /opt/airflow/dags/ecommerce_etl.py
[2026-02-05T15:18:47.972+0000] {processor.py:830} INFO - Processing file /opt/airflow/dags/ecommerce_etl.py for tasks to queue
[2026-02-05T15:18:47.972+0000] {logging_mixin.py:188} INFO - [2026-02-05T15:18:47.972+0000] {dagbag.py:538} INFO - Filling up the DagBag from /opt/airflow/dags/ecommerce_etl.py
[2026-02-05T15:18:48.264+0000] {processor.py:840} INFO - DAG(s) 'ecommerce_etl_pipeline' retrieved from /opt/airflow/dags/ecommerce_etl.py
[2026-02-05T15:18:48.297+0000] {logging_mixin.py:188} INFO - [2026-02-05T15:18:48.297+0000] {dag.py:3036} INFO - Sync 1 DAGs
[2026-02-05T15:18:48.320+0000] {logging_mixin.py:188} INFO - [2026-02-05T15:18:48.320+0000] {dag.py:3823} INFO - Setting next_dagrun for ecommerce_etl_pipeline to 2026-02-04 00:00:00+00:00, run_after=2026-02-05 00:00:00+00:00
[2026-02-05T15:18:48.340+0000] {processor.py:183} INFO - Processing /opt/airflow/dags/ecommerce_etl.py took 0.372 seconds
[2026-02-05T15:19:18.531+0000] {processor.py:161} INFO - Started process (PID=366) to work on /opt/airflow/dags/ecommerce_etl.py
[2026-02-05T15:19:18.532+0000] {processor.py:830} INFO - Processing file /opt/airflow/dags/ecommerce_etl.py for tasks to queue
[2026-02-05T15:19:18.534+0000] {logging_mixin.py:188} INFO - [2026-02-05T15:19:18.533+0000] {dagbag.py:538} INFO - Filling up the DagBag from /opt/airflow/dags/ecommerce_etl.py
[2026-02-05T15:19:18.787+0000] {processor.py:840} INFO - DAG(s) 'ecommerce_etl_pipeline' retrieved from /opt/airflow/dags/ecommerce_etl.py
[2026-02-05T15:19:18.814+0000] {logging_mixin.py:188} INFO - [2026-02-05T15:19:18.814+0000] {dag.py:3036} INFO - Sync 1 DAGs
[2026-02-05T15:19:18.835+0000] {logging_mixin.py:188} INFO - [2026-02-05T15:19:18.835+0000] {dag.py:3823} INFO - Setting next_dagrun for ecommerce_etl_pipeline to 2026-02-04 00:00:00+00:00, run_after=2026-02-05 00:00:00+00:00
[2026-02-05T15:19:18.854+0000] {processor.py:183} INFO - Processing /opt/airflow/dags/ecommerce_etl.py took 0.327 seconds
[2026-02-05T15:19:49.055+0000] {processor.py:161} INFO - Started process (PID=378) to work on /opt/airflow/dags/ecommerce_etl.py
[2026-02-05T15:19:49.056+0000] {processor.py:830} INFO - Processing file /opt/airflow/dags/ecommerce_etl.py for tasks to queue
[2026-02-05T15:19:49.057+0000] {logging_mixin.py:188} INFO - [2026-02-05T15:19:49.057+0000] {dagbag.py:538} INFO - Filling up the DagBag from /opt/airflow/dags/ecommerce_etl.py
[2026-02-05T15:19:49.354+0000] {processor.py:840} INFO - DAG(s) 'ecommerce_etl_pipeline' retrieved from /opt/airflow/dags/ecommerce_etl.py
[2026-02-05T15:19:49.387+0000] {logging_mixin.py:188} INFO - [2026-02-05T15:19:49.386+0000] {dag.py:3036} INFO - Sync 1 DAGs
[2026-02-05T15:19:49.408+0000] {logging_mixin.py:188} INFO - [2026-02-05T15:19:49.408+0000] {dag.py:3823} INFO - Setting next_dagrun for ecommerce_etl_pipeline to 2026-02-04 00:00:00+00:00, run_after=2026-02-05 00:00:00+00:00
[2026-02-05T15:19:49.429+0000] {processor.py:183} INFO - Processing /opt/airflow/dags/ecommerce_etl.py took 0.379 seconds
[2026-02-05T15:20:19.619+0000] {processor.py:161} INFO - Started process (PID=390) to work on /opt/airflow/dags/ecommerce_etl.py
[2026-02-05T15:20:19.620+0000] {processor.py:830} INFO - Processing file /opt/airflow/dags/ecommerce_etl.py for tasks to queue
[2026-02-05T15:20:19.621+0000] {logging_mixin.py:188} INFO - [2026-02-05T15:20:19.621+0000] {dagbag.py:538} INFO - Filling up the DagBag from /opt/airflow/dags/ecommerce_etl.py
[2026-02-05T15:20:19.870+0000] {processor.py:840} INFO - DAG(s) 'ecommerce_etl_pipeline' retrieved from /opt/airflow/dags/ecommerce_etl.py
[2026-02-05T15:20:19.898+0000] {logging_mixin.py:188} INFO - [2026-02-05T15:20:19.897+0000] {dag.py:3036} INFO - Sync 1 DAGs
[2026-02-05T15:20:19.918+0000] {logging_mixin.py:188} INFO - [2026-02-05T15:20:19.918+0000] {dag.py:3823} INFO - Setting next_dagrun for ecommerce_etl_pipeline to 2026-02-04 00:00:00+00:00, run_after=2026-02-05 00:00:00+00:00
[2026-02-05T15:20:19.935+0000] {processor.py:183} INFO - Processing /opt/airflow/dags/ecommerce_etl.py took 0.319 seconds
[2026-02-05T15:20:50.123+0000] {processor.py:161} INFO - Started process (PID=402) to work on /opt/airflow/dags/ecommerce_etl.py
[2026-02-05T15:20:50.124+0000] {processor.py:830} INFO - Processing file /opt/airflow/dags/ecommerce_etl.py for tasks to queue
[2026-02-05T15:20:50.125+0000] {logging_mixin.py:188} INFO - [2026-02-05T15:20:50.125+0000] {dagbag.py:538} INFO - Filling up the DagBag from /opt/airflow/dags/ecommerce_etl.py
[2026-02-05T15:20:50.384+0000] {processor.py:840} INFO - DAG(s) 'ecommerce_etl_pipeline' retrieved from /opt/airflow/dags/ecommerce_etl.py
[2026-02-05T15:20:50.412+0000] {logging_mixin.py:188} INFO - [2026-02-05T15:20:50.412+0000] {dag.py:3036} INFO - Sync 1 DAGs
[2026-02-05T15:20:50.433+0000] {logging_mixin.py:188} INFO - [2026-02-05T15:20:50.433+0000] {dag.py:3823} INFO - Setting next_dagrun for ecommerce_etl_pipeline to 2026-02-04 00:00:00+00:00, run_after=2026-02-05 00:00:00+00:00
[2026-02-05T15:20:50.450+0000] {processor.py:183} INFO - Processing /opt/airflow/dags/ecommerce_etl.py took 0.330 seconds
[2026-02-05T15:21:20.654+0000] {processor.py:161} INFO - Started process (PID=414) to work on /opt/airflow/dags/ecommerce_etl.py
[2026-02-05T15:21:20.655+0000] {processor.py:830} INFO - Processing file /opt/airflow/dags/ecommerce_etl.py for tasks to queue
[2026-02-05T15:21:20.656+0000] {logging_mixin.py:188} INFO - [2026-02-05T15:21:20.656+0000] {dagbag.py:538} INFO - Filling up the DagBag from /opt/airflow/dags/ecommerce_etl.py
[2026-02-05T15:21:20.918+0000] {processor.py:840} INFO - DAG(s) 'ecommerce_etl_pipeline' retrieved from /opt/airflow/dags/ecommerce_etl.py
[2026-02-05T15:21:20.948+0000] {logging_mixin.py:188} INFO - [2026-02-05T15:21:20.948+0000] {dag.py:3036} INFO - Sync 1 DAGs
[2026-02-05T15:21:20.969+0000] {logging_mixin.py:188} INFO - [2026-02-05T15:21:20.969+0000] {dag.py:3823} INFO - Setting next_dagrun for ecommerce_etl_pipeline to 2026-02-04 00:00:00+00:00, run_after=2026-02-05 00:00:00+00:00
[2026-02-05T15:21:20.986+0000] {processor.py:183} INFO - Processing /opt/airflow/dags/ecommerce_etl.py took 0.335 seconds
[2026-02-05T15:21:51.169+0000] {processor.py:161} INFO - Started process (PID=426) to work on /opt/airflow/dags/ecommerce_etl.py
[2026-02-05T15:21:51.170+0000] {processor.py:830} INFO - Processing file /opt/airflow/dags/ecommerce_etl.py for tasks to queue
[2026-02-05T15:21:51.171+0000] {logging_mixin.py:188} INFO - [2026-02-05T15:21:51.170+0000] {dagbag.py:538} INFO - Filling up the DagBag from /opt/airflow/dags/ecommerce_etl.py
[2026-02-05T15:21:51.412+0000] {processor.py:840} INFO - DAG(s) 'ecommerce_etl_pipeline' retrieved from /opt/airflow/dags/ecommerce_etl.py
[2026-02-05T15:21:51.441+0000] {logging_mixin.py:188} INFO - [2026-02-05T15:21:51.441+0000] {dag.py:3036} INFO - Sync 1 DAGs
[2026-02-05T15:21:51.462+0000] {logging_mixin.py:188} INFO - [2026-02-05T15:21:51.462+0000] {dag.py:3823} INFO - Setting next_dagrun for ecommerce_etl_pipeline to 2026-02-04 00:00:00+00:00, run_after=2026-02-05 00:00:00+00:00
[2026-02-05T15:21:51.482+0000] {processor.py:183} INFO - Processing /opt/airflow/dags/ecommerce_etl.py took 0.316 seconds
[2026-02-05T15:22:21.730+0000] {processor.py:161} INFO - Started process (PID=438) to work on /opt/airflow/dags/ecommerce_etl.py
[2026-02-05T15:22:21.732+0000] {processor.py:830} INFO - Processing file /opt/airflow/dags/ecommerce_etl.py for tasks to queue
[2026-02-05T15:22:21.734+0000] {logging_mixin.py:188} INFO - [2026-02-05T15:22:21.733+0000] {dagbag.py:538} INFO - Filling up the DagBag from /opt/airflow/dags/ecommerce_etl.py
[2026-02-05T15:22:22.023+0000] {processor.py:840} INFO - DAG(s) 'ecommerce_etl_pipeline' retrieved from /opt/airflow/dags/ecommerce_etl.py
[2026-02-05T15:22:22.055+0000] {logging_mixin.py:188} INFO - [2026-02-05T15:22:22.055+0000] {dag.py:3036} INFO - Sync 1 DAGs
[2026-02-05T15:22:22.081+0000] {logging_mixin.py:188} INFO - [2026-02-05T15:22:22.080+0000] {dag.py:3823} INFO - Setting next_dagrun for ecommerce_etl_pipeline to 2026-02-04 00:00:00+00:00, run_after=2026-02-05 00:00:00+00:00
[2026-02-05T15:22:22.106+0000] {processor.py:183} INFO - Processing /opt/airflow/dags/ecommerce_etl.py took 0.380 seconds
[2026-02-05T15:22:52.314+0000] {processor.py:161} INFO - Started process (PID=450) to work on /opt/airflow/dags/ecommerce_etl.py
[2026-02-05T15:22:52.315+0000] {processor.py:830} INFO - Processing file /opt/airflow/dags/ecommerce_etl.py for tasks to queue
[2026-02-05T15:22:52.316+0000] {logging_mixin.py:188} INFO - [2026-02-05T15:22:52.315+0000] {dagbag.py:538} INFO - Filling up the DagBag from /opt/airflow/dags/ecommerce_etl.py
[2026-02-05T15:22:52.554+0000] {processor.py:840} INFO - DAG(s) 'ecommerce_etl_pipeline' retrieved from /opt/airflow/dags/ecommerce_etl.py
[2026-02-05T15:22:52.582+0000] {logging_mixin.py:188} INFO - [2026-02-05T15:22:52.582+0000] {dag.py:3036} INFO - Sync 1 DAGs
[2026-02-05T15:22:52.604+0000] {logging_mixin.py:188} INFO - [2026-02-05T15:22:52.603+0000] {dag.py:3823} INFO - Setting next_dagrun for ecommerce_etl_pipeline to 2026-02-04 00:00:00+00:00, run_after=2026-02-05 00:00:00+00:00
[2026-02-05T15:22:52.622+0000] {processor.py:183} INFO - Processing /opt/airflow/dags/ecommerce_etl.py took 0.311 seconds
[2026-02-05T15:23:22.860+0000] {processor.py:161} INFO - Started process (PID=462) to work on /opt/airflow/dags/ecommerce_etl.py
[2026-02-05T15:23:22.861+0000] {processor.py:830} INFO - Processing file /opt/airflow/dags/ecommerce_etl.py for tasks to queue
[2026-02-05T15:23:22.862+0000] {logging_mixin.py:188} INFO - [2026-02-05T15:23:22.862+0000] {dagbag.py:538} INFO - Filling up the DagBag from /opt/airflow/dags/ecommerce_etl.py
[2026-02-05T15:23:23.082+0000] {processor.py:840} INFO - DAG(s) 'ecommerce_etl_pipeline' retrieved from /opt/airflow/dags/ecommerce_etl.py
[2026-02-05T15:23:23.110+0000] {logging_mixin.py:188} INFO - [2026-02-05T15:23:23.110+0000] {dag.py:3036} INFO - Sync 1 DAGs
[2026-02-05T15:23:23.129+0000] {logging_mixin.py:188} INFO - [2026-02-05T15:23:23.129+0000] {dag.py:3823} INFO - Setting next_dagrun for ecommerce_etl_pipeline to 2026-02-04 00:00:00+00:00, run_after=2026-02-05 00:00:00+00:00
[2026-02-05T15:23:23.149+0000] {processor.py:183} INFO - Processing /opt/airflow/dags/ecommerce_etl.py took 0.292 seconds
[2026-02-05T15:23:53.369+0000] {processor.py:161} INFO - Started process (PID=474) to work on /opt/airflow/dags/ecommerce_etl.py
[2026-02-05T15:23:53.370+0000] {processor.py:830} INFO - Processing file /opt/airflow/dags/ecommerce_etl.py for tasks to queue
[2026-02-05T15:23:53.371+0000] {logging_mixin.py:188} INFO - [2026-02-05T15:23:53.371+0000] {dagbag.py:538} INFO - Filling up the DagBag from /opt/airflow/dags/ecommerce_etl.py
[2026-02-05T15:23:53.645+0000] {processor.py:840} INFO - DAG(s) 'ecommerce_etl_pipeline' retrieved from /opt/airflow/dags/ecommerce_etl.py
[2026-02-05T15:23:53.675+0000] {logging_mixin.py:188} INFO - [2026-02-05T15:23:53.674+0000] {dag.py:3036} INFO - Sync 1 DAGs
[2026-02-05T15:23:53.696+0000] {logging_mixin.py:188} INFO - [2026-02-05T15:23:53.695+0000] {dag.py:3823} INFO - Setting next_dagrun for ecommerce_etl_pipeline to 2026-02-04 00:00:00+00:00, run_after=2026-02-05 00:00:00+00:00
[2026-02-05T15:23:53.716+0000] {processor.py:183} INFO - Processing /opt/airflow/dags/ecommerce_etl.py took 0.350 seconds
[2026-02-05T15:24:23.975+0000] {processor.py:161} INFO - Started process (PID=486) to work on /opt/airflow/dags/ecommerce_etl.py
[2026-02-05T15:24:23.977+0000] {processor.py:830} INFO - Processing file /opt/airflow/dags/ecommerce_etl.py for tasks to queue
[2026-02-05T15:24:23.978+0000] {logging_mixin.py:188} INFO - [2026-02-05T15:24:23.978+0000] {dagbag.py:538} INFO - Filling up the DagBag from /opt/airflow/dags/ecommerce_etl.py
[2026-02-05T15:24:24.230+0000] {processor.py:840} INFO - DAG(s) 'ecommerce_etl_pipeline' retrieved from /opt/airflow/dags/ecommerce_etl.py
[2026-02-05T15:24:24.259+0000] {logging_mixin.py:188} INFO - [2026-02-05T15:24:24.259+0000] {dag.py:3036} INFO - Sync 1 DAGs
[2026-02-05T15:24:24.278+0000] {logging_mixin.py:188} INFO - [2026-02-05T15:24:24.278+0000] {dag.py:3823} INFO - Setting next_dagrun for ecommerce_etl_pipeline to 2026-02-04 00:00:00+00:00, run_after=2026-02-05 00:00:00+00:00
[2026-02-05T15:24:24.297+0000] {processor.py:183} INFO - Processing /opt/airflow/dags/ecommerce_etl.py took 0.325 seconds
[2026-02-05T15:24:54.549+0000] {processor.py:161} INFO - Started process (PID=498) to work on /opt/airflow/dags/ecommerce_etl.py
[2026-02-05T15:24:54.550+0000] {processor.py:830} INFO - Processing file /opt/airflow/dags/ecommerce_etl.py for tasks to queue
[2026-02-05T15:24:54.551+0000] {logging_mixin.py:188} INFO - [2026-02-05T15:24:54.551+0000] {dagbag.py:538} INFO - Filling up the DagBag from /opt/airflow/dags/ecommerce_etl.py
[2026-02-05T15:24:54.800+0000] {processor.py:840} INFO - DAG(s) 'ecommerce_etl_pipeline' retrieved from /opt/airflow/dags/ecommerce_etl.py
[2026-02-05T15:24:54.827+0000] {logging_mixin.py:188} INFO - [2026-02-05T15:24:54.826+0000] {dag.py:3036} INFO - Sync 1 DAGs
[2026-02-05T15:24:54.846+0000] {logging_mixin.py:188} INFO - [2026-02-05T15:24:54.846+0000] {dag.py:3823} INFO - Setting next_dagrun for ecommerce_etl_pipeline to 2026-02-04 00:00:00+00:00, run_after=2026-02-05 00:00:00+00:00
[2026-02-05T15:24:54.865+0000] {processor.py:183} INFO - Processing /opt/airflow/dags/ecommerce_etl.py took 0.319 seconds
[2026-02-05T15:25:25.172+0000] {processor.py:161} INFO - Started process (PID=510) to work on /opt/airflow/dags/ecommerce_etl.py
[2026-02-05T15:25:25.173+0000] {processor.py:830} INFO - Processing file /opt/airflow/dags/ecommerce_etl.py for tasks to queue
[2026-02-05T15:25:25.174+0000] {logging_mixin.py:188} INFO - [2026-02-05T15:25:25.173+0000] {dagbag.py:538} INFO - Filling up the DagBag from /opt/airflow/dags/ecommerce_etl.py
[2026-02-05T15:25:25.402+0000] {processor.py:840} INFO - DAG(s) 'ecommerce_etl_pipeline' retrieved from /opt/airflow/dags/ecommerce_etl.py
[2026-02-05T15:25:25.430+0000] {logging_mixin.py:188} INFO - [2026-02-05T15:25:25.430+0000] {dag.py:3036} INFO - Sync 1 DAGs
[2026-02-05T15:25:25.448+0000] {logging_mixin.py:188} INFO - [2026-02-05T15:25:25.448+0000] {dag.py:3823} INFO - Setting next_dagrun for ecommerce_etl_pipeline to 2026-02-04 00:00:00+00:00, run_after=2026-02-05 00:00:00+00:00
[2026-02-05T15:25:25.466+0000] {processor.py:183} INFO - Processing /opt/airflow/dags/ecommerce_etl.py took 0.298 seconds
[2026-02-05T15:25:55.714+0000] {processor.py:161} INFO - Started process (PID=522) to work on /opt/airflow/dags/ecommerce_etl.py
[2026-02-05T15:25:55.715+0000] {processor.py:830} INFO - Processing file /opt/airflow/dags/ecommerce_etl.py for tasks to queue
[2026-02-05T15:25:55.716+0000] {logging_mixin.py:188} INFO - [2026-02-05T15:25:55.716+0000] {dagbag.py:538} INFO - Filling up the DagBag from /opt/airflow/dags/ecommerce_etl.py
[2026-02-05T15:25:55.964+0000] {processor.py:840} INFO - DAG(s) 'ecommerce_etl_pipeline' retrieved from /opt/airflow/dags/ecommerce_etl.py
[2026-02-05T15:25:55.993+0000] {logging_mixin.py:188} INFO - [2026-02-05T15:25:55.993+0000] {dag.py:3036} INFO - Sync 1 DAGs
[2026-02-05T15:25:56.013+0000] {logging_mixin.py:188} INFO - [2026-02-05T15:25:56.012+0000] {dag.py:3823} INFO - Setting next_dagrun for ecommerce_etl_pipeline to 2026-02-04 00:00:00+00:00, run_after=2026-02-05 00:00:00+00:00
[2026-02-05T15:25:56.030+0000] {processor.py:183} INFO - Processing /opt/airflow/dags/ecommerce_etl.py took 0.319 seconds
[2026-02-05T15:26:26.248+0000] {processor.py:161} INFO - Started process (PID=534) to work on /opt/airflow/dags/ecommerce_etl.py
[2026-02-05T15:26:26.250+0000] {processor.py:830} INFO - Processing file /opt/airflow/dags/ecommerce_etl.py for tasks to queue
[2026-02-05T15:26:26.251+0000] {logging_mixin.py:188} INFO - [2026-02-05T15:26:26.250+0000] {dagbag.py:538} INFO - Filling up the DagBag from /opt/airflow/dags/ecommerce_etl.py
[2026-02-05T15:26:26.485+0000] {processor.py:840} INFO - DAG(s) 'ecommerce_etl_pipeline' retrieved from /opt/airflow/dags/ecommerce_etl.py
[2026-02-05T15:26:26.512+0000] {logging_mixin.py:188} INFO - [2026-02-05T15:26:26.512+0000] {dag.py:3036} INFO - Sync 1 DAGs
[2026-02-05T15:26:26.536+0000] {logging_mixin.py:188} INFO - [2026-02-05T15:26:26.535+0000] {dag.py:3823} INFO - Setting next_dagrun for ecommerce_etl_pipeline to 2026-02-04 00:00:00+00:00, run_after=2026-02-05 00:00:00+00:00
[2026-02-05T15:26:26.556+0000] {processor.py:183} INFO - Processing /opt/airflow/dags/ecommerce_etl.py took 0.313 seconds
[2026-02-05T15:26:56.802+0000] {processor.py:161} INFO - Started process (PID=546) to work on /opt/airflow/dags/ecommerce_etl.py
[2026-02-05T15:26:56.803+0000] {processor.py:830} INFO - Processing file /opt/airflow/dags/ecommerce_etl.py for tasks to queue
[2026-02-05T15:26:56.804+0000] {logging_mixin.py:188} INFO - [2026-02-05T15:26:56.804+0000] {dagbag.py:538} INFO - Filling up the DagBag from /opt/airflow/dags/ecommerce_etl.py
[2026-02-05T15:26:57.039+0000] {processor.py:840} INFO - DAG(s) 'ecommerce_etl_pipeline' retrieved from /opt/airflow/dags/ecommerce_etl.py
[2026-02-05T15:26:57.066+0000] {logging_mixin.py:188} INFO - [2026-02-05T15:26:57.066+0000] {dag.py:3036} INFO - Sync 1 DAGs
[2026-02-05T15:26:57.084+0000] {logging_mixin.py:188} INFO - [2026-02-05T15:26:57.083+0000] {dag.py:3823} INFO - Setting next_dagrun for ecommerce_etl_pipeline to 2026-02-04 00:00:00+00:00, run_after=2026-02-05 00:00:00+00:00
[2026-02-05T15:26:57.103+0000] {processor.py:183} INFO - Processing /opt/airflow/dags/ecommerce_etl.py took 0.305 seconds
[2026-02-05T15:27:27.330+0000] {processor.py:161} INFO - Started process (PID=558) to work on /opt/airflow/dags/ecommerce_etl.py
[2026-02-05T15:27:27.331+0000] {processor.py:830} INFO - Processing file /opt/airflow/dags/ecommerce_etl.py for tasks to queue
[2026-02-05T15:27:27.332+0000] {logging_mixin.py:188} INFO - [2026-02-05T15:27:27.332+0000] {dagbag.py:538} INFO - Filling up the DagBag from /opt/airflow/dags/ecommerce_etl.py
[2026-02-05T15:27:27.582+0000] {processor.py:840} INFO - DAG(s) 'ecommerce_etl_pipeline' retrieved from /opt/airflow/dags/ecommerce_etl.py
[2026-02-05T15:27:27.610+0000] {logging_mixin.py:188} INFO - [2026-02-05T15:27:27.610+0000] {dag.py:3036} INFO - Sync 1 DAGs
[2026-02-05T15:27:27.631+0000] {logging_mixin.py:188} INFO - [2026-02-05T15:27:27.631+0000] {dag.py:3823} INFO - Setting next_dagrun for ecommerce_etl_pipeline to 2026-02-04 00:00:00+00:00, run_after=2026-02-05 00:00:00+00:00
[2026-02-05T15:27:27.649+0000] {processor.py:183} INFO - Processing /opt/airflow/dags/ecommerce_etl.py took 0.322 seconds
[2026-02-05T15:28:31.411+0000] {processor.py:161} INFO - Started process (PID=180) to work on /opt/airflow/dags/ecommerce_etl.py
[2026-02-05T15:28:31.434+0000] {processor.py:830} INFO - Processing file /opt/airflow/dags/ecommerce_etl.py for tasks to queue
[2026-02-05T15:28:31.435+0000] {logging_mixin.py:188} INFO - [2026-02-05T15:28:31.435+0000] {dagbag.py:538} INFO - Filling up the DagBag from /opt/airflow/dags/ecommerce_etl.py
[2026-02-05T15:28:32.005+0000] {processor.py:840} INFO - DAG(s) 'ecommerce_etl_pipeline' retrieved from /opt/airflow/dags/ecommerce_etl.py
[2026-02-05T15:28:32.042+0000] {logging_mixin.py:188} INFO - [2026-02-05T15:28:32.041+0000] {dag.py:3036} INFO - Sync 1 DAGs
[2026-02-05T15:28:32.068+0000] {logging_mixin.py:188} INFO - [2026-02-05T15:28:32.068+0000] {dag.py:3823} INFO - Setting next_dagrun for ecommerce_etl_pipeline to 2026-02-04 00:00:00+00:00, run_after=2026-02-05 00:00:00+00:00
[2026-02-05T15:28:32.098+0000] {processor.py:183} INFO - Processing /opt/airflow/dags/ecommerce_etl.py took 0.692 seconds
[2026-02-05T15:29:02.324+0000] {processor.py:161} INFO - Started process (PID=210) to work on /opt/airflow/dags/ecommerce_etl.py
[2026-02-05T15:29:02.326+0000] {processor.py:830} INFO - Processing file /opt/airflow/dags/ecommerce_etl.py for tasks to queue
[2026-02-05T15:29:02.327+0000] {logging_mixin.py:188} INFO - [2026-02-05T15:29:02.327+0000] {dagbag.py:538} INFO - Filling up the DagBag from /opt/airflow/dags/ecommerce_etl.py
[2026-02-05T15:29:02.685+0000] {processor.py:840} INFO - DAG(s) 'ecommerce_etl_pipeline' retrieved from /opt/airflow/dags/ecommerce_etl.py
[2026-02-05T15:29:02.926+0000] {logging_mixin.py:188} INFO - [2026-02-05T15:29:02.926+0000] {dag.py:3036} INFO - Sync 1 DAGs
[2026-02-05T15:29:02.948+0000] {logging_mixin.py:188} INFO - [2026-02-05T15:29:02.947+0000] {dag.py:3823} INFO - Setting next_dagrun for ecommerce_etl_pipeline to 2026-02-04 00:00:00+00:00, run_after=2026-02-05 00:00:00+00:00
[2026-02-05T15:29:02.969+0000] {processor.py:183} INFO - Processing /opt/airflow/dags/ecommerce_etl.py took 0.651 seconds
[2026-02-05T15:29:33.187+0000] {processor.py:161} INFO - Started process (PID=222) to work on /opt/airflow/dags/ecommerce_etl.py
[2026-02-05T15:29:33.188+0000] {processor.py:830} INFO - Processing file /opt/airflow/dags/ecommerce_etl.py for tasks to queue
[2026-02-05T15:29:33.189+0000] {logging_mixin.py:188} INFO - [2026-02-05T15:29:33.189+0000] {dagbag.py:538} INFO - Filling up the DagBag from /opt/airflow/dags/ecommerce_etl.py
[2026-02-05T15:29:33.459+0000] {processor.py:840} INFO - DAG(s) 'ecommerce_etl_pipeline' retrieved from /opt/airflow/dags/ecommerce_etl.py
[2026-02-05T15:29:33.494+0000] {logging_mixin.py:188} INFO - [2026-02-05T15:29:33.493+0000] {dag.py:3036} INFO - Sync 1 DAGs
[2026-02-05T15:29:33.517+0000] {logging_mixin.py:188} INFO - [2026-02-05T15:29:33.516+0000] {dag.py:3823} INFO - Setting next_dagrun for ecommerce_etl_pipeline to 2026-02-04 00:00:00+00:00, run_after=2026-02-05 00:00:00+00:00
[2026-02-05T15:29:33.546+0000] {processor.py:183} INFO - Processing /opt/airflow/dags/ecommerce_etl.py took 0.364 seconds
[2026-02-05T15:30:03.765+0000] {processor.py:161} INFO - Started process (PID=234) to work on /opt/airflow/dags/ecommerce_etl.py
[2026-02-05T15:30:03.766+0000] {processor.py:830} INFO - Processing file /opt/airflow/dags/ecommerce_etl.py for tasks to queue
[2026-02-05T15:30:03.767+0000] {logging_mixin.py:188} INFO - [2026-02-05T15:30:03.767+0000] {dagbag.py:538} INFO - Filling up the DagBag from /opt/airflow/dags/ecommerce_etl.py
[2026-02-05T15:30:04.044+0000] {processor.py:840} INFO - DAG(s) 'ecommerce_etl_pipeline' retrieved from /opt/airflow/dags/ecommerce_etl.py
[2026-02-05T15:30:04.073+0000] {logging_mixin.py:188} INFO - [2026-02-05T15:30:04.073+0000] {dag.py:3036} INFO - Sync 1 DAGs
[2026-02-05T15:30:04.094+0000] {logging_mixin.py:188} INFO - [2026-02-05T15:30:04.094+0000] {dag.py:3823} INFO - Setting next_dagrun for ecommerce_etl_pipeline to 2026-02-04 00:00:00+00:00, run_after=2026-02-05 00:00:00+00:00
[2026-02-05T15:30:04.114+0000] {processor.py:183} INFO - Processing /opt/airflow/dags/ecommerce_etl.py took 0.352 seconds
[2026-02-05T15:30:34.304+0000] {processor.py:161} INFO - Started process (PID=246) to work on /opt/airflow/dags/ecommerce_etl.py
[2026-02-05T15:30:34.306+0000] {processor.py:830} INFO - Processing file /opt/airflow/dags/ecommerce_etl.py for tasks to queue
[2026-02-05T15:30:34.307+0000] {logging_mixin.py:188} INFO - [2026-02-05T15:30:34.306+0000] {dagbag.py:538} INFO - Filling up the DagBag from /opt/airflow/dags/ecommerce_etl.py
[2026-02-05T15:30:34.611+0000] {processor.py:840} INFO - DAG(s) 'ecommerce_etl_pipeline' retrieved from /opt/airflow/dags/ecommerce_etl.py
[2026-02-05T15:30:34.648+0000] {logging_mixin.py:188} INFO - [2026-02-05T15:30:34.648+0000] {dag.py:3036} INFO - Sync 1 DAGs
[2026-02-05T15:30:34.673+0000] {logging_mixin.py:188} INFO - [2026-02-05T15:30:34.673+0000] {dag.py:3823} INFO - Setting next_dagrun for ecommerce_etl_pipeline to 2026-02-04 00:00:00+00:00, run_after=2026-02-05 00:00:00+00:00
[2026-02-05T15:30:34.691+0000] {processor.py:183} INFO - Processing /opt/airflow/dags/ecommerce_etl.py took 0.391 seconds
[2026-02-05T15:31:04.909+0000] {processor.py:161} INFO - Started process (PID=279) to work on /opt/airflow/dags/ecommerce_etl.py
[2026-02-05T15:31:04.910+0000] {processor.py:830} INFO - Processing file /opt/airflow/dags/ecommerce_etl.py for tasks to queue
[2026-02-05T15:31:04.911+0000] {logging_mixin.py:188} INFO - [2026-02-05T15:31:04.911+0000] {dagbag.py:538} INFO - Filling up the DagBag from /opt/airflow/dags/ecommerce_etl.py
[2026-02-05T15:31:05.147+0000] {processor.py:840} INFO - DAG(s) 'ecommerce_etl_pipeline' retrieved from /opt/airflow/dags/ecommerce_etl.py
[2026-02-05T15:31:05.175+0000] {logging_mixin.py:188} INFO - [2026-02-05T15:31:05.175+0000] {dag.py:3036} INFO - Sync 1 DAGs
[2026-02-05T15:31:05.195+0000] {logging_mixin.py:188} INFO - [2026-02-05T15:31:05.194+0000] {dag.py:3823} INFO - Setting next_dagrun for ecommerce_etl_pipeline to 2026-02-05 00:00:00+00:00, run_after=2026-02-06 00:00:00+00:00
[2026-02-05T15:31:05.213+0000] {processor.py:183} INFO - Processing /opt/airflow/dags/ecommerce_etl.py took 0.307 seconds
[2026-02-05T15:31:35.422+0000] {processor.py:161} INFO - Started process (PID=291) to work on /opt/airflow/dags/ecommerce_etl.py
[2026-02-05T15:31:35.423+0000] {processor.py:830} INFO - Processing file /opt/airflow/dags/ecommerce_etl.py for tasks to queue
[2026-02-05T15:31:35.424+0000] {logging_mixin.py:188} INFO - [2026-02-05T15:31:35.424+0000] {dagbag.py:538} INFO - Filling up the DagBag from /opt/airflow/dags/ecommerce_etl.py
[2026-02-05T15:31:35.777+0000] {processor.py:840} INFO - DAG(s) 'ecommerce_etl_pipeline' retrieved from /opt/airflow/dags/ecommerce_etl.py
[2026-02-05T15:31:35.806+0000] {logging_mixin.py:188} INFO - [2026-02-05T15:31:35.805+0000] {dag.py:3036} INFO - Sync 1 DAGs
[2026-02-05T15:31:35.826+0000] {logging_mixin.py:188} INFO - [2026-02-05T15:31:35.826+0000] {dag.py:3823} INFO - Setting next_dagrun for ecommerce_etl_pipeline to 2026-02-05 00:00:00+00:00, run_after=2026-02-06 00:00:00+00:00
[2026-02-05T15:31:35.848+0000] {processor.py:183} INFO - Processing /opt/airflow/dags/ecommerce_etl.py took 0.429 seconds
[2026-02-05T15:32:06.052+0000] {processor.py:161} INFO - Started process (PID=303) to work on /opt/airflow/dags/ecommerce_etl.py
[2026-02-05T15:32:06.053+0000] {processor.py:830} INFO - Processing file /opt/airflow/dags/ecommerce_etl.py for tasks to queue
[2026-02-05T15:32:06.054+0000] {logging_mixin.py:188} INFO - [2026-02-05T15:32:06.054+0000] {dagbag.py:538} INFO - Filling up the DagBag from /opt/airflow/dags/ecommerce_etl.py
[2026-02-05T15:32:06.341+0000] {processor.py:840} INFO - DAG(s) 'ecommerce_etl_pipeline' retrieved from /opt/airflow/dags/ecommerce_etl.py
[2026-02-05T15:32:06.369+0000] {logging_mixin.py:188} INFO - [2026-02-05T15:32:06.369+0000] {dag.py:3036} INFO - Sync 1 DAGs
[2026-02-05T15:32:06.390+0000] {logging_mixin.py:188} INFO - [2026-02-05T15:32:06.389+0000] {dag.py:3823} INFO - Setting next_dagrun for ecommerce_etl_pipeline to 2026-02-05 00:00:00+00:00, run_after=2026-02-06 00:00:00+00:00
[2026-02-05T15:32:06.410+0000] {processor.py:183} INFO - Processing /opt/airflow/dags/ecommerce_etl.py took 0.362 seconds
[2026-02-05T15:32:36.636+0000] {processor.py:161} INFO - Started process (PID=315) to work on /opt/airflow/dags/ecommerce_etl.py
[2026-02-05T15:32:36.637+0000] {processor.py:830} INFO - Processing file /opt/airflow/dags/ecommerce_etl.py for tasks to queue
[2026-02-05T15:32:36.639+0000] {logging_mixin.py:188} INFO - [2026-02-05T15:32:36.638+0000] {dagbag.py:538} INFO - Filling up the DagBag from /opt/airflow/dags/ecommerce_etl.py
[2026-02-05T15:32:36.913+0000] {processor.py:840} INFO - DAG(s) 'ecommerce_etl_pipeline' retrieved from /opt/airflow/dags/ecommerce_etl.py
[2026-02-05T15:32:36.941+0000] {logging_mixin.py:188} INFO - [2026-02-05T15:32:36.941+0000] {dag.py:3036} INFO - Sync 1 DAGs
[2026-02-05T15:32:36.962+0000] {logging_mixin.py:188} INFO - [2026-02-05T15:32:36.962+0000] {dag.py:3823} INFO - Setting next_dagrun for ecommerce_etl_pipeline to 2026-02-05 00:00:00+00:00, run_after=2026-02-06 00:00:00+00:00
[2026-02-05T15:32:36.984+0000] {processor.py:183} INFO - Processing /opt/airflow/dags/ecommerce_etl.py took 0.352 seconds
[2026-02-05T15:33:07.191+0000] {processor.py:161} INFO - Started process (PID=327) to work on /opt/airflow/dags/ecommerce_etl.py
[2026-02-05T15:33:07.193+0000] {processor.py:830} INFO - Processing file /opt/airflow/dags/ecommerce_etl.py for tasks to queue
[2026-02-05T15:33:07.194+0000] {logging_mixin.py:188} INFO - [2026-02-05T15:33:07.194+0000] {dagbag.py:538} INFO - Filling up the DagBag from /opt/airflow/dags/ecommerce_etl.py
[2026-02-05T15:33:07.490+0000] {processor.py:840} INFO - DAG(s) 'ecommerce_etl_pipeline' retrieved from /opt/airflow/dags/ecommerce_etl.py
[2026-02-05T15:33:07.524+0000] {logging_mixin.py:188} INFO - [2026-02-05T15:33:07.524+0000] {dag.py:3036} INFO - Sync 1 DAGs
[2026-02-05T15:33:07.549+0000] {logging_mixin.py:188} INFO - [2026-02-05T15:33:07.549+0000] {dag.py:3823} INFO - Setting next_dagrun for ecommerce_etl_pipeline to 2026-02-05 00:00:00+00:00, run_after=2026-02-06 00:00:00+00:00
[2026-02-05T15:33:07.573+0000] {processor.py:183} INFO - Processing /opt/airflow/dags/ecommerce_etl.py took 0.386 seconds
[2026-02-05T15:33:37.824+0000] {processor.py:161} INFO - Started process (PID=339) to work on /opt/airflow/dags/ecommerce_etl.py
[2026-02-05T15:33:37.825+0000] {processor.py:830} INFO - Processing file /opt/airflow/dags/ecommerce_etl.py for tasks to queue
[2026-02-05T15:33:37.826+0000] {logging_mixin.py:188} INFO - [2026-02-05T15:33:37.825+0000] {dagbag.py:538} INFO - Filling up the DagBag from /opt/airflow/dags/ecommerce_etl.py
[2026-02-05T15:33:38.091+0000] {processor.py:840} INFO - DAG(s) 'ecommerce_etl_pipeline' retrieved from /opt/airflow/dags/ecommerce_etl.py
[2026-02-05T15:33:38.120+0000] {logging_mixin.py:188} INFO - [2026-02-05T15:33:38.120+0000] {dag.py:3036} INFO - Sync 1 DAGs
[2026-02-05T15:33:38.141+0000] {logging_mixin.py:188} INFO - [2026-02-05T15:33:38.141+0000] {dag.py:3823} INFO - Setting next_dagrun for ecommerce_etl_pipeline to 2026-02-05 00:00:00+00:00, run_after=2026-02-06 00:00:00+00:00
[2026-02-05T15:33:38.159+0000] {processor.py:183} INFO - Processing /opt/airflow/dags/ecommerce_etl.py took 0.339 seconds
[2026-02-05T15:34:08.435+0000] {processor.py:161} INFO - Started process (PID=351) to work on /opt/airflow/dags/ecommerce_etl.py
[2026-02-05T15:34:08.436+0000] {processor.py:830} INFO - Processing file /opt/airflow/dags/ecommerce_etl.py for tasks to queue
[2026-02-05T15:34:08.436+0000] {logging_mixin.py:188} INFO - [2026-02-05T15:34:08.436+0000] {dagbag.py:538} INFO - Filling up the DagBag from /opt/airflow/dags/ecommerce_etl.py
[2026-02-05T15:34:08.669+0000] {processor.py:840} INFO - DAG(s) 'ecommerce_etl_pipeline' retrieved from /opt/airflow/dags/ecommerce_etl.py
[2026-02-05T15:34:08.694+0000] {logging_mixin.py:188} INFO - [2026-02-05T15:34:08.694+0000] {dag.py:3036} INFO - Sync 1 DAGs
[2026-02-05T15:34:08.712+0000] {logging_mixin.py:188} INFO - [2026-02-05T15:34:08.712+0000] {dag.py:3823} INFO - Setting next_dagrun for ecommerce_etl_pipeline to 2026-02-05 00:00:00+00:00, run_after=2026-02-06 00:00:00+00:00
[2026-02-05T15:34:08.730+0000] {processor.py:183} INFO - Processing /opt/airflow/dags/ecommerce_etl.py took 0.298 seconds
[2026-02-05T15:34:38.971+0000] {processor.py:161} INFO - Started process (PID=363) to work on /opt/airflow/dags/ecommerce_etl.py
[2026-02-05T15:34:38.972+0000] {processor.py:830} INFO - Processing file /opt/airflow/dags/ecommerce_etl.py for tasks to queue
[2026-02-05T15:34:38.973+0000] {logging_mixin.py:188} INFO - [2026-02-05T15:34:38.973+0000] {dagbag.py:538} INFO - Filling up the DagBag from /opt/airflow/dags/ecommerce_etl.py
[2026-02-05T15:34:39.204+0000] {processor.py:840} INFO - DAG(s) 'ecommerce_etl_pipeline' retrieved from /opt/airflow/dags/ecommerce_etl.py
[2026-02-05T15:34:39.233+0000] {logging_mixin.py:188} INFO - [2026-02-05T15:34:39.233+0000] {dag.py:3036} INFO - Sync 1 DAGs
[2026-02-05T15:34:39.253+0000] {logging_mixin.py:188} INFO - [2026-02-05T15:34:39.252+0000] {dag.py:3823} INFO - Setting next_dagrun for ecommerce_etl_pipeline to 2026-02-05 00:00:00+00:00, run_after=2026-02-06 00:00:00+00:00
[2026-02-05T15:34:39.271+0000] {processor.py:183} INFO - Processing /opt/airflow/dags/ecommerce_etl.py took 0.303 seconds
[2026-02-05T15:35:09.544+0000] {processor.py:161} INFO - Started process (PID=376) to work on /opt/airflow/dags/ecommerce_etl.py
[2026-02-05T15:35:09.546+0000] {processor.py:830} INFO - Processing file /opt/airflow/dags/ecommerce_etl.py for tasks to queue
[2026-02-05T15:35:09.547+0000] {logging_mixin.py:188} INFO - [2026-02-05T15:35:09.546+0000] {dagbag.py:538} INFO - Filling up the DagBag from /opt/airflow/dags/ecommerce_etl.py
[2026-02-05T15:35:09.768+0000] {processor.py:840} INFO - DAG(s) 'ecommerce_etl_pipeline' retrieved from /opt/airflow/dags/ecommerce_etl.py
[2026-02-05T15:35:09.794+0000] {logging_mixin.py:188} INFO - [2026-02-05T15:35:09.794+0000] {dag.py:3036} INFO - Sync 1 DAGs
[2026-02-05T15:35:09.814+0000] {logging_mixin.py:188} INFO - [2026-02-05T15:35:09.814+0000] {dag.py:3823} INFO - Setting next_dagrun for ecommerce_etl_pipeline to 2026-02-05 00:00:00+00:00, run_after=2026-02-06 00:00:00+00:00
[2026-02-05T15:35:09.831+0000] {processor.py:183} INFO - Processing /opt/airflow/dags/ecommerce_etl.py took 0.289 seconds
[2026-02-05T15:35:40.056+0000] {processor.py:161} INFO - Started process (PID=388) to work on /opt/airflow/dags/ecommerce_etl.py
[2026-02-05T15:35:40.057+0000] {processor.py:830} INFO - Processing file /opt/airflow/dags/ecommerce_etl.py for tasks to queue
[2026-02-05T15:35:40.058+0000] {logging_mixin.py:188} INFO - [2026-02-05T15:35:40.058+0000] {dagbag.py:538} INFO - Filling up the DagBag from /opt/airflow/dags/ecommerce_etl.py
[2026-02-05T15:35:40.284+0000] {processor.py:840} INFO - DAG(s) 'ecommerce_etl_pipeline' retrieved from /opt/airflow/dags/ecommerce_etl.py
[2026-02-05T15:35:40.309+0000] {logging_mixin.py:188} INFO - [2026-02-05T15:35:40.309+0000] {dag.py:3036} INFO - Sync 1 DAGs
[2026-02-05T15:35:40.329+0000] {logging_mixin.py:188} INFO - [2026-02-05T15:35:40.329+0000] {dag.py:3823} INFO - Setting next_dagrun for ecommerce_etl_pipeline to 2026-02-05 00:00:00+00:00, run_after=2026-02-06 00:00:00+00:00
[2026-02-05T15:35:40.348+0000] {processor.py:183} INFO - Processing /opt/airflow/dags/ecommerce_etl.py took 0.295 seconds
[2026-02-05T15:36:10.620+0000] {processor.py:161} INFO - Started process (PID=436) to work on /opt/airflow/dags/ecommerce_etl.py
[2026-02-05T15:36:10.621+0000] {processor.py:830} INFO - Processing file /opt/airflow/dags/ecommerce_etl.py for tasks to queue
[2026-02-05T15:36:10.622+0000] {logging_mixin.py:188} INFO - [2026-02-05T15:36:10.622+0000] {dagbag.py:538} INFO - Filling up the DagBag from /opt/airflow/dags/ecommerce_etl.py
[2026-02-05T15:36:10.839+0000] {processor.py:840} INFO - DAG(s) 'ecommerce_etl_pipeline' retrieved from /opt/airflow/dags/ecommerce_etl.py
[2026-02-05T15:36:10.867+0000] {logging_mixin.py:188} INFO - [2026-02-05T15:36:10.867+0000] {dag.py:3036} INFO - Sync 1 DAGs
[2026-02-05T15:36:10.888+0000] {logging_mixin.py:188} INFO - [2026-02-05T15:36:10.888+0000] {dag.py:3823} INFO - Setting next_dagrun for ecommerce_etl_pipeline to 2026-02-05 00:00:00+00:00, run_after=2026-02-06 00:00:00+00:00
[2026-02-05T15:36:10.913+0000] {processor.py:183} INFO - Processing /opt/airflow/dags/ecommerce_etl.py took 0.296 seconds
[2026-02-05T15:36:41.147+0000] {processor.py:161} INFO - Started process (PID=448) to work on /opt/airflow/dags/ecommerce_etl.py
[2026-02-05T15:36:41.148+0000] {processor.py:830} INFO - Processing file /opt/airflow/dags/ecommerce_etl.py for tasks to queue
[2026-02-05T15:36:41.149+0000] {logging_mixin.py:188} INFO - [2026-02-05T15:36:41.149+0000] {dagbag.py:538} INFO - Filling up the DagBag from /opt/airflow/dags/ecommerce_etl.py
[2026-02-05T15:36:41.388+0000] {processor.py:840} INFO - DAG(s) 'ecommerce_etl_pipeline' retrieved from /opt/airflow/dags/ecommerce_etl.py
[2026-02-05T15:36:41.414+0000] {logging_mixin.py:188} INFO - [2026-02-05T15:36:41.413+0000] {dag.py:3036} INFO - Sync 1 DAGs
[2026-02-05T15:36:41.433+0000] {logging_mixin.py:188} INFO - [2026-02-05T15:36:41.433+0000] {dag.py:3823} INFO - Setting next_dagrun for ecommerce_etl_pipeline to 2026-02-05 00:00:00+00:00, run_after=2026-02-06 00:00:00+00:00
[2026-02-05T15:36:41.452+0000] {processor.py:183} INFO - Processing /opt/airflow/dags/ecommerce_etl.py took 0.308 seconds
[2026-02-05T15:37:11.650+0000] {processor.py:161} INFO - Started process (PID=460) to work on /opt/airflow/dags/ecommerce_etl.py
[2026-02-05T15:37:11.651+0000] {processor.py:830} INFO - Processing file /opt/airflow/dags/ecommerce_etl.py for tasks to queue
[2026-02-05T15:37:11.652+0000] {logging_mixin.py:188} INFO - [2026-02-05T15:37:11.652+0000] {dagbag.py:538} INFO - Filling up the DagBag from /opt/airflow/dags/ecommerce_etl.py
[2026-02-05T15:37:11.899+0000] {processor.py:840} INFO - DAG(s) 'ecommerce_etl_pipeline' retrieved from /opt/airflow/dags/ecommerce_etl.py
[2026-02-05T15:37:11.928+0000] {logging_mixin.py:188} INFO - [2026-02-05T15:37:11.927+0000] {dag.py:3036} INFO - Sync 1 DAGs
[2026-02-05T15:37:11.948+0000] {logging_mixin.py:188} INFO - [2026-02-05T15:37:11.947+0000] {dag.py:3823} INFO - Setting next_dagrun for ecommerce_etl_pipeline to 2026-02-05 00:00:00+00:00, run_after=2026-02-06 00:00:00+00:00
[2026-02-05T15:37:11.967+0000] {processor.py:183} INFO - Processing /opt/airflow/dags/ecommerce_etl.py took 0.320 seconds
[2026-02-05T15:37:42.214+0000] {processor.py:161} INFO - Started process (PID=472) to work on /opt/airflow/dags/ecommerce_etl.py
[2026-02-05T15:37:42.215+0000] {processor.py:830} INFO - Processing file /opt/airflow/dags/ecommerce_etl.py for tasks to queue
[2026-02-05T15:37:42.216+0000] {logging_mixin.py:188} INFO - [2026-02-05T15:37:42.216+0000] {dagbag.py:538} INFO - Filling up the DagBag from /opt/airflow/dags/ecommerce_etl.py
[2026-02-05T15:37:42.482+0000] {processor.py:840} INFO - DAG(s) 'ecommerce_etl_pipeline' retrieved from /opt/airflow/dags/ecommerce_etl.py
[2026-02-05T15:37:42.510+0000] {logging_mixin.py:188} INFO - [2026-02-05T15:37:42.510+0000] {dag.py:3036} INFO - Sync 1 DAGs
[2026-02-05T15:37:42.530+0000] {logging_mixin.py:188} INFO - [2026-02-05T15:37:42.530+0000] {dag.py:3823} INFO - Setting next_dagrun for ecommerce_etl_pipeline to 2026-02-05 00:00:00+00:00, run_after=2026-02-06 00:00:00+00:00
[2026-02-05T15:37:42.547+0000] {processor.py:183} INFO - Processing /opt/airflow/dags/ecommerce_etl.py took 0.336 seconds
[2026-02-05T15:38:12.736+0000] {processor.py:161} INFO - Started process (PID=484) to work on /opt/airflow/dags/ecommerce_etl.py
[2026-02-05T15:38:12.737+0000] {processor.py:830} INFO - Processing file /opt/airflow/dags/ecommerce_etl.py for tasks to queue
[2026-02-05T15:38:12.738+0000] {logging_mixin.py:188} INFO - [2026-02-05T15:38:12.737+0000] {dagbag.py:538} INFO - Filling up the DagBag from /opt/airflow/dags/ecommerce_etl.py
[2026-02-05T15:38:13.000+0000] {processor.py:840} INFO - DAG(s) 'ecommerce_etl_pipeline' retrieved from /opt/airflow/dags/ecommerce_etl.py
[2026-02-05T15:38:13.031+0000] {logging_mixin.py:188} INFO - [2026-02-05T15:38:13.031+0000] {dag.py:3036} INFO - Sync 1 DAGs
[2026-02-05T15:38:13.056+0000] {logging_mixin.py:188} INFO - [2026-02-05T15:38:13.056+0000] {dag.py:3823} INFO - Setting next_dagrun for ecommerce_etl_pipeline to 2026-02-05 00:00:00+00:00, run_after=2026-02-06 00:00:00+00:00
[2026-02-05T15:38:13.082+0000] {processor.py:183} INFO - Processing /opt/airflow/dags/ecommerce_etl.py took 0.350 seconds
[2026-02-05T15:38:43.303+0000] {processor.py:161} INFO - Started process (PID=496) to work on /opt/airflow/dags/ecommerce_etl.py
[2026-02-05T15:38:43.304+0000] {processor.py:830} INFO - Processing file /opt/airflow/dags/ecommerce_etl.py for tasks to queue
[2026-02-05T15:38:43.305+0000] {logging_mixin.py:188} INFO - [2026-02-05T15:38:43.305+0000] {dagbag.py:538} INFO - Filling up the DagBag from /opt/airflow/dags/ecommerce_etl.py
[2026-02-05T15:38:43.571+0000] {processor.py:840} INFO - DAG(s) 'ecommerce_etl_pipeline' retrieved from /opt/airflow/dags/ecommerce_etl.py
[2026-02-05T15:38:43.597+0000] {logging_mixin.py:188} INFO - [2026-02-05T15:38:43.597+0000] {dag.py:3036} INFO - Sync 1 DAGs
[2026-02-05T15:38:43.616+0000] {logging_mixin.py:188} INFO - [2026-02-05T15:38:43.615+0000] {dag.py:3823} INFO - Setting next_dagrun for ecommerce_etl_pipeline to 2026-02-05 00:00:00+00:00, run_after=2026-02-06 00:00:00+00:00
[2026-02-05T15:38:43.634+0000] {processor.py:183} INFO - Processing /opt/airflow/dags/ecommerce_etl.py took 0.335 seconds
[2026-02-05T15:39:13.851+0000] {processor.py:161} INFO - Started process (PID=508) to work on /opt/airflow/dags/ecommerce_etl.py
[2026-02-05T15:39:13.852+0000] {processor.py:830} INFO - Processing file /opt/airflow/dags/ecommerce_etl.py for tasks to queue
[2026-02-05T15:39:13.853+0000] {logging_mixin.py:188} INFO - [2026-02-05T15:39:13.852+0000] {dagbag.py:538} INFO - Filling up the DagBag from /opt/airflow/dags/ecommerce_etl.py
[2026-02-05T15:39:14.102+0000] {processor.py:840} INFO - DAG(s) 'ecommerce_etl_pipeline' retrieved from /opt/airflow/dags/ecommerce_etl.py
[2026-02-05T15:39:14.130+0000] {logging_mixin.py:188} INFO - [2026-02-05T15:39:14.130+0000] {dag.py:3036} INFO - Sync 1 DAGs
[2026-02-05T15:39:14.150+0000] {logging_mixin.py:188} INFO - [2026-02-05T15:39:14.150+0000] {dag.py:3823} INFO - Setting next_dagrun for ecommerce_etl_pipeline to 2026-02-05 00:00:00+00:00, run_after=2026-02-06 00:00:00+00:00
[2026-02-05T15:39:14.171+0000] {processor.py:183} INFO - Processing /opt/airflow/dags/ecommerce_etl.py took 0.323 seconds
[2026-02-05T15:39:44.408+0000] {processor.py:161} INFO - Started process (PID=520) to work on /opt/airflow/dags/ecommerce_etl.py
[2026-02-05T15:39:44.409+0000] {processor.py:830} INFO - Processing file /opt/airflow/dags/ecommerce_etl.py for tasks to queue
[2026-02-05T15:39:44.410+0000] {logging_mixin.py:188} INFO - [2026-02-05T15:39:44.410+0000] {dagbag.py:538} INFO - Filling up the DagBag from /opt/airflow/dags/ecommerce_etl.py
[2026-02-05T15:39:44.691+0000] {processor.py:840} INFO - DAG(s) 'ecommerce_etl_pipeline' retrieved from /opt/airflow/dags/ecommerce_etl.py
[2026-02-05T15:39:44.719+0000] {logging_mixin.py:188} INFO - [2026-02-05T15:39:44.719+0000] {dag.py:3036} INFO - Sync 1 DAGs
[2026-02-05T15:39:44.741+0000] {logging_mixin.py:188} INFO - [2026-02-05T15:39:44.741+0000] {dag.py:3823} INFO - Setting next_dagrun for ecommerce_etl_pipeline to 2026-02-05 00:00:00+00:00, run_after=2026-02-06 00:00:00+00:00
[2026-02-05T15:39:44.758+0000] {processor.py:183} INFO - Processing /opt/airflow/dags/ecommerce_etl.py took 0.354 seconds
[2026-02-05T15:40:14.958+0000] {processor.py:161} INFO - Started process (PID=532) to work on /opt/airflow/dags/ecommerce_etl.py
[2026-02-05T15:40:14.960+0000] {processor.py:830} INFO - Processing file /opt/airflow/dags/ecommerce_etl.py for tasks to queue
[2026-02-05T15:40:14.961+0000] {logging_mixin.py:188} INFO - [2026-02-05T15:40:14.960+0000] {dagbag.py:538} INFO - Filling up the DagBag from /opt/airflow/dags/ecommerce_etl.py
[2026-02-05T15:40:15.253+0000] {processor.py:840} INFO - DAG(s) 'ecommerce_etl_pipeline' retrieved from /opt/airflow/dags/ecommerce_etl.py
[2026-02-05T15:40:15.288+0000] {logging_mixin.py:188} INFO - [2026-02-05T15:40:15.288+0000] {dag.py:3036} INFO - Sync 1 DAGs
[2026-02-05T15:40:15.316+0000] {logging_mixin.py:188} INFO - [2026-02-05T15:40:15.315+0000] {dag.py:3823} INFO - Setting next_dagrun for ecommerce_etl_pipeline to 2026-02-05 00:00:00+00:00, run_after=2026-02-06 00:00:00+00:00
[2026-02-05T15:40:15.336+0000] {processor.py:183} INFO - Processing /opt/airflow/dags/ecommerce_etl.py took 0.382 seconds
[2026-02-05T15:40:45.541+0000] {processor.py:161} INFO - Started process (PID=544) to work on /opt/airflow/dags/ecommerce_etl.py
[2026-02-05T15:40:45.543+0000] {processor.py:830} INFO - Processing file /opt/airflow/dags/ecommerce_etl.py for tasks to queue
[2026-02-05T15:40:45.545+0000] {logging_mixin.py:188} INFO - [2026-02-05T15:40:45.544+0000] {dagbag.py:538} INFO - Filling up the DagBag from /opt/airflow/dags/ecommerce_etl.py
[2026-02-05T15:40:45.889+0000] {processor.py:840} INFO - DAG(s) 'ecommerce_etl_pipeline' retrieved from /opt/airflow/dags/ecommerce_etl.py
[2026-02-05T15:40:45.925+0000] {logging_mixin.py:188} INFO - [2026-02-05T15:40:45.924+0000] {dag.py:3036} INFO - Sync 1 DAGs
[2026-02-05T15:40:45.978+0000] {logging_mixin.py:188} INFO - [2026-02-05T15:40:45.977+0000] {dag.py:3823} INFO - Setting next_dagrun for ecommerce_etl_pipeline to 2026-02-05 00:00:00+00:00, run_after=2026-02-06 00:00:00+00:00
[2026-02-05T15:40:46.016+0000] {processor.py:183} INFO - Processing /opt/airflow/dags/ecommerce_etl.py took 0.480 seconds
[2026-02-05T15:41:16.301+0000] {processor.py:161} INFO - Started process (PID=556) to work on /opt/airflow/dags/ecommerce_etl.py
[2026-02-05T15:41:16.302+0000] {processor.py:830} INFO - Processing file /opt/airflow/dags/ecommerce_etl.py for tasks to queue
[2026-02-05T15:41:16.304+0000] {logging_mixin.py:188} INFO - [2026-02-05T15:41:16.303+0000] {dagbag.py:538} INFO - Filling up the DagBag from /opt/airflow/dags/ecommerce_etl.py
[2026-02-05T15:41:16.623+0000] {processor.py:840} INFO - DAG(s) 'ecommerce_etl_pipeline' retrieved from /opt/airflow/dags/ecommerce_etl.py
[2026-02-05T15:41:16.657+0000] {logging_mixin.py:188} INFO - [2026-02-05T15:41:16.657+0000] {dag.py:3036} INFO - Sync 1 DAGs
[2026-02-05T15:41:16.688+0000] {logging_mixin.py:188} INFO - [2026-02-05T15:41:16.688+0000] {dag.py:3823} INFO - Setting next_dagrun for ecommerce_etl_pipeline to 2026-02-05 00:00:00+00:00, run_after=2026-02-06 00:00:00+00:00
[2026-02-05T15:41:16.710+0000] {processor.py:183} INFO - Processing /opt/airflow/dags/ecommerce_etl.py took 0.414 seconds
[2026-02-05T15:41:46.896+0000] {processor.py:161} INFO - Started process (PID=568) to work on /opt/airflow/dags/ecommerce_etl.py
[2026-02-05T15:41:46.898+0000] {processor.py:830} INFO - Processing file /opt/airflow/dags/ecommerce_etl.py for tasks to queue
[2026-02-05T15:41:46.899+0000] {logging_mixin.py:188} INFO - [2026-02-05T15:41:46.899+0000] {dagbag.py:538} INFO - Filling up the DagBag from /opt/airflow/dags/ecommerce_etl.py
[2026-02-05T15:41:47.200+0000] {processor.py:840} INFO - DAG(s) 'ecommerce_etl_pipeline' retrieved from /opt/airflow/dags/ecommerce_etl.py
[2026-02-05T15:41:47.232+0000] {logging_mixin.py:188} INFO - [2026-02-05T15:41:47.232+0000] {dag.py:3036} INFO - Sync 1 DAGs
[2026-02-05T15:41:47.256+0000] {logging_mixin.py:188} INFO - [2026-02-05T15:41:47.255+0000] {dag.py:3823} INFO - Setting next_dagrun for ecommerce_etl_pipeline to 2026-02-05 00:00:00+00:00, run_after=2026-02-06 00:00:00+00:00
[2026-02-05T15:41:47.281+0000] {processor.py:183} INFO - Processing /opt/airflow/dags/ecommerce_etl.py took 0.388 seconds
[2026-02-05T15:42:17.482+0000] {processor.py:161} INFO - Started process (PID=580) to work on /opt/airflow/dags/ecommerce_etl.py
[2026-02-05T15:42:17.483+0000] {processor.py:830} INFO - Processing file /opt/airflow/dags/ecommerce_etl.py for tasks to queue
[2026-02-05T15:42:17.484+0000] {logging_mixin.py:188} INFO - [2026-02-05T15:42:17.483+0000] {dagbag.py:538} INFO - Filling up the DagBag from /opt/airflow/dags/ecommerce_etl.py
[2026-02-05T15:42:17.767+0000] {processor.py:840} INFO - DAG(s) 'ecommerce_etl_pipeline' retrieved from /opt/airflow/dags/ecommerce_etl.py
[2026-02-05T15:42:17.798+0000] {logging_mixin.py:188} INFO - [2026-02-05T15:42:17.798+0000] {dag.py:3036} INFO - Sync 1 DAGs
[2026-02-05T15:42:17.820+0000] {logging_mixin.py:188} INFO - [2026-02-05T15:42:17.820+0000] {dag.py:3823} INFO - Setting next_dagrun for ecommerce_etl_pipeline to 2026-02-05 00:00:00+00:00, run_after=2026-02-06 00:00:00+00:00
[2026-02-05T15:42:17.838+0000] {processor.py:183} INFO - Processing /opt/airflow/dags/ecommerce_etl.py took 0.359 seconds
[2026-02-05T15:42:48.050+0000] {processor.py:161} INFO - Started process (PID=592) to work on /opt/airflow/dags/ecommerce_etl.py
[2026-02-05T15:42:48.051+0000] {processor.py:830} INFO - Processing file /opt/airflow/dags/ecommerce_etl.py for tasks to queue
[2026-02-05T15:42:48.052+0000] {logging_mixin.py:188} INFO - [2026-02-05T15:42:48.052+0000] {dagbag.py:538} INFO - Filling up the DagBag from /opt/airflow/dags/ecommerce_etl.py
[2026-02-05T15:42:48.388+0000] {processor.py:840} INFO - DAG(s) 'ecommerce_etl_pipeline' retrieved from /opt/airflow/dags/ecommerce_etl.py
[2026-02-05T15:42:48.425+0000] {logging_mixin.py:188} INFO - [2026-02-05T15:42:48.424+0000] {dag.py:3036} INFO - Sync 1 DAGs
[2026-02-05T15:42:48.454+0000] {logging_mixin.py:188} INFO - [2026-02-05T15:42:48.453+0000] {dag.py:3823} INFO - Setting next_dagrun for ecommerce_etl_pipeline to 2026-02-05 00:00:00+00:00, run_after=2026-02-06 00:00:00+00:00
[2026-02-05T15:42:48.487+0000] {processor.py:183} INFO - Processing /opt/airflow/dags/ecommerce_etl.py took 0.441 seconds
[2026-02-05T15:43:18.725+0000] {processor.py:161} INFO - Started process (PID=604) to work on /opt/airflow/dags/ecommerce_etl.py
[2026-02-05T15:43:18.727+0000] {processor.py:830} INFO - Processing file /opt/airflow/dags/ecommerce_etl.py for tasks to queue
[2026-02-05T15:43:18.728+0000] {logging_mixin.py:188} INFO - [2026-02-05T15:43:18.728+0000] {dagbag.py:538} INFO - Filling up the DagBag from /opt/airflow/dags/ecommerce_etl.py
[2026-02-05T15:43:19.067+0000] {processor.py:840} INFO - DAG(s) 'ecommerce_etl_pipeline' retrieved from /opt/airflow/dags/ecommerce_etl.py
[2026-02-05T15:43:19.103+0000] {logging_mixin.py:188} INFO - [2026-02-05T15:43:19.102+0000] {dag.py:3036} INFO - Sync 1 DAGs
[2026-02-05T15:43:19.132+0000] {logging_mixin.py:188} INFO - [2026-02-05T15:43:19.131+0000] {dag.py:3823} INFO - Setting next_dagrun for ecommerce_etl_pipeline to 2026-02-05 00:00:00+00:00, run_after=2026-02-06 00:00:00+00:00
[2026-02-05T15:43:19.159+0000] {processor.py:183} INFO - Processing /opt/airflow/dags/ecommerce_etl.py took 0.438 seconds
[2026-02-05T15:43:49.450+0000] {processor.py:161} INFO - Started process (PID=622) to work on /opt/airflow/dags/ecommerce_etl.py
[2026-02-05T15:43:49.451+0000] {processor.py:830} INFO - Processing file /opt/airflow/dags/ecommerce_etl.py for tasks to queue
[2026-02-05T15:43:49.452+0000] {logging_mixin.py:188} INFO - [2026-02-05T15:43:49.452+0000] {dagbag.py:538} INFO - Filling up the DagBag from /opt/airflow/dags/ecommerce_etl.py
[2026-02-05T15:43:49.752+0000] {processor.py:840} INFO - DAG(s) 'ecommerce_etl_pipeline' retrieved from /opt/airflow/dags/ecommerce_etl.py
[2026-02-05T15:43:49.785+0000] {logging_mixin.py:188} INFO - [2026-02-05T15:43:49.785+0000] {dag.py:3036} INFO - Sync 1 DAGs
[2026-02-05T15:43:49.809+0000] {logging_mixin.py:188} INFO - [2026-02-05T15:43:49.809+0000] {dag.py:3823} INFO - Setting next_dagrun for ecommerce_etl_pipeline to 2026-02-05 00:00:00+00:00, run_after=2026-02-06 00:00:00+00:00
[2026-02-05T15:43:49.830+0000] {processor.py:183} INFO - Processing /opt/airflow/dags/ecommerce_etl.py took 0.384 seconds
[2026-02-05T15:44:20.046+0000] {processor.py:161} INFO - Started process (PID=634) to work on /opt/airflow/dags/ecommerce_etl.py
[2026-02-05T15:44:20.048+0000] {processor.py:830} INFO - Processing file /opt/airflow/dags/ecommerce_etl.py for tasks to queue
[2026-02-05T15:44:20.049+0000] {logging_mixin.py:188} INFO - [2026-02-05T15:44:20.048+0000] {dagbag.py:538} INFO - Filling up the DagBag from /opt/airflow/dags/ecommerce_etl.py
[2026-02-05T15:44:20.380+0000] {processor.py:840} INFO - DAG(s) 'ecommerce_etl_pipeline' retrieved from /opt/airflow/dags/ecommerce_etl.py
[2026-02-05T15:44:20.416+0000] {logging_mixin.py:188} INFO - [2026-02-05T15:44:20.415+0000] {dag.py:3036} INFO - Sync 1 DAGs
[2026-02-05T15:44:20.442+0000] {logging_mixin.py:188} INFO - [2026-02-05T15:44:20.442+0000] {dag.py:3823} INFO - Setting next_dagrun for ecommerce_etl_pipeline to 2026-02-05 00:00:00+00:00, run_after=2026-02-06 00:00:00+00:00
[2026-02-05T15:44:20.468+0000] {processor.py:183} INFO - Processing /opt/airflow/dags/ecommerce_etl.py took 0.426 seconds
[2026-02-05T15:44:50.696+0000] {processor.py:161} INFO - Started process (PID=646) to work on /opt/airflow/dags/ecommerce_etl.py
[2026-02-05T15:44:50.697+0000] {processor.py:830} INFO - Processing file /opt/airflow/dags/ecommerce_etl.py for tasks to queue
[2026-02-05T15:44:50.698+0000] {logging_mixin.py:188} INFO - [2026-02-05T15:44:50.698+0000] {dagbag.py:538} INFO - Filling up the DagBag from /opt/airflow/dags/ecommerce_etl.py
[2026-02-05T15:44:51.038+0000] {processor.py:840} INFO - DAG(s) 'ecommerce_etl_pipeline' retrieved from /opt/airflow/dags/ecommerce_etl.py
[2026-02-05T15:44:51.072+0000] {logging_mixin.py:188} INFO - [2026-02-05T15:44:51.071+0000] {dag.py:3036} INFO - Sync 1 DAGs
[2026-02-05T15:44:51.099+0000] {logging_mixin.py:188} INFO - [2026-02-05T15:44:51.099+0000] {dag.py:3823} INFO - Setting next_dagrun for ecommerce_etl_pipeline to 2026-02-05 00:00:00+00:00, run_after=2026-02-06 00:00:00+00:00
[2026-02-05T15:44:51.125+0000] {processor.py:183} INFO - Processing /opt/airflow/dags/ecommerce_etl.py took 0.433 seconds
[2026-02-05T15:45:21.342+0000] {processor.py:161} INFO - Started process (PID=658) to work on /opt/airflow/dags/ecommerce_etl.py
[2026-02-05T15:45:21.344+0000] {processor.py:830} INFO - Processing file /opt/airflow/dags/ecommerce_etl.py for tasks to queue
[2026-02-05T15:45:21.344+0000] {logging_mixin.py:188} INFO - [2026-02-05T15:45:21.344+0000] {dagbag.py:538} INFO - Filling up the DagBag from /opt/airflow/dags/ecommerce_etl.py
[2026-02-05T15:45:21.627+0000] {processor.py:840} INFO - DAG(s) 'ecommerce_etl_pipeline' retrieved from /opt/airflow/dags/ecommerce_etl.py
[2026-02-05T15:45:21.664+0000] {logging_mixin.py:188} INFO - [2026-02-05T15:45:21.664+0000] {dag.py:3036} INFO - Sync 1 DAGs
[2026-02-05T15:45:21.691+0000] {logging_mixin.py:188} INFO - [2026-02-05T15:45:21.690+0000] {dag.py:3823} INFO - Setting next_dagrun for ecommerce_etl_pipeline to 2026-02-05 00:00:00+00:00, run_after=2026-02-06 00:00:00+00:00
[2026-02-05T15:45:21.714+0000] {processor.py:183} INFO - Processing /opt/airflow/dags/ecommerce_etl.py took 0.375 seconds
[2026-02-05T15:45:51.923+0000] {processor.py:161} INFO - Started process (PID=670) to work on /opt/airflow/dags/ecommerce_etl.py
[2026-02-05T15:45:51.925+0000] {processor.py:830} INFO - Processing file /opt/airflow/dags/ecommerce_etl.py for tasks to queue
[2026-02-05T15:45:51.925+0000] {logging_mixin.py:188} INFO - [2026-02-05T15:45:51.925+0000] {dagbag.py:538} INFO - Filling up the DagBag from /opt/airflow/dags/ecommerce_etl.py
[2026-02-05T15:45:52.195+0000] {processor.py:840} INFO - DAG(s) 'ecommerce_etl_pipeline' retrieved from /opt/airflow/dags/ecommerce_etl.py
[2026-02-05T15:45:52.225+0000] {logging_mixin.py:188} INFO - [2026-02-05T15:45:52.225+0000] {dag.py:3036} INFO - Sync 1 DAGs
[2026-02-05T15:45:52.247+0000] {logging_mixin.py:188} INFO - [2026-02-05T15:45:52.247+0000] {dag.py:3823} INFO - Setting next_dagrun for ecommerce_etl_pipeline to 2026-02-05 00:00:00+00:00, run_after=2026-02-06 00:00:00+00:00
[2026-02-05T15:45:52.270+0000] {processor.py:183} INFO - Processing /opt/airflow/dags/ecommerce_etl.py took 0.349 seconds
[2026-02-05T15:46:22.477+0000] {processor.py:161} INFO - Started process (PID=682) to work on /opt/airflow/dags/ecommerce_etl.py
[2026-02-05T15:46:22.478+0000] {processor.py:830} INFO - Processing file /opt/airflow/dags/ecommerce_etl.py for tasks to queue
[2026-02-05T15:46:22.479+0000] {logging_mixin.py:188} INFO - [2026-02-05T15:46:22.479+0000] {dagbag.py:538} INFO - Filling up the DagBag from /opt/airflow/dags/ecommerce_etl.py
[2026-02-05T15:46:22.814+0000] {processor.py:840} INFO - DAG(s) 'ecommerce_etl_pipeline' retrieved from /opt/airflow/dags/ecommerce_etl.py
[2026-02-05T15:46:22.856+0000] {logging_mixin.py:188} INFO - [2026-02-05T15:46:22.856+0000] {dag.py:3036} INFO - Sync 1 DAGs
[2026-02-05T15:46:22.884+0000] {logging_mixin.py:188} INFO - [2026-02-05T15:46:22.884+0000] {dag.py:3823} INFO - Setting next_dagrun for ecommerce_etl_pipeline to 2026-02-05 00:00:00+00:00, run_after=2026-02-06 00:00:00+00:00
[2026-02-05T15:46:22.910+0000] {processor.py:183} INFO - Processing /opt/airflow/dags/ecommerce_etl.py took 0.436 seconds
[2026-02-05T15:46:53.131+0000] {processor.py:161} INFO - Started process (PID=694) to work on /opt/airflow/dags/ecommerce_etl.py
[2026-02-05T15:46:53.132+0000] {processor.py:830} INFO - Processing file /opt/airflow/dags/ecommerce_etl.py for tasks to queue
[2026-02-05T15:46:53.133+0000] {logging_mixin.py:188} INFO - [2026-02-05T15:46:53.133+0000] {dagbag.py:538} INFO - Filling up the DagBag from /opt/airflow/dags/ecommerce_etl.py
[2026-02-05T15:46:53.437+0000] {processor.py:840} INFO - DAG(s) 'ecommerce_etl_pipeline' retrieved from /opt/airflow/dags/ecommerce_etl.py
[2026-02-05T15:46:53.474+0000] {logging_mixin.py:188} INFO - [2026-02-05T15:46:53.473+0000] {dag.py:3036} INFO - Sync 1 DAGs
[2026-02-05T15:46:53.504+0000] {logging_mixin.py:188} INFO - [2026-02-05T15:46:53.504+0000] {dag.py:3823} INFO - Setting next_dagrun for ecommerce_etl_pipeline to 2026-02-05 00:00:00+00:00, run_after=2026-02-06 00:00:00+00:00
[2026-02-05T15:46:53.529+0000] {processor.py:183} INFO - Processing /opt/airflow/dags/ecommerce_etl.py took 0.402 seconds
[2026-02-05T15:47:23.755+0000] {processor.py:161} INFO - Started process (PID=706) to work on /opt/airflow/dags/ecommerce_etl.py
[2026-02-05T15:47:23.756+0000] {processor.py:830} INFO - Processing file /opt/airflow/dags/ecommerce_etl.py for tasks to queue
[2026-02-05T15:47:23.757+0000] {logging_mixin.py:188} INFO - [2026-02-05T15:47:23.757+0000] {dagbag.py:538} INFO - Filling up the DagBag from /opt/airflow/dags/ecommerce_etl.py
[2026-02-05T15:47:24.054+0000] {processor.py:840} INFO - DAG(s) 'ecommerce_etl_pipeline' retrieved from /opt/airflow/dags/ecommerce_etl.py
[2026-02-05T15:47:24.085+0000] {logging_mixin.py:188} INFO - [2026-02-05T15:47:24.085+0000] {dag.py:3036} INFO - Sync 1 DAGs
[2026-02-05T15:47:24.109+0000] {logging_mixin.py:188} INFO - [2026-02-05T15:47:24.109+0000] {dag.py:3823} INFO - Setting next_dagrun for ecommerce_etl_pipeline to 2026-02-05 00:00:00+00:00, run_after=2026-02-06 00:00:00+00:00
[2026-02-05T15:47:24.129+0000] {processor.py:183} INFO - Processing /opt/airflow/dags/ecommerce_etl.py took 0.378 seconds
[2026-02-05T15:47:54.365+0000] {processor.py:161} INFO - Started process (PID=718) to work on /opt/airflow/dags/ecommerce_etl.py
[2026-02-05T15:47:54.366+0000] {processor.py:830} INFO - Processing file /opt/airflow/dags/ecommerce_etl.py for tasks to queue
[2026-02-05T15:47:54.368+0000] {logging_mixin.py:188} INFO - [2026-02-05T15:47:54.368+0000] {dagbag.py:538} INFO - Filling up the DagBag from /opt/airflow/dags/ecommerce_etl.py
[2026-02-05T15:47:54.678+0000] {processor.py:840} INFO - DAG(s) 'ecommerce_etl_pipeline' retrieved from /opt/airflow/dags/ecommerce_etl.py
[2026-02-05T15:47:54.711+0000] {logging_mixin.py:188} INFO - [2026-02-05T15:47:54.710+0000] {dag.py:3036} INFO - Sync 1 DAGs
[2026-02-05T15:47:54.734+0000] {logging_mixin.py:188} INFO - [2026-02-05T15:47:54.734+0000] {dag.py:3823} INFO - Setting next_dagrun for ecommerce_etl_pipeline to 2026-02-05 00:00:00+00:00, run_after=2026-02-06 00:00:00+00:00
[2026-02-05T15:47:54.758+0000] {processor.py:183} INFO - Processing /opt/airflow/dags/ecommerce_etl.py took 0.398 seconds
[2026-02-05T15:48:24.970+0000] {processor.py:161} INFO - Started process (PID=730) to work on /opt/airflow/dags/ecommerce_etl.py
[2026-02-05T15:48:24.971+0000] {processor.py:830} INFO - Processing file /opt/airflow/dags/ecommerce_etl.py for tasks to queue
[2026-02-05T15:48:24.973+0000] {logging_mixin.py:188} INFO - [2026-02-05T15:48:24.973+0000] {dagbag.py:538} INFO - Filling up the DagBag from /opt/airflow/dags/ecommerce_etl.py
[2026-02-05T15:48:25.231+0000] {processor.py:840} INFO - DAG(s) 'ecommerce_etl_pipeline' retrieved from /opt/airflow/dags/ecommerce_etl.py
[2026-02-05T15:48:25.258+0000] {logging_mixin.py:188} INFO - [2026-02-05T15:48:25.258+0000] {dag.py:3036} INFO - Sync 1 DAGs
[2026-02-05T15:48:25.276+0000] {logging_mixin.py:188} INFO - [2026-02-05T15:48:25.275+0000] {dag.py:3823} INFO - Setting next_dagrun for ecommerce_etl_pipeline to 2026-02-05 00:00:00+00:00, run_after=2026-02-06 00:00:00+00:00
[2026-02-05T15:48:25.293+0000] {processor.py:183} INFO - Processing /opt/airflow/dags/ecommerce_etl.py took 0.327 seconds
[2026-02-05T15:48:55.557+0000] {processor.py:161} INFO - Started process (PID=742) to work on /opt/airflow/dags/ecommerce_etl.py
[2026-02-05T15:48:55.558+0000] {processor.py:830} INFO - Processing file /opt/airflow/dags/ecommerce_etl.py for tasks to queue
[2026-02-05T15:48:55.560+0000] {logging_mixin.py:188} INFO - [2026-02-05T15:48:55.559+0000] {dagbag.py:538} INFO - Filling up the DagBag from /opt/airflow/dags/ecommerce_etl.py
[2026-02-05T15:48:55.881+0000] {processor.py:840} INFO - DAG(s) 'ecommerce_etl_pipeline' retrieved from /opt/airflow/dags/ecommerce_etl.py
[2026-02-05T15:48:55.929+0000] {logging_mixin.py:188} INFO - [2026-02-05T15:48:55.929+0000] {dag.py:3036} INFO - Sync 1 DAGs
[2026-02-05T15:48:55.950+0000] {logging_mixin.py:188} INFO - [2026-02-05T15:48:55.950+0000] {dag.py:3823} INFO - Setting next_dagrun for ecommerce_etl_pipeline to 2026-02-05 00:00:00+00:00, run_after=2026-02-06 00:00:00+00:00
[2026-02-05T15:48:55.968+0000] {processor.py:183} INFO - Processing /opt/airflow/dags/ecommerce_etl.py took 0.416 seconds
[2026-02-05T15:49:26.211+0000] {processor.py:161} INFO - Started process (PID=754) to work on /opt/airflow/dags/ecommerce_etl.py
[2026-02-05T15:49:26.212+0000] {processor.py:830} INFO - Processing file /opt/airflow/dags/ecommerce_etl.py for tasks to queue
[2026-02-05T15:49:26.214+0000] {logging_mixin.py:188} INFO - [2026-02-05T15:49:26.213+0000] {dagbag.py:538} INFO - Filling up the DagBag from /opt/airflow/dags/ecommerce_etl.py
[2026-02-05T15:49:26.635+0000] {processor.py:840} INFO - DAG(s) 'ecommerce_etl_pipeline' retrieved from /opt/airflow/dags/ecommerce_etl.py
[2026-02-05T15:49:26.668+0000] {logging_mixin.py:188} INFO - [2026-02-05T15:49:26.668+0000] {dag.py:3036} INFO - Sync 1 DAGs
[2026-02-05T15:49:26.695+0000] {logging_mixin.py:188} INFO - [2026-02-05T15:49:26.694+0000] {dag.py:3823} INFO - Setting next_dagrun for ecommerce_etl_pipeline to 2026-02-05 00:00:00+00:00, run_after=2026-02-06 00:00:00+00:00
[2026-02-05T15:49:26.720+0000] {processor.py:183} INFO - Processing /opt/airflow/dags/ecommerce_etl.py took 0.513 seconds
[2026-02-05T15:49:56.942+0000] {processor.py:161} INFO - Started process (PID=766) to work on /opt/airflow/dags/ecommerce_etl.py
[2026-02-05T15:49:56.944+0000] {processor.py:830} INFO - Processing file /opt/airflow/dags/ecommerce_etl.py for tasks to queue
[2026-02-05T15:49:56.945+0000] {logging_mixin.py:188} INFO - [2026-02-05T15:49:56.945+0000] {dagbag.py:538} INFO - Filling up the DagBag from /opt/airflow/dags/ecommerce_etl.py
[2026-02-05T15:49:57.289+0000] {processor.py:840} INFO - DAG(s) 'ecommerce_etl_pipeline' retrieved from /opt/airflow/dags/ecommerce_etl.py
[2026-02-05T15:49:57.329+0000] {logging_mixin.py:188} INFO - [2026-02-05T15:49:57.328+0000] {dag.py:3036} INFO - Sync 1 DAGs
[2026-02-05T15:49:57.358+0000] {logging_mixin.py:188} INFO - [2026-02-05T15:49:57.358+0000] {dag.py:3823} INFO - Setting next_dagrun for ecommerce_etl_pipeline to 2026-02-05 00:00:00+00:00, run_after=2026-02-06 00:00:00+00:00
[2026-02-05T15:49:57.385+0000] {processor.py:183} INFO - Processing /opt/airflow/dags/ecommerce_etl.py took 0.447 seconds
[2026-02-05T15:50:27.691+0000] {processor.py:161} INFO - Started process (PID=778) to work on /opt/airflow/dags/ecommerce_etl.py
[2026-02-05T15:50:27.692+0000] {processor.py:830} INFO - Processing file /opt/airflow/dags/ecommerce_etl.py for tasks to queue
[2026-02-05T15:50:27.693+0000] {logging_mixin.py:188} INFO - [2026-02-05T15:50:27.693+0000] {dagbag.py:538} INFO - Filling up the DagBag from /opt/airflow/dags/ecommerce_etl.py
[2026-02-05T15:50:27.962+0000] {processor.py:840} INFO - DAG(s) 'ecommerce_etl_pipeline' retrieved from /opt/airflow/dags/ecommerce_etl.py
[2026-02-05T15:50:27.995+0000] {logging_mixin.py:188} INFO - [2026-02-05T15:50:27.994+0000] {dag.py:3036} INFO - Sync 1 DAGs
[2026-02-05T15:50:28.022+0000] {logging_mixin.py:188} INFO - [2026-02-05T15:50:28.022+0000] {dag.py:3823} INFO - Setting next_dagrun for ecommerce_etl_pipeline to 2026-02-05 00:00:00+00:00, run_after=2026-02-06 00:00:00+00:00
[2026-02-05T15:50:28.045+0000] {processor.py:183} INFO - Processing /opt/airflow/dags/ecommerce_etl.py took 0.357 seconds
[2026-02-05T15:50:58.273+0000] {processor.py:161} INFO - Started process (PID=790) to work on /opt/airflow/dags/ecommerce_etl.py
[2026-02-05T15:50:58.274+0000] {processor.py:830} INFO - Processing file /opt/airflow/dags/ecommerce_etl.py for tasks to queue
[2026-02-05T15:50:58.275+0000] {logging_mixin.py:188} INFO - [2026-02-05T15:50:58.275+0000] {dagbag.py:538} INFO - Filling up the DagBag from /opt/airflow/dags/ecommerce_etl.py
[2026-02-05T15:50:58.502+0000] {processor.py:840} INFO - DAG(s) 'ecommerce_etl_pipeline' retrieved from /opt/airflow/dags/ecommerce_etl.py
[2026-02-05T15:50:58.527+0000] {logging_mixin.py:188} INFO - [2026-02-05T15:50:58.527+0000] {dag.py:3036} INFO - Sync 1 DAGs
[2026-02-05T15:50:58.549+0000] {logging_mixin.py:188} INFO - [2026-02-05T15:50:58.549+0000] {dag.py:3823} INFO - Setting next_dagrun for ecommerce_etl_pipeline to 2026-02-05 00:00:00+00:00, run_after=2026-02-06 00:00:00+00:00
[2026-02-05T15:50:58.566+0000] {processor.py:183} INFO - Processing /opt/airflow/dags/ecommerce_etl.py took 0.296 seconds
[2026-02-05T15:51:28.784+0000] {processor.py:161} INFO - Started process (PID=802) to work on /opt/airflow/dags/ecommerce_etl.py
[2026-02-05T15:51:28.786+0000] {processor.py:830} INFO - Processing file /opt/airflow/dags/ecommerce_etl.py for tasks to queue
[2026-02-05T15:51:28.788+0000] {logging_mixin.py:188} INFO - [2026-02-05T15:51:28.787+0000] {dagbag.py:538} INFO - Filling up the DagBag from /opt/airflow/dags/ecommerce_etl.py
[2026-02-05T15:51:29.086+0000] {processor.py:840} INFO - DAG(s) 'ecommerce_etl_pipeline' retrieved from /opt/airflow/dags/ecommerce_etl.py
[2026-02-05T15:51:29.115+0000] {logging_mixin.py:188} INFO - [2026-02-05T15:51:29.115+0000] {dag.py:3036} INFO - Sync 1 DAGs
[2026-02-05T15:51:29.137+0000] {logging_mixin.py:188} INFO - [2026-02-05T15:51:29.137+0000] {dag.py:3823} INFO - Setting next_dagrun for ecommerce_etl_pipeline to 2026-02-05 00:00:00+00:00, run_after=2026-02-06 00:00:00+00:00
[2026-02-05T15:51:29.158+0000] {processor.py:183} INFO - Processing /opt/airflow/dags/ecommerce_etl.py took 0.377 seconds
[2026-02-05T15:51:59.408+0000] {processor.py:161} INFO - Started process (PID=814) to work on /opt/airflow/dags/ecommerce_etl.py
[2026-02-05T15:51:59.409+0000] {processor.py:830} INFO - Processing file /opt/airflow/dags/ecommerce_etl.py for tasks to queue
[2026-02-05T15:51:59.410+0000] {logging_mixin.py:188} INFO - [2026-02-05T15:51:59.410+0000] {dagbag.py:538} INFO - Filling up the DagBag from /opt/airflow/dags/ecommerce_etl.py
[2026-02-05T15:51:59.661+0000] {processor.py:840} INFO - DAG(s) 'ecommerce_etl_pipeline' retrieved from /opt/airflow/dags/ecommerce_etl.py
[2026-02-05T15:51:59.691+0000] {logging_mixin.py:188} INFO - [2026-02-05T15:51:59.691+0000] {dag.py:3036} INFO - Sync 1 DAGs
[2026-02-05T15:51:59.712+0000] {logging_mixin.py:188} INFO - [2026-02-05T15:51:59.712+0000] {dag.py:3823} INFO - Setting next_dagrun for ecommerce_etl_pipeline to 2026-02-05 00:00:00+00:00, run_after=2026-02-06 00:00:00+00:00
[2026-02-05T15:51:59.733+0000] {processor.py:183} INFO - Processing /opt/airflow/dags/ecommerce_etl.py took 0.329 seconds
[2026-02-05T15:52:29.937+0000] {processor.py:161} INFO - Started process (PID=826) to work on /opt/airflow/dags/ecommerce_etl.py
[2026-02-05T15:52:29.939+0000] {processor.py:830} INFO - Processing file /opt/airflow/dags/ecommerce_etl.py for tasks to queue
[2026-02-05T15:52:29.940+0000] {logging_mixin.py:188} INFO - [2026-02-05T15:52:29.939+0000] {dagbag.py:538} INFO - Filling up the DagBag from /opt/airflow/dags/ecommerce_etl.py
[2026-02-05T15:52:30.169+0000] {processor.py:840} INFO - DAG(s) 'ecommerce_etl_pipeline' retrieved from /opt/airflow/dags/ecommerce_etl.py
[2026-02-05T15:52:30.196+0000] {logging_mixin.py:188} INFO - [2026-02-05T15:52:30.196+0000] {dag.py:3036} INFO - Sync 1 DAGs
[2026-02-05T15:52:30.214+0000] {logging_mixin.py:188} INFO - [2026-02-05T15:52:30.214+0000] {dag.py:3823} INFO - Setting next_dagrun for ecommerce_etl_pipeline to 2026-02-05 00:00:00+00:00, run_after=2026-02-06 00:00:00+00:00
[2026-02-05T15:52:30.232+0000] {processor.py:183} INFO - Processing /opt/airflow/dags/ecommerce_etl.py took 0.298 seconds
[2026-02-05T15:53:00.450+0000] {processor.py:161} INFO - Started process (PID=838) to work on /opt/airflow/dags/ecommerce_etl.py
[2026-02-05T15:53:00.451+0000] {processor.py:830} INFO - Processing file /opt/airflow/dags/ecommerce_etl.py for tasks to queue
[2026-02-05T15:53:00.452+0000] {logging_mixin.py:188} INFO - [2026-02-05T15:53:00.452+0000] {dagbag.py:538} INFO - Filling up the DagBag from /opt/airflow/dags/ecommerce_etl.py
[2026-02-05T15:53:00.701+0000] {processor.py:840} INFO - DAG(s) 'ecommerce_etl_pipeline' retrieved from /opt/airflow/dags/ecommerce_etl.py
[2026-02-05T15:53:00.729+0000] {logging_mixin.py:188} INFO - [2026-02-05T15:53:00.729+0000] {dag.py:3036} INFO - Sync 1 DAGs
[2026-02-05T15:53:00.749+0000] {logging_mixin.py:188} INFO - [2026-02-05T15:53:00.749+0000] {dag.py:3823} INFO - Setting next_dagrun for ecommerce_etl_pipeline to 2026-02-05 00:00:00+00:00, run_after=2026-02-06 00:00:00+00:00
[2026-02-05T15:53:00.767+0000] {processor.py:183} INFO - Processing /opt/airflow/dags/ecommerce_etl.py took 0.320 seconds
[2026-02-05T15:53:30.986+0000] {processor.py:161} INFO - Started process (PID=850) to work on /opt/airflow/dags/ecommerce_etl.py
[2026-02-05T15:53:30.987+0000] {processor.py:830} INFO - Processing file /opt/airflow/dags/ecommerce_etl.py for tasks to queue
[2026-02-05T15:53:30.988+0000] {logging_mixin.py:188} INFO - [2026-02-05T15:53:30.988+0000] {dagbag.py:538} INFO - Filling up the DagBag from /opt/airflow/dags/ecommerce_etl.py
[2026-02-05T15:53:31.223+0000] {processor.py:840} INFO - DAG(s) 'ecommerce_etl_pipeline' retrieved from /opt/airflow/dags/ecommerce_etl.py
[2026-02-05T15:53:31.250+0000] {logging_mixin.py:188} INFO - [2026-02-05T15:53:31.250+0000] {dag.py:3036} INFO - Sync 1 DAGs
[2026-02-05T15:53:31.270+0000] {logging_mixin.py:188} INFO - [2026-02-05T15:53:31.269+0000] {dag.py:3823} INFO - Setting next_dagrun for ecommerce_etl_pipeline to 2026-02-05 00:00:00+00:00, run_after=2026-02-06 00:00:00+00:00
[2026-02-05T15:53:31.288+0000] {processor.py:183} INFO - Processing /opt/airflow/dags/ecommerce_etl.py took 0.305 seconds
[2026-02-05T15:54:01.567+0000] {processor.py:161} INFO - Started process (PID=862) to work on /opt/airflow/dags/ecommerce_etl.py
[2026-02-05T15:54:01.568+0000] {processor.py:830} INFO - Processing file /opt/airflow/dags/ecommerce_etl.py for tasks to queue
[2026-02-05T15:54:01.569+0000] {logging_mixin.py:188} INFO - [2026-02-05T15:54:01.568+0000] {dagbag.py:538} INFO - Filling up the DagBag from /opt/airflow/dags/ecommerce_etl.py
[2026-02-05T15:54:01.829+0000] {processor.py:840} INFO - DAG(s) 'ecommerce_etl_pipeline' retrieved from /opt/airflow/dags/ecommerce_etl.py
[2026-02-05T15:54:01.856+0000] {logging_mixin.py:188} INFO - [2026-02-05T15:54:01.855+0000] {dag.py:3036} INFO - Sync 1 DAGs
[2026-02-05T15:54:01.875+0000] {logging_mixin.py:188} INFO - [2026-02-05T15:54:01.874+0000] {dag.py:3823} INFO - Setting next_dagrun for ecommerce_etl_pipeline to 2026-02-05 00:00:00+00:00, run_after=2026-02-06 00:00:00+00:00
[2026-02-05T15:54:01.892+0000] {processor.py:183} INFO - Processing /opt/airflow/dags/ecommerce_etl.py took 0.329 seconds
[2026-02-05T15:54:32.121+0000] {processor.py:161} INFO - Started process (PID=874) to work on /opt/airflow/dags/ecommerce_etl.py
[2026-02-05T15:54:32.122+0000] {processor.py:830} INFO - Processing file /opt/airflow/dags/ecommerce_etl.py for tasks to queue
[2026-02-05T15:54:32.123+0000] {logging_mixin.py:188} INFO - [2026-02-05T15:54:32.123+0000] {dagbag.py:538} INFO - Filling up the DagBag from /opt/airflow/dags/ecommerce_etl.py
[2026-02-05T15:54:32.369+0000] {processor.py:840} INFO - DAG(s) 'ecommerce_etl_pipeline' retrieved from /opt/airflow/dags/ecommerce_etl.py
[2026-02-05T15:54:32.399+0000] {logging_mixin.py:188} INFO - [2026-02-05T15:54:32.399+0000] {dag.py:3036} INFO - Sync 1 DAGs
[2026-02-05T15:54:32.419+0000] {logging_mixin.py:188} INFO - [2026-02-05T15:54:32.418+0000] {dag.py:3823} INFO - Setting next_dagrun for ecommerce_etl_pipeline to 2026-02-05 00:00:00+00:00, run_after=2026-02-06 00:00:00+00:00
[2026-02-05T15:54:32.439+0000] {processor.py:183} INFO - Processing /opt/airflow/dags/ecommerce_etl.py took 0.322 seconds
[2026-02-05T15:55:02.692+0000] {processor.py:161} INFO - Started process (PID=886) to work on /opt/airflow/dags/ecommerce_etl.py
[2026-02-05T15:55:02.693+0000] {processor.py:830} INFO - Processing file /opt/airflow/dags/ecommerce_etl.py for tasks to queue
[2026-02-05T15:55:02.694+0000] {logging_mixin.py:188} INFO - [2026-02-05T15:55:02.694+0000] {dagbag.py:538} INFO - Filling up the DagBag from /opt/airflow/dags/ecommerce_etl.py
[2026-02-05T15:55:02.931+0000] {processor.py:840} INFO - DAG(s) 'ecommerce_etl_pipeline' retrieved from /opt/airflow/dags/ecommerce_etl.py
[2026-02-05T15:55:02.957+0000] {logging_mixin.py:188} INFO - [2026-02-05T15:55:02.957+0000] {dag.py:3036} INFO - Sync 1 DAGs
[2026-02-05T15:55:02.977+0000] {logging_mixin.py:188} INFO - [2026-02-05T15:55:02.977+0000] {dag.py:3823} INFO - Setting next_dagrun for ecommerce_etl_pipeline to 2026-02-05 00:00:00+00:00, run_after=2026-02-06 00:00:00+00:00
[2026-02-05T15:55:02.996+0000] {processor.py:183} INFO - Processing /opt/airflow/dags/ecommerce_etl.py took 0.306 seconds
[2026-02-05T15:55:19.838+0000] {processor.py:161} INFO - Started process (PID=892) to work on /opt/airflow/dags/ecommerce_etl.py
[2026-02-05T15:55:19.840+0000] {processor.py:830} INFO - Processing file /opt/airflow/dags/ecommerce_etl.py for tasks to queue
[2026-02-05T15:55:19.840+0000] {logging_mixin.py:188} INFO - [2026-02-05T15:55:19.840+0000] {dagbag.py:538} INFO - Filling up the DagBag from /opt/airflow/dags/ecommerce_etl.py
[2026-02-05T15:55:20.149+0000] {processor.py:840} INFO - DAG(s) 'ecommerce_etl_pipeline' retrieved from /opt/airflow/dags/ecommerce_etl.py
[2026-02-05T15:55:20.182+0000] {logging_mixin.py:188} INFO - [2026-02-05T15:55:20.182+0000] {dag.py:3036} INFO - Sync 1 DAGs
[2026-02-05T15:55:20.207+0000] {logging_mixin.py:188} INFO - [2026-02-05T15:55:20.207+0000] {dag.py:3823} INFO - Setting next_dagrun for ecommerce_etl_pipeline to 2026-02-05 00:00:00+00:00, run_after=2026-02-06 00:00:00+00:00
[2026-02-05T15:55:20.233+0000] {processor.py:183} INFO - Processing /opt/airflow/dags/ecommerce_etl.py took 0.397 seconds
[2026-02-05T15:55:54.754+0000] {processor.py:161} INFO - Started process (PID=174) to work on /opt/airflow/dags/ecommerce_etl.py
[2026-02-05T15:55:54.755+0000] {processor.py:830} INFO - Processing file /opt/airflow/dags/ecommerce_etl.py for tasks to queue
[2026-02-05T15:55:54.756+0000] {logging_mixin.py:188} INFO - [2026-02-05T15:55:54.755+0000] {dagbag.py:538} INFO - Filling up the DagBag from /opt/airflow/dags/ecommerce_etl.py
[2026-02-05T15:55:55.002+0000] {processor.py:840} INFO - DAG(s) 'ecommerce_etl_pipeline' retrieved from /opt/airflow/dags/ecommerce_etl.py
[2026-02-05T15:55:55.036+0000] {logging_mixin.py:188} INFO - [2026-02-05T15:55:55.036+0000] {dag.py:3036} INFO - Sync 1 DAGs
[2026-02-05T15:55:55.056+0000] {logging_mixin.py:188} INFO - [2026-02-05T15:55:55.055+0000] {dag.py:3823} INFO - Setting next_dagrun for ecommerce_etl_pipeline to 2026-02-05 00:00:00+00:00, run_after=2026-02-06 00:00:00+00:00
[2026-02-05T15:55:55.076+0000] {processor.py:183} INFO - Processing /opt/airflow/dags/ecommerce_etl.py took 0.325 seconds
[2026-02-05T15:56:25.271+0000] {processor.py:161} INFO - Started process (PID=210) to work on /opt/airflow/dags/ecommerce_etl.py
[2026-02-05T15:56:25.272+0000] {processor.py:830} INFO - Processing file /opt/airflow/dags/ecommerce_etl.py for tasks to queue
[2026-02-05T15:56:25.273+0000] {logging_mixin.py:188} INFO - [2026-02-05T15:56:25.272+0000] {dagbag.py:538} INFO - Filling up the DagBag from /opt/airflow/dags/ecommerce_etl.py
[2026-02-05T15:56:25.536+0000] {processor.py:840} INFO - DAG(s) 'ecommerce_etl_pipeline' retrieved from /opt/airflow/dags/ecommerce_etl.py
[2026-02-05T15:56:25.568+0000] {logging_mixin.py:188} INFO - [2026-02-05T15:56:25.567+0000] {dag.py:3036} INFO - Sync 1 DAGs
[2026-02-05T15:56:25.591+0000] {logging_mixin.py:188} INFO - [2026-02-05T15:56:25.591+0000] {dag.py:3823} INFO - Setting next_dagrun for ecommerce_etl_pipeline to 2026-02-05 00:00:00+00:00, run_after=2026-02-06 00:00:00+00:00
[2026-02-05T15:56:25.611+0000] {processor.py:183} INFO - Processing /opt/airflow/dags/ecommerce_etl.py took 0.343 seconds
[2026-02-05T15:56:55.818+0000] {processor.py:161} INFO - Started process (PID=222) to work on /opt/airflow/dags/ecommerce_etl.py
[2026-02-05T15:56:55.819+0000] {processor.py:830} INFO - Processing file /opt/airflow/dags/ecommerce_etl.py for tasks to queue
[2026-02-05T15:56:55.821+0000] {logging_mixin.py:188} INFO - [2026-02-05T15:56:55.820+0000] {dagbag.py:538} INFO - Filling up the DagBag from /opt/airflow/dags/ecommerce_etl.py
[2026-02-05T15:56:56.132+0000] {processor.py:840} INFO - DAG(s) 'ecommerce_etl_pipeline' retrieved from /opt/airflow/dags/ecommerce_etl.py
[2026-02-05T15:56:56.170+0000] {logging_mixin.py:188} INFO - [2026-02-05T15:56:56.169+0000] {dag.py:3036} INFO - Sync 1 DAGs
[2026-02-05T15:56:56.199+0000] {logging_mixin.py:188} INFO - [2026-02-05T15:56:56.198+0000] {dag.py:3823} INFO - Setting next_dagrun for ecommerce_etl_pipeline to 2026-02-05 00:00:00+00:00, run_after=2026-02-06 00:00:00+00:00
[2026-02-05T15:56:56.224+0000] {processor.py:183} INFO - Processing /opt/airflow/dags/ecommerce_etl.py took 0.411 seconds
[2026-02-05T15:57:26.448+0000] {processor.py:161} INFO - Started process (PID=234) to work on /opt/airflow/dags/ecommerce_etl.py
[2026-02-05T15:57:26.449+0000] {processor.py:830} INFO - Processing file /opt/airflow/dags/ecommerce_etl.py for tasks to queue
[2026-02-05T15:57:26.450+0000] {logging_mixin.py:188} INFO - [2026-02-05T15:57:26.450+0000] {dagbag.py:538} INFO - Filling up the DagBag from /opt/airflow/dags/ecommerce_etl.py
[2026-02-05T15:57:26.688+0000] {processor.py:840} INFO - DAG(s) 'ecommerce_etl_pipeline' retrieved from /opt/airflow/dags/ecommerce_etl.py
[2026-02-05T15:57:26.714+0000] {logging_mixin.py:188} INFO - [2026-02-05T15:57:26.714+0000] {dag.py:3036} INFO - Sync 1 DAGs
[2026-02-05T15:57:26.736+0000] {logging_mixin.py:188} INFO - [2026-02-05T15:57:26.735+0000] {dag.py:3823} INFO - Setting next_dagrun for ecommerce_etl_pipeline to 2026-02-05 00:00:00+00:00, run_after=2026-02-06 00:00:00+00:00
[2026-02-05T15:57:26.759+0000] {processor.py:183} INFO - Processing /opt/airflow/dags/ecommerce_etl.py took 0.314 seconds
[2026-02-05T15:57:56.996+0000] {processor.py:161} INFO - Started process (PID=246) to work on /opt/airflow/dags/ecommerce_etl.py
[2026-02-05T15:57:56.998+0000] {processor.py:830} INFO - Processing file /opt/airflow/dags/ecommerce_etl.py for tasks to queue
[2026-02-05T15:57:56.999+0000] {logging_mixin.py:188} INFO - [2026-02-05T15:57:56.999+0000] {dagbag.py:538} INFO - Filling up the DagBag from /opt/airflow/dags/ecommerce_etl.py
[2026-02-05T15:57:57.305+0000] {processor.py:840} INFO - DAG(s) 'ecommerce_etl_pipeline' retrieved from /opt/airflow/dags/ecommerce_etl.py
[2026-02-05T15:57:57.337+0000] {logging_mixin.py:188} INFO - [2026-02-05T15:57:57.337+0000] {dag.py:3036} INFO - Sync 1 DAGs
[2026-02-05T15:57:57.363+0000] {logging_mixin.py:188} INFO - [2026-02-05T15:57:57.363+0000] {dag.py:3823} INFO - Setting next_dagrun for ecommerce_etl_pipeline to 2026-02-05 00:00:00+00:00, run_after=2026-02-06 00:00:00+00:00
[2026-02-05T15:57:57.386+0000] {processor.py:183} INFO - Processing /opt/airflow/dags/ecommerce_etl.py took 0.394 seconds
[2026-02-05T15:58:27.606+0000] {processor.py:161} INFO - Started process (PID=258) to work on /opt/airflow/dags/ecommerce_etl.py
[2026-02-05T15:58:27.607+0000] {processor.py:830} INFO - Processing file /opt/airflow/dags/ecommerce_etl.py for tasks to queue
[2026-02-05T15:58:27.608+0000] {logging_mixin.py:188} INFO - [2026-02-05T15:58:27.607+0000] {dagbag.py:538} INFO - Filling up the DagBag from /opt/airflow/dags/ecommerce_etl.py
[2026-02-05T15:58:27.890+0000] {processor.py:840} INFO - DAG(s) 'ecommerce_etl_pipeline' retrieved from /opt/airflow/dags/ecommerce_etl.py
[2026-02-05T15:58:27.919+0000] {logging_mixin.py:188} INFO - [2026-02-05T15:58:27.919+0000] {dag.py:3036} INFO - Sync 1 DAGs
[2026-02-05T15:58:27.945+0000] {logging_mixin.py:188} INFO - [2026-02-05T15:58:27.945+0000] {dag.py:3823} INFO - Setting next_dagrun for ecommerce_etl_pipeline to 2026-02-05 00:00:00+00:00, run_after=2026-02-06 00:00:00+00:00
[2026-02-05T15:58:27.968+0000] {processor.py:183} INFO - Processing /opt/airflow/dags/ecommerce_etl.py took 0.366 seconds
[2026-02-05T15:58:58.182+0000] {processor.py:161} INFO - Started process (PID=271) to work on /opt/airflow/dags/ecommerce_etl.py
[2026-02-05T15:58:58.184+0000] {processor.py:830} INFO - Processing file /opt/airflow/dags/ecommerce_etl.py for tasks to queue
[2026-02-05T15:58:58.185+0000] {logging_mixin.py:188} INFO - [2026-02-05T15:58:58.184+0000] {dagbag.py:538} INFO - Filling up the DagBag from /opt/airflow/dags/ecommerce_etl.py
[2026-02-05T15:58:58.487+0000] {processor.py:840} INFO - DAG(s) 'ecommerce_etl_pipeline' retrieved from /opt/airflow/dags/ecommerce_etl.py
[2026-02-05T15:58:58.524+0000] {logging_mixin.py:188} INFO - [2026-02-05T15:58:58.524+0000] {dag.py:3036} INFO - Sync 1 DAGs
[2026-02-05T15:58:58.548+0000] {logging_mixin.py:188} INFO - [2026-02-05T15:58:58.548+0000] {dag.py:3823} INFO - Setting next_dagrun for ecommerce_etl_pipeline to 2026-02-05 00:00:00+00:00, run_after=2026-02-06 00:00:00+00:00
[2026-02-05T15:58:58.570+0000] {processor.py:183} INFO - Processing /opt/airflow/dags/ecommerce_etl.py took 0.391 seconds
[2026-02-05T15:59:28.792+0000] {processor.py:161} INFO - Started process (PID=283) to work on /opt/airflow/dags/ecommerce_etl.py
[2026-02-05T15:59:28.793+0000] {processor.py:830} INFO - Processing file /opt/airflow/dags/ecommerce_etl.py for tasks to queue
[2026-02-05T15:59:28.794+0000] {logging_mixin.py:188} INFO - [2026-02-05T15:59:28.794+0000] {dagbag.py:538} INFO - Filling up the DagBag from /opt/airflow/dags/ecommerce_etl.py
[2026-02-05T15:59:29.123+0000] {processor.py:840} INFO - DAG(s) 'ecommerce_etl_pipeline' retrieved from /opt/airflow/dags/ecommerce_etl.py
[2026-02-05T15:59:29.161+0000] {logging_mixin.py:188} INFO - [2026-02-05T15:59:29.160+0000] {dag.py:3036} INFO - Sync 1 DAGs
[2026-02-05T15:59:29.190+0000] {logging_mixin.py:188} INFO - [2026-02-05T15:59:29.190+0000] {dag.py:3823} INFO - Setting next_dagrun for ecommerce_etl_pipeline to 2026-02-05 00:00:00+00:00, run_after=2026-02-06 00:00:00+00:00
[2026-02-05T15:59:29.223+0000] {processor.py:183} INFO - Processing /opt/airflow/dags/ecommerce_etl.py took 0.435 seconds
[2026-02-05T15:59:59.459+0000] {processor.py:161} INFO - Started process (PID=295) to work on /opt/airflow/dags/ecommerce_etl.py
[2026-02-05T15:59:59.462+0000] {processor.py:830} INFO - Processing file /opt/airflow/dags/ecommerce_etl.py for tasks to queue
[2026-02-05T15:59:59.464+0000] {logging_mixin.py:188} INFO - [2026-02-05T15:59:59.464+0000] {dagbag.py:538} INFO - Filling up the DagBag from /opt/airflow/dags/ecommerce_etl.py
[2026-02-05T15:59:59.806+0000] {processor.py:840} INFO - DAG(s) 'ecommerce_etl_pipeline' retrieved from /opt/airflow/dags/ecommerce_etl.py
[2026-02-05T15:59:59.841+0000] {logging_mixin.py:188} INFO - [2026-02-05T15:59:59.840+0000] {dag.py:3036} INFO - Sync 1 DAGs
[2026-02-05T15:59:59.870+0000] {logging_mixin.py:188} INFO - [2026-02-05T15:59:59.869+0000] {dag.py:3823} INFO - Setting next_dagrun for ecommerce_etl_pipeline to 2026-02-05 00:00:00+00:00, run_after=2026-02-06 00:00:00+00:00
[2026-02-05T15:59:59.896+0000] {processor.py:183} INFO - Processing /opt/airflow/dags/ecommerce_etl.py took 0.443 seconds
[2026-02-05T16:00:30.132+0000] {processor.py:161} INFO - Started process (PID=307) to work on /opt/airflow/dags/ecommerce_etl.py
[2026-02-05T16:00:30.134+0000] {processor.py:830} INFO - Processing file /opt/airflow/dags/ecommerce_etl.py for tasks to queue
[2026-02-05T16:00:30.135+0000] {logging_mixin.py:188} INFO - [2026-02-05T16:00:30.134+0000] {dagbag.py:538} INFO - Filling up the DagBag from /opt/airflow/dags/ecommerce_etl.py
[2026-02-05T16:00:30.480+0000] {processor.py:840} INFO - DAG(s) 'ecommerce_etl_pipeline' retrieved from /opt/airflow/dags/ecommerce_etl.py
[2026-02-05T16:00:30.521+0000] {logging_mixin.py:188} INFO - [2026-02-05T16:00:30.521+0000] {dag.py:3036} INFO - Sync 1 DAGs
[2026-02-05T16:00:30.555+0000] {logging_mixin.py:188} INFO - [2026-02-05T16:00:30.554+0000] {dag.py:3823} INFO - Setting next_dagrun for ecommerce_etl_pipeline to 2026-02-05 00:00:00+00:00, run_after=2026-02-06 00:00:00+00:00
[2026-02-05T16:00:30.580+0000] {processor.py:183} INFO - Processing /opt/airflow/dags/ecommerce_etl.py took 0.451 seconds
[2026-02-05T16:01:00.803+0000] {processor.py:161} INFO - Started process (PID=319) to work on /opt/airflow/dags/ecommerce_etl.py
[2026-02-05T16:01:00.804+0000] {processor.py:830} INFO - Processing file /opt/airflow/dags/ecommerce_etl.py for tasks to queue
[2026-02-05T16:01:00.805+0000] {logging_mixin.py:188} INFO - [2026-02-05T16:01:00.805+0000] {dagbag.py:538} INFO - Filling up the DagBag from /opt/airflow/dags/ecommerce_etl.py
[2026-02-05T16:01:01.101+0000] {processor.py:840} INFO - DAG(s) 'ecommerce_etl_pipeline' retrieved from /opt/airflow/dags/ecommerce_etl.py
[2026-02-05T16:01:01.134+0000] {logging_mixin.py:188} INFO - [2026-02-05T16:01:01.134+0000] {dag.py:3036} INFO - Sync 1 DAGs
[2026-02-05T16:01:01.158+0000] {logging_mixin.py:188} INFO - [2026-02-05T16:01:01.158+0000] {dag.py:3823} INFO - Setting next_dagrun for ecommerce_etl_pipeline to 2026-02-05 00:00:00+00:00, run_after=2026-02-06 00:00:00+00:00
[2026-02-05T16:01:01.181+0000] {processor.py:183} INFO - Processing /opt/airflow/dags/ecommerce_etl.py took 0.382 seconds
[2026-02-05T16:01:31.432+0000] {processor.py:161} INFO - Started process (PID=331) to work on /opt/airflow/dags/ecommerce_etl.py
[2026-02-05T16:01:31.435+0000] {processor.py:830} INFO - Processing file /opt/airflow/dags/ecommerce_etl.py for tasks to queue
[2026-02-05T16:01:31.436+0000] {logging_mixin.py:188} INFO - [2026-02-05T16:01:31.436+0000] {dagbag.py:538} INFO - Filling up the DagBag from /opt/airflow/dags/ecommerce_etl.py
[2026-02-05T16:01:31.848+0000] {processor.py:840} INFO - DAG(s) 'ecommerce_etl_pipeline' retrieved from /opt/airflow/dags/ecommerce_etl.py
[2026-02-05T16:01:31.951+0000] {logging_mixin.py:188} INFO - [2026-02-05T16:01:31.951+0000] {dag.py:3036} INFO - Sync 1 DAGs
[2026-02-05T16:01:31.986+0000] {logging_mixin.py:188} INFO - [2026-02-05T16:01:31.985+0000] {dag.py:3823} INFO - Setting next_dagrun for ecommerce_etl_pipeline to 2026-02-05 00:00:00+00:00, run_after=2026-02-06 00:00:00+00:00
[2026-02-05T16:01:32.014+0000] {processor.py:183} INFO - Processing /opt/airflow/dags/ecommerce_etl.py took 0.588 seconds
[2026-02-05T16:02:02.210+0000] {processor.py:161} INFO - Started process (PID=361) to work on /opt/airflow/dags/ecommerce_etl.py
[2026-02-05T16:02:02.212+0000] {processor.py:830} INFO - Processing file /opt/airflow/dags/ecommerce_etl.py for tasks to queue
[2026-02-05T16:02:02.213+0000] {logging_mixin.py:188} INFO - [2026-02-05T16:02:02.213+0000] {dagbag.py:538} INFO - Filling up the DagBag from /opt/airflow/dags/ecommerce_etl.py
[2026-02-05T16:02:02.518+0000] {processor.py:840} INFO - DAG(s) 'ecommerce_etl_pipeline' retrieved from /opt/airflow/dags/ecommerce_etl.py
[2026-02-05T16:02:02.547+0000] {logging_mixin.py:188} INFO - [2026-02-05T16:02:02.547+0000] {dag.py:3036} INFO - Sync 1 DAGs
[2026-02-05T16:02:02.568+0000] {logging_mixin.py:188} INFO - [2026-02-05T16:02:02.568+0000] {dag.py:3823} INFO - Setting next_dagrun for ecommerce_etl_pipeline to 2026-02-05 00:00:00+00:00, run_after=2026-02-06 00:00:00+00:00
[2026-02-05T16:02:02.589+0000] {processor.py:183} INFO - Processing /opt/airflow/dags/ecommerce_etl.py took 0.382 seconds
[2026-02-05T16:02:32.769+0000] {processor.py:161} INFO - Started process (PID=373) to work on /opt/airflow/dags/ecommerce_etl.py
[2026-02-05T16:02:32.770+0000] {processor.py:830} INFO - Processing file /opt/airflow/dags/ecommerce_etl.py for tasks to queue
[2026-02-05T16:02:32.771+0000] {logging_mixin.py:188} INFO - [2026-02-05T16:02:32.770+0000] {dagbag.py:538} INFO - Filling up the DagBag from /opt/airflow/dags/ecommerce_etl.py
[2026-02-05T16:02:33.034+0000] {processor.py:840} INFO - DAG(s) 'ecommerce_etl_pipeline' retrieved from /opt/airflow/dags/ecommerce_etl.py
[2026-02-05T16:02:33.066+0000] {logging_mixin.py:188} INFO - [2026-02-05T16:02:33.066+0000] {dag.py:3036} INFO - Sync 1 DAGs
[2026-02-05T16:02:33.088+0000] {logging_mixin.py:188} INFO - [2026-02-05T16:02:33.088+0000] {dag.py:3823} INFO - Setting next_dagrun for ecommerce_etl_pipeline to 2026-02-05 00:00:00+00:00, run_after=2026-02-06 00:00:00+00:00
[2026-02-05T16:02:33.109+0000] {processor.py:183} INFO - Processing /opt/airflow/dags/ecommerce_etl.py took 0.343 seconds
[2026-02-05T16:03:03.347+0000] {processor.py:161} INFO - Started process (PID=385) to work on /opt/airflow/dags/ecommerce_etl.py
[2026-02-05T16:03:03.348+0000] {processor.py:830} INFO - Processing file /opt/airflow/dags/ecommerce_etl.py for tasks to queue
[2026-02-05T16:03:03.349+0000] {logging_mixin.py:188} INFO - [2026-02-05T16:03:03.349+0000] {dagbag.py:538} INFO - Filling up the DagBag from /opt/airflow/dags/ecommerce_etl.py
[2026-02-05T16:03:03.641+0000] {processor.py:840} INFO - DAG(s) 'ecommerce_etl_pipeline' retrieved from /opt/airflow/dags/ecommerce_etl.py
[2026-02-05T16:03:03.676+0000] {logging_mixin.py:188} INFO - [2026-02-05T16:03:03.676+0000] {dag.py:3036} INFO - Sync 1 DAGs
[2026-02-05T16:03:03.703+0000] {logging_mixin.py:188} INFO - [2026-02-05T16:03:03.703+0000] {dag.py:3823} INFO - Setting next_dagrun for ecommerce_etl_pipeline to 2026-02-05 00:00:00+00:00, run_after=2026-02-06 00:00:00+00:00
[2026-02-05T16:03:03.727+0000] {processor.py:183} INFO - Processing /opt/airflow/dags/ecommerce_etl.py took 0.384 seconds
[2026-02-05T16:03:33.927+0000] {processor.py:161} INFO - Started process (PID=397) to work on /opt/airflow/dags/ecommerce_etl.py
[2026-02-05T16:03:33.929+0000] {processor.py:830} INFO - Processing file /opt/airflow/dags/ecommerce_etl.py for tasks to queue
[2026-02-05T16:03:33.930+0000] {logging_mixin.py:188} INFO - [2026-02-05T16:03:33.929+0000] {dagbag.py:538} INFO - Filling up the DagBag from /opt/airflow/dags/ecommerce_etl.py
[2026-02-05T16:03:34.200+0000] {processor.py:840} INFO - DAG(s) 'ecommerce_etl_pipeline' retrieved from /opt/airflow/dags/ecommerce_etl.py
[2026-02-05T16:03:34.235+0000] {logging_mixin.py:188} INFO - [2026-02-05T16:03:34.234+0000] {dag.py:3036} INFO - Sync 1 DAGs
[2026-02-05T16:03:34.260+0000] {logging_mixin.py:188} INFO - [2026-02-05T16:03:34.259+0000] {dag.py:3823} INFO - Setting next_dagrun for ecommerce_etl_pipeline to 2026-02-05 00:00:00+00:00, run_after=2026-02-06 00:00:00+00:00
[2026-02-05T16:03:34.281+0000] {processor.py:183} INFO - Processing /opt/airflow/dags/ecommerce_etl.py took 0.357 seconds
[2026-02-05T16:04:04.488+0000] {processor.py:161} INFO - Started process (PID=409) to work on /opt/airflow/dags/ecommerce_etl.py
[2026-02-05T16:04:04.489+0000] {processor.py:830} INFO - Processing file /opt/airflow/dags/ecommerce_etl.py for tasks to queue
[2026-02-05T16:04:04.490+0000] {logging_mixin.py:188} INFO - [2026-02-05T16:04:04.490+0000] {dagbag.py:538} INFO - Filling up the DagBag from /opt/airflow/dags/ecommerce_etl.py
[2026-02-05T16:04:04.747+0000] {processor.py:840} INFO - DAG(s) 'ecommerce_etl_pipeline' retrieved from /opt/airflow/dags/ecommerce_etl.py
[2026-02-05T16:04:04.775+0000] {logging_mixin.py:188} INFO - [2026-02-05T16:04:04.774+0000] {dag.py:3036} INFO - Sync 1 DAGs
[2026-02-05T16:04:04.797+0000] {logging_mixin.py:188} INFO - [2026-02-05T16:04:04.796+0000] {dag.py:3823} INFO - Setting next_dagrun for ecommerce_etl_pipeline to 2026-02-05 00:00:00+00:00, run_after=2026-02-06 00:00:00+00:00
[2026-02-05T16:04:04.817+0000] {processor.py:183} INFO - Processing /opt/airflow/dags/ecommerce_etl.py took 0.333 seconds
[2026-02-05T16:04:35.004+0000] {processor.py:161} INFO - Started process (PID=421) to work on /opt/airflow/dags/ecommerce_etl.py
[2026-02-05T16:04:35.005+0000] {processor.py:830} INFO - Processing file /opt/airflow/dags/ecommerce_etl.py for tasks to queue
[2026-02-05T16:04:35.005+0000] {logging_mixin.py:188} INFO - [2026-02-05T16:04:35.005+0000] {dagbag.py:538} INFO - Filling up the DagBag from /opt/airflow/dags/ecommerce_etl.py
[2026-02-05T16:04:35.283+0000] {processor.py:840} INFO - DAG(s) 'ecommerce_etl_pipeline' retrieved from /opt/airflow/dags/ecommerce_etl.py
[2026-02-05T16:04:35.313+0000] {logging_mixin.py:188} INFO - [2026-02-05T16:04:35.312+0000] {dag.py:3036} INFO - Sync 1 DAGs
[2026-02-05T16:04:35.335+0000] {logging_mixin.py:188} INFO - [2026-02-05T16:04:35.335+0000] {dag.py:3823} INFO - Setting next_dagrun for ecommerce_etl_pipeline to 2026-02-05 00:00:00+00:00, run_after=2026-02-06 00:00:00+00:00
[2026-02-05T16:04:35.355+0000] {processor.py:183} INFO - Processing /opt/airflow/dags/ecommerce_etl.py took 0.354 seconds
[2026-02-05T16:05:05.578+0000] {processor.py:161} INFO - Started process (PID=433) to work on /opt/airflow/dags/ecommerce_etl.py
[2026-02-05T16:05:05.579+0000] {processor.py:830} INFO - Processing file /opt/airflow/dags/ecommerce_etl.py for tasks to queue
[2026-02-05T16:05:05.580+0000] {logging_mixin.py:188} INFO - [2026-02-05T16:05:05.580+0000] {dagbag.py:538} INFO - Filling up the DagBag from /opt/airflow/dags/ecommerce_etl.py
[2026-02-05T16:05:05.826+0000] {processor.py:840} INFO - DAG(s) 'ecommerce_etl_pipeline' retrieved from /opt/airflow/dags/ecommerce_etl.py
[2026-02-05T16:05:05.852+0000] {logging_mixin.py:188} INFO - [2026-02-05T16:05:05.852+0000] {dag.py:3036} INFO - Sync 1 DAGs
[2026-02-05T16:05:05.872+0000] {logging_mixin.py:188} INFO - [2026-02-05T16:05:05.872+0000] {dag.py:3823} INFO - Setting next_dagrun for ecommerce_etl_pipeline to 2026-02-05 00:00:00+00:00, run_after=2026-02-06 00:00:00+00:00
[2026-02-05T16:05:05.887+0000] {processor.py:183} INFO - Processing /opt/airflow/dags/ecommerce_etl.py took 0.313 seconds
[2026-02-05T16:05:36.102+0000] {processor.py:161} INFO - Started process (PID=445) to work on /opt/airflow/dags/ecommerce_etl.py
[2026-02-05T16:05:36.103+0000] {processor.py:830} INFO - Processing file /opt/airflow/dags/ecommerce_etl.py for tasks to queue
[2026-02-05T16:05:36.104+0000] {logging_mixin.py:188} INFO - [2026-02-05T16:05:36.104+0000] {dagbag.py:538} INFO - Filling up the DagBag from /opt/airflow/dags/ecommerce_etl.py
[2026-02-05T16:05:36.337+0000] {processor.py:840} INFO - DAG(s) 'ecommerce_etl_pipeline' retrieved from /opt/airflow/dags/ecommerce_etl.py
[2026-02-05T16:05:36.362+0000] {logging_mixin.py:188} INFO - [2026-02-05T16:05:36.362+0000] {dag.py:3036} INFO - Sync 1 DAGs
[2026-02-05T16:05:36.381+0000] {logging_mixin.py:188} INFO - [2026-02-05T16:05:36.381+0000] {dag.py:3823} INFO - Setting next_dagrun for ecommerce_etl_pipeline to 2026-02-05 00:00:00+00:00, run_after=2026-02-06 00:00:00+00:00
[2026-02-05T16:05:36.397+0000] {processor.py:183} INFO - Processing /opt/airflow/dags/ecommerce_etl.py took 0.298 seconds
[2026-02-05T16:06:06.632+0000] {processor.py:161} INFO - Started process (PID=457) to work on /opt/airflow/dags/ecommerce_etl.py
[2026-02-05T16:06:06.634+0000] {processor.py:830} INFO - Processing file /opt/airflow/dags/ecommerce_etl.py for tasks to queue
[2026-02-05T16:06:06.636+0000] {logging_mixin.py:188} INFO - [2026-02-05T16:06:06.635+0000] {dagbag.py:538} INFO - Filling up the DagBag from /opt/airflow/dags/ecommerce_etl.py
[2026-02-05T16:06:06.968+0000] {processor.py:840} INFO - DAG(s) 'ecommerce_etl_pipeline' retrieved from /opt/airflow/dags/ecommerce_etl.py
[2026-02-05T16:06:06.998+0000] {logging_mixin.py:188} INFO - [2026-02-05T16:06:06.997+0000] {dag.py:3036} INFO - Sync 1 DAGs
[2026-02-05T16:06:07.020+0000] {logging_mixin.py:188} INFO - [2026-02-05T16:06:07.020+0000] {dag.py:3823} INFO - Setting next_dagrun for ecommerce_etl_pipeline to 2026-02-05 00:00:00+00:00, run_after=2026-02-06 00:00:00+00:00
[2026-02-05T16:06:07.041+0000] {processor.py:183} INFO - Processing /opt/airflow/dags/ecommerce_etl.py took 0.412 seconds
[2026-02-05T16:06:37.289+0000] {processor.py:161} INFO - Started process (PID=487) to work on /opt/airflow/dags/ecommerce_etl.py
[2026-02-05T16:06:37.290+0000] {processor.py:830} INFO - Processing file /opt/airflow/dags/ecommerce_etl.py for tasks to queue
[2026-02-05T16:06:37.292+0000] {logging_mixin.py:188} INFO - [2026-02-05T16:06:37.291+0000] {dagbag.py:538} INFO - Filling up the DagBag from /opt/airflow/dags/ecommerce_etl.py
[2026-02-05T16:06:37.580+0000] {processor.py:840} INFO - DAG(s) 'ecommerce_etl_pipeline' retrieved from /opt/airflow/dags/ecommerce_etl.py
[2026-02-05T16:06:37.608+0000] {logging_mixin.py:188} INFO - [2026-02-05T16:06:37.608+0000] {dag.py:3036} INFO - Sync 1 DAGs
[2026-02-05T16:06:37.628+0000] {logging_mixin.py:188} INFO - [2026-02-05T16:06:37.628+0000] {dag.py:3823} INFO - Setting next_dagrun for ecommerce_etl_pipeline to 2026-02-05 00:00:00+00:00, run_after=2026-02-06 00:00:00+00:00
[2026-02-05T16:06:37.647+0000] {processor.py:183} INFO - Processing /opt/airflow/dags/ecommerce_etl.py took 0.363 seconds
[2026-02-05T16:07:07.888+0000] {processor.py:161} INFO - Started process (PID=499) to work on /opt/airflow/dags/ecommerce_etl.py
[2026-02-05T16:07:07.889+0000] {processor.py:830} INFO - Processing file /opt/airflow/dags/ecommerce_etl.py for tasks to queue
[2026-02-05T16:07:07.890+0000] {logging_mixin.py:188} INFO - [2026-02-05T16:07:07.890+0000] {dagbag.py:538} INFO - Filling up the DagBag from /opt/airflow/dags/ecommerce_etl.py
[2026-02-05T16:07:08.128+0000] {processor.py:840} INFO - DAG(s) 'ecommerce_etl_pipeline' retrieved from /opt/airflow/dags/ecommerce_etl.py
[2026-02-05T16:07:08.156+0000] {logging_mixin.py:188} INFO - [2026-02-05T16:07:08.155+0000] {dag.py:3036} INFO - Sync 1 DAGs
[2026-02-05T16:07:08.178+0000] {logging_mixin.py:188} INFO - [2026-02-05T16:07:08.178+0000] {dag.py:3823} INFO - Setting next_dagrun for ecommerce_etl_pipeline to 2026-02-05 00:00:00+00:00, run_after=2026-02-06 00:00:00+00:00
[2026-02-05T16:07:08.197+0000] {processor.py:183} INFO - Processing /opt/airflow/dags/ecommerce_etl.py took 0.311 seconds
[2026-02-05T16:07:38.413+0000] {processor.py:161} INFO - Started process (PID=511) to work on /opt/airflow/dags/ecommerce_etl.py
[2026-02-05T16:07:38.414+0000] {processor.py:830} INFO - Processing file /opt/airflow/dags/ecommerce_etl.py for tasks to queue
[2026-02-05T16:07:38.415+0000] {logging_mixin.py:188} INFO - [2026-02-05T16:07:38.414+0000] {dagbag.py:538} INFO - Filling up the DagBag from /opt/airflow/dags/ecommerce_etl.py
[2026-02-05T16:07:38.660+0000] {processor.py:840} INFO - DAG(s) 'ecommerce_etl_pipeline' retrieved from /opt/airflow/dags/ecommerce_etl.py
[2026-02-05T16:07:38.690+0000] {logging_mixin.py:188} INFO - [2026-02-05T16:07:38.689+0000] {dag.py:3036} INFO - Sync 1 DAGs
[2026-02-05T16:07:38.710+0000] {logging_mixin.py:188} INFO - [2026-02-05T16:07:38.709+0000] {dag.py:3823} INFO - Setting next_dagrun for ecommerce_etl_pipeline to 2026-02-05 00:00:00+00:00, run_after=2026-02-06 00:00:00+00:00
[2026-02-05T16:07:38.728+0000] {processor.py:183} INFO - Processing /opt/airflow/dags/ecommerce_etl.py took 0.318 seconds
[2026-02-05T16:16:23.819+0000] {processor.py:161} INFO - Started process (PID=186) to work on /opt/airflow/dags/ecommerce_etl.py
[2026-02-05T16:16:23.834+0000] {processor.py:830} INFO - Processing file /opt/airflow/dags/ecommerce_etl.py for tasks to queue
[2026-02-05T16:16:23.835+0000] {logging_mixin.py:188} INFO - [2026-02-05T16:16:23.835+0000] {dagbag.py:538} INFO - Filling up the DagBag from /opt/airflow/dags/ecommerce_etl.py
[2026-02-05T16:16:24.477+0000] {processor.py:840} INFO - DAG(s) 'ecommerce_etl_pipeline' retrieved from /opt/airflow/dags/ecommerce_etl.py
[2026-02-05T16:16:24.859+0000] {logging_mixin.py:188} INFO - [2026-02-05T16:16:24.856+0000] {override.py:1769} INFO - Created Permission View: can edit on DAG:ecommerce_etl_pipeline
[2026-02-05T16:16:24.875+0000] {logging_mixin.py:188} INFO - [2026-02-05T16:16:24.874+0000] {override.py:1769} INFO - Created Permission View: can read on DAG:ecommerce_etl_pipeline
[2026-02-05T16:16:24.888+0000] {logging_mixin.py:188} INFO - [2026-02-05T16:16:24.888+0000] {override.py:1769} INFO - Created Permission View: can delete on DAG:ecommerce_etl_pipeline
[2026-02-05T16:16:24.890+0000] {logging_mixin.py:188} INFO - [2026-02-05T16:16:24.889+0000] {dag.py:3036} INFO - Sync 1 DAGs
[2026-02-05T16:16:24.906+0000] {logging_mixin.py:188} INFO - [2026-02-05T16:16:24.906+0000] {dag.py:3058} INFO - Creating ORM DAG for ecommerce_etl_pipeline
[2026-02-05T16:16:24.922+0000] {logging_mixin.py:188} INFO - [2026-02-05T16:16:24.922+0000] {dag.py:3823} INFO - Setting next_dagrun for ecommerce_etl_pipeline to 2026-02-04 00:00:00+00:00, run_after=2026-02-05 00:00:00+00:00
[2026-02-05T16:16:24.957+0000] {processor.py:183} INFO - Processing /opt/airflow/dags/ecommerce_etl.py took 1.143 seconds
[2026-02-05T16:16:55.141+0000] {processor.py:161} INFO - Started process (PID=211) to work on /opt/airflow/dags/ecommerce_etl.py
[2026-02-05T16:16:55.142+0000] {processor.py:830} INFO - Processing file /opt/airflow/dags/ecommerce_etl.py for tasks to queue
[2026-02-05T16:16:55.144+0000] {logging_mixin.py:188} INFO - [2026-02-05T16:16:55.143+0000] {dagbag.py:538} INFO - Filling up the DagBag from /opt/airflow/dags/ecommerce_etl.py
[2026-02-05T16:16:55.796+0000] {processor.py:840} INFO - DAG(s) 'ecommerce_etl_pipeline' retrieved from /opt/airflow/dags/ecommerce_etl.py
[2026-02-05T16:16:55.872+0000] {logging_mixin.py:188} INFO - [2026-02-05T16:16:55.871+0000] {dag.py:3036} INFO - Sync 1 DAGs
[2026-02-05T16:16:55.923+0000] {logging_mixin.py:188} INFO - [2026-02-05T16:16:55.922+0000] {dag.py:3823} INFO - Setting next_dagrun for ecommerce_etl_pipeline to 2026-02-04 00:00:00+00:00, run_after=2026-02-05 00:00:00+00:00
[2026-02-05T16:16:55.947+0000] {processor.py:183} INFO - Processing /opt/airflow/dags/ecommerce_etl.py took 0.874 seconds
[2026-02-05T16:17:26.178+0000] {processor.py:161} INFO - Started process (PID=223) to work on /opt/airflow/dags/ecommerce_etl.py
[2026-02-05T16:17:26.179+0000] {processor.py:830} INFO - Processing file /opt/airflow/dags/ecommerce_etl.py for tasks to queue
[2026-02-05T16:17:26.180+0000] {logging_mixin.py:188} INFO - [2026-02-05T16:17:26.180+0000] {dagbag.py:538} INFO - Filling up the DagBag from /opt/airflow/dags/ecommerce_etl.py
[2026-02-05T16:17:26.451+0000] {processor.py:840} INFO - DAG(s) 'ecommerce_etl_pipeline' retrieved from /opt/airflow/dags/ecommerce_etl.py
[2026-02-05T16:17:26.517+0000] {logging_mixin.py:188} INFO - [2026-02-05T16:17:26.516+0000] {dag.py:3036} INFO - Sync 1 DAGs
[2026-02-05T16:17:26.547+0000] {logging_mixin.py:188} INFO - [2026-02-05T16:17:26.547+0000] {dag.py:3823} INFO - Setting next_dagrun for ecommerce_etl_pipeline to 2026-02-04 00:00:00+00:00, run_after=2026-02-05 00:00:00+00:00
[2026-02-05T16:17:26.575+0000] {processor.py:183} INFO - Processing /opt/airflow/dags/ecommerce_etl.py took 0.399 seconds
[2026-02-05T16:17:56.786+0000] {processor.py:161} INFO - Started process (PID=301) to work on /opt/airflow/dags/ecommerce_etl.py
[2026-02-05T16:17:56.787+0000] {processor.py:830} INFO - Processing file /opt/airflow/dags/ecommerce_etl.py for tasks to queue
[2026-02-05T16:17:56.789+0000] {logging_mixin.py:188} INFO - [2026-02-05T16:17:56.787+0000] {dagbag.py:538} INFO - Filling up the DagBag from /opt/airflow/dags/ecommerce_etl.py
[2026-02-05T16:17:57.033+0000] {processor.py:840} INFO - DAG(s) 'ecommerce_etl_pipeline' retrieved from /opt/airflow/dags/ecommerce_etl.py
[2026-02-05T16:17:57.057+0000] {logging_mixin.py:188} INFO - [2026-02-05T16:17:57.056+0000] {dag.py:3036} INFO - Sync 1 DAGs
[2026-02-05T16:17:57.081+0000] {logging_mixin.py:188} INFO - [2026-02-05T16:17:57.081+0000] {dag.py:3823} INFO - Setting next_dagrun for ecommerce_etl_pipeline to 2026-02-05 00:00:00+00:00, run_after=2026-02-06 00:00:00+00:00
[2026-02-05T16:17:57.099+0000] {processor.py:183} INFO - Processing /opt/airflow/dags/ecommerce_etl.py took 0.316 seconds
[2026-02-05T16:18:27.333+0000] {processor.py:161} INFO - Started process (PID=313) to work on /opt/airflow/dags/ecommerce_etl.py
[2026-02-05T16:18:27.335+0000] {processor.py:830} INFO - Processing file /opt/airflow/dags/ecommerce_etl.py for tasks to queue
[2026-02-05T16:18:27.336+0000] {logging_mixin.py:188} INFO - [2026-02-05T16:18:27.336+0000] {dagbag.py:538} INFO - Filling up the DagBag from /opt/airflow/dags/ecommerce_etl.py
[2026-02-05T16:18:27.832+0000] {processor.py:840} INFO - DAG(s) 'ecommerce_etl_pipeline' retrieved from /opt/airflow/dags/ecommerce_etl.py
[2026-02-05T16:18:27.868+0000] {logging_mixin.py:188} INFO - [2026-02-05T16:18:27.867+0000] {dag.py:3036} INFO - Sync 1 DAGs
[2026-02-05T16:18:27.900+0000] {logging_mixin.py:188} INFO - [2026-02-05T16:18:27.899+0000] {dag.py:3823} INFO - Setting next_dagrun for ecommerce_etl_pipeline to 2026-02-05 00:00:00+00:00, run_after=2026-02-06 00:00:00+00:00
[2026-02-05T16:18:27.932+0000] {processor.py:183} INFO - Processing /opt/airflow/dags/ecommerce_etl.py took 0.604 seconds
[2026-02-05T16:18:58.171+0000] {processor.py:161} INFO - Started process (PID=325) to work on /opt/airflow/dags/ecommerce_etl.py
[2026-02-05T16:18:58.172+0000] {processor.py:830} INFO - Processing file /opt/airflow/dags/ecommerce_etl.py for tasks to queue
[2026-02-05T16:18:58.172+0000] {logging_mixin.py:188} INFO - [2026-02-05T16:18:58.172+0000] {dagbag.py:538} INFO - Filling up the DagBag from /opt/airflow/dags/ecommerce_etl.py
[2026-02-05T16:18:58.406+0000] {processor.py:840} INFO - DAG(s) 'ecommerce_etl_pipeline' retrieved from /opt/airflow/dags/ecommerce_etl.py
[2026-02-05T16:18:58.433+0000] {logging_mixin.py:188} INFO - [2026-02-05T16:18:58.433+0000] {dag.py:3036} INFO - Sync 1 DAGs
[2026-02-05T16:18:58.451+0000] {logging_mixin.py:188} INFO - [2026-02-05T16:18:58.451+0000] {dag.py:3823} INFO - Setting next_dagrun for ecommerce_etl_pipeline to 2026-02-05 00:00:00+00:00, run_after=2026-02-06 00:00:00+00:00
[2026-02-05T16:18:58.470+0000] {processor.py:183} INFO - Processing /opt/airflow/dags/ecommerce_etl.py took 0.302 seconds
[2026-02-05T16:19:28.681+0000] {processor.py:161} INFO - Started process (PID=337) to work on /opt/airflow/dags/ecommerce_etl.py
[2026-02-05T16:19:28.682+0000] {processor.py:830} INFO - Processing file /opt/airflow/dags/ecommerce_etl.py for tasks to queue
[2026-02-05T16:19:28.683+0000] {logging_mixin.py:188} INFO - [2026-02-05T16:19:28.682+0000] {dagbag.py:538} INFO - Filling up the DagBag from /opt/airflow/dags/ecommerce_etl.py
[2026-02-05T16:19:28.924+0000] {processor.py:840} INFO - DAG(s) 'ecommerce_etl_pipeline' retrieved from /opt/airflow/dags/ecommerce_etl.py
[2026-02-05T16:19:28.950+0000] {logging_mixin.py:188} INFO - [2026-02-05T16:19:28.949+0000] {dag.py:3036} INFO - Sync 1 DAGs
[2026-02-05T16:19:28.971+0000] {logging_mixin.py:188} INFO - [2026-02-05T16:19:28.970+0000] {dag.py:3823} INFO - Setting next_dagrun for ecommerce_etl_pipeline to 2026-02-05 00:00:00+00:00, run_after=2026-02-06 00:00:00+00:00
[2026-02-05T16:19:28.986+0000] {processor.py:183} INFO - Processing /opt/airflow/dags/ecommerce_etl.py took 0.309 seconds
[2026-02-05T16:19:59.190+0000] {processor.py:161} INFO - Started process (PID=349) to work on /opt/airflow/dags/ecommerce_etl.py
[2026-02-05T16:19:59.191+0000] {processor.py:830} INFO - Processing file /opt/airflow/dags/ecommerce_etl.py for tasks to queue
[2026-02-05T16:19:59.192+0000] {logging_mixin.py:188} INFO - [2026-02-05T16:19:59.192+0000] {dagbag.py:538} INFO - Filling up the DagBag from /opt/airflow/dags/ecommerce_etl.py
[2026-02-05T16:19:59.483+0000] {processor.py:840} INFO - DAG(s) 'ecommerce_etl_pipeline' retrieved from /opt/airflow/dags/ecommerce_etl.py
[2026-02-05T16:19:59.514+0000] {logging_mixin.py:188} INFO - [2026-02-05T16:19:59.514+0000] {dag.py:3036} INFO - Sync 1 DAGs
[2026-02-05T16:19:59.553+0000] {logging_mixin.py:188} INFO - [2026-02-05T16:19:59.553+0000] {dag.py:3823} INFO - Setting next_dagrun for ecommerce_etl_pipeline to 2026-02-05 00:00:00+00:00, run_after=2026-02-06 00:00:00+00:00
[2026-02-05T16:19:59.572+0000] {processor.py:183} INFO - Processing /opt/airflow/dags/ecommerce_etl.py took 0.386 seconds
[2026-02-05T16:20:29.777+0000] {processor.py:161} INFO - Started process (PID=361) to work on /opt/airflow/dags/ecommerce_etl.py
[2026-02-05T16:20:29.778+0000] {processor.py:830} INFO - Processing file /opt/airflow/dags/ecommerce_etl.py for tasks to queue
[2026-02-05T16:20:29.779+0000] {logging_mixin.py:188} INFO - [2026-02-05T16:20:29.779+0000] {dagbag.py:538} INFO - Filling up the DagBag from /opt/airflow/dags/ecommerce_etl.py
[2026-02-05T16:20:30.038+0000] {processor.py:840} INFO - DAG(s) 'ecommerce_etl_pipeline' retrieved from /opt/airflow/dags/ecommerce_etl.py
[2026-02-05T16:20:30.067+0000] {logging_mixin.py:188} INFO - [2026-02-05T16:20:30.066+0000] {dag.py:3036} INFO - Sync 1 DAGs
[2026-02-05T16:20:30.088+0000] {logging_mixin.py:188} INFO - [2026-02-05T16:20:30.088+0000] {dag.py:3823} INFO - Setting next_dagrun for ecommerce_etl_pipeline to 2026-02-05 00:00:00+00:00, run_after=2026-02-06 00:00:00+00:00
[2026-02-05T16:20:30.116+0000] {processor.py:183} INFO - Processing /opt/airflow/dags/ecommerce_etl.py took 0.342 seconds
[2026-02-05T16:21:00.305+0000] {processor.py:161} INFO - Started process (PID=373) to work on /opt/airflow/dags/ecommerce_etl.py
[2026-02-05T16:21:00.306+0000] {processor.py:830} INFO - Processing file /opt/airflow/dags/ecommerce_etl.py for tasks to queue
[2026-02-05T16:21:00.307+0000] {logging_mixin.py:188} INFO - [2026-02-05T16:21:00.307+0000] {dagbag.py:538} INFO - Filling up the DagBag from /opt/airflow/dags/ecommerce_etl.py
[2026-02-05T16:21:00.574+0000] {processor.py:840} INFO - DAG(s) 'ecommerce_etl_pipeline' retrieved from /opt/airflow/dags/ecommerce_etl.py
[2026-02-05T16:21:00.605+0000] {logging_mixin.py:188} INFO - [2026-02-05T16:21:00.605+0000] {dag.py:3036} INFO - Sync 1 DAGs
[2026-02-05T16:21:00.631+0000] {logging_mixin.py:188} INFO - [2026-02-05T16:21:00.631+0000] {dag.py:3823} INFO - Setting next_dagrun for ecommerce_etl_pipeline to 2026-02-05 00:00:00+00:00, run_after=2026-02-06 00:00:00+00:00
[2026-02-05T16:21:00.652+0000] {processor.py:183} INFO - Processing /opt/airflow/dags/ecommerce_etl.py took 0.350 seconds
[2026-02-05T16:21:30.863+0000] {processor.py:161} INFO - Started process (PID=385) to work on /opt/airflow/dags/ecommerce_etl.py
[2026-02-05T16:21:30.864+0000] {processor.py:830} INFO - Processing file /opt/airflow/dags/ecommerce_etl.py for tasks to queue
[2026-02-05T16:21:30.865+0000] {logging_mixin.py:188} INFO - [2026-02-05T16:21:30.865+0000] {dagbag.py:538} INFO - Filling up the DagBag from /opt/airflow/dags/ecommerce_etl.py
[2026-02-05T16:21:31.142+0000] {processor.py:840} INFO - DAG(s) 'ecommerce_etl_pipeline' retrieved from /opt/airflow/dags/ecommerce_etl.py
[2026-02-05T16:21:31.176+0000] {logging_mixin.py:188} INFO - [2026-02-05T16:21:31.175+0000] {dag.py:3036} INFO - Sync 1 DAGs
[2026-02-05T16:21:31.200+0000] {logging_mixin.py:188} INFO - [2026-02-05T16:21:31.200+0000] {dag.py:3823} INFO - Setting next_dagrun for ecommerce_etl_pipeline to 2026-02-05 00:00:00+00:00, run_after=2026-02-06 00:00:00+00:00
[2026-02-05T16:21:31.224+0000] {processor.py:183} INFO - Processing /opt/airflow/dags/ecommerce_etl.py took 0.364 seconds
[2026-02-05T16:22:01.404+0000] {processor.py:161} INFO - Started process (PID=397) to work on /opt/airflow/dags/ecommerce_etl.py
[2026-02-05T16:22:01.405+0000] {processor.py:830} INFO - Processing file /opt/airflow/dags/ecommerce_etl.py for tasks to queue
[2026-02-05T16:22:01.406+0000] {logging_mixin.py:188} INFO - [2026-02-05T16:22:01.406+0000] {dagbag.py:538} INFO - Filling up the DagBag from /opt/airflow/dags/ecommerce_etl.py
[2026-02-05T16:22:01.685+0000] {processor.py:840} INFO - DAG(s) 'ecommerce_etl_pipeline' retrieved from /opt/airflow/dags/ecommerce_etl.py
[2026-02-05T16:22:01.713+0000] {logging_mixin.py:188} INFO - [2026-02-05T16:22:01.712+0000] {dag.py:3036} INFO - Sync 1 DAGs
[2026-02-05T16:22:01.735+0000] {logging_mixin.py:188} INFO - [2026-02-05T16:22:01.735+0000] {dag.py:3823} INFO - Setting next_dagrun for ecommerce_etl_pipeline to 2026-02-05 00:00:00+00:00, run_after=2026-02-06 00:00:00+00:00
[2026-02-05T16:22:01.754+0000] {processor.py:183} INFO - Processing /opt/airflow/dags/ecommerce_etl.py took 0.353 seconds
[2026-02-05T16:22:31.968+0000] {processor.py:161} INFO - Started process (PID=409) to work on /opt/airflow/dags/ecommerce_etl.py
[2026-02-05T16:22:31.969+0000] {processor.py:830} INFO - Processing file /opt/airflow/dags/ecommerce_etl.py for tasks to queue
[2026-02-05T16:22:31.970+0000] {logging_mixin.py:188} INFO - [2026-02-05T16:22:31.970+0000] {dagbag.py:538} INFO - Filling up the DagBag from /opt/airflow/dags/ecommerce_etl.py
[2026-02-05T16:22:32.247+0000] {processor.py:840} INFO - DAG(s) 'ecommerce_etl_pipeline' retrieved from /opt/airflow/dags/ecommerce_etl.py
[2026-02-05T16:22:32.276+0000] {logging_mixin.py:188} INFO - [2026-02-05T16:22:32.276+0000] {dag.py:3036} INFO - Sync 1 DAGs
[2026-02-05T16:22:32.300+0000] {logging_mixin.py:188} INFO - [2026-02-05T16:22:32.300+0000] {dag.py:3823} INFO - Setting next_dagrun for ecommerce_etl_pipeline to 2026-02-05 00:00:00+00:00, run_after=2026-02-06 00:00:00+00:00
[2026-02-05T16:22:32.320+0000] {processor.py:183} INFO - Processing /opt/airflow/dags/ecommerce_etl.py took 0.356 seconds
[2026-02-05T16:23:02.498+0000] {processor.py:161} INFO - Started process (PID=487) to work on /opt/airflow/dags/ecommerce_etl.py
[2026-02-05T16:23:02.499+0000] {processor.py:830} INFO - Processing file /opt/airflow/dags/ecommerce_etl.py for tasks to queue
[2026-02-05T16:23:02.499+0000] {logging_mixin.py:188} INFO - [2026-02-05T16:23:02.499+0000] {dagbag.py:538} INFO - Filling up the DagBag from /opt/airflow/dags/ecommerce_etl.py
[2026-02-05T16:23:02.752+0000] {processor.py:840} INFO - DAG(s) 'ecommerce_etl_pipeline' retrieved from /opt/airflow/dags/ecommerce_etl.py
[2026-02-05T16:23:02.781+0000] {logging_mixin.py:188} INFO - [2026-02-05T16:23:02.780+0000] {dag.py:3036} INFO - Sync 1 DAGs
[2026-02-05T16:23:02.802+0000] {logging_mixin.py:188} INFO - [2026-02-05T16:23:02.802+0000] {dag.py:3823} INFO - Setting next_dagrun for ecommerce_etl_pipeline to 2026-02-05 00:00:00+00:00, run_after=2026-02-06 00:00:00+00:00
[2026-02-05T16:23:02.819+0000] {processor.py:183} INFO - Processing /opt/airflow/dags/ecommerce_etl.py took 0.325 seconds
[2026-02-05T16:23:33.021+0000] {processor.py:161} INFO - Started process (PID=499) to work on /opt/airflow/dags/ecommerce_etl.py
[2026-02-05T16:23:33.022+0000] {processor.py:830} INFO - Processing file /opt/airflow/dags/ecommerce_etl.py for tasks to queue
[2026-02-05T16:23:33.023+0000] {logging_mixin.py:188} INFO - [2026-02-05T16:23:33.023+0000] {dagbag.py:538} INFO - Filling up the DagBag from /opt/airflow/dags/ecommerce_etl.py
[2026-02-05T16:23:33.290+0000] {processor.py:840} INFO - DAG(s) 'ecommerce_etl_pipeline' retrieved from /opt/airflow/dags/ecommerce_etl.py
[2026-02-05T16:23:33.323+0000] {logging_mixin.py:188} INFO - [2026-02-05T16:23:33.322+0000] {dag.py:3036} INFO - Sync 1 DAGs
[2026-02-05T16:23:33.345+0000] {logging_mixin.py:188} INFO - [2026-02-05T16:23:33.344+0000] {dag.py:3823} INFO - Setting next_dagrun for ecommerce_etl_pipeline to 2026-02-05 00:00:00+00:00, run_after=2026-02-06 00:00:00+00:00
[2026-02-05T16:23:33.362+0000] {processor.py:183} INFO - Processing /opt/airflow/dags/ecommerce_etl.py took 0.344 seconds
[2026-02-05T16:24:03.558+0000] {processor.py:161} INFO - Started process (PID=512) to work on /opt/airflow/dags/ecommerce_etl.py
[2026-02-05T16:24:03.559+0000] {processor.py:830} INFO - Processing file /opt/airflow/dags/ecommerce_etl.py for tasks to queue
[2026-02-05T16:24:03.560+0000] {logging_mixin.py:188} INFO - [2026-02-05T16:24:03.560+0000] {dagbag.py:538} INFO - Filling up the DagBag from /opt/airflow/dags/ecommerce_etl.py
[2026-02-05T16:24:03.836+0000] {processor.py:840} INFO - DAG(s) 'ecommerce_etl_pipeline' retrieved from /opt/airflow/dags/ecommerce_etl.py
[2026-02-05T16:24:03.864+0000] {logging_mixin.py:188} INFO - [2026-02-05T16:24:03.863+0000] {dag.py:3036} INFO - Sync 1 DAGs
[2026-02-05T16:24:03.883+0000] {logging_mixin.py:188} INFO - [2026-02-05T16:24:03.883+0000] {dag.py:3823} INFO - Setting next_dagrun for ecommerce_etl_pipeline to 2026-02-05 00:00:00+00:00, run_after=2026-02-06 00:00:00+00:00
[2026-02-05T16:24:03.899+0000] {processor.py:183} INFO - Processing /opt/airflow/dags/ecommerce_etl.py took 0.344 seconds
[2026-02-05T16:24:34.089+0000] {processor.py:161} INFO - Started process (PID=524) to work on /opt/airflow/dags/ecommerce_etl.py
[2026-02-05T16:24:34.090+0000] {processor.py:830} INFO - Processing file /opt/airflow/dags/ecommerce_etl.py for tasks to queue
[2026-02-05T16:24:34.090+0000] {logging_mixin.py:188} INFO - [2026-02-05T16:24:34.090+0000] {dagbag.py:538} INFO - Filling up the DagBag from /opt/airflow/dags/ecommerce_etl.py
[2026-02-05T16:24:34.351+0000] {processor.py:840} INFO - DAG(s) 'ecommerce_etl_pipeline' retrieved from /opt/airflow/dags/ecommerce_etl.py
[2026-02-05T16:24:34.382+0000] {logging_mixin.py:188} INFO - [2026-02-05T16:24:34.382+0000] {dag.py:3036} INFO - Sync 1 DAGs
[2026-02-05T16:24:34.406+0000] {logging_mixin.py:188} INFO - [2026-02-05T16:24:34.405+0000] {dag.py:3823} INFO - Setting next_dagrun for ecommerce_etl_pipeline to 2026-02-05 00:00:00+00:00, run_after=2026-02-06 00:00:00+00:00
[2026-02-05T16:24:34.425+0000] {processor.py:183} INFO - Processing /opt/airflow/dags/ecommerce_etl.py took 0.340 seconds
[2026-02-05T16:25:04.647+0000] {processor.py:161} INFO - Started process (PID=536) to work on /opt/airflow/dags/ecommerce_etl.py
[2026-02-05T16:25:04.648+0000] {processor.py:830} INFO - Processing file /opt/airflow/dags/ecommerce_etl.py for tasks to queue
[2026-02-05T16:25:04.649+0000] {logging_mixin.py:188} INFO - [2026-02-05T16:25:04.649+0000] {dagbag.py:538} INFO - Filling up the DagBag from /opt/airflow/dags/ecommerce_etl.py
[2026-02-05T16:25:04.872+0000] {processor.py:840} INFO - DAG(s) 'ecommerce_etl_pipeline' retrieved from /opt/airflow/dags/ecommerce_etl.py
[2026-02-05T16:25:04.896+0000] {logging_mixin.py:188} INFO - [2026-02-05T16:25:04.896+0000] {dag.py:3036} INFO - Sync 1 DAGs
[2026-02-05T16:25:04.914+0000] {logging_mixin.py:188} INFO - [2026-02-05T16:25:04.914+0000] {dag.py:3823} INFO - Setting next_dagrun for ecommerce_etl_pipeline to 2026-02-05 00:00:00+00:00, run_after=2026-02-06 00:00:00+00:00
[2026-02-05T16:25:04.931+0000] {processor.py:183} INFO - Processing /opt/airflow/dags/ecommerce_etl.py took 0.287 seconds
[2026-02-05T16:25:35.165+0000] {processor.py:161} INFO - Started process (PID=548) to work on /opt/airflow/dags/ecommerce_etl.py
[2026-02-05T16:25:35.166+0000] {processor.py:830} INFO - Processing file /opt/airflow/dags/ecommerce_etl.py for tasks to queue
[2026-02-05T16:25:35.167+0000] {logging_mixin.py:188} INFO - [2026-02-05T16:25:35.167+0000] {dagbag.py:538} INFO - Filling up the DagBag from /opt/airflow/dags/ecommerce_etl.py
[2026-02-05T16:25:35.418+0000] {processor.py:840} INFO - DAG(s) 'ecommerce_etl_pipeline' retrieved from /opt/airflow/dags/ecommerce_etl.py
[2026-02-05T16:25:35.447+0000] {logging_mixin.py:188} INFO - [2026-02-05T16:25:35.447+0000] {dag.py:3036} INFO - Sync 1 DAGs
[2026-02-05T16:25:35.470+0000] {logging_mixin.py:188} INFO - [2026-02-05T16:25:35.470+0000] {dag.py:3823} INFO - Setting next_dagrun for ecommerce_etl_pipeline to 2026-02-05 00:00:00+00:00, run_after=2026-02-06 00:00:00+00:00
[2026-02-05T16:25:35.498+0000] {processor.py:183} INFO - Processing /opt/airflow/dags/ecommerce_etl.py took 0.337 seconds
[2026-02-05T16:26:05.710+0000] {processor.py:161} INFO - Started process (PID=560) to work on /opt/airflow/dags/ecommerce_etl.py
[2026-02-05T16:26:05.711+0000] {processor.py:830} INFO - Processing file /opt/airflow/dags/ecommerce_etl.py for tasks to queue
[2026-02-05T16:26:05.712+0000] {logging_mixin.py:188} INFO - [2026-02-05T16:26:05.712+0000] {dagbag.py:538} INFO - Filling up the DagBag from /opt/airflow/dags/ecommerce_etl.py
[2026-02-05T16:26:05.964+0000] {processor.py:840} INFO - DAG(s) 'ecommerce_etl_pipeline' retrieved from /opt/airflow/dags/ecommerce_etl.py
[2026-02-05T16:26:05.991+0000] {logging_mixin.py:188} INFO - [2026-02-05T16:26:05.990+0000] {dag.py:3036} INFO - Sync 1 DAGs
[2026-02-05T16:26:06.012+0000] {logging_mixin.py:188} INFO - [2026-02-05T16:26:06.011+0000] {dag.py:3823} INFO - Setting next_dagrun for ecommerce_etl_pipeline to 2026-02-05 00:00:00+00:00, run_after=2026-02-06 00:00:00+00:00
[2026-02-05T16:26:06.031+0000] {processor.py:183} INFO - Processing /opt/airflow/dags/ecommerce_etl.py took 0.325 seconds
[2026-02-05T16:26:36.237+0000] {processor.py:161} INFO - Started process (PID=573) to work on /opt/airflow/dags/ecommerce_etl.py
[2026-02-05T16:26:36.238+0000] {processor.py:830} INFO - Processing file /opt/airflow/dags/ecommerce_etl.py for tasks to queue
[2026-02-05T16:26:36.239+0000] {logging_mixin.py:188} INFO - [2026-02-05T16:26:36.239+0000] {dagbag.py:538} INFO - Filling up the DagBag from /opt/airflow/dags/ecommerce_etl.py
[2026-02-05T16:26:36.531+0000] {processor.py:840} INFO - DAG(s) 'ecommerce_etl_pipeline' retrieved from /opt/airflow/dags/ecommerce_etl.py
[2026-02-05T16:26:36.560+0000] {logging_mixin.py:188} INFO - [2026-02-05T16:26:36.559+0000] {dag.py:3036} INFO - Sync 1 DAGs
[2026-02-05T16:26:36.581+0000] {logging_mixin.py:188} INFO - [2026-02-05T16:26:36.581+0000] {dag.py:3823} INFO - Setting next_dagrun for ecommerce_etl_pipeline to 2026-02-05 00:00:00+00:00, run_after=2026-02-06 00:00:00+00:00
[2026-02-05T16:26:36.603+0000] {processor.py:183} INFO - Processing /opt/airflow/dags/ecommerce_etl.py took 0.371 seconds
[2026-02-05T16:27:06.847+0000] {processor.py:161} INFO - Started process (PID=585) to work on /opt/airflow/dags/ecommerce_etl.py
[2026-02-05T16:27:06.849+0000] {processor.py:830} INFO - Processing file /opt/airflow/dags/ecommerce_etl.py for tasks to queue
[2026-02-05T16:27:06.850+0000] {logging_mixin.py:188} INFO - [2026-02-05T16:27:06.849+0000] {dagbag.py:538} INFO - Filling up the DagBag from /opt/airflow/dags/ecommerce_etl.py
[2026-02-05T16:27:07.092+0000] {processor.py:840} INFO - DAG(s) 'ecommerce_etl_pipeline' retrieved from /opt/airflow/dags/ecommerce_etl.py
[2026-02-05T16:27:07.120+0000] {logging_mixin.py:188} INFO - [2026-02-05T16:27:07.119+0000] {dag.py:3036} INFO - Sync 1 DAGs
[2026-02-05T16:27:07.140+0000] {logging_mixin.py:188} INFO - [2026-02-05T16:27:07.139+0000] {dag.py:3823} INFO - Setting next_dagrun for ecommerce_etl_pipeline to 2026-02-05 00:00:00+00:00, run_after=2026-02-06 00:00:00+00:00
[2026-02-05T16:27:07.158+0000] {processor.py:183} INFO - Processing /opt/airflow/dags/ecommerce_etl.py took 0.315 seconds
[2026-02-05T16:27:37.386+0000] {processor.py:161} INFO - Started process (PID=597) to work on /opt/airflow/dags/ecommerce_etl.py
[2026-02-05T16:27:37.388+0000] {processor.py:830} INFO - Processing file /opt/airflow/dags/ecommerce_etl.py for tasks to queue
[2026-02-05T16:27:37.389+0000] {logging_mixin.py:188} INFO - [2026-02-05T16:27:37.389+0000] {dagbag.py:538} INFO - Filling up the DagBag from /opt/airflow/dags/ecommerce_etl.py
[2026-02-05T16:27:37.673+0000] {processor.py:840} INFO - DAG(s) 'ecommerce_etl_pipeline' retrieved from /opt/airflow/dags/ecommerce_etl.py
[2026-02-05T16:27:37.706+0000] {logging_mixin.py:188} INFO - [2026-02-05T16:27:37.706+0000] {dag.py:3036} INFO - Sync 1 DAGs
[2026-02-05T16:27:37.731+0000] {logging_mixin.py:188} INFO - [2026-02-05T16:27:37.731+0000] {dag.py:3823} INFO - Setting next_dagrun for ecommerce_etl_pipeline to 2026-02-05 00:00:00+00:00, run_after=2026-02-06 00:00:00+00:00
[2026-02-05T16:27:37.753+0000] {processor.py:183} INFO - Processing /opt/airflow/dags/ecommerce_etl.py took 0.371 seconds
[2026-02-05T16:28:08.013+0000] {processor.py:161} INFO - Started process (PID=609) to work on /opt/airflow/dags/ecommerce_etl.py
[2026-02-05T16:28:08.015+0000] {processor.py:830} INFO - Processing file /opt/airflow/dags/ecommerce_etl.py for tasks to queue
[2026-02-05T16:28:08.018+0000] {logging_mixin.py:188} INFO - [2026-02-05T16:28:08.017+0000] {dagbag.py:538} INFO - Filling up the DagBag from /opt/airflow/dags/ecommerce_etl.py
[2026-02-05T16:28:08.382+0000] {processor.py:840} INFO - DAG(s) 'ecommerce_etl_pipeline' retrieved from /opt/airflow/dags/ecommerce_etl.py
[2026-02-05T16:28:08.415+0000] {logging_mixin.py:188} INFO - [2026-02-05T16:28:08.414+0000] {dag.py:3036} INFO - Sync 1 DAGs
[2026-02-05T16:28:08.440+0000] {logging_mixin.py:188} INFO - [2026-02-05T16:28:08.440+0000] {dag.py:3823} INFO - Setting next_dagrun for ecommerce_etl_pipeline to 2026-02-05 00:00:00+00:00, run_after=2026-02-06 00:00:00+00:00
[2026-02-05T16:28:08.461+0000] {processor.py:183} INFO - Processing /opt/airflow/dags/ecommerce_etl.py took 0.454 seconds
[2026-02-05T16:28:38.694+0000] {processor.py:161} INFO - Started process (PID=621) to work on /opt/airflow/dags/ecommerce_etl.py
[2026-02-05T16:28:38.695+0000] {processor.py:830} INFO - Processing file /opt/airflow/dags/ecommerce_etl.py for tasks to queue
[2026-02-05T16:28:38.696+0000] {logging_mixin.py:188} INFO - [2026-02-05T16:28:38.696+0000] {dagbag.py:538} INFO - Filling up the DagBag from /opt/airflow/dags/ecommerce_etl.py
[2026-02-05T16:28:38.988+0000] {processor.py:840} INFO - DAG(s) 'ecommerce_etl_pipeline' retrieved from /opt/airflow/dags/ecommerce_etl.py
[2026-02-05T16:28:39.019+0000] {logging_mixin.py:188} INFO - [2026-02-05T16:28:39.019+0000] {dag.py:3036} INFO - Sync 1 DAGs
[2026-02-05T16:28:39.045+0000] {logging_mixin.py:188} INFO - [2026-02-05T16:28:39.045+0000] {dag.py:3823} INFO - Setting next_dagrun for ecommerce_etl_pipeline to 2026-02-05 00:00:00+00:00, run_after=2026-02-06 00:00:00+00:00
[2026-02-05T16:28:39.070+0000] {processor.py:183} INFO - Processing /opt/airflow/dags/ecommerce_etl.py took 0.379 seconds
[2026-02-05T16:29:09.280+0000] {processor.py:161} INFO - Started process (PID=633) to work on /opt/airflow/dags/ecommerce_etl.py
[2026-02-05T16:29:09.281+0000] {processor.py:830} INFO - Processing file /opt/airflow/dags/ecommerce_etl.py for tasks to queue
[2026-02-05T16:29:09.282+0000] {logging_mixin.py:188} INFO - [2026-02-05T16:29:09.282+0000] {dagbag.py:538} INFO - Filling up the DagBag from /opt/airflow/dags/ecommerce_etl.py
[2026-02-05T16:29:09.575+0000] {processor.py:840} INFO - DAG(s) 'ecommerce_etl_pipeline' retrieved from /opt/airflow/dags/ecommerce_etl.py
[2026-02-05T16:29:09.609+0000] {logging_mixin.py:188} INFO - [2026-02-05T16:29:09.608+0000] {dag.py:3036} INFO - Sync 1 DAGs
[2026-02-05T16:29:09.635+0000] {logging_mixin.py:188} INFO - [2026-02-05T16:29:09.635+0000] {dag.py:3823} INFO - Setting next_dagrun for ecommerce_etl_pipeline to 2026-02-05 00:00:00+00:00, run_after=2026-02-06 00:00:00+00:00
[2026-02-05T16:29:09.656+0000] {processor.py:183} INFO - Processing /opt/airflow/dags/ecommerce_etl.py took 0.380 seconds
[2026-02-05T16:29:39.878+0000] {processor.py:161} INFO - Started process (PID=645) to work on /opt/airflow/dags/ecommerce_etl.py
[2026-02-05T16:29:39.879+0000] {processor.py:830} INFO - Processing file /opt/airflow/dags/ecommerce_etl.py for tasks to queue
[2026-02-05T16:29:39.881+0000] {logging_mixin.py:188} INFO - [2026-02-05T16:29:39.880+0000] {dagbag.py:538} INFO - Filling up the DagBag from /opt/airflow/dags/ecommerce_etl.py
[2026-02-05T16:29:40.265+0000] {processor.py:840} INFO - DAG(s) 'ecommerce_etl_pipeline' retrieved from /opt/airflow/dags/ecommerce_etl.py
[2026-02-05T16:29:40.308+0000] {logging_mixin.py:188} INFO - [2026-02-05T16:29:40.308+0000] {dag.py:3036} INFO - Sync 1 DAGs
[2026-02-05T16:29:40.344+0000] {logging_mixin.py:188} INFO - [2026-02-05T16:29:40.344+0000] {dag.py:3823} INFO - Setting next_dagrun for ecommerce_etl_pipeline to 2026-02-05 00:00:00+00:00, run_after=2026-02-06 00:00:00+00:00
[2026-02-05T16:29:40.378+0000] {processor.py:183} INFO - Processing /opt/airflow/dags/ecommerce_etl.py took 0.503 seconds
[2026-02-05T16:30:10.605+0000] {processor.py:161} INFO - Started process (PID=657) to work on /opt/airflow/dags/ecommerce_etl.py
[2026-02-05T16:30:10.606+0000] {processor.py:830} INFO - Processing file /opt/airflow/dags/ecommerce_etl.py for tasks to queue
[2026-02-05T16:30:10.608+0000] {logging_mixin.py:188} INFO - [2026-02-05T16:30:10.608+0000] {dagbag.py:538} INFO - Filling up the DagBag from /opt/airflow/dags/ecommerce_etl.py
[2026-02-05T16:30:10.850+0000] {processor.py:840} INFO - DAG(s) 'ecommerce_etl_pipeline' retrieved from /opt/airflow/dags/ecommerce_etl.py
[2026-02-05T16:30:10.879+0000] {logging_mixin.py:188} INFO - [2026-02-05T16:30:10.879+0000] {dag.py:3036} INFO - Sync 1 DAGs
[2026-02-05T16:30:10.900+0000] {logging_mixin.py:188} INFO - [2026-02-05T16:30:10.900+0000] {dag.py:3823} INFO - Setting next_dagrun for ecommerce_etl_pipeline to 2026-02-05 00:00:00+00:00, run_after=2026-02-06 00:00:00+00:00
[2026-02-05T16:30:10.920+0000] {processor.py:183} INFO - Processing /opt/airflow/dags/ecommerce_etl.py took 0.317 seconds
[2026-02-05T16:30:41.140+0000] {processor.py:161} INFO - Started process (PID=675) to work on /opt/airflow/dags/ecommerce_etl.py
[2026-02-05T16:30:41.142+0000] {processor.py:830} INFO - Processing file /opt/airflow/dags/ecommerce_etl.py for tasks to queue
[2026-02-05T16:30:41.143+0000] {logging_mixin.py:188} INFO - [2026-02-05T16:30:41.142+0000] {dagbag.py:538} INFO - Filling up the DagBag from /opt/airflow/dags/ecommerce_etl.py
[2026-02-05T16:30:41.462+0000] {processor.py:840} INFO - DAG(s) 'ecommerce_etl_pipeline' retrieved from /opt/airflow/dags/ecommerce_etl.py
[2026-02-05T16:30:41.498+0000] {logging_mixin.py:188} INFO - [2026-02-05T16:30:41.497+0000] {dag.py:3036} INFO - Sync 1 DAGs
[2026-02-05T16:30:41.528+0000] {logging_mixin.py:188} INFO - [2026-02-05T16:30:41.528+0000] {dag.py:3823} INFO - Setting next_dagrun for ecommerce_etl_pipeline to 2026-02-05 00:00:00+00:00, run_after=2026-02-06 00:00:00+00:00
[2026-02-05T16:30:41.555+0000] {processor.py:183} INFO - Processing /opt/airflow/dags/ecommerce_etl.py took 0.419 seconds
[2026-02-05T16:31:11.806+0000] {processor.py:161} INFO - Started process (PID=687) to work on /opt/airflow/dags/ecommerce_etl.py
[2026-02-05T16:31:11.807+0000] {processor.py:830} INFO - Processing file /opt/airflow/dags/ecommerce_etl.py for tasks to queue
[2026-02-05T16:31:11.807+0000] {logging_mixin.py:188} INFO - [2026-02-05T16:31:11.807+0000] {dagbag.py:538} INFO - Filling up the DagBag from /opt/airflow/dags/ecommerce_etl.py
[2026-02-05T16:31:12.038+0000] {processor.py:840} INFO - DAG(s) 'ecommerce_etl_pipeline' retrieved from /opt/airflow/dags/ecommerce_etl.py
[2026-02-05T16:31:12.065+0000] {logging_mixin.py:188} INFO - [2026-02-05T16:31:12.065+0000] {dag.py:3036} INFO - Sync 1 DAGs
[2026-02-05T16:31:12.084+0000] {logging_mixin.py:188} INFO - [2026-02-05T16:31:12.084+0000] {dag.py:3823} INFO - Setting next_dagrun for ecommerce_etl_pipeline to 2026-02-05 00:00:00+00:00, run_after=2026-02-06 00:00:00+00:00
[2026-02-05T16:31:12.102+0000] {processor.py:183} INFO - Processing /opt/airflow/dags/ecommerce_etl.py took 0.299 seconds
[2026-02-05T16:31:42.313+0000] {processor.py:161} INFO - Started process (PID=699) to work on /opt/airflow/dags/ecommerce_etl.py
[2026-02-05T16:31:42.314+0000] {processor.py:830} INFO - Processing file /opt/airflow/dags/ecommerce_etl.py for tasks to queue
[2026-02-05T16:31:42.315+0000] {logging_mixin.py:188} INFO - [2026-02-05T16:31:42.315+0000] {dagbag.py:538} INFO - Filling up the DagBag from /opt/airflow/dags/ecommerce_etl.py
[2026-02-05T16:31:42.585+0000] {processor.py:840} INFO - DAG(s) 'ecommerce_etl_pipeline' retrieved from /opt/airflow/dags/ecommerce_etl.py
[2026-02-05T16:31:42.615+0000] {logging_mixin.py:188} INFO - [2026-02-05T16:31:42.615+0000] {dag.py:3036} INFO - Sync 1 DAGs
[2026-02-05T16:31:42.639+0000] {logging_mixin.py:188} INFO - [2026-02-05T16:31:42.639+0000] {dag.py:3823} INFO - Setting next_dagrun for ecommerce_etl_pipeline to 2026-02-05 00:00:00+00:00, run_after=2026-02-06 00:00:00+00:00
[2026-02-05T16:31:42.657+0000] {processor.py:183} INFO - Processing /opt/airflow/dags/ecommerce_etl.py took 0.347 seconds
[2026-02-05T16:32:12.890+0000] {processor.py:161} INFO - Started process (PID=711) to work on /opt/airflow/dags/ecommerce_etl.py
[2026-02-05T16:32:12.891+0000] {processor.py:830} INFO - Processing file /opt/airflow/dags/ecommerce_etl.py for tasks to queue
[2026-02-05T16:32:12.891+0000] {logging_mixin.py:188} INFO - [2026-02-05T16:32:12.891+0000] {dagbag.py:538} INFO - Filling up the DagBag from /opt/airflow/dags/ecommerce_etl.py
[2026-02-05T16:32:13.114+0000] {processor.py:840} INFO - DAG(s) 'ecommerce_etl_pipeline' retrieved from /opt/airflow/dags/ecommerce_etl.py
[2026-02-05T16:32:13.140+0000] {logging_mixin.py:188} INFO - [2026-02-05T16:32:13.140+0000] {dag.py:3036} INFO - Sync 1 DAGs
[2026-02-05T16:32:13.158+0000] {logging_mixin.py:188} INFO - [2026-02-05T16:32:13.158+0000] {dag.py:3823} INFO - Setting next_dagrun for ecommerce_etl_pipeline to 2026-02-05 00:00:00+00:00, run_after=2026-02-06 00:00:00+00:00
[2026-02-05T16:32:13.176+0000] {processor.py:183} INFO - Processing /opt/airflow/dags/ecommerce_etl.py took 0.290 seconds
[2026-02-05T16:32:43.121+0000] {processor.py:161} INFO - Started process (PID=723) to work on /opt/airflow/dags/ecommerce_etl.py
[2026-02-05T16:32:43.123+0000] {processor.py:830} INFO - Processing file /opt/airflow/dags/ecommerce_etl.py for tasks to queue
[2026-02-05T16:32:43.124+0000] {logging_mixin.py:188} INFO - [2026-02-05T16:32:43.123+0000] {dagbag.py:538} INFO - Filling up the DagBag from /opt/airflow/dags/ecommerce_etl.py
[2026-02-05T16:32:43.386+0000] {processor.py:840} INFO - DAG(s) 'ecommerce_etl_pipeline' retrieved from /opt/airflow/dags/ecommerce_etl.py
[2026-02-05T16:32:43.414+0000] {logging_mixin.py:188} INFO - [2026-02-05T16:32:43.414+0000] {dag.py:3036} INFO - Sync 1 DAGs
[2026-02-05T16:32:43.436+0000] {logging_mixin.py:188} INFO - [2026-02-05T16:32:43.436+0000] {dag.py:3823} INFO - Setting next_dagrun for ecommerce_etl_pipeline to 2026-02-05 00:00:00+00:00, run_after=2026-02-06 00:00:00+00:00
[2026-02-05T16:32:43.461+0000] {processor.py:183} INFO - Processing /opt/airflow/dags/ecommerce_etl.py took 0.343 seconds
[2026-02-05T16:33:13.606+0000] {processor.py:161} INFO - Started process (PID=735) to work on /opt/airflow/dags/ecommerce_etl.py
[2026-02-05T16:33:13.607+0000] {processor.py:830} INFO - Processing file /opt/airflow/dags/ecommerce_etl.py for tasks to queue
[2026-02-05T16:33:13.609+0000] {logging_mixin.py:188} INFO - [2026-02-05T16:33:13.609+0000] {dagbag.py:538} INFO - Filling up the DagBag from /opt/airflow/dags/ecommerce_etl.py
[2026-02-05T16:33:13.859+0000] {processor.py:840} INFO - DAG(s) 'ecommerce_etl_pipeline' retrieved from /opt/airflow/dags/ecommerce_etl.py
[2026-02-05T16:33:13.886+0000] {logging_mixin.py:188} INFO - [2026-02-05T16:33:13.886+0000] {dag.py:3036} INFO - Sync 1 DAGs
[2026-02-05T16:33:13.906+0000] {logging_mixin.py:188} INFO - [2026-02-05T16:33:13.906+0000] {dag.py:3823} INFO - Setting next_dagrun for ecommerce_etl_pipeline to 2026-02-05 00:00:00+00:00, run_after=2026-02-06 00:00:00+00:00
[2026-02-05T16:33:13.924+0000] {processor.py:183} INFO - Processing /opt/airflow/dags/ecommerce_etl.py took 0.321 seconds
[2026-02-05T16:33:39.856+0000] {processor.py:161} INFO - Started process (PID=741) to work on /opt/airflow/dags/ecommerce_etl.py
[2026-02-05T16:33:39.857+0000] {processor.py:830} INFO - Processing file /opt/airflow/dags/ecommerce_etl.py for tasks to queue
[2026-02-05T16:33:39.857+0000] {logging_mixin.py:188} INFO - [2026-02-05T16:33:39.857+0000] {dagbag.py:538} INFO - Filling up the DagBag from /opt/airflow/dags/ecommerce_etl.py
[2026-02-05T16:33:39.893+0000] {processor.py:840} INFO - DAG(s) 'ecommerce_etl_pipeline' retrieved from /opt/airflow/dags/ecommerce_etl.py
[2026-02-05T16:33:39.920+0000] {logging_mixin.py:188} INFO - [2026-02-05T16:33:39.920+0000] {dag.py:3036} INFO - Sync 1 DAGs
[2026-02-05T16:33:39.940+0000] {logging_mixin.py:188} INFO - [2026-02-05T16:33:39.940+0000] {dag.py:3823} INFO - Setting next_dagrun for ecommerce_etl_pipeline to 2026-02-05 00:00:00+00:00, run_after=2026-02-06 00:00:00+00:00
[2026-02-05T16:33:39.964+0000] {processor.py:183} INFO - Processing /opt/airflow/dags/ecommerce_etl.py took 0.111 seconds
[2026-02-05T16:37:06.611+0000] {processor.py:161} INFO - Started process (PID=186) to work on /opt/airflow/dags/ecommerce_etl.py
[2026-02-05T16:37:06.613+0000] {processor.py:830} INFO - Processing file /opt/airflow/dags/ecommerce_etl.py for tasks to queue
[2026-02-05T16:37:06.616+0000] {logging_mixin.py:188} INFO - [2026-02-05T16:37:06.614+0000] {dagbag.py:538} INFO - Filling up the DagBag from /opt/airflow/dags/ecommerce_etl.py
[2026-02-05T16:37:06.711+0000] {processor.py:840} INFO - DAG(s) 'ecommerce_etl_pipeline' retrieved from /opt/airflow/dags/ecommerce_etl.py
[2026-02-05T16:37:07.197+0000] {logging_mixin.py:188} INFO - [2026-02-05T16:37:07.196+0000] {override.py:1769} INFO - Created Permission View: can delete on DAG:ecommerce_etl_pipeline
[2026-02-05T16:37:07.217+0000] {logging_mixin.py:188} INFO - [2026-02-05T16:37:07.217+0000] {override.py:1769} INFO - Created Permission View: can read on DAG:ecommerce_etl_pipeline
[2026-02-05T16:37:07.225+0000] {logging_mixin.py:188} INFO - [2026-02-05T16:37:07.224+0000] {override.py:1769} INFO - Created Permission View: can edit on DAG:ecommerce_etl_pipeline
[2026-02-05T16:37:07.226+0000] {logging_mixin.py:188} INFO - [2026-02-05T16:37:07.225+0000] {dag.py:3036} INFO - Sync 1 DAGs
[2026-02-05T16:37:07.246+0000] {logging_mixin.py:188} INFO - [2026-02-05T16:37:07.245+0000] {dag.py:3058} INFO - Creating ORM DAG for ecommerce_etl_pipeline
[2026-02-05T16:37:07.267+0000] {logging_mixin.py:188} INFO - [2026-02-05T16:37:07.266+0000] {dag.py:3823} INFO - Setting next_dagrun for ecommerce_etl_pipeline to 2026-02-04 00:00:00+00:00, run_after=2026-02-05 00:00:00+00:00
[2026-02-05T16:37:07.297+0000] {processor.py:183} INFO - Processing /opt/airflow/dags/ecommerce_etl.py took 0.691 seconds
[2026-02-05T16:37:37.561+0000] {processor.py:161} INFO - Started process (PID=209) to work on /opt/airflow/dags/ecommerce_etl.py
[2026-02-05T16:37:37.562+0000] {processor.py:830} INFO - Processing file /opt/airflow/dags/ecommerce_etl.py for tasks to queue
[2026-02-05T16:37:37.563+0000] {logging_mixin.py:188} INFO - [2026-02-05T16:37:37.563+0000] {dagbag.py:538} INFO - Filling up the DagBag from /opt/airflow/dags/ecommerce_etl.py
[2026-02-05T16:37:37.638+0000] {processor.py:840} INFO - DAG(s) 'ecommerce_etl_pipeline' retrieved from /opt/airflow/dags/ecommerce_etl.py
[2026-02-05T16:37:37.724+0000] {logging_mixin.py:188} INFO - [2026-02-05T16:37:37.723+0000] {dag.py:3036} INFO - Sync 1 DAGs
[2026-02-05T16:37:37.756+0000] {logging_mixin.py:188} INFO - [2026-02-05T16:37:37.756+0000] {dag.py:3823} INFO - Setting next_dagrun for ecommerce_etl_pipeline to 2026-02-04 00:00:00+00:00, run_after=2026-02-05 00:00:00+00:00
[2026-02-05T16:37:37.816+0000] {processor.py:183} INFO - Processing /opt/airflow/dags/ecommerce_etl.py took 0.261 seconds
[2026-02-05T16:38:08.013+0000] {processor.py:161} INFO - Started process (PID=220) to work on /opt/airflow/dags/ecommerce_etl.py
[2026-02-05T16:38:08.014+0000] {processor.py:830} INFO - Processing file /opt/airflow/dags/ecommerce_etl.py for tasks to queue
[2026-02-05T16:38:08.015+0000] {logging_mixin.py:188} INFO - [2026-02-05T16:38:08.015+0000] {dagbag.py:538} INFO - Filling up the DagBag from /opt/airflow/dags/ecommerce_etl.py
[2026-02-05T16:38:08.039+0000] {processor.py:840} INFO - DAG(s) 'ecommerce_etl_pipeline' retrieved from /opt/airflow/dags/ecommerce_etl.py
[2026-02-05T16:38:08.069+0000] {logging_mixin.py:188} INFO - [2026-02-05T16:38:08.069+0000] {dag.py:3036} INFO - Sync 1 DAGs
[2026-02-05T16:38:08.124+0000] {logging_mixin.py:188} INFO - [2026-02-05T16:38:08.124+0000] {dag.py:3823} INFO - Setting next_dagrun for ecommerce_etl_pipeline to 2026-02-04 00:00:00+00:00, run_after=2026-02-05 00:00:00+00:00
[2026-02-05T16:38:08.149+0000] {processor.py:183} INFO - Processing /opt/airflow/dags/ecommerce_etl.py took 0.139 seconds
[2026-02-05T16:38:38.203+0000] {processor.py:161} INFO - Started process (PID=231) to work on /opt/airflow/dags/ecommerce_etl.py
[2026-02-05T16:38:38.204+0000] {processor.py:830} INFO - Processing file /opt/airflow/dags/ecommerce_etl.py for tasks to queue
[2026-02-05T16:38:38.205+0000] {logging_mixin.py:188} INFO - [2026-02-05T16:38:38.205+0000] {dagbag.py:538} INFO - Filling up the DagBag from /opt/airflow/dags/ecommerce_etl.py
[2026-02-05T16:38:38.229+0000] {processor.py:840} INFO - DAG(s) 'ecommerce_etl_pipeline' retrieved from /opt/airflow/dags/ecommerce_etl.py
[2026-02-05T16:38:38.260+0000] {logging_mixin.py:188} INFO - [2026-02-05T16:38:38.260+0000] {dag.py:3036} INFO - Sync 1 DAGs
[2026-02-05T16:38:38.351+0000] {logging_mixin.py:188} INFO - [2026-02-05T16:38:38.350+0000] {dag.py:3823} INFO - Setting next_dagrun for ecommerce_etl_pipeline to 2026-02-04 00:00:00+00:00, run_after=2026-02-05 00:00:00+00:00
[2026-02-05T16:38:38.376+0000] {processor.py:183} INFO - Processing /opt/airflow/dags/ecommerce_etl.py took 0.178 seconds
[2026-02-05T16:39:08.518+0000] {processor.py:161} INFO - Started process (PID=242) to work on /opt/airflow/dags/ecommerce_etl.py
[2026-02-05T16:39:08.520+0000] {processor.py:830} INFO - Processing file /opt/airflow/dags/ecommerce_etl.py for tasks to queue
[2026-02-05T16:39:08.520+0000] {logging_mixin.py:188} INFO - [2026-02-05T16:39:08.520+0000] {dagbag.py:538} INFO - Filling up the DagBag from /opt/airflow/dags/ecommerce_etl.py
[2026-02-05T16:39:08.541+0000] {processor.py:840} INFO - DAG(s) 'ecommerce_etl_pipeline' retrieved from /opt/airflow/dags/ecommerce_etl.py
[2026-02-05T16:39:08.570+0000] {logging_mixin.py:188} INFO - [2026-02-05T16:39:08.570+0000] {dag.py:3036} INFO - Sync 1 DAGs
[2026-02-05T16:39:08.593+0000] {logging_mixin.py:188} INFO - [2026-02-05T16:39:08.593+0000] {dag.py:3823} INFO - Setting next_dagrun for ecommerce_etl_pipeline to 2026-02-04 00:00:00+00:00, run_after=2026-02-05 00:00:00+00:00
[2026-02-05T16:39:08.610+0000] {processor.py:183} INFO - Processing /opt/airflow/dags/ecommerce_etl.py took 0.095 seconds
[2026-02-05T16:39:38.782+0000] {processor.py:161} INFO - Started process (PID=253) to work on /opt/airflow/dags/ecommerce_etl.py
[2026-02-05T16:39:38.784+0000] {processor.py:830} INFO - Processing file /opt/airflow/dags/ecommerce_etl.py for tasks to queue
[2026-02-05T16:39:38.786+0000] {logging_mixin.py:188} INFO - [2026-02-05T16:39:38.786+0000] {dagbag.py:538} INFO - Filling up the DagBag from /opt/airflow/dags/ecommerce_etl.py
[2026-02-05T16:39:38.825+0000] {processor.py:840} INFO - DAG(s) 'ecommerce_etl_pipeline' retrieved from /opt/airflow/dags/ecommerce_etl.py
[2026-02-05T16:39:38.916+0000] {logging_mixin.py:188} INFO - [2026-02-05T16:39:38.915+0000] {dag.py:3036} INFO - Sync 1 DAGs
[2026-02-05T16:39:38.953+0000] {logging_mixin.py:188} INFO - [2026-02-05T16:39:38.953+0000] {dag.py:3823} INFO - Setting next_dagrun for ecommerce_etl_pipeline to 2026-02-04 00:00:00+00:00, run_after=2026-02-05 00:00:00+00:00
[2026-02-05T16:39:38.974+0000] {processor.py:183} INFO - Processing /opt/airflow/dags/ecommerce_etl.py took 0.203 seconds
[2026-02-05T16:40:09.189+0000] {processor.py:161} INFO - Started process (PID=333) to work on /opt/airflow/dags/ecommerce_etl.py
[2026-02-05T16:40:09.190+0000] {processor.py:830} INFO - Processing file /opt/airflow/dags/ecommerce_etl.py for tasks to queue
[2026-02-05T16:40:09.192+0000] {logging_mixin.py:188} INFO - [2026-02-05T16:40:09.191+0000] {dagbag.py:538} INFO - Filling up the DagBag from /opt/airflow/dags/ecommerce_etl.py
[2026-02-05T16:40:09.223+0000] {processor.py:840} INFO - DAG(s) 'ecommerce_etl_pipeline' retrieved from /opt/airflow/dags/ecommerce_etl.py
[2026-02-05T16:40:09.263+0000] {logging_mixin.py:188} INFO - [2026-02-05T16:40:09.263+0000] {dag.py:3036} INFO - Sync 1 DAGs
[2026-02-05T16:40:09.287+0000] {logging_mixin.py:188} INFO - [2026-02-05T16:40:09.287+0000] {dag.py:3823} INFO - Setting next_dagrun for ecommerce_etl_pipeline to 2026-02-05 00:00:00+00:00, run_after=2026-02-06 00:00:00+00:00
[2026-02-05T16:40:09.308+0000] {processor.py:183} INFO - Processing /opt/airflow/dags/ecommerce_etl.py took 0.123 seconds
[2026-02-05T16:40:39.367+0000] {processor.py:161} INFO - Started process (PID=344) to work on /opt/airflow/dags/ecommerce_etl.py
[2026-02-05T16:40:39.369+0000] {processor.py:830} INFO - Processing file /opt/airflow/dags/ecommerce_etl.py for tasks to queue
[2026-02-05T16:40:39.370+0000] {logging_mixin.py:188} INFO - [2026-02-05T16:40:39.369+0000] {dagbag.py:538} INFO - Filling up the DagBag from /opt/airflow/dags/ecommerce_etl.py
[2026-02-05T16:40:39.460+0000] {processor.py:840} INFO - DAG(s) 'ecommerce_etl_pipeline' retrieved from /opt/airflow/dags/ecommerce_etl.py
[2026-02-05T16:40:39.502+0000] {logging_mixin.py:188} INFO - [2026-02-05T16:40:39.501+0000] {dag.py:3036} INFO - Sync 1 DAGs
[2026-02-05T16:40:39.582+0000] {logging_mixin.py:188} INFO - [2026-02-05T16:40:39.582+0000] {dag.py:3823} INFO - Setting next_dagrun for ecommerce_etl_pipeline to 2026-02-05 00:00:00+00:00, run_after=2026-02-06 00:00:00+00:00
[2026-02-05T16:40:39.607+0000] {processor.py:183} INFO - Processing /opt/airflow/dags/ecommerce_etl.py took 0.244 seconds
[2026-02-05T16:41:09.682+0000] {processor.py:161} INFO - Started process (PID=358) to work on /opt/airflow/dags/ecommerce_etl.py
[2026-02-05T16:41:09.684+0000] {processor.py:830} INFO - Processing file /opt/airflow/dags/ecommerce_etl.py for tasks to queue
[2026-02-05T16:41:09.685+0000] {logging_mixin.py:188} INFO - [2026-02-05T16:41:09.684+0000] {dagbag.py:538} INFO - Filling up the DagBag from /opt/airflow/dags/ecommerce_etl.py
[2026-02-05T16:41:09.711+0000] {processor.py:840} INFO - DAG(s) 'ecommerce_etl_pipeline' retrieved from /opt/airflow/dags/ecommerce_etl.py
[2026-02-05T16:41:09.741+0000] {logging_mixin.py:188} INFO - [2026-02-05T16:41:09.740+0000] {dag.py:3036} INFO - Sync 1 DAGs
[2026-02-05T16:41:09.762+0000] {logging_mixin.py:188} INFO - [2026-02-05T16:41:09.762+0000] {dag.py:3823} INFO - Setting next_dagrun for ecommerce_etl_pipeline to 2026-02-05 00:00:00+00:00, run_after=2026-02-06 00:00:00+00:00
[2026-02-05T16:41:09.781+0000] {processor.py:183} INFO - Processing /opt/airflow/dags/ecommerce_etl.py took 0.102 seconds
[2026-02-05T16:41:39.970+0000] {processor.py:161} INFO - Started process (PID=369) to work on /opt/airflow/dags/ecommerce_etl.py
[2026-02-05T16:41:39.972+0000] {processor.py:830} INFO - Processing file /opt/airflow/dags/ecommerce_etl.py for tasks to queue
[2026-02-05T16:41:39.973+0000] {logging_mixin.py:188} INFO - [2026-02-05T16:41:39.972+0000] {dagbag.py:538} INFO - Filling up the DagBag from /opt/airflow/dags/ecommerce_etl.py
[2026-02-05T16:41:40.001+0000] {processor.py:840} INFO - DAG(s) 'ecommerce_etl_pipeline' retrieved from /opt/airflow/dags/ecommerce_etl.py
[2026-02-05T16:41:40.035+0000] {logging_mixin.py:188} INFO - [2026-02-05T16:41:40.035+0000] {dag.py:3036} INFO - Sync 1 DAGs
[2026-02-05T16:41:40.061+0000] {logging_mixin.py:188} INFO - [2026-02-05T16:41:40.061+0000] {dag.py:3823} INFO - Setting next_dagrun for ecommerce_etl_pipeline to 2026-02-05 00:00:00+00:00, run_after=2026-02-06 00:00:00+00:00
[2026-02-05T16:41:40.082+0000] {processor.py:183} INFO - Processing /opt/airflow/dags/ecommerce_etl.py took 0.115 seconds
[2026-02-05T16:42:10.215+0000] {processor.py:161} INFO - Started process (PID=380) to work on /opt/airflow/dags/ecommerce_etl.py
[2026-02-05T16:42:10.216+0000] {processor.py:830} INFO - Processing file /opt/airflow/dags/ecommerce_etl.py for tasks to queue
[2026-02-05T16:42:10.217+0000] {logging_mixin.py:188} INFO - [2026-02-05T16:42:10.217+0000] {dagbag.py:538} INFO - Filling up the DagBag from /opt/airflow/dags/ecommerce_etl.py
[2026-02-05T16:42:10.237+0000] {processor.py:840} INFO - DAG(s) 'ecommerce_etl_pipeline' retrieved from /opt/airflow/dags/ecommerce_etl.py
[2026-02-05T16:42:10.266+0000] {logging_mixin.py:188} INFO - [2026-02-05T16:42:10.266+0000] {dag.py:3036} INFO - Sync 1 DAGs
[2026-02-05T16:42:10.288+0000] {logging_mixin.py:188} INFO - [2026-02-05T16:42:10.287+0000] {dag.py:3823} INFO - Setting next_dagrun for ecommerce_etl_pipeline to 2026-02-05 00:00:00+00:00, run_after=2026-02-06 00:00:00+00:00
[2026-02-05T16:42:10.308+0000] {processor.py:183} INFO - Processing /opt/airflow/dags/ecommerce_etl.py took 0.096 seconds
[2026-02-05T16:42:40.443+0000] {processor.py:161} INFO - Started process (PID=391) to work on /opt/airflow/dags/ecommerce_etl.py
[2026-02-05T16:42:40.444+0000] {processor.py:830} INFO - Processing file /opt/airflow/dags/ecommerce_etl.py for tasks to queue
[2026-02-05T16:42:40.446+0000] {logging_mixin.py:188} INFO - [2026-02-05T16:42:40.445+0000] {dagbag.py:538} INFO - Filling up the DagBag from /opt/airflow/dags/ecommerce_etl.py
[2026-02-05T16:42:40.471+0000] {processor.py:840} INFO - DAG(s) 'ecommerce_etl_pipeline' retrieved from /opt/airflow/dags/ecommerce_etl.py
[2026-02-05T16:42:40.510+0000] {logging_mixin.py:188} INFO - [2026-02-05T16:42:40.510+0000] {dag.py:3036} INFO - Sync 1 DAGs
[2026-02-05T16:42:40.533+0000] {logging_mixin.py:188} INFO - [2026-02-05T16:42:40.533+0000] {dag.py:3823} INFO - Setting next_dagrun for ecommerce_etl_pipeline to 2026-02-05 00:00:00+00:00, run_after=2026-02-06 00:00:00+00:00
[2026-02-05T16:42:40.550+0000] {processor.py:183} INFO - Processing /opt/airflow/dags/ecommerce_etl.py took 0.110 seconds
[2026-02-05T16:43:10.668+0000] {processor.py:161} INFO - Started process (PID=402) to work on /opt/airflow/dags/ecommerce_etl.py
[2026-02-05T16:43:10.670+0000] {processor.py:830} INFO - Processing file /opt/airflow/dags/ecommerce_etl.py for tasks to queue
[2026-02-05T16:43:10.671+0000] {logging_mixin.py:188} INFO - [2026-02-05T16:43:10.670+0000] {dagbag.py:538} INFO - Filling up the DagBag from /opt/airflow/dags/ecommerce_etl.py
[2026-02-05T16:43:10.695+0000] {processor.py:840} INFO - DAG(s) 'ecommerce_etl_pipeline' retrieved from /opt/airflow/dags/ecommerce_etl.py
[2026-02-05T16:43:10.724+0000] {logging_mixin.py:188} INFO - [2026-02-05T16:43:10.724+0000] {dag.py:3036} INFO - Sync 1 DAGs
[2026-02-05T16:43:10.745+0000] {logging_mixin.py:188} INFO - [2026-02-05T16:43:10.745+0000] {dag.py:3823} INFO - Setting next_dagrun for ecommerce_etl_pipeline to 2026-02-05 00:00:00+00:00, run_after=2026-02-06 00:00:00+00:00
[2026-02-05T16:43:10.763+0000] {processor.py:183} INFO - Processing /opt/airflow/dags/ecommerce_etl.py took 0.098 seconds
[2026-02-05T16:43:40.976+0000] {processor.py:161} INFO - Started process (PID=413) to work on /opt/airflow/dags/ecommerce_etl.py
[2026-02-05T16:43:40.978+0000] {processor.py:830} INFO - Processing file /opt/airflow/dags/ecommerce_etl.py for tasks to queue
[2026-02-05T16:43:40.980+0000] {logging_mixin.py:188} INFO - [2026-02-05T16:43:40.979+0000] {dagbag.py:538} INFO - Filling up the DagBag from /opt/airflow/dags/ecommerce_etl.py
[2026-02-05T16:43:41.027+0000] {processor.py:840} INFO - DAG(s) 'ecommerce_etl_pipeline' retrieved from /opt/airflow/dags/ecommerce_etl.py
[2026-02-05T16:43:41.076+0000] {logging_mixin.py:188} INFO - [2026-02-05T16:43:41.076+0000] {dag.py:3036} INFO - Sync 1 DAGs
[2026-02-05T16:43:41.115+0000] {logging_mixin.py:188} INFO - [2026-02-05T16:43:41.115+0000] {dag.py:3823} INFO - Setting next_dagrun for ecommerce_etl_pipeline to 2026-02-05 00:00:00+00:00, run_after=2026-02-06 00:00:00+00:00
[2026-02-05T16:43:41.150+0000] {processor.py:183} INFO - Processing /opt/airflow/dags/ecommerce_etl.py took 0.178 seconds
[2026-02-05T16:44:11.344+0000] {processor.py:161} INFO - Started process (PID=424) to work on /opt/airflow/dags/ecommerce_etl.py
[2026-02-05T16:44:11.345+0000] {processor.py:830} INFO - Processing file /opt/airflow/dags/ecommerce_etl.py for tasks to queue
[2026-02-05T16:44:11.346+0000] {logging_mixin.py:188} INFO - [2026-02-05T16:44:11.346+0000] {dagbag.py:538} INFO - Filling up the DagBag from /opt/airflow/dags/ecommerce_etl.py
[2026-02-05T16:44:11.366+0000] {processor.py:840} INFO - DAG(s) 'ecommerce_etl_pipeline' retrieved from /opt/airflow/dags/ecommerce_etl.py
[2026-02-05T16:44:11.395+0000] {logging_mixin.py:188} INFO - [2026-02-05T16:44:11.395+0000] {dag.py:3036} INFO - Sync 1 DAGs
[2026-02-05T16:44:11.415+0000] {logging_mixin.py:188} INFO - [2026-02-05T16:44:11.415+0000] {dag.py:3823} INFO - Setting next_dagrun for ecommerce_etl_pipeline to 2026-02-05 00:00:00+00:00, run_after=2026-02-06 00:00:00+00:00
[2026-02-05T16:44:11.432+0000] {processor.py:183} INFO - Processing /opt/airflow/dags/ecommerce_etl.py took 0.092 seconds
[2026-02-05T16:44:41.548+0000] {processor.py:161} INFO - Started process (PID=435) to work on /opt/airflow/dags/ecommerce_etl.py
[2026-02-05T16:44:41.549+0000] {processor.py:830} INFO - Processing file /opt/airflow/dags/ecommerce_etl.py for tasks to queue
[2026-02-05T16:44:41.550+0000] {logging_mixin.py:188} INFO - [2026-02-05T16:44:41.550+0000] {dagbag.py:538} INFO - Filling up the DagBag from /opt/airflow/dags/ecommerce_etl.py
[2026-02-05T16:44:41.571+0000] {processor.py:840} INFO - DAG(s) 'ecommerce_etl_pipeline' retrieved from /opt/airflow/dags/ecommerce_etl.py
[2026-02-05T16:44:41.603+0000] {logging_mixin.py:188} INFO - [2026-02-05T16:44:41.603+0000] {dag.py:3036} INFO - Sync 1 DAGs
[2026-02-05T16:44:41.623+0000] {logging_mixin.py:188} INFO - [2026-02-05T16:44:41.623+0000] {dag.py:3823} INFO - Setting next_dagrun for ecommerce_etl_pipeline to 2026-02-05 00:00:00+00:00, run_after=2026-02-06 00:00:00+00:00
[2026-02-05T16:44:41.644+0000] {processor.py:183} INFO - Processing /opt/airflow/dags/ecommerce_etl.py took 0.100 seconds
[2026-02-05T16:45:11.858+0000] {processor.py:161} INFO - Started process (PID=482) to work on /opt/airflow/dags/ecommerce_etl.py
[2026-02-05T16:45:11.863+0000] {processor.py:830} INFO - Processing file /opt/airflow/dags/ecommerce_etl.py for tasks to queue
[2026-02-05T16:45:11.871+0000] {logging_mixin.py:188} INFO - [2026-02-05T16:45:11.867+0000] {dagbag.py:538} INFO - Filling up the DagBag from /opt/airflow/dags/ecommerce_etl.py
[2026-02-05T16:45:11.969+0000] {processor.py:840} INFO - DAG(s) 'ecommerce_etl_pipeline' retrieved from /opt/airflow/dags/ecommerce_etl.py
[2026-02-05T16:45:12.041+0000] {logging_mixin.py:188} INFO - [2026-02-05T16:45:12.040+0000] {dag.py:3036} INFO - Sync 1 DAGs
[2026-02-05T16:45:12.089+0000] {logging_mixin.py:188} INFO - [2026-02-05T16:45:12.088+0000] {dag.py:3823} INFO - Setting next_dagrun for ecommerce_etl_pipeline to 2026-02-05 00:00:00+00:00, run_after=2026-02-06 00:00:00+00:00
[2026-02-05T16:45:12.161+0000] {processor.py:183} INFO - Processing /opt/airflow/dags/ecommerce_etl.py took 0.320 seconds
[2026-02-05T16:45:42.388+0000] {processor.py:161} INFO - Started process (PID=493) to work on /opt/airflow/dags/ecommerce_etl.py
[2026-02-05T16:45:42.399+0000] {processor.py:830} INFO - Processing file /opt/airflow/dags/ecommerce_etl.py for tasks to queue
[2026-02-05T16:45:42.403+0000] {logging_mixin.py:188} INFO - [2026-02-05T16:45:42.402+0000] {dagbag.py:538} INFO - Filling up the DagBag from /opt/airflow/dags/ecommerce_etl.py
[2026-02-05T16:45:42.456+0000] {processor.py:840} INFO - DAG(s) 'ecommerce_etl_pipeline' retrieved from /opt/airflow/dags/ecommerce_etl.py
[2026-02-05T16:45:42.576+0000] {logging_mixin.py:188} INFO - [2026-02-05T16:45:42.576+0000] {dag.py:3036} INFO - Sync 1 DAGs
[2026-02-05T16:45:42.630+0000] {logging_mixin.py:188} INFO - [2026-02-05T16:45:42.629+0000] {dag.py:3823} INFO - Setting next_dagrun for ecommerce_etl_pipeline to 2026-02-05 00:00:00+00:00, run_after=2026-02-06 00:00:00+00:00
[2026-02-05T16:45:42.655+0000] {processor.py:183} INFO - Processing /opt/airflow/dags/ecommerce_etl.py took 0.308 seconds
[2026-02-05T16:46:12.858+0000] {processor.py:161} INFO - Started process (PID=510) to work on /opt/airflow/dags/ecommerce_etl.py
[2026-02-05T16:46:12.860+0000] {processor.py:830} INFO - Processing file /opt/airflow/dags/ecommerce_etl.py for tasks to queue
[2026-02-05T16:46:12.861+0000] {logging_mixin.py:188} INFO - [2026-02-05T16:46:12.861+0000] {dagbag.py:538} INFO - Filling up the DagBag from /opt/airflow/dags/ecommerce_etl.py
[2026-02-05T16:46:12.886+0000] {processor.py:840} INFO - DAG(s) 'ecommerce_etl_pipeline' retrieved from /opt/airflow/dags/ecommerce_etl.py
[2026-02-05T16:46:12.915+0000] {logging_mixin.py:188} INFO - [2026-02-05T16:46:12.914+0000] {dag.py:3036} INFO - Sync 1 DAGs
[2026-02-05T16:46:12.936+0000] {logging_mixin.py:188} INFO - [2026-02-05T16:46:12.935+0000] {dag.py:3823} INFO - Setting next_dagrun for ecommerce_etl_pipeline to 2026-02-05 00:00:00+00:00, run_after=2026-02-06 00:00:00+00:00
[2026-02-05T16:46:12.955+0000] {processor.py:183} INFO - Processing /opt/airflow/dags/ecommerce_etl.py took 0.101 seconds
[2026-02-05T16:46:43.055+0000] {processor.py:161} INFO - Started process (PID=521) to work on /opt/airflow/dags/ecommerce_etl.py
[2026-02-05T16:46:43.057+0000] {processor.py:830} INFO - Processing file /opt/airflow/dags/ecommerce_etl.py for tasks to queue
[2026-02-05T16:46:43.059+0000] {logging_mixin.py:188} INFO - [2026-02-05T16:46:43.058+0000] {dagbag.py:538} INFO - Filling up the DagBag from /opt/airflow/dags/ecommerce_etl.py
[2026-02-05T16:46:43.105+0000] {processor.py:840} INFO - DAG(s) 'ecommerce_etl_pipeline' retrieved from /opt/airflow/dags/ecommerce_etl.py
[2026-02-05T16:46:43.156+0000] {logging_mixin.py:188} INFO - [2026-02-05T16:46:43.156+0000] {dag.py:3036} INFO - Sync 1 DAGs
[2026-02-05T16:46:43.180+0000] {logging_mixin.py:188} INFO - [2026-02-05T16:46:43.180+0000] {dag.py:3823} INFO - Setting next_dagrun for ecommerce_etl_pipeline to 2026-02-05 00:00:00+00:00, run_after=2026-02-06 00:00:00+00:00
[2026-02-05T16:46:43.198+0000] {processor.py:183} INFO - Processing /opt/airflow/dags/ecommerce_etl.py took 0.150 seconds
[2026-02-05T16:47:13.384+0000] {processor.py:161} INFO - Started process (PID=532) to work on /opt/airflow/dags/ecommerce_etl.py
[2026-02-05T16:47:13.385+0000] {processor.py:830} INFO - Processing file /opt/airflow/dags/ecommerce_etl.py for tasks to queue
[2026-02-05T16:47:13.386+0000] {logging_mixin.py:188} INFO - [2026-02-05T16:47:13.386+0000] {dagbag.py:538} INFO - Filling up the DagBag from /opt/airflow/dags/ecommerce_etl.py
[2026-02-05T16:47:13.409+0000] {processor.py:840} INFO - DAG(s) 'ecommerce_etl_pipeline' retrieved from /opt/airflow/dags/ecommerce_etl.py
[2026-02-05T16:47:13.435+0000] {logging_mixin.py:188} INFO - [2026-02-05T16:47:13.435+0000] {dag.py:3036} INFO - Sync 1 DAGs
[2026-02-05T16:47:13.457+0000] {logging_mixin.py:188} INFO - [2026-02-05T16:47:13.457+0000] {dag.py:3823} INFO - Setting next_dagrun for ecommerce_etl_pipeline to 2026-02-05 00:00:00+00:00, run_after=2026-02-06 00:00:00+00:00
[2026-02-05T16:47:13.475+0000] {processor.py:183} INFO - Processing /opt/airflow/dags/ecommerce_etl.py took 0.094 seconds
[2026-02-05T16:47:43.590+0000] {processor.py:161} INFO - Started process (PID=543) to work on /opt/airflow/dags/ecommerce_etl.py
[2026-02-05T16:47:43.592+0000] {processor.py:830} INFO - Processing file /opt/airflow/dags/ecommerce_etl.py for tasks to queue
[2026-02-05T16:47:43.593+0000] {logging_mixin.py:188} INFO - [2026-02-05T16:47:43.593+0000] {dagbag.py:538} INFO - Filling up the DagBag from /opt/airflow/dags/ecommerce_etl.py
[2026-02-05T16:47:43.618+0000] {processor.py:840} INFO - DAG(s) 'ecommerce_etl_pipeline' retrieved from /opt/airflow/dags/ecommerce_etl.py
[2026-02-05T16:47:43.651+0000] {logging_mixin.py:188} INFO - [2026-02-05T16:47:43.651+0000] {dag.py:3036} INFO - Sync 1 DAGs
[2026-02-05T16:47:43.674+0000] {logging_mixin.py:188} INFO - [2026-02-05T16:47:43.674+0000] {dag.py:3823} INFO - Setting next_dagrun for ecommerce_etl_pipeline to 2026-02-05 00:00:00+00:00, run_after=2026-02-06 00:00:00+00:00
[2026-02-05T16:47:43.697+0000] {processor.py:183} INFO - Processing /opt/airflow/dags/ecommerce_etl.py took 0.110 seconds
[2026-02-05T16:48:13.854+0000] {processor.py:161} INFO - Started process (PID=554) to work on /opt/airflow/dags/ecommerce_etl.py
[2026-02-05T16:48:13.856+0000] {processor.py:830} INFO - Processing file /opt/airflow/dags/ecommerce_etl.py for tasks to queue
[2026-02-05T16:48:13.857+0000] {logging_mixin.py:188} INFO - [2026-02-05T16:48:13.857+0000] {dagbag.py:538} INFO - Filling up the DagBag from /opt/airflow/dags/ecommerce_etl.py
[2026-02-05T16:48:13.881+0000] {processor.py:840} INFO - DAG(s) 'ecommerce_etl_pipeline' retrieved from /opt/airflow/dags/ecommerce_etl.py
[2026-02-05T16:48:13.911+0000] {logging_mixin.py:188} INFO - [2026-02-05T16:48:13.911+0000] {dag.py:3036} INFO - Sync 1 DAGs
[2026-02-05T16:48:13.934+0000] {logging_mixin.py:188} INFO - [2026-02-05T16:48:13.934+0000] {dag.py:3823} INFO - Setting next_dagrun for ecommerce_etl_pipeline to 2026-02-05 00:00:00+00:00, run_after=2026-02-06 00:00:00+00:00
[2026-02-05T16:48:13.955+0000] {processor.py:183} INFO - Processing /opt/airflow/dags/ecommerce_etl.py took 0.104 seconds
[2026-02-05T16:48:44.046+0000] {processor.py:161} INFO - Started process (PID=565) to work on /opt/airflow/dags/ecommerce_etl.py
[2026-02-05T16:48:44.048+0000] {processor.py:830} INFO - Processing file /opt/airflow/dags/ecommerce_etl.py for tasks to queue
[2026-02-05T16:48:44.049+0000] {logging_mixin.py:188} INFO - [2026-02-05T16:48:44.048+0000] {dagbag.py:538} INFO - Filling up the DagBag from /opt/airflow/dags/ecommerce_etl.py
[2026-02-05T16:48:44.072+0000] {processor.py:840} INFO - DAG(s) 'ecommerce_etl_pipeline' retrieved from /opt/airflow/dags/ecommerce_etl.py
[2026-02-05T16:48:44.105+0000] {logging_mixin.py:188} INFO - [2026-02-05T16:48:44.105+0000] {dag.py:3036} INFO - Sync 1 DAGs
[2026-02-05T16:48:44.126+0000] {logging_mixin.py:188} INFO - [2026-02-05T16:48:44.126+0000] {dag.py:3823} INFO - Setting next_dagrun for ecommerce_etl_pipeline to 2026-02-05 00:00:00+00:00, run_after=2026-02-06 00:00:00+00:00
[2026-02-05T16:48:44.147+0000] {processor.py:183} INFO - Processing /opt/airflow/dags/ecommerce_etl.py took 0.103 seconds
[2026-02-05T16:49:14.302+0000] {processor.py:161} INFO - Started process (PID=576) to work on /opt/airflow/dags/ecommerce_etl.py
[2026-02-05T16:49:14.303+0000] {processor.py:830} INFO - Processing file /opt/airflow/dags/ecommerce_etl.py for tasks to queue
[2026-02-05T16:49:14.304+0000] {logging_mixin.py:188} INFO - [2026-02-05T16:49:14.304+0000] {dagbag.py:538} INFO - Filling up the DagBag from /opt/airflow/dags/ecommerce_etl.py
[2026-02-05T16:49:14.329+0000] {processor.py:840} INFO - DAG(s) 'ecommerce_etl_pipeline' retrieved from /opt/airflow/dags/ecommerce_etl.py
[2026-02-05T16:49:14.360+0000] {logging_mixin.py:188} INFO - [2026-02-05T16:49:14.360+0000] {dag.py:3036} INFO - Sync 1 DAGs
[2026-02-05T16:49:14.391+0000] {logging_mixin.py:188} INFO - [2026-02-05T16:49:14.391+0000] {dag.py:3823} INFO - Setting next_dagrun for ecommerce_etl_pipeline to 2026-02-05 00:00:00+00:00, run_after=2026-02-06 00:00:00+00:00
[2026-02-05T16:49:14.413+0000] {processor.py:183} INFO - Processing /opt/airflow/dags/ecommerce_etl.py took 0.114 seconds
[2026-02-05T16:49:44.485+0000] {processor.py:161} INFO - Started process (PID=587) to work on /opt/airflow/dags/ecommerce_etl.py
[2026-02-05T16:49:44.486+0000] {processor.py:830} INFO - Processing file /opt/airflow/dags/ecommerce_etl.py for tasks to queue
[2026-02-05T16:49:44.487+0000] {logging_mixin.py:188} INFO - [2026-02-05T16:49:44.487+0000] {dagbag.py:538} INFO - Filling up the DagBag from /opt/airflow/dags/ecommerce_etl.py
[2026-02-05T16:49:44.510+0000] {processor.py:840} INFO - DAG(s) 'ecommerce_etl_pipeline' retrieved from /opt/airflow/dags/ecommerce_etl.py
[2026-02-05T16:49:44.544+0000] {logging_mixin.py:188} INFO - [2026-02-05T16:49:44.543+0000] {dag.py:3036} INFO - Sync 1 DAGs
[2026-02-05T16:49:44.565+0000] {logging_mixin.py:188} INFO - [2026-02-05T16:49:44.565+0000] {dag.py:3823} INFO - Setting next_dagrun for ecommerce_etl_pipeline to 2026-02-05 00:00:00+00:00, run_after=2026-02-06 00:00:00+00:00
[2026-02-05T16:49:44.585+0000] {processor.py:183} INFO - Processing /opt/airflow/dags/ecommerce_etl.py took 0.104 seconds
[2026-02-05T16:50:14.755+0000] {processor.py:161} INFO - Started process (PID=598) to work on /opt/airflow/dags/ecommerce_etl.py
[2026-02-05T16:50:14.756+0000] {processor.py:830} INFO - Processing file /opt/airflow/dags/ecommerce_etl.py for tasks to queue
[2026-02-05T16:50:14.757+0000] {logging_mixin.py:188} INFO - [2026-02-05T16:50:14.757+0000] {dagbag.py:538} INFO - Filling up the DagBag from /opt/airflow/dags/ecommerce_etl.py
[2026-02-05T16:50:14.778+0000] {processor.py:840} INFO - DAG(s) 'ecommerce_etl_pipeline' retrieved from /opt/airflow/dags/ecommerce_etl.py
[2026-02-05T16:50:14.805+0000] {logging_mixin.py:188} INFO - [2026-02-05T16:50:14.805+0000] {dag.py:3036} INFO - Sync 1 DAGs
[2026-02-05T16:50:14.826+0000] {logging_mixin.py:188} INFO - [2026-02-05T16:50:14.826+0000] {dag.py:3823} INFO - Setting next_dagrun for ecommerce_etl_pipeline to 2026-02-05 00:00:00+00:00, run_after=2026-02-06 00:00:00+00:00
[2026-02-05T16:50:14.843+0000] {processor.py:183} INFO - Processing /opt/airflow/dags/ecommerce_etl.py took 0.090 seconds
[2026-02-05T16:50:44.961+0000] {processor.py:161} INFO - Started process (PID=608) to work on /opt/airflow/dags/ecommerce_etl.py
[2026-02-05T16:50:44.962+0000] {processor.py:830} INFO - Processing file /opt/airflow/dags/ecommerce_etl.py for tasks to queue
[2026-02-05T16:50:44.964+0000] {logging_mixin.py:188} INFO - [2026-02-05T16:50:44.963+0000] {dagbag.py:538} INFO - Filling up the DagBag from /opt/airflow/dags/ecommerce_etl.py
[2026-02-05T16:50:44.994+0000] {processor.py:840} INFO - DAG(s) 'ecommerce_etl_pipeline' retrieved from /opt/airflow/dags/ecommerce_etl.py
[2026-02-05T16:50:45.024+0000] {logging_mixin.py:188} INFO - [2026-02-05T16:50:45.024+0000] {dag.py:3036} INFO - Sync 1 DAGs
[2026-02-05T16:50:45.047+0000] {logging_mixin.py:188} INFO - [2026-02-05T16:50:45.047+0000] {dag.py:3823} INFO - Setting next_dagrun for ecommerce_etl_pipeline to 2026-02-05 00:00:00+00:00, run_after=2026-02-06 00:00:00+00:00
[2026-02-05T16:50:45.065+0000] {processor.py:183} INFO - Processing /opt/airflow/dags/ecommerce_etl.py took 0.108 seconds
[2026-02-05T16:51:15.213+0000] {processor.py:161} INFO - Started process (PID=622) to work on /opt/airflow/dags/ecommerce_etl.py
[2026-02-05T16:51:15.214+0000] {processor.py:830} INFO - Processing file /opt/airflow/dags/ecommerce_etl.py for tasks to queue
[2026-02-05T16:51:15.215+0000] {logging_mixin.py:188} INFO - [2026-02-05T16:51:15.214+0000] {dagbag.py:538} INFO - Filling up the DagBag from /opt/airflow/dags/ecommerce_etl.py
[2026-02-05T16:51:15.240+0000] {processor.py:840} INFO - DAG(s) 'ecommerce_etl_pipeline' retrieved from /opt/airflow/dags/ecommerce_etl.py
[2026-02-05T16:51:15.270+0000] {logging_mixin.py:188} INFO - [2026-02-05T16:51:15.270+0000] {dag.py:3036} INFO - Sync 1 DAGs
[2026-02-05T16:51:15.297+0000] {logging_mixin.py:188} INFO - [2026-02-05T16:51:15.297+0000] {dag.py:3823} INFO - Setting next_dagrun for ecommerce_etl_pipeline to 2026-02-05 00:00:00+00:00, run_after=2026-02-06 00:00:00+00:00
[2026-02-05T16:51:15.316+0000] {processor.py:183} INFO - Processing /opt/airflow/dags/ecommerce_etl.py took 0.107 seconds
[2026-02-05T16:51:45.416+0000] {processor.py:161} INFO - Started process (PID=633) to work on /opt/airflow/dags/ecommerce_etl.py
[2026-02-05T16:51:45.417+0000] {processor.py:830} INFO - Processing file /opt/airflow/dags/ecommerce_etl.py for tasks to queue
[2026-02-05T16:51:45.418+0000] {logging_mixin.py:188} INFO - [2026-02-05T16:51:45.418+0000] {dagbag.py:538} INFO - Filling up the DagBag from /opt/airflow/dags/ecommerce_etl.py
[2026-02-05T16:51:45.442+0000] {processor.py:840} INFO - DAG(s) 'ecommerce_etl_pipeline' retrieved from /opt/airflow/dags/ecommerce_etl.py
[2026-02-05T16:51:45.475+0000] {logging_mixin.py:188} INFO - [2026-02-05T16:51:45.475+0000] {dag.py:3036} INFO - Sync 1 DAGs
[2026-02-05T16:51:45.498+0000] {logging_mixin.py:188} INFO - [2026-02-05T16:51:45.497+0000] {dag.py:3823} INFO - Setting next_dagrun for ecommerce_etl_pipeline to 2026-02-05 00:00:00+00:00, run_after=2026-02-06 00:00:00+00:00
[2026-02-05T16:51:45.518+0000] {processor.py:183} INFO - Processing /opt/airflow/dags/ecommerce_etl.py took 0.105 seconds
[2026-02-05T16:52:15.720+0000] {processor.py:161} INFO - Started process (PID=644) to work on /opt/airflow/dags/ecommerce_etl.py
[2026-02-05T16:52:15.721+0000] {processor.py:830} INFO - Processing file /opt/airflow/dags/ecommerce_etl.py for tasks to queue
[2026-02-05T16:52:15.722+0000] {logging_mixin.py:188} INFO - [2026-02-05T16:52:15.722+0000] {dagbag.py:538} INFO - Filling up the DagBag from /opt/airflow/dags/ecommerce_etl.py
[2026-02-05T16:52:15.743+0000] {processor.py:840} INFO - DAG(s) 'ecommerce_etl_pipeline' retrieved from /opt/airflow/dags/ecommerce_etl.py
[2026-02-05T16:52:15.771+0000] {logging_mixin.py:188} INFO - [2026-02-05T16:52:15.771+0000] {dag.py:3036} INFO - Sync 1 DAGs
[2026-02-05T16:52:15.791+0000] {logging_mixin.py:188} INFO - [2026-02-05T16:52:15.791+0000] {dag.py:3823} INFO - Setting next_dagrun for ecommerce_etl_pipeline to 2026-02-05 00:00:00+00:00, run_after=2026-02-06 00:00:00+00:00
[2026-02-05T16:52:15.811+0000] {processor.py:183} INFO - Processing /opt/airflow/dags/ecommerce_etl.py took 0.093 seconds
[2026-02-05T16:52:45.905+0000] {processor.py:161} INFO - Started process (PID=655) to work on /opt/airflow/dags/ecommerce_etl.py
[2026-02-05T16:52:45.906+0000] {processor.py:830} INFO - Processing file /opt/airflow/dags/ecommerce_etl.py for tasks to queue
[2026-02-05T16:52:45.907+0000] {logging_mixin.py:188} INFO - [2026-02-05T16:52:45.906+0000] {dagbag.py:538} INFO - Filling up the DagBag from /opt/airflow/dags/ecommerce_etl.py
[2026-02-05T16:52:45.930+0000] {processor.py:840} INFO - DAG(s) 'ecommerce_etl_pipeline' retrieved from /opt/airflow/dags/ecommerce_etl.py
[2026-02-05T16:52:45.960+0000] {logging_mixin.py:188} INFO - [2026-02-05T16:52:45.959+0000] {dag.py:3036} INFO - Sync 1 DAGs
[2026-02-05T16:52:45.981+0000] {logging_mixin.py:188} INFO - [2026-02-05T16:52:45.981+0000] {dag.py:3823} INFO - Setting next_dagrun for ecommerce_etl_pipeline to 2026-02-05 00:00:00+00:00, run_after=2026-02-06 00:00:00+00:00
[2026-02-05T16:52:45.999+0000] {processor.py:183} INFO - Processing /opt/airflow/dags/ecommerce_etl.py took 0.098 seconds
[2026-02-05T16:53:16.161+0000] {processor.py:161} INFO - Started process (PID=666) to work on /opt/airflow/dags/ecommerce_etl.py
[2026-02-05T16:53:16.162+0000] {processor.py:830} INFO - Processing file /opt/airflow/dags/ecommerce_etl.py for tasks to queue
[2026-02-05T16:53:16.163+0000] {logging_mixin.py:188} INFO - [2026-02-05T16:53:16.162+0000] {dagbag.py:538} INFO - Filling up the DagBag from /opt/airflow/dags/ecommerce_etl.py
[2026-02-05T16:53:16.183+0000] {processor.py:840} INFO - DAG(s) 'ecommerce_etl_pipeline' retrieved from /opt/airflow/dags/ecommerce_etl.py
[2026-02-05T16:53:16.210+0000] {logging_mixin.py:188} INFO - [2026-02-05T16:53:16.209+0000] {dag.py:3036} INFO - Sync 1 DAGs
[2026-02-05T16:53:16.241+0000] {logging_mixin.py:188} INFO - [2026-02-05T16:53:16.240+0000] {dag.py:3823} INFO - Setting next_dagrun for ecommerce_etl_pipeline to 2026-02-05 00:00:00+00:00, run_after=2026-02-06 00:00:00+00:00
[2026-02-05T16:53:16.262+0000] {processor.py:183} INFO - Processing /opt/airflow/dags/ecommerce_etl.py took 0.104 seconds
[2026-02-05T16:53:46.350+0000] {processor.py:161} INFO - Started process (PID=677) to work on /opt/airflow/dags/ecommerce_etl.py
[2026-02-05T16:53:46.351+0000] {processor.py:830} INFO - Processing file /opt/airflow/dags/ecommerce_etl.py for tasks to queue
[2026-02-05T16:53:46.352+0000] {logging_mixin.py:188} INFO - [2026-02-05T16:53:46.352+0000] {dagbag.py:538} INFO - Filling up the DagBag from /opt/airflow/dags/ecommerce_etl.py
[2026-02-05T16:53:46.373+0000] {processor.py:840} INFO - DAG(s) 'ecommerce_etl_pipeline' retrieved from /opt/airflow/dags/ecommerce_etl.py
[2026-02-05T16:53:46.402+0000] {logging_mixin.py:188} INFO - [2026-02-05T16:53:46.402+0000] {dag.py:3036} INFO - Sync 1 DAGs
[2026-02-05T16:53:46.424+0000] {logging_mixin.py:188} INFO - [2026-02-05T16:53:46.424+0000] {dag.py:3823} INFO - Setting next_dagrun for ecommerce_etl_pipeline to 2026-02-05 00:00:00+00:00, run_after=2026-02-06 00:00:00+00:00
[2026-02-05T16:53:46.441+0000] {processor.py:183} INFO - Processing /opt/airflow/dags/ecommerce_etl.py took 0.094 seconds
[2026-02-05T16:54:16.610+0000] {processor.py:161} INFO - Started process (PID=688) to work on /opt/airflow/dags/ecommerce_etl.py
[2026-02-05T16:54:16.611+0000] {processor.py:830} INFO - Processing file /opt/airflow/dags/ecommerce_etl.py for tasks to queue
[2026-02-05T16:54:16.613+0000] {logging_mixin.py:188} INFO - [2026-02-05T16:54:16.612+0000] {dagbag.py:538} INFO - Filling up the DagBag from /opt/airflow/dags/ecommerce_etl.py
[2026-02-05T16:54:16.657+0000] {processor.py:840} INFO - DAG(s) 'ecommerce_etl_pipeline' retrieved from /opt/airflow/dags/ecommerce_etl.py
[2026-02-05T16:54:16.686+0000] {logging_mixin.py:188} INFO - [2026-02-05T16:54:16.686+0000] {dag.py:3036} INFO - Sync 1 DAGs
[2026-02-05T16:54:16.710+0000] {logging_mixin.py:188} INFO - [2026-02-05T16:54:16.709+0000] {dag.py:3823} INFO - Setting next_dagrun for ecommerce_etl_pipeline to 2026-02-05 00:00:00+00:00, run_after=2026-02-06 00:00:00+00:00
[2026-02-05T16:54:16.729+0000] {processor.py:183} INFO - Processing /opt/airflow/dags/ecommerce_etl.py took 0.122 seconds
[2026-02-05T16:54:46.804+0000] {processor.py:161} INFO - Started process (PID=699) to work on /opt/airflow/dags/ecommerce_etl.py
[2026-02-05T16:54:46.805+0000] {processor.py:830} INFO - Processing file /opt/airflow/dags/ecommerce_etl.py for tasks to queue
[2026-02-05T16:54:46.805+0000] {logging_mixin.py:188} INFO - [2026-02-05T16:54:46.805+0000] {dagbag.py:538} INFO - Filling up the DagBag from /opt/airflow/dags/ecommerce_etl.py
[2026-02-05T16:54:46.824+0000] {processor.py:840} INFO - DAG(s) 'ecommerce_etl_pipeline' retrieved from /opt/airflow/dags/ecommerce_etl.py
[2026-02-05T16:54:46.852+0000] {logging_mixin.py:188} INFO - [2026-02-05T16:54:46.852+0000] {dag.py:3036} INFO - Sync 1 DAGs
[2026-02-05T16:54:46.871+0000] {logging_mixin.py:188} INFO - [2026-02-05T16:54:46.871+0000] {dag.py:3823} INFO - Setting next_dagrun for ecommerce_etl_pipeline to 2026-02-05 00:00:00+00:00, run_after=2026-02-06 00:00:00+00:00
[2026-02-05T16:54:46.890+0000] {processor.py:183} INFO - Processing /opt/airflow/dags/ecommerce_etl.py took 0.090 seconds
[2026-02-05T16:55:17.093+0000] {processor.py:161} INFO - Started process (PID=710) to work on /opt/airflow/dags/ecommerce_etl.py
[2026-02-05T16:55:17.094+0000] {processor.py:830} INFO - Processing file /opt/airflow/dags/ecommerce_etl.py for tasks to queue
[2026-02-05T16:55:17.095+0000] {logging_mixin.py:188} INFO - [2026-02-05T16:55:17.095+0000] {dagbag.py:538} INFO - Filling up the DagBag from /opt/airflow/dags/ecommerce_etl.py
[2026-02-05T16:55:17.113+0000] {processor.py:840} INFO - DAG(s) 'ecommerce_etl_pipeline' retrieved from /opt/airflow/dags/ecommerce_etl.py
[2026-02-05T16:55:17.141+0000] {logging_mixin.py:188} INFO - [2026-02-05T16:55:17.141+0000] {dag.py:3036} INFO - Sync 1 DAGs
[2026-02-05T16:55:17.161+0000] {logging_mixin.py:188} INFO - [2026-02-05T16:55:17.161+0000] {dag.py:3823} INFO - Setting next_dagrun for ecommerce_etl_pipeline to 2026-02-05 00:00:00+00:00, run_after=2026-02-06 00:00:00+00:00
[2026-02-05T16:55:17.180+0000] {processor.py:183} INFO - Processing /opt/airflow/dags/ecommerce_etl.py took 0.090 seconds
[2026-02-05T16:55:47.285+0000] {processor.py:161} INFO - Started process (PID=721) to work on /opt/airflow/dags/ecommerce_etl.py
[2026-02-05T16:55:47.286+0000] {processor.py:830} INFO - Processing file /opt/airflow/dags/ecommerce_etl.py for tasks to queue
[2026-02-05T16:55:47.287+0000] {logging_mixin.py:188} INFO - [2026-02-05T16:55:47.287+0000] {dagbag.py:538} INFO - Filling up the DagBag from /opt/airflow/dags/ecommerce_etl.py
[2026-02-05T16:55:47.306+0000] {processor.py:840} INFO - DAG(s) 'ecommerce_etl_pipeline' retrieved from /opt/airflow/dags/ecommerce_etl.py
[2026-02-05T16:55:47.337+0000] {logging_mixin.py:188} INFO - [2026-02-05T16:55:47.336+0000] {dag.py:3036} INFO - Sync 1 DAGs
[2026-02-05T16:55:47.358+0000] {logging_mixin.py:188} INFO - [2026-02-05T16:55:47.358+0000] {dag.py:3823} INFO - Setting next_dagrun for ecommerce_etl_pipeline to 2026-02-05 00:00:00+00:00, run_after=2026-02-06 00:00:00+00:00
[2026-02-05T16:55:47.375+0000] {processor.py:183} INFO - Processing /opt/airflow/dags/ecommerce_etl.py took 0.093 seconds
[2026-02-05T16:56:17.586+0000] {processor.py:161} INFO - Started process (PID=732) to work on /opt/airflow/dags/ecommerce_etl.py
[2026-02-05T16:56:17.587+0000] {processor.py:830} INFO - Processing file /opt/airflow/dags/ecommerce_etl.py for tasks to queue
[2026-02-05T16:56:17.587+0000] {logging_mixin.py:188} INFO - [2026-02-05T16:56:17.587+0000] {dagbag.py:538} INFO - Filling up the DagBag from /opt/airflow/dags/ecommerce_etl.py
[2026-02-05T16:56:17.611+0000] {processor.py:840} INFO - DAG(s) 'ecommerce_etl_pipeline' retrieved from /opt/airflow/dags/ecommerce_etl.py
[2026-02-05T16:56:17.638+0000] {logging_mixin.py:188} INFO - [2026-02-05T16:56:17.638+0000] {dag.py:3036} INFO - Sync 1 DAGs
[2026-02-05T16:56:17.658+0000] {logging_mixin.py:188} INFO - [2026-02-05T16:56:17.658+0000] {dag.py:3823} INFO - Setting next_dagrun for ecommerce_etl_pipeline to 2026-02-05 00:00:00+00:00, run_after=2026-02-06 00:00:00+00:00
[2026-02-05T16:56:17.675+0000] {processor.py:183} INFO - Processing /opt/airflow/dags/ecommerce_etl.py took 0.093 seconds
[2026-02-05T16:56:47.809+0000] {processor.py:161} INFO - Started process (PID=743) to work on /opt/airflow/dags/ecommerce_etl.py
[2026-02-05T16:56:47.811+0000] {processor.py:830} INFO - Processing file /opt/airflow/dags/ecommerce_etl.py for tasks to queue
[2026-02-05T16:56:47.812+0000] {logging_mixin.py:188} INFO - [2026-02-05T16:56:47.811+0000] {dagbag.py:538} INFO - Filling up the DagBag from /opt/airflow/dags/ecommerce_etl.py
[2026-02-05T16:56:47.835+0000] {processor.py:840} INFO - DAG(s) 'ecommerce_etl_pipeline' retrieved from /opt/airflow/dags/ecommerce_etl.py
[2026-02-05T16:56:47.864+0000] {logging_mixin.py:188} INFO - [2026-02-05T16:56:47.863+0000] {dag.py:3036} INFO - Sync 1 DAGs
[2026-02-05T16:56:47.884+0000] {logging_mixin.py:188} INFO - [2026-02-05T16:56:47.883+0000] {dag.py:3823} INFO - Setting next_dagrun for ecommerce_etl_pipeline to 2026-02-05 00:00:00+00:00, run_after=2026-02-06 00:00:00+00:00
[2026-02-05T16:56:47.902+0000] {processor.py:183} INFO - Processing /opt/airflow/dags/ecommerce_etl.py took 0.097 seconds
[2026-02-05T16:57:18.165+0000] {processor.py:161} INFO - Started process (PID=754) to work on /opt/airflow/dags/ecommerce_etl.py
[2026-02-05T16:57:18.166+0000] {processor.py:830} INFO - Processing file /opt/airflow/dags/ecommerce_etl.py for tasks to queue
[2026-02-05T16:57:18.167+0000] {logging_mixin.py:188} INFO - [2026-02-05T16:57:18.167+0000] {dagbag.py:538} INFO - Filling up the DagBag from /opt/airflow/dags/ecommerce_etl.py
[2026-02-05T16:57:18.191+0000] {processor.py:840} INFO - DAG(s) 'ecommerce_etl_pipeline' retrieved from /opt/airflow/dags/ecommerce_etl.py
[2026-02-05T16:57:18.223+0000] {logging_mixin.py:188} INFO - [2026-02-05T16:57:18.222+0000] {dag.py:3036} INFO - Sync 1 DAGs
[2026-02-05T16:57:18.246+0000] {logging_mixin.py:188} INFO - [2026-02-05T16:57:18.246+0000] {dag.py:3823} INFO - Setting next_dagrun for ecommerce_etl_pipeline to 2026-02-05 00:00:00+00:00, run_after=2026-02-06 00:00:00+00:00
[2026-02-05T16:57:18.265+0000] {processor.py:183} INFO - Processing /opt/airflow/dags/ecommerce_etl.py took 0.103 seconds
[2026-02-05T16:57:48.355+0000] {processor.py:161} INFO - Started process (PID=765) to work on /opt/airflow/dags/ecommerce_etl.py
[2026-02-05T16:57:48.356+0000] {processor.py:830} INFO - Processing file /opt/airflow/dags/ecommerce_etl.py for tasks to queue
[2026-02-05T16:57:48.357+0000] {logging_mixin.py:188} INFO - [2026-02-05T16:57:48.357+0000] {dagbag.py:538} INFO - Filling up the DagBag from /opt/airflow/dags/ecommerce_etl.py
[2026-02-05T16:57:48.378+0000] {processor.py:840} INFO - DAG(s) 'ecommerce_etl_pipeline' retrieved from /opt/airflow/dags/ecommerce_etl.py
[2026-02-05T16:57:48.406+0000] {logging_mixin.py:188} INFO - [2026-02-05T16:57:48.405+0000] {dag.py:3036} INFO - Sync 1 DAGs
[2026-02-05T16:57:48.427+0000] {logging_mixin.py:188} INFO - [2026-02-05T16:57:48.426+0000] {dag.py:3823} INFO - Setting next_dagrun for ecommerce_etl_pipeline to 2026-02-05 00:00:00+00:00, run_after=2026-02-06 00:00:00+00:00
[2026-02-05T16:57:48.446+0000] {processor.py:183} INFO - Processing /opt/airflow/dags/ecommerce_etl.py took 0.094 seconds
[2026-02-05T16:58:18.703+0000] {processor.py:161} INFO - Started process (PID=776) to work on /opt/airflow/dags/ecommerce_etl.py
[2026-02-05T16:58:18.704+0000] {processor.py:830} INFO - Processing file /opt/airflow/dags/ecommerce_etl.py for tasks to queue
[2026-02-05T16:58:18.705+0000] {logging_mixin.py:188} INFO - [2026-02-05T16:58:18.704+0000] {dagbag.py:538} INFO - Filling up the DagBag from /opt/airflow/dags/ecommerce_etl.py
[2026-02-05T16:58:18.726+0000] {processor.py:840} INFO - DAG(s) 'ecommerce_etl_pipeline' retrieved from /opt/airflow/dags/ecommerce_etl.py
[2026-02-05T16:58:18.753+0000] {logging_mixin.py:188} INFO - [2026-02-05T16:58:18.753+0000] {dag.py:3036} INFO - Sync 1 DAGs
[2026-02-05T16:58:18.773+0000] {logging_mixin.py:188} INFO - [2026-02-05T16:58:18.773+0000] {dag.py:3823} INFO - Setting next_dagrun for ecommerce_etl_pipeline to 2026-02-05 00:00:00+00:00, run_after=2026-02-06 00:00:00+00:00
[2026-02-05T16:58:18.792+0000] {processor.py:183} INFO - Processing /opt/airflow/dags/ecommerce_etl.py took 0.092 seconds
[2026-02-05T16:58:48.928+0000] {processor.py:161} INFO - Started process (PID=787) to work on /opt/airflow/dags/ecommerce_etl.py
[2026-02-05T16:58:48.929+0000] {processor.py:830} INFO - Processing file /opt/airflow/dags/ecommerce_etl.py for tasks to queue
[2026-02-05T16:58:48.930+0000] {logging_mixin.py:188} INFO - [2026-02-05T16:58:48.930+0000] {dagbag.py:538} INFO - Filling up the DagBag from /opt/airflow/dags/ecommerce_etl.py
[2026-02-05T16:58:48.955+0000] {processor.py:840} INFO - DAG(s) 'ecommerce_etl_pipeline' retrieved from /opt/airflow/dags/ecommerce_etl.py
[2026-02-05T16:58:48.985+0000] {logging_mixin.py:188} INFO - [2026-02-05T16:58:48.985+0000] {dag.py:3036} INFO - Sync 1 DAGs
[2026-02-05T16:58:49.007+0000] {logging_mixin.py:188} INFO - [2026-02-05T16:58:49.006+0000] {dag.py:3823} INFO - Setting next_dagrun for ecommerce_etl_pipeline to 2026-02-05 00:00:00+00:00, run_after=2026-02-06 00:00:00+00:00
[2026-02-05T16:58:49.027+0000] {processor.py:183} INFO - Processing /opt/airflow/dags/ecommerce_etl.py took 0.102 seconds
[2026-02-05T16:59:19.169+0000] {processor.py:161} INFO - Started process (PID=798) to work on /opt/airflow/dags/ecommerce_etl.py
[2026-02-05T16:59:19.170+0000] {processor.py:830} INFO - Processing file /opt/airflow/dags/ecommerce_etl.py for tasks to queue
[2026-02-05T16:59:19.171+0000] {logging_mixin.py:188} INFO - [2026-02-05T16:59:19.170+0000] {dagbag.py:538} INFO - Filling up the DagBag from /opt/airflow/dags/ecommerce_etl.py
[2026-02-05T16:59:19.196+0000] {processor.py:840} INFO - DAG(s) 'ecommerce_etl_pipeline' retrieved from /opt/airflow/dags/ecommerce_etl.py
[2026-02-05T16:59:19.227+0000] {logging_mixin.py:188} INFO - [2026-02-05T16:59:19.227+0000] {dag.py:3036} INFO - Sync 1 DAGs
[2026-02-05T16:59:19.254+0000] {logging_mixin.py:188} INFO - [2026-02-05T16:59:19.254+0000] {dag.py:3823} INFO - Setting next_dagrun for ecommerce_etl_pipeline to 2026-02-05 00:00:00+00:00, run_after=2026-02-06 00:00:00+00:00
[2026-02-05T16:59:19.275+0000] {processor.py:183} INFO - Processing /opt/airflow/dags/ecommerce_etl.py took 0.110 seconds
[2026-02-05T16:59:49.399+0000] {processor.py:161} INFO - Started process (PID=809) to work on /opt/airflow/dags/ecommerce_etl.py
[2026-02-05T16:59:49.400+0000] {processor.py:830} INFO - Processing file /opt/airflow/dags/ecommerce_etl.py for tasks to queue
[2026-02-05T16:59:49.402+0000] {logging_mixin.py:188} INFO - [2026-02-05T16:59:49.401+0000] {dagbag.py:538} INFO - Filling up the DagBag from /opt/airflow/dags/ecommerce_etl.py
[2026-02-05T16:59:49.427+0000] {processor.py:840} INFO - DAG(s) 'ecommerce_etl_pipeline' retrieved from /opt/airflow/dags/ecommerce_etl.py
[2026-02-05T16:59:49.465+0000] {logging_mixin.py:188} INFO - [2026-02-05T16:59:49.465+0000] {dag.py:3036} INFO - Sync 1 DAGs
[2026-02-05T16:59:49.500+0000] {logging_mixin.py:188} INFO - [2026-02-05T16:59:49.499+0000] {dag.py:3823} INFO - Setting next_dagrun for ecommerce_etl_pipeline to 2026-02-05 00:00:00+00:00, run_after=2026-02-06 00:00:00+00:00
[2026-02-05T16:59:49.527+0000] {processor.py:183} INFO - Processing /opt/airflow/dags/ecommerce_etl.py took 0.132 seconds
[2026-02-05T17:00:19.662+0000] {processor.py:161} INFO - Started process (PID=820) to work on /opt/airflow/dags/ecommerce_etl.py
[2026-02-05T17:00:19.664+0000] {processor.py:830} INFO - Processing file /opt/airflow/dags/ecommerce_etl.py for tasks to queue
[2026-02-05T17:00:19.665+0000] {logging_mixin.py:188} INFO - [2026-02-05T17:00:19.664+0000] {dagbag.py:538} INFO - Filling up the DagBag from /opt/airflow/dags/ecommerce_etl.py
[2026-02-05T17:00:19.689+0000] {processor.py:840} INFO - DAG(s) 'ecommerce_etl_pipeline' retrieved from /opt/airflow/dags/ecommerce_etl.py
[2026-02-05T17:00:19.722+0000] {logging_mixin.py:188} INFO - [2026-02-05T17:00:19.722+0000] {dag.py:3036} INFO - Sync 1 DAGs
[2026-02-05T17:00:19.746+0000] {logging_mixin.py:188} INFO - [2026-02-05T17:00:19.746+0000] {dag.py:3823} INFO - Setting next_dagrun for ecommerce_etl_pipeline to 2026-02-05 00:00:00+00:00, run_after=2026-02-06 00:00:00+00:00
[2026-02-05T17:00:19.766+0000] {processor.py:183} INFO - Processing /opt/airflow/dags/ecommerce_etl.py took 0.108 seconds
[2026-02-05T17:00:49.929+0000] {processor.py:161} INFO - Started process (PID=831) to work on /opt/airflow/dags/ecommerce_etl.py
[2026-02-05T17:00:49.931+0000] {processor.py:830} INFO - Processing file /opt/airflow/dags/ecommerce_etl.py for tasks to queue
[2026-02-05T17:00:49.932+0000] {logging_mixin.py:188} INFO - [2026-02-05T17:00:49.932+0000] {dagbag.py:538} INFO - Filling up the DagBag from /opt/airflow/dags/ecommerce_etl.py
[2026-02-05T17:00:49.956+0000] {processor.py:840} INFO - DAG(s) 'ecommerce_etl_pipeline' retrieved from /opt/airflow/dags/ecommerce_etl.py
[2026-02-05T17:00:49.984+0000] {logging_mixin.py:188} INFO - [2026-02-05T17:00:49.984+0000] {dag.py:3036} INFO - Sync 1 DAGs
[2026-02-05T17:00:50.006+0000] {logging_mixin.py:188} INFO - [2026-02-05T17:00:50.005+0000] {dag.py:3823} INFO - Setting next_dagrun for ecommerce_etl_pipeline to 2026-02-05 00:00:00+00:00, run_after=2026-02-06 00:00:00+00:00
[2026-02-05T17:00:50.028+0000] {processor.py:183} INFO - Processing /opt/airflow/dags/ecommerce_etl.py took 0.103 seconds
[2026-02-05T17:01:20.145+0000] {processor.py:161} INFO - Started process (PID=842) to work on /opt/airflow/dags/ecommerce_etl.py
[2026-02-05T17:01:20.146+0000] {processor.py:830} INFO - Processing file /opt/airflow/dags/ecommerce_etl.py for tasks to queue
[2026-02-05T17:01:20.147+0000] {logging_mixin.py:188} INFO - [2026-02-05T17:01:20.147+0000] {dagbag.py:538} INFO - Filling up the DagBag from /opt/airflow/dags/ecommerce_etl.py
[2026-02-05T17:01:20.173+0000] {processor.py:840} INFO - DAG(s) 'ecommerce_etl_pipeline' retrieved from /opt/airflow/dags/ecommerce_etl.py
[2026-02-05T17:01:20.220+0000] {logging_mixin.py:188} INFO - [2026-02-05T17:01:20.220+0000] {dag.py:3036} INFO - Sync 1 DAGs
[2026-02-05T17:01:20.250+0000] {logging_mixin.py:188} INFO - [2026-02-05T17:01:20.250+0000] {dag.py:3823} INFO - Setting next_dagrun for ecommerce_etl_pipeline to 2026-02-05 00:00:00+00:00, run_after=2026-02-06 00:00:00+00:00
[2026-02-05T17:01:20.276+0000] {processor.py:183} INFO - Processing /opt/airflow/dags/ecommerce_etl.py took 0.135 seconds
[2026-02-05T17:01:50.420+0000] {processor.py:161} INFO - Started process (PID=853) to work on /opt/airflow/dags/ecommerce_etl.py
[2026-02-05T17:01:50.421+0000] {processor.py:830} INFO - Processing file /opt/airflow/dags/ecommerce_etl.py for tasks to queue
[2026-02-05T17:01:50.422+0000] {logging_mixin.py:188} INFO - [2026-02-05T17:01:50.422+0000] {dagbag.py:538} INFO - Filling up the DagBag from /opt/airflow/dags/ecommerce_etl.py
[2026-02-05T17:01:50.443+0000] {processor.py:840} INFO - DAG(s) 'ecommerce_etl_pipeline' retrieved from /opt/airflow/dags/ecommerce_etl.py
[2026-02-05T17:01:50.474+0000] {logging_mixin.py:188} INFO - [2026-02-05T17:01:50.474+0000] {dag.py:3036} INFO - Sync 1 DAGs
[2026-02-05T17:01:50.495+0000] {logging_mixin.py:188} INFO - [2026-02-05T17:01:50.495+0000] {dag.py:3823} INFO - Setting next_dagrun for ecommerce_etl_pipeline to 2026-02-05 00:00:00+00:00, run_after=2026-02-06 00:00:00+00:00
[2026-02-05T17:01:50.513+0000] {processor.py:183} INFO - Processing /opt/airflow/dags/ecommerce_etl.py took 0.097 seconds
[2026-02-05T17:02:20.759+0000] {processor.py:161} INFO - Started process (PID=864) to work on /opt/airflow/dags/ecommerce_etl.py
[2026-02-05T17:02:20.760+0000] {processor.py:830} INFO - Processing file /opt/airflow/dags/ecommerce_etl.py for tasks to queue
[2026-02-05T17:02:20.761+0000] {logging_mixin.py:188} INFO - [2026-02-05T17:02:20.761+0000] {dagbag.py:538} INFO - Filling up the DagBag from /opt/airflow/dags/ecommerce_etl.py
[2026-02-05T17:02:20.788+0000] {processor.py:840} INFO - DAG(s) 'ecommerce_etl_pipeline' retrieved from /opt/airflow/dags/ecommerce_etl.py
[2026-02-05T17:02:20.816+0000] {logging_mixin.py:188} INFO - [2026-02-05T17:02:20.816+0000] {dag.py:3036} INFO - Sync 1 DAGs
[2026-02-05T17:02:20.836+0000] {logging_mixin.py:188} INFO - [2026-02-05T17:02:20.836+0000] {dag.py:3823} INFO - Setting next_dagrun for ecommerce_etl_pipeline to 2026-02-05 00:00:00+00:00, run_after=2026-02-06 00:00:00+00:00
[2026-02-05T17:02:20.854+0000] {processor.py:183} INFO - Processing /opt/airflow/dags/ecommerce_etl.py took 0.097 seconds
[2026-02-05T17:02:50.989+0000] {processor.py:161} INFO - Started process (PID=875) to work on /opt/airflow/dags/ecommerce_etl.py
[2026-02-05T17:02:50.990+0000] {processor.py:830} INFO - Processing file /opt/airflow/dags/ecommerce_etl.py for tasks to queue
[2026-02-05T17:02:50.991+0000] {logging_mixin.py:188} INFO - [2026-02-05T17:02:50.991+0000] {dagbag.py:538} INFO - Filling up the DagBag from /opt/airflow/dags/ecommerce_etl.py
[2026-02-05T17:02:51.010+0000] {processor.py:840} INFO - DAG(s) 'ecommerce_etl_pipeline' retrieved from /opt/airflow/dags/ecommerce_etl.py
[2026-02-05T17:02:51.038+0000] {logging_mixin.py:188} INFO - [2026-02-05T17:02:51.038+0000] {dag.py:3036} INFO - Sync 1 DAGs
[2026-02-05T17:02:51.060+0000] {logging_mixin.py:188} INFO - [2026-02-05T17:02:51.060+0000] {dag.py:3823} INFO - Setting next_dagrun for ecommerce_etl_pipeline to 2026-02-05 00:00:00+00:00, run_after=2026-02-06 00:00:00+00:00
[2026-02-05T17:02:51.079+0000] {processor.py:183} INFO - Processing /opt/airflow/dags/ecommerce_etl.py took 0.092 seconds
[2026-02-05T17:03:21.248+0000] {processor.py:161} INFO - Started process (PID=886) to work on /opt/airflow/dags/ecommerce_etl.py
[2026-02-05T17:03:21.250+0000] {processor.py:830} INFO - Processing file /opt/airflow/dags/ecommerce_etl.py for tasks to queue
[2026-02-05T17:03:21.251+0000] {logging_mixin.py:188} INFO - [2026-02-05T17:03:21.251+0000] {dagbag.py:538} INFO - Filling up the DagBag from /opt/airflow/dags/ecommerce_etl.py
[2026-02-05T17:03:21.285+0000] {processor.py:840} INFO - DAG(s) 'ecommerce_etl_pipeline' retrieved from /opt/airflow/dags/ecommerce_etl.py
[2026-02-05T17:03:21.323+0000] {logging_mixin.py:188} INFO - [2026-02-05T17:03:21.323+0000] {dag.py:3036} INFO - Sync 1 DAGs
[2026-02-05T17:03:21.350+0000] {logging_mixin.py:188} INFO - [2026-02-05T17:03:21.350+0000] {dag.py:3823} INFO - Setting next_dagrun for ecommerce_etl_pipeline to 2026-02-05 00:00:00+00:00, run_after=2026-02-06 00:00:00+00:00
[2026-02-05T17:03:21.374+0000] {processor.py:183} INFO - Processing /opt/airflow/dags/ecommerce_etl.py took 0.129 seconds
[2026-02-05T17:03:51.436+0000] {processor.py:161} INFO - Started process (PID=897) to work on /opt/airflow/dags/ecommerce_etl.py
[2026-02-05T17:03:51.437+0000] {processor.py:830} INFO - Processing file /opt/airflow/dags/ecommerce_etl.py for tasks to queue
[2026-02-05T17:03:51.438+0000] {logging_mixin.py:188} INFO - [2026-02-05T17:03:51.437+0000] {dagbag.py:538} INFO - Filling up the DagBag from /opt/airflow/dags/ecommerce_etl.py
[2026-02-05T17:03:51.461+0000] {processor.py:840} INFO - DAG(s) 'ecommerce_etl_pipeline' retrieved from /opt/airflow/dags/ecommerce_etl.py
[2026-02-05T17:03:51.494+0000] {logging_mixin.py:188} INFO - [2026-02-05T17:03:51.494+0000] {dag.py:3036} INFO - Sync 1 DAGs
[2026-02-05T17:03:51.518+0000] {logging_mixin.py:188} INFO - [2026-02-05T17:03:51.518+0000] {dag.py:3823} INFO - Setting next_dagrun for ecommerce_etl_pipeline to 2026-02-05 00:00:00+00:00, run_after=2026-02-06 00:00:00+00:00
[2026-02-05T17:03:51.539+0000] {processor.py:183} INFO - Processing /opt/airflow/dags/ecommerce_etl.py took 0.106 seconds
[2026-02-05T17:04:01.669+0000] {processor.py:161} INFO - Started process (PID=908) to work on /opt/airflow/dags/ecommerce_etl.py
[2026-02-05T17:04:01.671+0000] {processor.py:830} INFO - Processing file /opt/airflow/dags/ecommerce_etl.py for tasks to queue
[2026-02-05T17:04:01.674+0000] {logging_mixin.py:188} INFO - [2026-02-05T17:04:01.673+0000] {dagbag.py:538} INFO - Filling up the DagBag from /opt/airflow/dags/ecommerce_etl.py
[2026-02-05T17:04:01.724+0000] {processor.py:840} INFO - DAG(s) 'ecommerce_etl_pipeline' retrieved from /opt/airflow/dags/ecommerce_etl.py
[2026-02-05T17:04:01.760+0000] {logging_mixin.py:188} INFO - [2026-02-05T17:04:01.760+0000] {dag.py:3036} INFO - Sync 1 DAGs
[2026-02-05T17:04:01.786+0000] {logging_mixin.py:188} INFO - [2026-02-05T17:04:01.786+0000] {dag.py:3823} INFO - Setting next_dagrun for ecommerce_etl_pipeline to 2026-02-05 00:00:00+00:00, run_after=2026-02-06 00:00:00+00:00
[2026-02-05T17:04:01.817+0000] {processor.py:183} INFO - Processing /opt/airflow/dags/ecommerce_etl.py took 0.151 seconds
[2026-02-05T17:04:32.008+0000] {processor.py:161} INFO - Started process (PID=919) to work on /opt/airflow/dags/ecommerce_etl.py
[2026-02-05T17:04:32.009+0000] {processor.py:830} INFO - Processing file /opt/airflow/dags/ecommerce_etl.py for tasks to queue
[2026-02-05T17:04:32.010+0000] {logging_mixin.py:188} INFO - [2026-02-05T17:04:32.010+0000] {dagbag.py:538} INFO - Filling up the DagBag from /opt/airflow/dags/ecommerce_etl.py
[2026-02-05T17:04:32.031+0000] {processor.py:840} INFO - DAG(s) 'ecommerce_etl_pipeline' retrieved from /opt/airflow/dags/ecommerce_etl.py
[2026-02-05T17:04:32.061+0000] {logging_mixin.py:188} INFO - [2026-02-05T17:04:32.061+0000] {dag.py:3036} INFO - Sync 1 DAGs
[2026-02-05T17:04:32.083+0000] {logging_mixin.py:188} INFO - [2026-02-05T17:04:32.083+0000] {dag.py:3823} INFO - Setting next_dagrun for ecommerce_etl_pipeline to 2026-02-05 00:00:00+00:00, run_after=2026-02-06 00:00:00+00:00
[2026-02-05T17:04:32.102+0000] {processor.py:183} INFO - Processing /opt/airflow/dags/ecommerce_etl.py took 0.096 seconds
[2026-02-05T17:05:02.208+0000] {processor.py:161} INFO - Started process (PID=930) to work on /opt/airflow/dags/ecommerce_etl.py
[2026-02-05T17:05:02.209+0000] {processor.py:830} INFO - Processing file /opt/airflow/dags/ecommerce_etl.py for tasks to queue
[2026-02-05T17:05:02.211+0000] {logging_mixin.py:188} INFO - [2026-02-05T17:05:02.210+0000] {dagbag.py:538} INFO - Filling up the DagBag from /opt/airflow/dags/ecommerce_etl.py
[2026-02-05T17:05:02.237+0000] {processor.py:840} INFO - DAG(s) 'ecommerce_etl_pipeline' retrieved from /opt/airflow/dags/ecommerce_etl.py
[2026-02-05T17:05:02.270+0000] {logging_mixin.py:188} INFO - [2026-02-05T17:05:02.270+0000] {dag.py:3036} INFO - Sync 1 DAGs
[2026-02-05T17:05:02.294+0000] {logging_mixin.py:188} INFO - [2026-02-05T17:05:02.294+0000] {dag.py:3823} INFO - Setting next_dagrun for ecommerce_etl_pipeline to 2026-02-05 00:00:00+00:00, run_after=2026-02-06 00:00:00+00:00
[2026-02-05T17:05:02.313+0000] {processor.py:183} INFO - Processing /opt/airflow/dags/ecommerce_etl.py took 0.110 seconds
[2026-02-05T17:05:32.480+0000] {processor.py:161} INFO - Started process (PID=941) to work on /opt/airflow/dags/ecommerce_etl.py
[2026-02-05T17:05:32.481+0000] {processor.py:830} INFO - Processing file /opt/airflow/dags/ecommerce_etl.py for tasks to queue
[2026-02-05T17:05:32.482+0000] {logging_mixin.py:188} INFO - [2026-02-05T17:05:32.482+0000] {dagbag.py:538} INFO - Filling up the DagBag from /opt/airflow/dags/ecommerce_etl.py
[2026-02-05T17:05:32.505+0000] {processor.py:840} INFO - DAG(s) 'ecommerce_etl_pipeline' retrieved from /opt/airflow/dags/ecommerce_etl.py
[2026-02-05T17:05:32.533+0000] {logging_mixin.py:188} INFO - [2026-02-05T17:05:32.533+0000] {dag.py:3036} INFO - Sync 1 DAGs
[2026-02-05T17:05:32.553+0000] {logging_mixin.py:188} INFO - [2026-02-05T17:05:32.553+0000] {dag.py:3823} INFO - Setting next_dagrun for ecommerce_etl_pipeline to 2026-02-05 00:00:00+00:00, run_after=2026-02-06 00:00:00+00:00
[2026-02-05T17:05:32.570+0000] {processor.py:183} INFO - Processing /opt/airflow/dags/ecommerce_etl.py took 0.093 seconds
[2026-02-05T17:06:02.677+0000] {processor.py:161} INFO - Started process (PID=952) to work on /opt/airflow/dags/ecommerce_etl.py
[2026-02-05T17:06:02.678+0000] {processor.py:830} INFO - Processing file /opt/airflow/dags/ecommerce_etl.py for tasks to queue
[2026-02-05T17:06:02.678+0000] {logging_mixin.py:188} INFO - [2026-02-05T17:06:02.678+0000] {dagbag.py:538} INFO - Filling up the DagBag from /opt/airflow/dags/ecommerce_etl.py
[2026-02-05T17:06:02.699+0000] {processor.py:840} INFO - DAG(s) 'ecommerce_etl_pipeline' retrieved from /opt/airflow/dags/ecommerce_etl.py
[2026-02-05T17:06:02.728+0000] {logging_mixin.py:188} INFO - [2026-02-05T17:06:02.728+0000] {dag.py:3036} INFO - Sync 1 DAGs
[2026-02-05T17:06:02.749+0000] {logging_mixin.py:188} INFO - [2026-02-05T17:06:02.749+0000] {dag.py:3823} INFO - Setting next_dagrun for ecommerce_etl_pipeline to 2026-02-05 00:00:00+00:00, run_after=2026-02-06 00:00:00+00:00
[2026-02-05T17:06:02.767+0000] {processor.py:183} INFO - Processing /opt/airflow/dags/ecommerce_etl.py took 0.093 seconds
[2026-02-05T17:06:32.930+0000] {processor.py:161} INFO - Started process (PID=963) to work on /opt/airflow/dags/ecommerce_etl.py
[2026-02-05T17:06:32.932+0000] {processor.py:830} INFO - Processing file /opt/airflow/dags/ecommerce_etl.py for tasks to queue
[2026-02-05T17:06:32.933+0000] {logging_mixin.py:188} INFO - [2026-02-05T17:06:32.933+0000] {dagbag.py:538} INFO - Filling up the DagBag from /opt/airflow/dags/ecommerce_etl.py
[2026-02-05T17:06:32.958+0000] {processor.py:840} INFO - DAG(s) 'ecommerce_etl_pipeline' retrieved from /opt/airflow/dags/ecommerce_etl.py
[2026-02-05T17:06:32.992+0000] {logging_mixin.py:188} INFO - [2026-02-05T17:06:32.992+0000] {dag.py:3036} INFO - Sync 1 DAGs
[2026-02-05T17:06:33.018+0000] {logging_mixin.py:188} INFO - [2026-02-05T17:06:33.018+0000] {dag.py:3823} INFO - Setting next_dagrun for ecommerce_etl_pipeline to 2026-02-05 00:00:00+00:00, run_after=2026-02-06 00:00:00+00:00
[2026-02-05T17:06:33.039+0000] {processor.py:183} INFO - Processing /opt/airflow/dags/ecommerce_etl.py took 0.111 seconds
[2026-02-05T17:07:03.147+0000] {processor.py:161} INFO - Started process (PID=974) to work on /opt/airflow/dags/ecommerce_etl.py
[2026-02-05T17:07:03.149+0000] {processor.py:830} INFO - Processing file /opt/airflow/dags/ecommerce_etl.py for tasks to queue
[2026-02-05T17:07:03.152+0000] {logging_mixin.py:188} INFO - [2026-02-05T17:07:03.151+0000] {dagbag.py:538} INFO - Filling up the DagBag from /opt/airflow/dags/ecommerce_etl.py
[2026-02-05T17:07:03.182+0000] {processor.py:840} INFO - DAG(s) 'ecommerce_etl_pipeline' retrieved from /opt/airflow/dags/ecommerce_etl.py
[2026-02-05T17:07:03.220+0000] {logging_mixin.py:188} INFO - [2026-02-05T17:07:03.220+0000] {dag.py:3036} INFO - Sync 1 DAGs
[2026-02-05T17:07:03.249+0000] {logging_mixin.py:188} INFO - [2026-02-05T17:07:03.249+0000] {dag.py:3823} INFO - Setting next_dagrun for ecommerce_etl_pipeline to 2026-02-05 00:00:00+00:00, run_after=2026-02-06 00:00:00+00:00
[2026-02-05T17:07:03.273+0000] {processor.py:183} INFO - Processing /opt/airflow/dags/ecommerce_etl.py took 0.130 seconds
[2026-02-05T17:07:33.524+0000] {processor.py:161} INFO - Started process (PID=985) to work on /opt/airflow/dags/ecommerce_etl.py
[2026-02-05T17:07:33.525+0000] {processor.py:830} INFO - Processing file /opt/airflow/dags/ecommerce_etl.py for tasks to queue
[2026-02-05T17:07:33.526+0000] {logging_mixin.py:188} INFO - [2026-02-05T17:07:33.526+0000] {dagbag.py:538} INFO - Filling up the DagBag from /opt/airflow/dags/ecommerce_etl.py
[2026-02-05T17:07:33.545+0000] {processor.py:840} INFO - DAG(s) 'ecommerce_etl_pipeline' retrieved from /opt/airflow/dags/ecommerce_etl.py
[2026-02-05T17:07:33.573+0000] {logging_mixin.py:188} INFO - [2026-02-05T17:07:33.573+0000] {dag.py:3036} INFO - Sync 1 DAGs
[2026-02-05T17:07:33.594+0000] {logging_mixin.py:188} INFO - [2026-02-05T17:07:33.594+0000] {dag.py:3823} INFO - Setting next_dagrun for ecommerce_etl_pipeline to 2026-02-05 00:00:00+00:00, run_after=2026-02-06 00:00:00+00:00
[2026-02-05T17:07:33.611+0000] {processor.py:183} INFO - Processing /opt/airflow/dags/ecommerce_etl.py took 0.089 seconds
[2026-02-05T17:08:03.777+0000] {processor.py:161} INFO - Started process (PID=996) to work on /opt/airflow/dags/ecommerce_etl.py
[2026-02-05T17:08:03.778+0000] {processor.py:830} INFO - Processing file /opt/airflow/dags/ecommerce_etl.py for tasks to queue
[2026-02-05T17:08:03.779+0000] {logging_mixin.py:188} INFO - [2026-02-05T17:08:03.778+0000] {dagbag.py:538} INFO - Filling up the DagBag from /opt/airflow/dags/ecommerce_etl.py
[2026-02-05T17:08:03.800+0000] {processor.py:840} INFO - DAG(s) 'ecommerce_etl_pipeline' retrieved from /opt/airflow/dags/ecommerce_etl.py
[2026-02-05T17:08:03.829+0000] {logging_mixin.py:188} INFO - [2026-02-05T17:08:03.829+0000] {dag.py:3036} INFO - Sync 1 DAGs
[2026-02-05T17:08:03.849+0000] {logging_mixin.py:188} INFO - [2026-02-05T17:08:03.848+0000] {dag.py:3823} INFO - Setting next_dagrun for ecommerce_etl_pipeline to 2026-02-05 00:00:00+00:00, run_after=2026-02-06 00:00:00+00:00
[2026-02-05T17:08:03.870+0000] {processor.py:183} INFO - Processing /opt/airflow/dags/ecommerce_etl.py took 0.095 seconds
[2026-02-05T17:08:34.088+0000] {processor.py:161} INFO - Started process (PID=1007) to work on /opt/airflow/dags/ecommerce_etl.py
[2026-02-05T17:08:34.089+0000] {processor.py:830} INFO - Processing file /opt/airflow/dags/ecommerce_etl.py for tasks to queue
[2026-02-05T17:08:34.090+0000] {logging_mixin.py:188} INFO - [2026-02-05T17:08:34.090+0000] {dagbag.py:538} INFO - Filling up the DagBag from /opt/airflow/dags/ecommerce_etl.py
[2026-02-05T17:08:34.116+0000] {processor.py:840} INFO - DAG(s) 'ecommerce_etl_pipeline' retrieved from /opt/airflow/dags/ecommerce_etl.py
[2026-02-05T17:08:34.146+0000] {logging_mixin.py:188} INFO - [2026-02-05T17:08:34.146+0000] {dag.py:3036} INFO - Sync 1 DAGs
[2026-02-05T17:08:34.169+0000] {logging_mixin.py:188} INFO - [2026-02-05T17:08:34.169+0000] {dag.py:3823} INFO - Setting next_dagrun for ecommerce_etl_pipeline to 2026-02-05 00:00:00+00:00, run_after=2026-02-06 00:00:00+00:00
[2026-02-05T17:08:34.189+0000] {processor.py:183} INFO - Processing /opt/airflow/dags/ecommerce_etl.py took 0.104 seconds
[2026-02-05T17:09:04.323+0000] {processor.py:161} INFO - Started process (PID=1018) to work on /opt/airflow/dags/ecommerce_etl.py
[2026-02-05T17:09:04.324+0000] {processor.py:830} INFO - Processing file /opt/airflow/dags/ecommerce_etl.py for tasks to queue
[2026-02-05T17:09:04.325+0000] {logging_mixin.py:188} INFO - [2026-02-05T17:09:04.325+0000] {dagbag.py:538} INFO - Filling up the DagBag from /opt/airflow/dags/ecommerce_etl.py
[2026-02-05T17:09:04.347+0000] {processor.py:840} INFO - DAG(s) 'ecommerce_etl_pipeline' retrieved from /opt/airflow/dags/ecommerce_etl.py
[2026-02-05T17:09:04.377+0000] {logging_mixin.py:188} INFO - [2026-02-05T17:09:04.376+0000] {dag.py:3036} INFO - Sync 1 DAGs
[2026-02-05T17:09:04.397+0000] {logging_mixin.py:188} INFO - [2026-02-05T17:09:04.397+0000] {dag.py:3823} INFO - Setting next_dagrun for ecommerce_etl_pipeline to 2026-02-05 00:00:00+00:00, run_after=2026-02-06 00:00:00+00:00
[2026-02-05T17:09:04.414+0000] {processor.py:183} INFO - Processing /opt/airflow/dags/ecommerce_etl.py took 0.094 seconds
[2026-02-05T17:09:34.649+0000] {processor.py:161} INFO - Started process (PID=1029) to work on /opt/airflow/dags/ecommerce_etl.py
[2026-02-05T17:09:34.650+0000] {processor.py:830} INFO - Processing file /opt/airflow/dags/ecommerce_etl.py for tasks to queue
[2026-02-05T17:09:34.651+0000] {logging_mixin.py:188} INFO - [2026-02-05T17:09:34.651+0000] {dagbag.py:538} INFO - Filling up the DagBag from /opt/airflow/dags/ecommerce_etl.py
[2026-02-05T17:09:34.674+0000] {processor.py:840} INFO - DAG(s) 'ecommerce_etl_pipeline' retrieved from /opt/airflow/dags/ecommerce_etl.py
[2026-02-05T17:09:34.704+0000] {logging_mixin.py:188} INFO - [2026-02-05T17:09:34.704+0000] {dag.py:3036} INFO - Sync 1 DAGs
[2026-02-05T17:09:34.726+0000] {logging_mixin.py:188} INFO - [2026-02-05T17:09:34.726+0000] {dag.py:3823} INFO - Setting next_dagrun for ecommerce_etl_pipeline to 2026-02-05 00:00:00+00:00, run_after=2026-02-06 00:00:00+00:00
[2026-02-05T17:09:34.748+0000] {processor.py:183} INFO - Processing /opt/airflow/dags/ecommerce_etl.py took 0.102 seconds
[2026-02-05T17:10:04.876+0000] {processor.py:161} INFO - Started process (PID=1040) to work on /opt/airflow/dags/ecommerce_etl.py
[2026-02-05T17:10:04.877+0000] {processor.py:830} INFO - Processing file /opt/airflow/dags/ecommerce_etl.py for tasks to queue
[2026-02-05T17:10:04.878+0000] {logging_mixin.py:188} INFO - [2026-02-05T17:10:04.878+0000] {dagbag.py:538} INFO - Filling up the DagBag from /opt/airflow/dags/ecommerce_etl.py
[2026-02-05T17:10:04.898+0000] {processor.py:840} INFO - DAG(s) 'ecommerce_etl_pipeline' retrieved from /opt/airflow/dags/ecommerce_etl.py
[2026-02-05T17:10:04.927+0000] {logging_mixin.py:188} INFO - [2026-02-05T17:10:04.926+0000] {dag.py:3036} INFO - Sync 1 DAGs
[2026-02-05T17:10:04.946+0000] {logging_mixin.py:188} INFO - [2026-02-05T17:10:04.946+0000] {dag.py:3823} INFO - Setting next_dagrun for ecommerce_etl_pipeline to 2026-02-05 00:00:00+00:00, run_after=2026-02-06 00:00:00+00:00
[2026-02-05T17:10:04.965+0000] {processor.py:183} INFO - Processing /opt/airflow/dags/ecommerce_etl.py took 0.091 seconds
[2026-02-05T17:10:35.236+0000] {processor.py:161} INFO - Started process (PID=1051) to work on /opt/airflow/dags/ecommerce_etl.py
[2026-02-05T17:10:35.237+0000] {processor.py:830} INFO - Processing file /opt/airflow/dags/ecommerce_etl.py for tasks to queue
[2026-02-05T17:10:35.238+0000] {logging_mixin.py:188} INFO - [2026-02-05T17:10:35.237+0000] {dagbag.py:538} INFO - Filling up the DagBag from /opt/airflow/dags/ecommerce_etl.py
[2026-02-05T17:10:35.258+0000] {processor.py:840} INFO - DAG(s) 'ecommerce_etl_pipeline' retrieved from /opt/airflow/dags/ecommerce_etl.py
[2026-02-05T17:10:35.285+0000] {logging_mixin.py:188} INFO - [2026-02-05T17:10:35.285+0000] {dag.py:3036} INFO - Sync 1 DAGs
[2026-02-05T17:10:35.304+0000] {logging_mixin.py:188} INFO - [2026-02-05T17:10:35.304+0000] {dag.py:3823} INFO - Setting next_dagrun for ecommerce_etl_pipeline to 2026-02-05 00:00:00+00:00, run_after=2026-02-06 00:00:00+00:00
[2026-02-05T17:10:35.324+0000] {processor.py:183} INFO - Processing /opt/airflow/dags/ecommerce_etl.py took 0.091 seconds
[2026-02-05T17:11:05.438+0000] {processor.py:161} INFO - Started process (PID=1062) to work on /opt/airflow/dags/ecommerce_etl.py
[2026-02-05T17:11:05.439+0000] {processor.py:830} INFO - Processing file /opt/airflow/dags/ecommerce_etl.py for tasks to queue
[2026-02-05T17:11:05.440+0000] {logging_mixin.py:188} INFO - [2026-02-05T17:11:05.440+0000] {dagbag.py:538} INFO - Filling up the DagBag from /opt/airflow/dags/ecommerce_etl.py
[2026-02-05T17:11:05.460+0000] {processor.py:840} INFO - DAG(s) 'ecommerce_etl_pipeline' retrieved from /opt/airflow/dags/ecommerce_etl.py
[2026-02-05T17:11:05.487+0000] {logging_mixin.py:188} INFO - [2026-02-05T17:11:05.487+0000] {dag.py:3036} INFO - Sync 1 DAGs
[2026-02-05T17:11:05.508+0000] {logging_mixin.py:188} INFO - [2026-02-05T17:11:05.508+0000] {dag.py:3823} INFO - Setting next_dagrun for ecommerce_etl_pipeline to 2026-02-05 00:00:00+00:00, run_after=2026-02-06 00:00:00+00:00
[2026-02-05T17:11:05.527+0000] {processor.py:183} INFO - Processing /opt/airflow/dags/ecommerce_etl.py took 0.091 seconds
[2026-02-05T17:25:59.092+0000] {processor.py:161} INFO - Started process (PID=186) to work on /opt/airflow/dags/ecommerce_etl.py
[2026-02-05T17:25:59.114+0000] {processor.py:830} INFO - Processing file /opt/airflow/dags/ecommerce_etl.py for tasks to queue
[2026-02-05T17:25:59.117+0000] {logging_mixin.py:188} INFO - [2026-02-05T17:25:59.116+0000] {dagbag.py:538} INFO - Filling up the DagBag from /opt/airflow/dags/ecommerce_etl.py
[2026-02-05T17:25:59.180+0000] {processor.py:840} INFO - DAG(s) 'ecommerce_etl_pipeline' retrieved from /opt/airflow/dags/ecommerce_etl.py
[2026-02-05T17:25:59.554+0000] {logging_mixin.py:188} INFO - [2026-02-05T17:25:59.553+0000] {override.py:1769} INFO - Created Permission View: can edit on DAG:ecommerce_etl_pipeline
[2026-02-05T17:25:59.567+0000] {logging_mixin.py:188} INFO - [2026-02-05T17:25:59.567+0000] {override.py:1769} INFO - Created Permission View: can read on DAG:ecommerce_etl_pipeline
[2026-02-05T17:25:59.574+0000] {logging_mixin.py:188} INFO - [2026-02-05T17:25:59.574+0000] {override.py:1769} INFO - Created Permission View: can delete on DAG:ecommerce_etl_pipeline
[2026-02-05T17:25:59.581+0000] {logging_mixin.py:188} INFO - [2026-02-05T17:25:59.580+0000] {dag.py:3036} INFO - Sync 1 DAGs
[2026-02-05T17:25:59.591+0000] {logging_mixin.py:188} INFO - [2026-02-05T17:25:59.591+0000] {dag.py:3058} INFO - Creating ORM DAG for ecommerce_etl_pipeline
[2026-02-05T17:25:59.603+0000] {logging_mixin.py:188} INFO - [2026-02-05T17:25:59.603+0000] {dag.py:3823} INFO - Setting next_dagrun for ecommerce_etl_pipeline to 2026-02-04 00:00:00+00:00, run_after=2026-02-05 00:00:00+00:00
[2026-02-05T17:25:59.627+0000] {processor.py:183} INFO - Processing /opt/airflow/dags/ecommerce_etl.py took 0.539 seconds
[2026-02-05T17:26:29.864+0000] {processor.py:161} INFO - Started process (PID=208) to work on /opt/airflow/dags/ecommerce_etl.py
[2026-02-05T17:26:29.866+0000] {processor.py:830} INFO - Processing file /opt/airflow/dags/ecommerce_etl.py for tasks to queue
[2026-02-05T17:26:29.867+0000] {logging_mixin.py:188} INFO - [2026-02-05T17:26:29.867+0000] {dagbag.py:538} INFO - Filling up the DagBag from /opt/airflow/dags/ecommerce_etl.py
[2026-02-05T17:26:29.905+0000] {processor.py:840} INFO - DAG(s) 'ecommerce_etl_pipeline' retrieved from /opt/airflow/dags/ecommerce_etl.py
[2026-02-05T17:26:29.952+0000] {logging_mixin.py:188} INFO - [2026-02-05T17:26:29.952+0000] {dag.py:3036} INFO - Sync 1 DAGs
[2026-02-05T17:26:29.978+0000] {logging_mixin.py:188} INFO - [2026-02-05T17:26:29.978+0000] {dag.py:3823} INFO - Setting next_dagrun for ecommerce_etl_pipeline to 2026-02-04 00:00:00+00:00, run_after=2026-02-05 00:00:00+00:00
[2026-02-05T17:26:29.995+0000] {processor.py:183} INFO - Processing /opt/airflow/dags/ecommerce_etl.py took 0.136 seconds
[2026-02-05T17:27:00.057+0000] {processor.py:161} INFO - Started process (PID=219) to work on /opt/airflow/dags/ecommerce_etl.py
[2026-02-05T17:27:00.059+0000] {processor.py:830} INFO - Processing file /opt/airflow/dags/ecommerce_etl.py for tasks to queue
[2026-02-05T17:27:00.060+0000] {logging_mixin.py:188} INFO - [2026-02-05T17:27:00.060+0000] {dagbag.py:538} INFO - Filling up the DagBag from /opt/airflow/dags/ecommerce_etl.py
[2026-02-05T17:27:00.094+0000] {processor.py:840} INFO - DAG(s) 'ecommerce_etl_pipeline' retrieved from /opt/airflow/dags/ecommerce_etl.py
[2026-02-05T17:27:00.145+0000] {logging_mixin.py:188} INFO - [2026-02-05T17:27:00.145+0000] {dag.py:3036} INFO - Sync 1 DAGs
[2026-02-05T17:27:00.170+0000] {logging_mixin.py:188} INFO - [2026-02-05T17:27:00.169+0000] {dag.py:3823} INFO - Setting next_dagrun for ecommerce_etl_pipeline to 2026-02-04 00:00:00+00:00, run_after=2026-02-05 00:00:00+00:00
[2026-02-05T17:27:00.191+0000] {processor.py:183} INFO - Processing /opt/airflow/dags/ecommerce_etl.py took 0.140 seconds
[2026-02-05T17:27:30.366+0000] {processor.py:161} INFO - Started process (PID=230) to work on /opt/airflow/dags/ecommerce_etl.py
[2026-02-05T17:27:30.367+0000] {processor.py:830} INFO - Processing file /opt/airflow/dags/ecommerce_etl.py for tasks to queue
[2026-02-05T17:27:30.368+0000] {logging_mixin.py:188} INFO - [2026-02-05T17:27:30.368+0000] {dagbag.py:538} INFO - Filling up the DagBag from /opt/airflow/dags/ecommerce_etl.py
[2026-02-05T17:27:30.390+0000] {processor.py:840} INFO - DAG(s) 'ecommerce_etl_pipeline' retrieved from /opt/airflow/dags/ecommerce_etl.py
[2026-02-05T17:27:30.418+0000] {logging_mixin.py:188} INFO - [2026-02-05T17:27:30.418+0000] {dag.py:3036} INFO - Sync 1 DAGs
[2026-02-05T17:27:30.442+0000] {logging_mixin.py:188} INFO - [2026-02-05T17:27:30.442+0000] {dag.py:3823} INFO - Setting next_dagrun for ecommerce_etl_pipeline to 2026-02-04 00:00:00+00:00, run_after=2026-02-05 00:00:00+00:00
[2026-02-05T17:27:30.463+0000] {processor.py:183} INFO - Processing /opt/airflow/dags/ecommerce_etl.py took 0.100 seconds
[2026-02-05T17:28:00.569+0000] {processor.py:161} INFO - Started process (PID=241) to work on /opt/airflow/dags/ecommerce_etl.py
[2026-02-05T17:28:00.570+0000] {processor.py:830} INFO - Processing file /opt/airflow/dags/ecommerce_etl.py for tasks to queue
[2026-02-05T17:28:00.571+0000] {logging_mixin.py:188} INFO - [2026-02-05T17:28:00.570+0000] {dagbag.py:538} INFO - Filling up the DagBag from /opt/airflow/dags/ecommerce_etl.py
[2026-02-05T17:28:00.597+0000] {processor.py:840} INFO - DAG(s) 'ecommerce_etl_pipeline' retrieved from /opt/airflow/dags/ecommerce_etl.py
[2026-02-05T17:28:00.628+0000] {logging_mixin.py:188} INFO - [2026-02-05T17:28:00.627+0000] {dag.py:3036} INFO - Sync 1 DAGs
[2026-02-05T17:28:00.648+0000] {logging_mixin.py:188} INFO - [2026-02-05T17:28:00.647+0000] {dag.py:3823} INFO - Setting next_dagrun for ecommerce_etl_pipeline to 2026-02-04 00:00:00+00:00, run_after=2026-02-05 00:00:00+00:00
[2026-02-05T17:28:00.666+0000] {processor.py:183} INFO - Processing /opt/airflow/dags/ecommerce_etl.py took 0.101 seconds
[2026-02-05T17:28:30.837+0000] {processor.py:161} INFO - Started process (PID=252) to work on /opt/airflow/dags/ecommerce_etl.py
[2026-02-05T17:28:30.837+0000] {processor.py:830} INFO - Processing file /opt/airflow/dags/ecommerce_etl.py for tasks to queue
[2026-02-05T17:28:30.838+0000] {logging_mixin.py:188} INFO - [2026-02-05T17:28:30.838+0000] {dagbag.py:538} INFO - Filling up the DagBag from /opt/airflow/dags/ecommerce_etl.py
[2026-02-05T17:28:30.865+0000] {processor.py:840} INFO - DAG(s) 'ecommerce_etl_pipeline' retrieved from /opt/airflow/dags/ecommerce_etl.py
[2026-02-05T17:28:30.911+0000] {logging_mixin.py:188} INFO - [2026-02-05T17:28:30.911+0000] {dag.py:3036} INFO - Sync 1 DAGs
[2026-02-05T17:28:30.935+0000] {logging_mixin.py:188} INFO - [2026-02-05T17:28:30.935+0000] {dag.py:3823} INFO - Setting next_dagrun for ecommerce_etl_pipeline to 2026-02-04 00:00:00+00:00, run_after=2026-02-05 00:00:00+00:00
[2026-02-05T17:28:30.958+0000] {processor.py:183} INFO - Processing /opt/airflow/dags/ecommerce_etl.py took 0.124 seconds
[2026-02-05T17:29:01.027+0000] {processor.py:161} INFO - Started process (PID=263) to work on /opt/airflow/dags/ecommerce_etl.py
[2026-02-05T17:29:01.028+0000] {processor.py:830} INFO - Processing file /opt/airflow/dags/ecommerce_etl.py for tasks to queue
[2026-02-05T17:29:01.029+0000] {logging_mixin.py:188} INFO - [2026-02-05T17:29:01.029+0000] {dagbag.py:538} INFO - Filling up the DagBag from /opt/airflow/dags/ecommerce_etl.py
[2026-02-05T17:29:01.052+0000] {processor.py:840} INFO - DAG(s) 'ecommerce_etl_pipeline' retrieved from /opt/airflow/dags/ecommerce_etl.py
[2026-02-05T17:29:01.083+0000] {logging_mixin.py:188} INFO - [2026-02-05T17:29:01.083+0000] {dag.py:3036} INFO - Sync 1 DAGs
[2026-02-05T17:29:01.103+0000] {logging_mixin.py:188} INFO - [2026-02-05T17:29:01.103+0000] {dag.py:3823} INFO - Setting next_dagrun for ecommerce_etl_pipeline to 2026-02-04 00:00:00+00:00, run_after=2026-02-05 00:00:00+00:00
[2026-02-05T17:29:01.121+0000] {processor.py:183} INFO - Processing /opt/airflow/dags/ecommerce_etl.py took 0.097 seconds
[2026-02-05T17:29:31.299+0000] {processor.py:161} INFO - Started process (PID=274) to work on /opt/airflow/dags/ecommerce_etl.py
[2026-02-05T17:29:31.300+0000] {processor.py:830} INFO - Processing file /opt/airflow/dags/ecommerce_etl.py for tasks to queue
[2026-02-05T17:29:31.301+0000] {logging_mixin.py:188} INFO - [2026-02-05T17:29:31.301+0000] {dagbag.py:538} INFO - Filling up the DagBag from /opt/airflow/dags/ecommerce_etl.py
[2026-02-05T17:29:31.324+0000] {processor.py:840} INFO - DAG(s) 'ecommerce_etl_pipeline' retrieved from /opt/airflow/dags/ecommerce_etl.py
[2026-02-05T17:29:31.354+0000] {logging_mixin.py:188} INFO - [2026-02-05T17:29:31.354+0000] {dag.py:3036} INFO - Sync 1 DAGs
[2026-02-05T17:29:31.376+0000] {logging_mixin.py:188} INFO - [2026-02-05T17:29:31.376+0000] {dag.py:3823} INFO - Setting next_dagrun for ecommerce_etl_pipeline to 2026-02-04 00:00:00+00:00, run_after=2026-02-05 00:00:00+00:00
[2026-02-05T17:29:31.394+0000] {processor.py:183} INFO - Processing /opt/airflow/dags/ecommerce_etl.py took 0.098 seconds
[2026-02-05T17:30:01.481+0000] {processor.py:161} INFO - Started process (PID=285) to work on /opt/airflow/dags/ecommerce_etl.py
[2026-02-05T17:30:01.483+0000] {processor.py:830} INFO - Processing file /opt/airflow/dags/ecommerce_etl.py for tasks to queue
[2026-02-05T17:30:01.484+0000] {logging_mixin.py:188} INFO - [2026-02-05T17:30:01.484+0000] {dagbag.py:538} INFO - Filling up the DagBag from /opt/airflow/dags/ecommerce_etl.py
[2026-02-05T17:30:01.512+0000] {processor.py:840} INFO - DAG(s) 'ecommerce_etl_pipeline' retrieved from /opt/airflow/dags/ecommerce_etl.py
[2026-02-05T17:30:01.546+0000] {logging_mixin.py:188} INFO - [2026-02-05T17:30:01.546+0000] {dag.py:3036} INFO - Sync 1 DAGs
[2026-02-05T17:30:01.571+0000] {logging_mixin.py:188} INFO - [2026-02-05T17:30:01.571+0000] {dag.py:3823} INFO - Setting next_dagrun for ecommerce_etl_pipeline to 2026-02-04 00:00:00+00:00, run_after=2026-02-05 00:00:00+00:00
[2026-02-05T17:30:01.596+0000] {processor.py:183} INFO - Processing /opt/airflow/dags/ecommerce_etl.py took 0.119 seconds
[2026-02-05T17:30:31.746+0000] {processor.py:161} INFO - Started process (PID=296) to work on /opt/airflow/dags/ecommerce_etl.py
[2026-02-05T17:30:31.746+0000] {processor.py:830} INFO - Processing file /opt/airflow/dags/ecommerce_etl.py for tasks to queue
[2026-02-05T17:30:31.747+0000] {logging_mixin.py:188} INFO - [2026-02-05T17:30:31.747+0000] {dagbag.py:538} INFO - Filling up the DagBag from /opt/airflow/dags/ecommerce_etl.py
[2026-02-05T17:30:31.767+0000] {processor.py:840} INFO - DAG(s) 'ecommerce_etl_pipeline' retrieved from /opt/airflow/dags/ecommerce_etl.py
[2026-02-05T17:30:31.793+0000] {logging_mixin.py:188} INFO - [2026-02-05T17:30:31.793+0000] {dag.py:3036} INFO - Sync 1 DAGs
[2026-02-05T17:30:31.814+0000] {logging_mixin.py:188} INFO - [2026-02-05T17:30:31.813+0000] {dag.py:3823} INFO - Setting next_dagrun for ecommerce_etl_pipeline to 2026-02-04 00:00:00+00:00, run_after=2026-02-05 00:00:00+00:00
[2026-02-05T17:30:31.830+0000] {processor.py:183} INFO - Processing /opt/airflow/dags/ecommerce_etl.py took 0.088 seconds
[2026-02-05T17:31:02.029+0000] {processor.py:161} INFO - Started process (PID=307) to work on /opt/airflow/dags/ecommerce_etl.py
[2026-02-05T17:31:02.030+0000] {processor.py:830} INFO - Processing file /opt/airflow/dags/ecommerce_etl.py for tasks to queue
[2026-02-05T17:31:02.031+0000] {logging_mixin.py:188} INFO - [2026-02-05T17:31:02.030+0000] {dagbag.py:538} INFO - Filling up the DagBag from /opt/airflow/dags/ecommerce_etl.py
[2026-02-05T17:31:02.054+0000] {processor.py:840} INFO - DAG(s) 'ecommerce_etl_pipeline' retrieved from /opt/airflow/dags/ecommerce_etl.py
[2026-02-05T17:31:02.084+0000] {logging_mixin.py:188} INFO - [2026-02-05T17:31:02.084+0000] {dag.py:3036} INFO - Sync 1 DAGs
[2026-02-05T17:31:02.106+0000] {logging_mixin.py:188} INFO - [2026-02-05T17:31:02.106+0000] {dag.py:3823} INFO - Setting next_dagrun for ecommerce_etl_pipeline to 2026-02-04 00:00:00+00:00, run_after=2026-02-05 00:00:00+00:00
[2026-02-05T17:31:02.122+0000] {processor.py:183} INFO - Processing /opt/airflow/dags/ecommerce_etl.py took 0.097 seconds
[2026-02-05T17:31:32.241+0000] {processor.py:161} INFO - Started process (PID=318) to work on /opt/airflow/dags/ecommerce_etl.py
[2026-02-05T17:31:32.242+0000] {processor.py:830} INFO - Processing file /opt/airflow/dags/ecommerce_etl.py for tasks to queue
[2026-02-05T17:31:32.242+0000] {logging_mixin.py:188} INFO - [2026-02-05T17:31:32.242+0000] {dagbag.py:538} INFO - Filling up the DagBag from /opt/airflow/dags/ecommerce_etl.py
[2026-02-05T17:31:32.267+0000] {processor.py:840} INFO - DAG(s) 'ecommerce_etl_pipeline' retrieved from /opt/airflow/dags/ecommerce_etl.py
[2026-02-05T17:31:32.299+0000] {logging_mixin.py:188} INFO - [2026-02-05T17:31:32.299+0000] {dag.py:3036} INFO - Sync 1 DAGs
[2026-02-05T17:31:32.321+0000] {logging_mixin.py:188} INFO - [2026-02-05T17:31:32.320+0000] {dag.py:3823} INFO - Setting next_dagrun for ecommerce_etl_pipeline to 2026-02-04 00:00:00+00:00, run_after=2026-02-05 00:00:00+00:00
[2026-02-05T17:31:32.339+0000] {processor.py:183} INFO - Processing /opt/airflow/dags/ecommerce_etl.py took 0.102 seconds
[2026-02-05T17:32:02.559+0000] {processor.py:161} INFO - Started process (PID=329) to work on /opt/airflow/dags/ecommerce_etl.py
[2026-02-05T17:32:02.560+0000] {processor.py:830} INFO - Processing file /opt/airflow/dags/ecommerce_etl.py for tasks to queue
[2026-02-05T17:32:02.561+0000] {logging_mixin.py:188} INFO - [2026-02-05T17:32:02.560+0000] {dagbag.py:538} INFO - Filling up the DagBag from /opt/airflow/dags/ecommerce_etl.py
[2026-02-05T17:32:02.579+0000] {processor.py:840} INFO - DAG(s) 'ecommerce_etl_pipeline' retrieved from /opt/airflow/dags/ecommerce_etl.py
[2026-02-05T17:32:02.605+0000] {logging_mixin.py:188} INFO - [2026-02-05T17:32:02.605+0000] {dag.py:3036} INFO - Sync 1 DAGs
[2026-02-05T17:32:02.626+0000] {logging_mixin.py:188} INFO - [2026-02-05T17:32:02.626+0000] {dag.py:3823} INFO - Setting next_dagrun for ecommerce_etl_pipeline to 2026-02-04 00:00:00+00:00, run_after=2026-02-05 00:00:00+00:00
[2026-02-05T17:32:02.642+0000] {processor.py:183} INFO - Processing /opt/airflow/dags/ecommerce_etl.py took 0.085 seconds
[2026-02-05T17:32:32.758+0000] {processor.py:161} INFO - Started process (PID=341) to work on /opt/airflow/dags/ecommerce_etl.py
[2026-02-05T17:32:32.759+0000] {processor.py:830} INFO - Processing file /opt/airflow/dags/ecommerce_etl.py for tasks to queue
[2026-02-05T17:32:32.760+0000] {logging_mixin.py:188} INFO - [2026-02-05T17:32:32.760+0000] {dagbag.py:538} INFO - Filling up the DagBag from /opt/airflow/dags/ecommerce_etl.py
[2026-02-05T17:32:32.786+0000] {processor.py:840} INFO - DAG(s) 'ecommerce_etl_pipeline' retrieved from /opt/airflow/dags/ecommerce_etl.py
[2026-02-05T17:32:32.822+0000] {logging_mixin.py:188} INFO - [2026-02-05T17:32:32.822+0000] {dag.py:3036} INFO - Sync 1 DAGs
[2026-02-05T17:32:32.846+0000] {logging_mixin.py:188} INFO - [2026-02-05T17:32:32.846+0000] {dag.py:3823} INFO - Setting next_dagrun for ecommerce_etl_pipeline to 2026-02-04 00:00:00+00:00, run_after=2026-02-05 00:00:00+00:00
[2026-02-05T17:32:32.870+0000] {processor.py:183} INFO - Processing /opt/airflow/dags/ecommerce_etl.py took 0.115 seconds
[2026-02-05T17:33:03.045+0000] {processor.py:161} INFO - Started process (PID=353) to work on /opt/airflow/dags/ecommerce_etl.py
[2026-02-05T17:33:03.046+0000] {processor.py:830} INFO - Processing file /opt/airflow/dags/ecommerce_etl.py for tasks to queue
[2026-02-05T17:33:03.047+0000] {logging_mixin.py:188} INFO - [2026-02-05T17:33:03.047+0000] {dagbag.py:538} INFO - Filling up the DagBag from /opt/airflow/dags/ecommerce_etl.py
[2026-02-05T17:33:03.069+0000] {processor.py:840} INFO - DAG(s) 'ecommerce_etl_pipeline' retrieved from /opt/airflow/dags/ecommerce_etl.py
[2026-02-05T17:33:03.098+0000] {logging_mixin.py:188} INFO - [2026-02-05T17:33:03.098+0000] {dag.py:3036} INFO - Sync 1 DAGs
[2026-02-05T17:33:03.121+0000] {logging_mixin.py:188} INFO - [2026-02-05T17:33:03.121+0000] {dag.py:3823} INFO - Setting next_dagrun for ecommerce_etl_pipeline to 2026-02-04 00:00:00+00:00, run_after=2026-02-05 00:00:00+00:00
[2026-02-05T17:33:03.138+0000] {processor.py:183} INFO - Processing /opt/airflow/dags/ecommerce_etl.py took 0.096 seconds
[2026-02-05T17:33:33.266+0000] {processor.py:161} INFO - Started process (PID=365) to work on /opt/airflow/dags/ecommerce_etl.py
[2026-02-05T17:33:33.267+0000] {processor.py:830} INFO - Processing file /opt/airflow/dags/ecommerce_etl.py for tasks to queue
[2026-02-05T17:33:33.269+0000] {logging_mixin.py:188} INFO - [2026-02-05T17:33:33.268+0000] {dagbag.py:538} INFO - Filling up the DagBag from /opt/airflow/dags/ecommerce_etl.py
[2026-02-05T17:33:33.303+0000] {processor.py:840} INFO - DAG(s) 'ecommerce_etl_pipeline' retrieved from /opt/airflow/dags/ecommerce_etl.py
[2026-02-05T17:33:33.346+0000] {logging_mixin.py:188} INFO - [2026-02-05T17:33:33.346+0000] {dag.py:3036} INFO - Sync 1 DAGs
[2026-02-05T17:33:33.371+0000] {logging_mixin.py:188} INFO - [2026-02-05T17:33:33.370+0000] {dag.py:3823} INFO - Setting next_dagrun for ecommerce_etl_pipeline to 2026-02-04 00:00:00+00:00, run_after=2026-02-05 00:00:00+00:00
[2026-02-05T17:33:33.392+0000] {processor.py:183} INFO - Processing /opt/airflow/dags/ecommerce_etl.py took 0.129 seconds
[2026-02-05T17:34:03.559+0000] {processor.py:161} INFO - Started process (PID=376) to work on /opt/airflow/dags/ecommerce_etl.py
[2026-02-05T17:34:03.560+0000] {processor.py:830} INFO - Processing file /opt/airflow/dags/ecommerce_etl.py for tasks to queue
[2026-02-05T17:34:03.561+0000] {logging_mixin.py:188} INFO - [2026-02-05T17:34:03.561+0000] {dagbag.py:538} INFO - Filling up the DagBag from /opt/airflow/dags/ecommerce_etl.py
[2026-02-05T17:34:03.581+0000] {processor.py:840} INFO - DAG(s) 'ecommerce_etl_pipeline' retrieved from /opt/airflow/dags/ecommerce_etl.py
[2026-02-05T17:34:03.611+0000] {logging_mixin.py:188} INFO - [2026-02-05T17:34:03.611+0000] {dag.py:3036} INFO - Sync 1 DAGs
[2026-02-05T17:34:03.632+0000] {logging_mixin.py:188} INFO - [2026-02-05T17:34:03.632+0000] {dag.py:3823} INFO - Setting next_dagrun for ecommerce_etl_pipeline to 2026-02-04 00:00:00+00:00, run_after=2026-02-05 00:00:00+00:00
[2026-02-05T17:34:03.650+0000] {processor.py:183} INFO - Processing /opt/airflow/dags/ecommerce_etl.py took 0.093 seconds
[2026-02-05T17:34:33.839+0000] {processor.py:161} INFO - Started process (PID=387) to work on /opt/airflow/dags/ecommerce_etl.py
[2026-02-05T17:34:33.839+0000] {processor.py:830} INFO - Processing file /opt/airflow/dags/ecommerce_etl.py for tasks to queue
[2026-02-05T17:34:33.840+0000] {logging_mixin.py:188} INFO - [2026-02-05T17:34:33.840+0000] {dagbag.py:538} INFO - Filling up the DagBag from /opt/airflow/dags/ecommerce_etl.py
[2026-02-05T17:34:33.864+0000] {processor.py:840} INFO - DAG(s) 'ecommerce_etl_pipeline' retrieved from /opt/airflow/dags/ecommerce_etl.py
[2026-02-05T17:34:33.893+0000] {logging_mixin.py:188} INFO - [2026-02-05T17:34:33.892+0000] {dag.py:3036} INFO - Sync 1 DAGs
[2026-02-05T17:34:33.914+0000] {logging_mixin.py:188} INFO - [2026-02-05T17:34:33.914+0000] {dag.py:3823} INFO - Setting next_dagrun for ecommerce_etl_pipeline to 2026-02-04 00:00:00+00:00, run_after=2026-02-05 00:00:00+00:00
[2026-02-05T17:34:33.931+0000] {processor.py:183} INFO - Processing /opt/airflow/dags/ecommerce_etl.py took 0.096 seconds
[2026-02-05T17:35:04.053+0000] {processor.py:161} INFO - Started process (PID=398) to work on /opt/airflow/dags/ecommerce_etl.py
[2026-02-05T17:35:04.054+0000] {processor.py:830} INFO - Processing file /opt/airflow/dags/ecommerce_etl.py for tasks to queue
[2026-02-05T17:35:04.055+0000] {logging_mixin.py:188} INFO - [2026-02-05T17:35:04.055+0000] {dagbag.py:538} INFO - Filling up the DagBag from /opt/airflow/dags/ecommerce_etl.py
[2026-02-05T17:35:04.078+0000] {processor.py:840} INFO - DAG(s) 'ecommerce_etl_pipeline' retrieved from /opt/airflow/dags/ecommerce_etl.py
[2026-02-05T17:35:04.109+0000] {logging_mixin.py:188} INFO - [2026-02-05T17:35:04.109+0000] {dag.py:3036} INFO - Sync 1 DAGs
[2026-02-05T17:35:04.131+0000] {logging_mixin.py:188} INFO - [2026-02-05T17:35:04.131+0000] {dag.py:3823} INFO - Setting next_dagrun for ecommerce_etl_pipeline to 2026-02-04 00:00:00+00:00, run_after=2026-02-05 00:00:00+00:00
[2026-02-05T17:35:04.174+0000] {processor.py:183} INFO - Processing /opt/airflow/dags/ecommerce_etl.py took 0.125 seconds
[2026-02-05T17:35:34.369+0000] {processor.py:161} INFO - Started process (PID=409) to work on /opt/airflow/dags/ecommerce_etl.py
[2026-02-05T17:35:34.370+0000] {processor.py:830} INFO - Processing file /opt/airflow/dags/ecommerce_etl.py for tasks to queue
[2026-02-05T17:35:34.371+0000] {logging_mixin.py:188} INFO - [2026-02-05T17:35:34.371+0000] {dagbag.py:538} INFO - Filling up the DagBag from /opt/airflow/dags/ecommerce_etl.py
[2026-02-05T17:35:34.388+0000] {processor.py:840} INFO - DAG(s) 'ecommerce_etl_pipeline' retrieved from /opt/airflow/dags/ecommerce_etl.py
[2026-02-05T17:35:34.411+0000] {logging_mixin.py:188} INFO - [2026-02-05T17:35:34.411+0000] {dag.py:3036} INFO - Sync 1 DAGs
[2026-02-05T17:35:34.429+0000] {logging_mixin.py:188} INFO - [2026-02-05T17:35:34.429+0000] {dag.py:3823} INFO - Setting next_dagrun for ecommerce_etl_pipeline to 2026-02-04 00:00:00+00:00, run_after=2026-02-05 00:00:00+00:00
[2026-02-05T17:35:34.447+0000] {processor.py:183} INFO - Processing /opt/airflow/dags/ecommerce_etl.py took 0.080 seconds
[2026-02-05T17:36:04.607+0000] {processor.py:161} INFO - Started process (PID=421) to work on /opt/airflow/dags/ecommerce_etl.py
[2026-02-05T17:36:04.608+0000] {processor.py:830} INFO - Processing file /opt/airflow/dags/ecommerce_etl.py for tasks to queue
[2026-02-05T17:36:04.609+0000] {logging_mixin.py:188} INFO - [2026-02-05T17:36:04.609+0000] {dagbag.py:538} INFO - Filling up the DagBag from /opt/airflow/dags/ecommerce_etl.py
[2026-02-05T17:36:04.627+0000] {processor.py:840} INFO - DAG(s) 'ecommerce_etl_pipeline' retrieved from /opt/airflow/dags/ecommerce_etl.py
[2026-02-05T17:36:04.654+0000] {logging_mixin.py:188} INFO - [2026-02-05T17:36:04.654+0000] {dag.py:3036} INFO - Sync 1 DAGs
[2026-02-05T17:36:04.675+0000] {logging_mixin.py:188} INFO - [2026-02-05T17:36:04.675+0000] {dag.py:3823} INFO - Setting next_dagrun for ecommerce_etl_pipeline to 2026-02-04 00:00:00+00:00, run_after=2026-02-05 00:00:00+00:00
[2026-02-05T17:36:04.693+0000] {processor.py:183} INFO - Processing /opt/airflow/dags/ecommerce_etl.py took 0.089 seconds
[2026-02-05T17:36:34.814+0000] {processor.py:161} INFO - Started process (PID=432) to work on /opt/airflow/dags/ecommerce_etl.py
[2026-02-05T17:36:34.815+0000] {processor.py:830} INFO - Processing file /opt/airflow/dags/ecommerce_etl.py for tasks to queue
[2026-02-05T17:36:34.816+0000] {logging_mixin.py:188} INFO - [2026-02-05T17:36:34.816+0000] {dagbag.py:538} INFO - Filling up the DagBag from /opt/airflow/dags/ecommerce_etl.py
[2026-02-05T17:36:34.842+0000] {processor.py:840} INFO - DAG(s) 'ecommerce_etl_pipeline' retrieved from /opt/airflow/dags/ecommerce_etl.py
[2026-02-05T17:36:34.871+0000] {logging_mixin.py:188} INFO - [2026-02-05T17:36:34.871+0000] {dag.py:3036} INFO - Sync 1 DAGs
[2026-02-05T17:36:34.893+0000] {logging_mixin.py:188} INFO - [2026-02-05T17:36:34.893+0000] {dag.py:3823} INFO - Setting next_dagrun for ecommerce_etl_pipeline to 2026-02-04 00:00:00+00:00, run_after=2026-02-05 00:00:00+00:00
[2026-02-05T17:36:34.912+0000] {processor.py:183} INFO - Processing /opt/airflow/dags/ecommerce_etl.py took 0.101 seconds
[2026-02-05T17:37:05.067+0000] {processor.py:161} INFO - Started process (PID=443) to work on /opt/airflow/dags/ecommerce_etl.py
[2026-02-05T17:37:05.068+0000] {processor.py:830} INFO - Processing file /opt/airflow/dags/ecommerce_etl.py for tasks to queue
[2026-02-05T17:37:05.069+0000] {logging_mixin.py:188} INFO - [2026-02-05T17:37:05.068+0000] {dagbag.py:538} INFO - Filling up the DagBag from /opt/airflow/dags/ecommerce_etl.py
[2026-02-05T17:37:05.088+0000] {processor.py:840} INFO - DAG(s) 'ecommerce_etl_pipeline' retrieved from /opt/airflow/dags/ecommerce_etl.py
[2026-02-05T17:37:05.115+0000] {logging_mixin.py:188} INFO - [2026-02-05T17:37:05.115+0000] {dag.py:3036} INFO - Sync 1 DAGs
[2026-02-05T17:37:05.136+0000] {logging_mixin.py:188} INFO - [2026-02-05T17:37:05.136+0000] {dag.py:3823} INFO - Setting next_dagrun for ecommerce_etl_pipeline to 2026-02-04 00:00:00+00:00, run_after=2026-02-05 00:00:00+00:00
[2026-02-05T17:37:05.157+0000] {processor.py:183} INFO - Processing /opt/airflow/dags/ecommerce_etl.py took 0.093 seconds
[2026-02-05T17:37:35.273+0000] {processor.py:161} INFO - Started process (PID=455) to work on /opt/airflow/dags/ecommerce_etl.py
[2026-02-05T17:37:35.273+0000] {processor.py:830} INFO - Processing file /opt/airflow/dags/ecommerce_etl.py for tasks to queue
[2026-02-05T17:37:35.274+0000] {logging_mixin.py:188} INFO - [2026-02-05T17:37:35.274+0000] {dagbag.py:538} INFO - Filling up the DagBag from /opt/airflow/dags/ecommerce_etl.py
[2026-02-05T17:37:35.293+0000] {processor.py:840} INFO - DAG(s) 'ecommerce_etl_pipeline' retrieved from /opt/airflow/dags/ecommerce_etl.py
[2026-02-05T17:37:35.328+0000] {logging_mixin.py:188} INFO - [2026-02-05T17:37:35.327+0000] {dag.py:3036} INFO - Sync 1 DAGs
[2026-02-05T17:37:35.347+0000] {logging_mixin.py:188} INFO - [2026-02-05T17:37:35.347+0000] {dag.py:3823} INFO - Setting next_dagrun for ecommerce_etl_pipeline to 2026-02-04 00:00:00+00:00, run_after=2026-02-05 00:00:00+00:00
[2026-02-05T17:37:35.366+0000] {processor.py:183} INFO - Processing /opt/airflow/dags/ecommerce_etl.py took 0.097 seconds
[2026-02-05T17:38:05.564+0000] {processor.py:161} INFO - Started process (PID=466) to work on /opt/airflow/dags/ecommerce_etl.py
[2026-02-05T17:38:05.564+0000] {processor.py:830} INFO - Processing file /opt/airflow/dags/ecommerce_etl.py for tasks to queue
[2026-02-05T17:38:05.566+0000] {logging_mixin.py:188} INFO - [2026-02-05T17:38:05.565+0000] {dagbag.py:538} INFO - Filling up the DagBag from /opt/airflow/dags/ecommerce_etl.py
[2026-02-05T17:38:05.600+0000] {processor.py:840} INFO - DAG(s) 'ecommerce_etl_pipeline' retrieved from /opt/airflow/dags/ecommerce_etl.py
[2026-02-05T17:38:05.634+0000] {logging_mixin.py:188} INFO - [2026-02-05T17:38:05.634+0000] {dag.py:3036} INFO - Sync 1 DAGs
[2026-02-05T17:38:05.667+0000] {logging_mixin.py:188} INFO - [2026-02-05T17:38:05.667+0000] {dag.py:3823} INFO - Setting next_dagrun for ecommerce_etl_pipeline to 2026-02-04 00:00:00+00:00, run_after=2026-02-05 00:00:00+00:00
[2026-02-05T17:38:05.689+0000] {processor.py:183} INFO - Processing /opt/airflow/dags/ecommerce_etl.py took 0.128 seconds
[2026-02-05T17:38:35.759+0000] {processor.py:161} INFO - Started process (PID=477) to work on /opt/airflow/dags/ecommerce_etl.py
[2026-02-05T17:38:35.760+0000] {processor.py:830} INFO - Processing file /opt/airflow/dags/ecommerce_etl.py for tasks to queue
[2026-02-05T17:38:35.761+0000] {logging_mixin.py:188} INFO - [2026-02-05T17:38:35.761+0000] {dagbag.py:538} INFO - Filling up the DagBag from /opt/airflow/dags/ecommerce_etl.py
[2026-02-05T17:38:35.784+0000] {processor.py:840} INFO - DAG(s) 'ecommerce_etl_pipeline' retrieved from /opt/airflow/dags/ecommerce_etl.py
[2026-02-05T17:38:35.814+0000] {logging_mixin.py:188} INFO - [2026-02-05T17:38:35.814+0000] {dag.py:3036} INFO - Sync 1 DAGs
[2026-02-05T17:38:35.834+0000] {logging_mixin.py:188} INFO - [2026-02-05T17:38:35.834+0000] {dag.py:3823} INFO - Setting next_dagrun for ecommerce_etl_pipeline to 2026-02-04 00:00:00+00:00, run_after=2026-02-05 00:00:00+00:00
[2026-02-05T17:38:35.853+0000] {processor.py:183} INFO - Processing /opt/airflow/dags/ecommerce_etl.py took 0.098 seconds
[2026-02-05T17:39:06.062+0000] {processor.py:161} INFO - Started process (PID=488) to work on /opt/airflow/dags/ecommerce_etl.py
[2026-02-05T17:39:06.062+0000] {processor.py:830} INFO - Processing file /opt/airflow/dags/ecommerce_etl.py for tasks to queue
[2026-02-05T17:39:06.063+0000] {logging_mixin.py:188} INFO - [2026-02-05T17:39:06.063+0000] {dagbag.py:538} INFO - Filling up the DagBag from /opt/airflow/dags/ecommerce_etl.py
[2026-02-05T17:39:06.084+0000] {processor.py:840} INFO - DAG(s) 'ecommerce_etl_pipeline' retrieved from /opt/airflow/dags/ecommerce_etl.py
[2026-02-05T17:39:06.111+0000] {logging_mixin.py:188} INFO - [2026-02-05T17:39:06.111+0000] {dag.py:3036} INFO - Sync 1 DAGs
[2026-02-05T17:39:06.140+0000] {logging_mixin.py:188} INFO - [2026-02-05T17:39:06.140+0000] {dag.py:3823} INFO - Setting next_dagrun for ecommerce_etl_pipeline to 2026-02-04 00:00:00+00:00, run_after=2026-02-05 00:00:00+00:00
[2026-02-05T17:39:06.166+0000] {processor.py:183} INFO - Processing /opt/airflow/dags/ecommerce_etl.py took 0.106 seconds
[2026-02-05T17:39:36.250+0000] {processor.py:161} INFO - Started process (PID=499) to work on /opt/airflow/dags/ecommerce_etl.py
[2026-02-05T17:39:36.251+0000] {processor.py:830} INFO - Processing file /opt/airflow/dags/ecommerce_etl.py for tasks to queue
[2026-02-05T17:39:36.252+0000] {logging_mixin.py:188} INFO - [2026-02-05T17:39:36.252+0000] {dagbag.py:538} INFO - Filling up the DagBag from /opt/airflow/dags/ecommerce_etl.py
[2026-02-05T17:39:36.274+0000] {processor.py:840} INFO - DAG(s) 'ecommerce_etl_pipeline' retrieved from /opt/airflow/dags/ecommerce_etl.py
[2026-02-05T17:39:36.301+0000] {logging_mixin.py:188} INFO - [2026-02-05T17:39:36.301+0000] {dag.py:3036} INFO - Sync 1 DAGs
[2026-02-05T17:39:36.324+0000] {logging_mixin.py:188} INFO - [2026-02-05T17:39:36.323+0000] {dag.py:3823} INFO - Setting next_dagrun for ecommerce_etl_pipeline to 2026-02-04 00:00:00+00:00, run_after=2026-02-05 00:00:00+00:00
[2026-02-05T17:39:36.345+0000] {processor.py:183} INFO - Processing /opt/airflow/dags/ecommerce_etl.py took 0.099 seconds
[2026-02-05T17:40:06.515+0000] {processor.py:161} INFO - Started process (PID=510) to work on /opt/airflow/dags/ecommerce_etl.py
[2026-02-05T17:40:06.516+0000] {processor.py:830} INFO - Processing file /opt/airflow/dags/ecommerce_etl.py for tasks to queue
[2026-02-05T17:40:06.517+0000] {logging_mixin.py:188} INFO - [2026-02-05T17:40:06.517+0000] {dagbag.py:538} INFO - Filling up the DagBag from /opt/airflow/dags/ecommerce_etl.py
[2026-02-05T17:40:06.536+0000] {processor.py:840} INFO - DAG(s) 'ecommerce_etl_pipeline' retrieved from /opt/airflow/dags/ecommerce_etl.py
[2026-02-05T17:40:06.562+0000] {logging_mixin.py:188} INFO - [2026-02-05T17:40:06.562+0000] {dag.py:3036} INFO - Sync 1 DAGs
[2026-02-05T17:40:06.581+0000] {logging_mixin.py:188} INFO - [2026-02-05T17:40:06.581+0000] {dag.py:3823} INFO - Setting next_dagrun for ecommerce_etl_pipeline to 2026-02-04 00:00:00+00:00, run_after=2026-02-05 00:00:00+00:00
[2026-02-05T17:40:06.600+0000] {processor.py:183} INFO - Processing /opt/airflow/dags/ecommerce_etl.py took 0.087 seconds
[2026-02-05T17:40:36.710+0000] {processor.py:161} INFO - Started process (PID=521) to work on /opt/airflow/dags/ecommerce_etl.py
[2026-02-05T17:40:36.711+0000] {processor.py:830} INFO - Processing file /opt/airflow/dags/ecommerce_etl.py for tasks to queue
[2026-02-05T17:40:36.712+0000] {logging_mixin.py:188} INFO - [2026-02-05T17:40:36.712+0000] {dagbag.py:538} INFO - Filling up the DagBag from /opt/airflow/dags/ecommerce_etl.py
[2026-02-05T17:40:36.736+0000] {processor.py:840} INFO - DAG(s) 'ecommerce_etl_pipeline' retrieved from /opt/airflow/dags/ecommerce_etl.py
[2026-02-05T17:40:36.762+0000] {logging_mixin.py:188} INFO - [2026-02-05T17:40:36.762+0000] {dag.py:3036} INFO - Sync 1 DAGs
[2026-02-05T17:40:36.780+0000] {logging_mixin.py:188} INFO - [2026-02-05T17:40:36.780+0000] {dag.py:3823} INFO - Setting next_dagrun for ecommerce_etl_pipeline to 2026-02-04 00:00:00+00:00, run_after=2026-02-05 00:00:00+00:00
[2026-02-05T17:40:36.796+0000] {processor.py:183} INFO - Processing /opt/airflow/dags/ecommerce_etl.py took 0.089 seconds
[2026-02-05T17:41:07.012+0000] {processor.py:161} INFO - Started process (PID=532) to work on /opt/airflow/dags/ecommerce_etl.py
[2026-02-05T17:41:07.013+0000] {processor.py:830} INFO - Processing file /opt/airflow/dags/ecommerce_etl.py for tasks to queue
[2026-02-05T17:41:07.014+0000] {logging_mixin.py:188} INFO - [2026-02-05T17:41:07.014+0000] {dagbag.py:538} INFO - Filling up the DagBag from /opt/airflow/dags/ecommerce_etl.py
[2026-02-05T17:41:07.035+0000] {processor.py:840} INFO - DAG(s) 'ecommerce_etl_pipeline' retrieved from /opt/airflow/dags/ecommerce_etl.py
[2026-02-05T17:41:07.062+0000] {logging_mixin.py:188} INFO - [2026-02-05T17:41:07.062+0000] {dag.py:3036} INFO - Sync 1 DAGs
[2026-02-05T17:41:07.083+0000] {logging_mixin.py:188} INFO - [2026-02-05T17:41:07.083+0000] {dag.py:3823} INFO - Setting next_dagrun for ecommerce_etl_pipeline to 2026-02-04 00:00:00+00:00, run_after=2026-02-05 00:00:00+00:00
[2026-02-05T17:41:07.102+0000] {processor.py:183} INFO - Processing /opt/airflow/dags/ecommerce_etl.py took 0.092 seconds
[2026-02-05T17:41:37.210+0000] {processor.py:161} INFO - Started process (PID=543) to work on /opt/airflow/dags/ecommerce_etl.py
[2026-02-05T17:41:37.211+0000] {processor.py:830} INFO - Processing file /opt/airflow/dags/ecommerce_etl.py for tasks to queue
[2026-02-05T17:41:37.211+0000] {logging_mixin.py:188} INFO - [2026-02-05T17:41:37.211+0000] {dagbag.py:538} INFO - Filling up the DagBag from /opt/airflow/dags/ecommerce_etl.py
[2026-02-05T17:41:37.232+0000] {processor.py:840} INFO - DAG(s) 'ecommerce_etl_pipeline' retrieved from /opt/airflow/dags/ecommerce_etl.py
[2026-02-05T17:41:37.258+0000] {logging_mixin.py:188} INFO - [2026-02-05T17:41:37.258+0000] {dag.py:3036} INFO - Sync 1 DAGs
[2026-02-05T17:41:37.278+0000] {logging_mixin.py:188} INFO - [2026-02-05T17:41:37.278+0000] {dag.py:3823} INFO - Setting next_dagrun for ecommerce_etl_pipeline to 2026-02-04 00:00:00+00:00, run_after=2026-02-05 00:00:00+00:00
[2026-02-05T17:41:37.296+0000] {processor.py:183} INFO - Processing /opt/airflow/dags/ecommerce_etl.py took 0.089 seconds
[2026-02-05T17:42:07.496+0000] {processor.py:161} INFO - Started process (PID=554) to work on /opt/airflow/dags/ecommerce_etl.py
[2026-02-05T17:42:07.497+0000] {processor.py:830} INFO - Processing file /opt/airflow/dags/ecommerce_etl.py for tasks to queue
[2026-02-05T17:42:07.497+0000] {logging_mixin.py:188} INFO - [2026-02-05T17:42:07.497+0000] {dagbag.py:538} INFO - Filling up the DagBag from /opt/airflow/dags/ecommerce_etl.py
[2026-02-05T17:42:07.516+0000] {processor.py:840} INFO - DAG(s) 'ecommerce_etl_pipeline' retrieved from /opt/airflow/dags/ecommerce_etl.py
[2026-02-05T17:42:07.540+0000] {logging_mixin.py:188} INFO - [2026-02-05T17:42:07.540+0000] {dag.py:3036} INFO - Sync 1 DAGs
[2026-02-05T17:42:07.557+0000] {logging_mixin.py:188} INFO - [2026-02-05T17:42:07.557+0000] {dag.py:3823} INFO - Setting next_dagrun for ecommerce_etl_pipeline to 2026-02-04 00:00:00+00:00, run_after=2026-02-05 00:00:00+00:00
[2026-02-05T17:42:07.575+0000] {processor.py:183} INFO - Processing /opt/airflow/dags/ecommerce_etl.py took 0.082 seconds
[2026-02-05T17:42:37.747+0000] {processor.py:161} INFO - Started process (PID=565) to work on /opt/airflow/dags/ecommerce_etl.py
[2026-02-05T17:42:37.747+0000] {processor.py:830} INFO - Processing file /opt/airflow/dags/ecommerce_etl.py for tasks to queue
[2026-02-05T17:42:37.749+0000] {logging_mixin.py:188} INFO - [2026-02-05T17:42:37.748+0000] {dagbag.py:538} INFO - Filling up the DagBag from /opt/airflow/dags/ecommerce_etl.py
[2026-02-05T17:42:37.768+0000] {processor.py:840} INFO - DAG(s) 'ecommerce_etl_pipeline' retrieved from /opt/airflow/dags/ecommerce_etl.py
[2026-02-05T17:42:37.794+0000] {logging_mixin.py:188} INFO - [2026-02-05T17:42:37.793+0000] {dag.py:3036} INFO - Sync 1 DAGs
[2026-02-05T17:42:37.811+0000] {logging_mixin.py:188} INFO - [2026-02-05T17:42:37.811+0000] {dag.py:3823} INFO - Setting next_dagrun for ecommerce_etl_pipeline to 2026-02-04 00:00:00+00:00, run_after=2026-02-05 00:00:00+00:00
[2026-02-05T17:42:37.829+0000] {processor.py:183} INFO - Processing /opt/airflow/dags/ecommerce_etl.py took 0.085 seconds
[2026-02-05T17:43:08.007+0000] {processor.py:161} INFO - Started process (PID=576) to work on /opt/airflow/dags/ecommerce_etl.py
[2026-02-05T17:43:08.007+0000] {processor.py:830} INFO - Processing file /opt/airflow/dags/ecommerce_etl.py for tasks to queue
[2026-02-05T17:43:08.008+0000] {logging_mixin.py:188} INFO - [2026-02-05T17:43:08.008+0000] {dagbag.py:538} INFO - Filling up the DagBag from /opt/airflow/dags/ecommerce_etl.py
[2026-02-05T17:43:08.026+0000] {processor.py:840} INFO - DAG(s) 'ecommerce_etl_pipeline' retrieved from /opt/airflow/dags/ecommerce_etl.py
[2026-02-05T17:43:08.052+0000] {logging_mixin.py:188} INFO - [2026-02-05T17:43:08.052+0000] {dag.py:3036} INFO - Sync 1 DAGs
[2026-02-05T17:43:08.072+0000] {logging_mixin.py:188} INFO - [2026-02-05T17:43:08.072+0000] {dag.py:3823} INFO - Setting next_dagrun for ecommerce_etl_pipeline to 2026-02-04 00:00:00+00:00, run_after=2026-02-05 00:00:00+00:00
[2026-02-05T17:43:08.097+0000] {processor.py:183} INFO - Processing /opt/airflow/dags/ecommerce_etl.py took 0.092 seconds
[2026-02-05T17:47:20.946+0000] {processor.py:161} INFO - Started process (PID=180) to work on /opt/airflow/dags/ecommerce_etl.py
[2026-02-05T17:47:20.975+0000] {processor.py:830} INFO - Processing file /opt/airflow/dags/ecommerce_etl.py for tasks to queue
[2026-02-05T17:47:20.977+0000] {logging_mixin.py:188} INFO - [2026-02-05T17:47:20.976+0000] {dagbag.py:538} INFO - Filling up the DagBag from /opt/airflow/dags/ecommerce_etl.py
[2026-02-05T17:47:21.024+0000] {processor.py:840} INFO - DAG(s) 'ecommerce_etl_pipeline' retrieved from /opt/airflow/dags/ecommerce_etl.py
[2026-02-05T17:47:21.689+0000] {logging_mixin.py:188} INFO - [2026-02-05T17:47:21.688+0000] {override.py:1769} INFO - Created Permission View: can edit on DAG:ecommerce_etl_pipeline
[2026-02-05T17:47:21.859+0000] {logging_mixin.py:188} INFO - [2026-02-05T17:47:21.859+0000] {override.py:1769} INFO - Created Permission View: can delete on DAG:ecommerce_etl_pipeline
[2026-02-05T17:47:21.982+0000] {logging_mixin.py:188} INFO - [2026-02-05T17:47:21.981+0000] {override.py:1769} INFO - Created Permission View: can read on DAG:ecommerce_etl_pipeline
[2026-02-05T17:47:21.982+0000] {logging_mixin.py:188} INFO - [2026-02-05T17:47:21.982+0000] {dag.py:3036} INFO - Sync 1 DAGs
[2026-02-05T17:47:21.991+0000] {logging_mixin.py:188} INFO - [2026-02-05T17:47:21.990+0000] {dag.py:3058} INFO - Creating ORM DAG for ecommerce_etl_pipeline
[2026-02-05T17:47:21.999+0000] {logging_mixin.py:188} INFO - [2026-02-05T17:47:21.998+0000] {dag.py:3823} INFO - Setting next_dagrun for ecommerce_etl_pipeline to 2026-02-04 00:00:00+00:00, run_after=2026-02-05 00:00:00+00:00
[2026-02-05T17:47:22.073+0000] {processor.py:183} INFO - Processing /opt/airflow/dags/ecommerce_etl.py took 1.132 seconds
[2026-02-05T17:47:52.251+0000] {processor.py:161} INFO - Started process (PID=210) to work on /opt/airflow/dags/ecommerce_etl.py
[2026-02-05T17:47:52.270+0000] {processor.py:830} INFO - Processing file /opt/airflow/dags/ecommerce_etl.py for tasks to queue
[2026-02-05T17:47:52.279+0000] {logging_mixin.py:188} INFO - [2026-02-05T17:47:52.274+0000] {dagbag.py:538} INFO - Filling up the DagBag from /opt/airflow/dags/ecommerce_etl.py
[2026-02-05T17:47:52.419+0000] {processor.py:840} INFO - DAG(s) 'ecommerce_etl_pipeline' retrieved from /opt/airflow/dags/ecommerce_etl.py
[2026-02-05T17:47:52.670+0000] {logging_mixin.py:188} INFO - [2026-02-05T17:47:52.669+0000] {dag.py:3036} INFO - Sync 1 DAGs
[2026-02-05T17:47:52.738+0000] {logging_mixin.py:188} INFO - [2026-02-05T17:47:52.737+0000] {dag.py:3823} INFO - Setting next_dagrun for ecommerce_etl_pipeline to 2026-02-04 00:00:00+00:00, run_after=2026-02-05 00:00:00+00:00
[2026-02-05T17:47:52.779+0000] {processor.py:183} INFO - Processing /opt/airflow/dags/ecommerce_etl.py took 0.541 seconds
[2026-02-05T17:48:22.989+0000] {processor.py:161} INFO - Started process (PID=221) to work on /opt/airflow/dags/ecommerce_etl.py
[2026-02-05T17:48:22.990+0000] {processor.py:830} INFO - Processing file /opt/airflow/dags/ecommerce_etl.py for tasks to queue
[2026-02-05T17:48:22.991+0000] {logging_mixin.py:188} INFO - [2026-02-05T17:48:22.991+0000] {dagbag.py:538} INFO - Filling up the DagBag from /opt/airflow/dags/ecommerce_etl.py
[2026-02-05T17:48:23.062+0000] {processor.py:840} INFO - DAG(s) 'ecommerce_etl_pipeline' retrieved from /opt/airflow/dags/ecommerce_etl.py
[2026-02-05T17:48:23.158+0000] {logging_mixin.py:188} INFO - [2026-02-05T17:48:23.158+0000] {dag.py:3036} INFO - Sync 1 DAGs
[2026-02-05T17:48:23.186+0000] {logging_mixin.py:188} INFO - [2026-02-05T17:48:23.186+0000] {dag.py:3823} INFO - Setting next_dagrun for ecommerce_etl_pipeline to 2026-02-04 00:00:00+00:00, run_after=2026-02-05 00:00:00+00:00
[2026-02-05T17:48:23.209+0000] {processor.py:183} INFO - Processing /opt/airflow/dags/ecommerce_etl.py took 0.223 seconds
[2026-02-05T17:48:53.398+0000] {processor.py:161} INFO - Started process (PID=232) to work on /opt/airflow/dags/ecommerce_etl.py
[2026-02-05T17:48:53.400+0000] {processor.py:830} INFO - Processing file /opt/airflow/dags/ecommerce_etl.py for tasks to queue
[2026-02-05T17:48:53.403+0000] {logging_mixin.py:188} INFO - [2026-02-05T17:48:53.402+0000] {dagbag.py:538} INFO - Filling up the DagBag from /opt/airflow/dags/ecommerce_etl.py
[2026-02-05T17:48:53.431+0000] {processor.py:840} INFO - DAG(s) 'ecommerce_etl_pipeline' retrieved from /opt/airflow/dags/ecommerce_etl.py
[2026-02-05T17:48:53.486+0000] {logging_mixin.py:188} INFO - [2026-02-05T17:48:53.485+0000] {dag.py:3036} INFO - Sync 1 DAGs
[2026-02-05T17:48:53.565+0000] {logging_mixin.py:188} INFO - [2026-02-05T17:48:53.565+0000] {dag.py:3823} INFO - Setting next_dagrun for ecommerce_etl_pipeline to 2026-02-04 00:00:00+00:00, run_after=2026-02-05 00:00:00+00:00
[2026-02-05T17:48:53.589+0000] {processor.py:183} INFO - Processing /opt/airflow/dags/ecommerce_etl.py took 0.194 seconds
[2026-02-05T17:49:23.786+0000] {processor.py:161} INFO - Started process (PID=250) to work on /opt/airflow/dags/ecommerce_etl.py
[2026-02-05T17:49:23.787+0000] {processor.py:830} INFO - Processing file /opt/airflow/dags/ecommerce_etl.py for tasks to queue
[2026-02-05T17:49:23.788+0000] {logging_mixin.py:188} INFO - [2026-02-05T17:49:23.787+0000] {dagbag.py:538} INFO - Filling up the DagBag from /opt/airflow/dags/ecommerce_etl.py
[2026-02-05T17:49:23.813+0000] {processor.py:840} INFO - DAG(s) 'ecommerce_etl_pipeline' retrieved from /opt/airflow/dags/ecommerce_etl.py
[2026-02-05T17:49:23.837+0000] {logging_mixin.py:188} INFO - [2026-02-05T17:49:23.837+0000] {dag.py:3036} INFO - Sync 1 DAGs
[2026-02-05T17:49:23.854+0000] {logging_mixin.py:188} INFO - [2026-02-05T17:49:23.854+0000] {dag.py:3823} INFO - Setting next_dagrun for ecommerce_etl_pipeline to 2026-02-04 00:00:00+00:00, run_after=2026-02-05 00:00:00+00:00
[2026-02-05T17:49:23.875+0000] {processor.py:183} INFO - Processing /opt/airflow/dags/ecommerce_etl.py took 0.093 seconds
[2026-02-05T17:49:54.010+0000] {processor.py:161} INFO - Started process (PID=264) to work on /opt/airflow/dags/ecommerce_etl.py
[2026-02-05T17:49:54.011+0000] {processor.py:830} INFO - Processing file /opt/airflow/dags/ecommerce_etl.py for tasks to queue
[2026-02-05T17:49:54.012+0000] {logging_mixin.py:188} INFO - [2026-02-05T17:49:54.012+0000] {dagbag.py:538} INFO - Filling up the DagBag from /opt/airflow/dags/ecommerce_etl.py
[2026-02-05T17:49:54.103+0000] {processor.py:840} INFO - DAG(s) 'ecommerce_etl_pipeline' retrieved from /opt/airflow/dags/ecommerce_etl.py
[2026-02-05T17:49:54.214+0000] {logging_mixin.py:188} INFO - [2026-02-05T17:49:54.214+0000] {dag.py:3036} INFO - Sync 1 DAGs
[2026-02-05T17:49:54.309+0000] {logging_mixin.py:188} INFO - [2026-02-05T17:49:54.309+0000] {dag.py:3823} INFO - Setting next_dagrun for ecommerce_etl_pipeline to 2026-02-04 00:00:00+00:00, run_after=2026-02-05 00:00:00+00:00
[2026-02-05T17:49:54.351+0000] {processor.py:183} INFO - Processing /opt/airflow/dags/ecommerce_etl.py took 0.351 seconds
[2026-02-05T17:50:24.572+0000] {processor.py:161} INFO - Started process (PID=289) to work on /opt/airflow/dags/ecommerce_etl.py
[2026-02-05T17:50:24.573+0000] {processor.py:830} INFO - Processing file /opt/airflow/dags/ecommerce_etl.py for tasks to queue
[2026-02-05T17:50:24.574+0000] {logging_mixin.py:188} INFO - [2026-02-05T17:50:24.574+0000] {dagbag.py:538} INFO - Filling up the DagBag from /opt/airflow/dags/ecommerce_etl.py
[2026-02-05T17:50:24.599+0000] {processor.py:840} INFO - DAG(s) 'ecommerce_etl_pipeline' retrieved from /opt/airflow/dags/ecommerce_etl.py
[2026-02-05T17:50:24.627+0000] {logging_mixin.py:188} INFO - [2026-02-05T17:50:24.627+0000] {dag.py:3036} INFO - Sync 1 DAGs
[2026-02-05T17:50:24.652+0000] {logging_mixin.py:188} INFO - [2026-02-05T17:50:24.652+0000] {dag.py:3823} INFO - Setting next_dagrun for ecommerce_etl_pipeline to 2026-02-04 00:00:00+00:00, run_after=2026-02-05 00:00:00+00:00
[2026-02-05T17:50:24.673+0000] {processor.py:183} INFO - Processing /opt/airflow/dags/ecommerce_etl.py took 0.105 seconds
[2026-02-05T17:50:54.879+0000] {processor.py:161} INFO - Started process (PID=300) to work on /opt/airflow/dags/ecommerce_etl.py
[2026-02-05T17:50:54.881+0000] {processor.py:830} INFO - Processing file /opt/airflow/dags/ecommerce_etl.py for tasks to queue
[2026-02-05T17:50:54.882+0000] {logging_mixin.py:188} INFO - [2026-02-05T17:50:54.881+0000] {dagbag.py:538} INFO - Filling up the DagBag from /opt/airflow/dags/ecommerce_etl.py
[2026-02-05T17:50:54.912+0000] {processor.py:840} INFO - DAG(s) 'ecommerce_etl_pipeline' retrieved from /opt/airflow/dags/ecommerce_etl.py
[2026-02-05T17:50:54.962+0000] {logging_mixin.py:188} INFO - [2026-02-05T17:50:54.962+0000] {dag.py:3036} INFO - Sync 1 DAGs
[2026-02-05T17:50:55.040+0000] {logging_mixin.py:188} INFO - [2026-02-05T17:50:55.039+0000] {dag.py:3823} INFO - Setting next_dagrun for ecommerce_etl_pipeline to 2026-02-04 00:00:00+00:00, run_after=2026-02-05 00:00:00+00:00
[2026-02-05T17:50:55.370+0000] {processor.py:183} INFO - Processing /opt/airflow/dags/ecommerce_etl.py took 0.494 seconds
[2026-02-05T17:51:25.692+0000] {processor.py:161} INFO - Started process (PID=311) to work on /opt/airflow/dags/ecommerce_etl.py
[2026-02-05T17:51:25.693+0000] {processor.py:830} INFO - Processing file /opt/airflow/dags/ecommerce_etl.py for tasks to queue
[2026-02-05T17:51:25.694+0000] {logging_mixin.py:188} INFO - [2026-02-05T17:51:25.694+0000] {dagbag.py:538} INFO - Filling up the DagBag from /opt/airflow/dags/ecommerce_etl.py
[2026-02-05T17:51:25.723+0000] {processor.py:840} INFO - DAG(s) 'ecommerce_etl_pipeline' retrieved from /opt/airflow/dags/ecommerce_etl.py
[2026-02-05T17:51:25.755+0000] {logging_mixin.py:188} INFO - [2026-02-05T17:51:25.754+0000] {dag.py:3036} INFO - Sync 1 DAGs
[2026-02-05T17:51:25.777+0000] {logging_mixin.py:188} INFO - [2026-02-05T17:51:25.776+0000] {dag.py:3823} INFO - Setting next_dagrun for ecommerce_etl_pipeline to 2026-02-04 00:00:00+00:00, run_after=2026-02-05 00:00:00+00:00
[2026-02-05T17:51:25.797+0000] {processor.py:183} INFO - Processing /opt/airflow/dags/ecommerce_etl.py took 0.126 seconds
[2026-02-05T17:51:55.859+0000] {processor.py:161} INFO - Started process (PID=323) to work on /opt/airflow/dags/ecommerce_etl.py
[2026-02-05T17:51:55.860+0000] {processor.py:830} INFO - Processing file /opt/airflow/dags/ecommerce_etl.py for tasks to queue
[2026-02-05T17:51:55.861+0000] {logging_mixin.py:188} INFO - [2026-02-05T17:51:55.861+0000] {dagbag.py:538} INFO - Filling up the DagBag from /opt/airflow/dags/ecommerce_etl.py
[2026-02-05T17:51:55.883+0000] {processor.py:840} INFO - DAG(s) 'ecommerce_etl_pipeline' retrieved from /opt/airflow/dags/ecommerce_etl.py
[2026-02-05T17:51:55.907+0000] {logging_mixin.py:188} INFO - [2026-02-05T17:51:55.907+0000] {dag.py:3036} INFO - Sync 1 DAGs
[2026-02-05T17:51:55.927+0000] {logging_mixin.py:188} INFO - [2026-02-05T17:51:55.926+0000] {dag.py:3823} INFO - Setting next_dagrun for ecommerce_etl_pipeline to 2026-02-04 00:00:00+00:00, run_after=2026-02-05 00:00:00+00:00
[2026-02-05T17:51:55.943+0000] {processor.py:183} INFO - Processing /opt/airflow/dags/ecommerce_etl.py took 0.087 seconds
[2026-02-05T17:52:26.108+0000] {processor.py:161} INFO - Started process (PID=334) to work on /opt/airflow/dags/ecommerce_etl.py
[2026-02-05T17:52:26.109+0000] {processor.py:830} INFO - Processing file /opt/airflow/dags/ecommerce_etl.py for tasks to queue
[2026-02-05T17:52:26.110+0000] {logging_mixin.py:188} INFO - [2026-02-05T17:52:26.110+0000] {dagbag.py:538} INFO - Filling up the DagBag from /opt/airflow/dags/ecommerce_etl.py
[2026-02-05T17:52:26.130+0000] {processor.py:840} INFO - DAG(s) 'ecommerce_etl_pipeline' retrieved from /opt/airflow/dags/ecommerce_etl.py
[2026-02-05T17:52:26.154+0000] {logging_mixin.py:188} INFO - [2026-02-05T17:52:26.154+0000] {dag.py:3036} INFO - Sync 1 DAGs
[2026-02-05T17:52:26.171+0000] {logging_mixin.py:188} INFO - [2026-02-05T17:52:26.170+0000] {dag.py:3823} INFO - Setting next_dagrun for ecommerce_etl_pipeline to 2026-02-04 00:00:00+00:00, run_after=2026-02-05 00:00:00+00:00
[2026-02-05T17:52:26.187+0000] {processor.py:183} INFO - Processing /opt/airflow/dags/ecommerce_etl.py took 0.081 seconds
[2026-02-05T17:52:56.319+0000] {processor.py:161} INFO - Started process (PID=345) to work on /opt/airflow/dags/ecommerce_etl.py
[2026-02-05T17:52:56.321+0000] {processor.py:830} INFO - Processing file /opt/airflow/dags/ecommerce_etl.py for tasks to queue
[2026-02-05T17:52:56.322+0000] {logging_mixin.py:188} INFO - [2026-02-05T17:52:56.322+0000] {dagbag.py:538} INFO - Filling up the DagBag from /opt/airflow/dags/ecommerce_etl.py
[2026-02-05T17:52:56.346+0000] {processor.py:840} INFO - DAG(s) 'ecommerce_etl_pipeline' retrieved from /opt/airflow/dags/ecommerce_etl.py
[2026-02-05T17:52:56.377+0000] {logging_mixin.py:188} INFO - [2026-02-05T17:52:56.377+0000] {dag.py:3036} INFO - Sync 1 DAGs
[2026-02-05T17:52:56.400+0000] {logging_mixin.py:188} INFO - [2026-02-05T17:52:56.400+0000] {dag.py:3823} INFO - Setting next_dagrun for ecommerce_etl_pipeline to 2026-02-04 00:00:00+00:00, run_after=2026-02-05 00:00:00+00:00
[2026-02-05T17:52:56.438+0000] {processor.py:183} INFO - Processing /opt/airflow/dags/ecommerce_etl.py took 0.122 seconds
[2026-02-05T17:53:26.559+0000] {processor.py:161} INFO - Started process (PID=423) to work on /opt/airflow/dags/ecommerce_etl.py
[2026-02-05T17:53:26.560+0000] {processor.py:830} INFO - Processing file /opt/airflow/dags/ecommerce_etl.py for tasks to queue
[2026-02-05T17:53:26.561+0000] {logging_mixin.py:188} INFO - [2026-02-05T17:53:26.561+0000] {dagbag.py:538} INFO - Filling up the DagBag from /opt/airflow/dags/ecommerce_etl.py
[2026-02-05T17:53:26.587+0000] {processor.py:840} INFO - DAG(s) 'ecommerce_etl_pipeline' retrieved from /opt/airflow/dags/ecommerce_etl.py
[2026-02-05T17:53:26.614+0000] {logging_mixin.py:188} INFO - [2026-02-05T17:53:26.613+0000] {dag.py:3036} INFO - Sync 1 DAGs
[2026-02-05T17:53:26.638+0000] {logging_mixin.py:188} INFO - [2026-02-05T17:53:26.638+0000] {dag.py:3823} INFO - Setting next_dagrun for ecommerce_etl_pipeline to 2026-02-05 00:00:00+00:00, run_after=2026-02-06 00:00:00+00:00
[2026-02-05T17:53:26.658+0000] {processor.py:183} INFO - Processing /opt/airflow/dags/ecommerce_etl.py took 0.102 seconds
[2026-02-05T17:53:56.805+0000] {processor.py:161} INFO - Started process (PID=434) to work on /opt/airflow/dags/ecommerce_etl.py
[2026-02-05T17:53:56.806+0000] {processor.py:830} INFO - Processing file /opt/airflow/dags/ecommerce_etl.py for tasks to queue
[2026-02-05T17:53:56.807+0000] {logging_mixin.py:188} INFO - [2026-02-05T17:53:56.807+0000] {dagbag.py:538} INFO - Filling up the DagBag from /opt/airflow/dags/ecommerce_etl.py
[2026-02-05T17:53:56.828+0000] {processor.py:840} INFO - DAG(s) 'ecommerce_etl_pipeline' retrieved from /opt/airflow/dags/ecommerce_etl.py
[2026-02-05T17:53:56.857+0000] {logging_mixin.py:188} INFO - [2026-02-05T17:53:56.857+0000] {dag.py:3036} INFO - Sync 1 DAGs
[2026-02-05T17:53:56.878+0000] {logging_mixin.py:188} INFO - [2026-02-05T17:53:56.878+0000] {dag.py:3823} INFO - Setting next_dagrun for ecommerce_etl_pipeline to 2026-02-05 00:00:00+00:00, run_after=2026-02-06 00:00:00+00:00
[2026-02-05T17:53:56.895+0000] {processor.py:183} INFO - Processing /opt/airflow/dags/ecommerce_etl.py took 0.093 seconds
[2026-02-05T17:54:27.087+0000] {processor.py:161} INFO - Started process (PID=445) to work on /opt/airflow/dags/ecommerce_etl.py
[2026-02-05T17:54:27.088+0000] {processor.py:830} INFO - Processing file /opt/airflow/dags/ecommerce_etl.py for tasks to queue
[2026-02-05T17:54:27.089+0000] {logging_mixin.py:188} INFO - [2026-02-05T17:54:27.089+0000] {dagbag.py:538} INFO - Filling up the DagBag from /opt/airflow/dags/ecommerce_etl.py
[2026-02-05T17:54:27.108+0000] {processor.py:840} INFO - DAG(s) 'ecommerce_etl_pipeline' retrieved from /opt/airflow/dags/ecommerce_etl.py
[2026-02-05T17:54:27.135+0000] {logging_mixin.py:188} INFO - [2026-02-05T17:54:27.135+0000] {dag.py:3036} INFO - Sync 1 DAGs
[2026-02-05T17:54:27.155+0000] {logging_mixin.py:188} INFO - [2026-02-05T17:54:27.154+0000] {dag.py:3823} INFO - Setting next_dagrun for ecommerce_etl_pipeline to 2026-02-05 00:00:00+00:00, run_after=2026-02-06 00:00:00+00:00
[2026-02-05T17:54:27.172+0000] {processor.py:183} INFO - Processing /opt/airflow/dags/ecommerce_etl.py took 0.088 seconds
[2026-02-05T17:54:57.371+0000] {processor.py:161} INFO - Started process (PID=456) to work on /opt/airflow/dags/ecommerce_etl.py
[2026-02-05T17:54:57.372+0000] {processor.py:830} INFO - Processing file /opt/airflow/dags/ecommerce_etl.py for tasks to queue
[2026-02-05T17:54:57.373+0000] {logging_mixin.py:188} INFO - [2026-02-05T17:54:57.373+0000] {dagbag.py:538} INFO - Filling up the DagBag from /opt/airflow/dags/ecommerce_etl.py
[2026-02-05T17:54:57.400+0000] {processor.py:840} INFO - DAG(s) 'ecommerce_etl_pipeline' retrieved from /opt/airflow/dags/ecommerce_etl.py
[2026-02-05T17:54:57.429+0000] {logging_mixin.py:188} INFO - [2026-02-05T17:54:57.429+0000] {dag.py:3036} INFO - Sync 1 DAGs
[2026-02-05T17:54:57.450+0000] {logging_mixin.py:188} INFO - [2026-02-05T17:54:57.450+0000] {dag.py:3823} INFO - Setting next_dagrun for ecommerce_etl_pipeline to 2026-02-05 00:00:00+00:00, run_after=2026-02-06 00:00:00+00:00
[2026-02-05T17:54:57.469+0000] {processor.py:183} INFO - Processing /opt/airflow/dags/ecommerce_etl.py took 0.100 seconds
[2026-02-05T17:55:27.637+0000] {processor.py:161} INFO - Started process (PID=467) to work on /opt/airflow/dags/ecommerce_etl.py
[2026-02-05T17:55:27.638+0000] {processor.py:830} INFO - Processing file /opt/airflow/dags/ecommerce_etl.py for tasks to queue
[2026-02-05T17:55:27.639+0000] {logging_mixin.py:188} INFO - [2026-02-05T17:55:27.638+0000] {dagbag.py:538} INFO - Filling up the DagBag from /opt/airflow/dags/ecommerce_etl.py
[2026-02-05T17:55:27.657+0000] {processor.py:840} INFO - DAG(s) 'ecommerce_etl_pipeline' retrieved from /opt/airflow/dags/ecommerce_etl.py
[2026-02-05T17:55:27.684+0000] {logging_mixin.py:188} INFO - [2026-02-05T17:55:27.683+0000] {dag.py:3036} INFO - Sync 1 DAGs
[2026-02-05T17:55:27.703+0000] {logging_mixin.py:188} INFO - [2026-02-05T17:55:27.703+0000] {dag.py:3823} INFO - Setting next_dagrun for ecommerce_etl_pipeline to 2026-02-05 00:00:00+00:00, run_after=2026-02-06 00:00:00+00:00
[2026-02-05T17:55:27.722+0000] {processor.py:183} INFO - Processing /opt/airflow/dags/ecommerce_etl.py took 0.088 seconds
[2026-02-05T17:55:57.932+0000] {processor.py:161} INFO - Started process (PID=478) to work on /opt/airflow/dags/ecommerce_etl.py
[2026-02-05T17:55:57.933+0000] {processor.py:830} INFO - Processing file /opt/airflow/dags/ecommerce_etl.py for tasks to queue
[2026-02-05T17:55:57.935+0000] {logging_mixin.py:188} INFO - [2026-02-05T17:55:57.934+0000] {dagbag.py:538} INFO - Filling up the DagBag from /opt/airflow/dags/ecommerce_etl.py
[2026-02-05T17:55:57.962+0000] {processor.py:840} INFO - DAG(s) 'ecommerce_etl_pipeline' retrieved from /opt/airflow/dags/ecommerce_etl.py
[2026-02-05T17:55:57.999+0000] {logging_mixin.py:188} INFO - [2026-02-05T17:55:57.999+0000] {dag.py:3036} INFO - Sync 1 DAGs
[2026-02-05T17:55:58.037+0000] {logging_mixin.py:188} INFO - [2026-02-05T17:55:58.037+0000] {dag.py:3823} INFO - Setting next_dagrun for ecommerce_etl_pipeline to 2026-02-05 00:00:00+00:00, run_after=2026-02-06 00:00:00+00:00
[2026-02-05T17:55:58.064+0000] {processor.py:183} INFO - Processing /opt/airflow/dags/ecommerce_etl.py took 0.136 seconds
[2026-02-05T17:56:28.128+0000] {processor.py:161} INFO - Started process (PID=489) to work on /opt/airflow/dags/ecommerce_etl.py
[2026-02-05T17:56:28.130+0000] {processor.py:830} INFO - Processing file /opt/airflow/dags/ecommerce_etl.py for tasks to queue
[2026-02-05T17:56:28.131+0000] {logging_mixin.py:188} INFO - [2026-02-05T17:56:28.130+0000] {dagbag.py:538} INFO - Filling up the DagBag from /opt/airflow/dags/ecommerce_etl.py
[2026-02-05T17:56:28.152+0000] {processor.py:840} INFO - DAG(s) 'ecommerce_etl_pipeline' retrieved from /opt/airflow/dags/ecommerce_etl.py
[2026-02-05T17:56:28.181+0000] {logging_mixin.py:188} INFO - [2026-02-05T17:56:28.181+0000] {dag.py:3036} INFO - Sync 1 DAGs
[2026-02-05T17:56:28.201+0000] {logging_mixin.py:188} INFO - [2026-02-05T17:56:28.201+0000] {dag.py:3823} INFO - Setting next_dagrun for ecommerce_etl_pipeline to 2026-02-05 00:00:00+00:00, run_after=2026-02-06 00:00:00+00:00
[2026-02-05T17:56:28.222+0000] {processor.py:183} INFO - Processing /opt/airflow/dags/ecommerce_etl.py took 0.097 seconds
[2026-02-05T17:56:58.439+0000] {processor.py:161} INFO - Started process (PID=501) to work on /opt/airflow/dags/ecommerce_etl.py
[2026-02-05T17:56:58.440+0000] {processor.py:830} INFO - Processing file /opt/airflow/dags/ecommerce_etl.py for tasks to queue
[2026-02-05T17:56:58.441+0000] {logging_mixin.py:188} INFO - [2026-02-05T17:56:58.440+0000] {dagbag.py:538} INFO - Filling up the DagBag from /opt/airflow/dags/ecommerce_etl.py
[2026-02-05T17:56:58.464+0000] {processor.py:840} INFO - DAG(s) 'ecommerce_etl_pipeline' retrieved from /opt/airflow/dags/ecommerce_etl.py
[2026-02-05T17:56:58.498+0000] {logging_mixin.py:188} INFO - [2026-02-05T17:56:58.497+0000] {dag.py:3036} INFO - Sync 1 DAGs
[2026-02-05T17:56:58.520+0000] {logging_mixin.py:188} INFO - [2026-02-05T17:56:58.519+0000] {dag.py:3823} INFO - Setting next_dagrun for ecommerce_etl_pipeline to 2026-02-05 00:00:00+00:00, run_after=2026-02-06 00:00:00+00:00
[2026-02-05T17:56:58.541+0000] {processor.py:183} INFO - Processing /opt/airflow/dags/ecommerce_etl.py took 0.104 seconds
[2026-02-05T17:57:28.852+0000] {processor.py:161} INFO - Started process (PID=512) to work on /opt/airflow/dags/ecommerce_etl.py
[2026-02-05T17:57:28.853+0000] {processor.py:830} INFO - Processing file /opt/airflow/dags/ecommerce_etl.py for tasks to queue
[2026-02-05T17:57:28.854+0000] {logging_mixin.py:188} INFO - [2026-02-05T17:57:28.854+0000] {dagbag.py:538} INFO - Filling up the DagBag from /opt/airflow/dags/ecommerce_etl.py
[2026-02-05T17:57:28.876+0000] {processor.py:840} INFO - DAG(s) 'ecommerce_etl_pipeline' retrieved from /opt/airflow/dags/ecommerce_etl.py
[2026-02-05T17:57:28.904+0000] {logging_mixin.py:188} INFO - [2026-02-05T17:57:28.904+0000] {dag.py:3036} INFO - Sync 1 DAGs
[2026-02-05T17:57:28.925+0000] {logging_mixin.py:188} INFO - [2026-02-05T17:57:28.925+0000] {dag.py:3823} INFO - Setting next_dagrun for ecommerce_etl_pipeline to 2026-02-05 00:00:00+00:00, run_after=2026-02-06 00:00:00+00:00
[2026-02-05T17:57:28.945+0000] {processor.py:183} INFO - Processing /opt/airflow/dags/ecommerce_etl.py took 0.095 seconds
[2026-02-05T17:57:59.148+0000] {processor.py:161} INFO - Started process (PID=523) to work on /opt/airflow/dags/ecommerce_etl.py
[2026-02-05T17:57:59.149+0000] {processor.py:830} INFO - Processing file /opt/airflow/dags/ecommerce_etl.py for tasks to queue
[2026-02-05T17:57:59.150+0000] {logging_mixin.py:188} INFO - [2026-02-05T17:57:59.150+0000] {dagbag.py:538} INFO - Filling up the DagBag from /opt/airflow/dags/ecommerce_etl.py
[2026-02-05T17:57:59.173+0000] {processor.py:840} INFO - DAG(s) 'ecommerce_etl_pipeline' retrieved from /opt/airflow/dags/ecommerce_etl.py
[2026-02-05T17:57:59.205+0000] {logging_mixin.py:188} INFO - [2026-02-05T17:57:59.205+0000] {dag.py:3036} INFO - Sync 1 DAGs
[2026-02-05T17:57:59.226+0000] {logging_mixin.py:188} INFO - [2026-02-05T17:57:59.226+0000] {dag.py:3823} INFO - Setting next_dagrun for ecommerce_etl_pipeline to 2026-02-05 00:00:00+00:00, run_after=2026-02-06 00:00:00+00:00
[2026-02-05T17:57:59.246+0000] {processor.py:183} INFO - Processing /opt/airflow/dags/ecommerce_etl.py took 0.101 seconds
[2026-02-05T17:58:29.536+0000] {processor.py:161} INFO - Started process (PID=610) to work on /opt/airflow/dags/ecommerce_etl.py
[2026-02-05T17:58:29.537+0000] {processor.py:830} INFO - Processing file /opt/airflow/dags/ecommerce_etl.py for tasks to queue
[2026-02-05T17:58:29.538+0000] {logging_mixin.py:188} INFO - [2026-02-05T17:58:29.538+0000] {dagbag.py:538} INFO - Filling up the DagBag from /opt/airflow/dags/ecommerce_etl.py
[2026-02-05T17:58:29.570+0000] {processor.py:840} INFO - DAG(s) 'ecommerce_etl_pipeline' retrieved from /opt/airflow/dags/ecommerce_etl.py
[2026-02-05T17:58:29.598+0000] {logging_mixin.py:188} INFO - [2026-02-05T17:58:29.597+0000] {dag.py:3036} INFO - Sync 1 DAGs
[2026-02-05T17:58:29.617+0000] {logging_mixin.py:188} INFO - [2026-02-05T17:58:29.616+0000] {dag.py:3823} INFO - Setting next_dagrun for ecommerce_etl_pipeline to 2026-02-05 00:00:00+00:00, run_after=2026-02-06 00:00:00+00:00
[2026-02-05T17:58:29.637+0000] {processor.py:183} INFO - Processing /opt/airflow/dags/ecommerce_etl.py took 0.104 seconds
[2026-02-05T17:58:59.888+0000] {processor.py:161} INFO - Started process (PID=621) to work on /opt/airflow/dags/ecommerce_etl.py
[2026-02-05T17:58:59.890+0000] {processor.py:830} INFO - Processing file /opt/airflow/dags/ecommerce_etl.py for tasks to queue
[2026-02-05T17:58:59.894+0000] {logging_mixin.py:188} INFO - [2026-02-05T17:58:59.893+0000] {dagbag.py:538} INFO - Filling up the DagBag from /opt/airflow/dags/ecommerce_etl.py
[2026-02-05T17:58:59.964+0000] {processor.py:840} INFO - DAG(s) 'ecommerce_etl_pipeline' retrieved from /opt/airflow/dags/ecommerce_etl.py
[2026-02-05T17:59:00.008+0000] {logging_mixin.py:188} INFO - [2026-02-05T17:59:00.007+0000] {dag.py:3036} INFO - Sync 1 DAGs
[2026-02-05T17:59:00.037+0000] {logging_mixin.py:188} INFO - [2026-02-05T17:59:00.036+0000] {dag.py:3823} INFO - Setting next_dagrun for ecommerce_etl_pipeline to 2026-02-05 00:00:00+00:00, run_after=2026-02-06 00:00:00+00:00
[2026-02-05T17:59:00.065+0000] {processor.py:183} INFO - Processing /opt/airflow/dags/ecommerce_etl.py took 0.186 seconds
[2026-02-05T17:59:30.271+0000] {processor.py:161} INFO - Started process (PID=632) to work on /opt/airflow/dags/ecommerce_etl.py
[2026-02-05T17:59:30.273+0000] {processor.py:830} INFO - Processing file /opt/airflow/dags/ecommerce_etl.py for tasks to queue
[2026-02-05T17:59:30.274+0000] {logging_mixin.py:188} INFO - [2026-02-05T17:59:30.274+0000] {dagbag.py:538} INFO - Filling up the DagBag from /opt/airflow/dags/ecommerce_etl.py
[2026-02-05T17:59:30.301+0000] {processor.py:840} INFO - DAG(s) 'ecommerce_etl_pipeline' retrieved from /opt/airflow/dags/ecommerce_etl.py
[2026-02-05T17:59:30.339+0000] {logging_mixin.py:188} INFO - [2026-02-05T17:59:30.339+0000] {dag.py:3036} INFO - Sync 1 DAGs
[2026-02-05T17:59:30.365+0000] {logging_mixin.py:188} INFO - [2026-02-05T17:59:30.365+0000] {dag.py:3823} INFO - Setting next_dagrun for ecommerce_etl_pipeline to 2026-02-05 00:00:00+00:00, run_after=2026-02-06 00:00:00+00:00
[2026-02-05T17:59:30.388+0000] {processor.py:183} INFO - Processing /opt/airflow/dags/ecommerce_etl.py took 0.121 seconds
[2026-02-05T18:00:00.453+0000] {processor.py:161} INFO - Started process (PID=643) to work on /opt/airflow/dags/ecommerce_etl.py
[2026-02-05T18:00:00.454+0000] {processor.py:830} INFO - Processing file /opt/airflow/dags/ecommerce_etl.py for tasks to queue
[2026-02-05T18:00:00.455+0000] {logging_mixin.py:188} INFO - [2026-02-05T18:00:00.455+0000] {dagbag.py:538} INFO - Filling up the DagBag from /opt/airflow/dags/ecommerce_etl.py
[2026-02-05T18:00:00.480+0000] {processor.py:840} INFO - DAG(s) 'ecommerce_etl_pipeline' retrieved from /opt/airflow/dags/ecommerce_etl.py
[2026-02-05T18:00:00.518+0000] {logging_mixin.py:188} INFO - [2026-02-05T18:00:00.517+0000] {dag.py:3036} INFO - Sync 1 DAGs
[2026-02-05T18:00:00.542+0000] {logging_mixin.py:188} INFO - [2026-02-05T18:00:00.542+0000] {dag.py:3823} INFO - Setting next_dagrun for ecommerce_etl_pipeline to 2026-02-05 00:00:00+00:00, run_after=2026-02-06 00:00:00+00:00
[2026-02-05T18:00:00.564+0000] {processor.py:183} INFO - Processing /opt/airflow/dags/ecommerce_etl.py took 0.114 seconds
[2026-02-05T18:00:30.770+0000] {processor.py:161} INFO - Started process (PID=654) to work on /opt/airflow/dags/ecommerce_etl.py
[2026-02-05T18:00:30.771+0000] {processor.py:830} INFO - Processing file /opt/airflow/dags/ecommerce_etl.py for tasks to queue
[2026-02-05T18:00:30.773+0000] {logging_mixin.py:188} INFO - [2026-02-05T18:00:30.772+0000] {dagbag.py:538} INFO - Filling up the DagBag from /opt/airflow/dags/ecommerce_etl.py
[2026-02-05T18:00:30.802+0000] {processor.py:840} INFO - DAG(s) 'ecommerce_etl_pipeline' retrieved from /opt/airflow/dags/ecommerce_etl.py
[2026-02-05T18:00:30.834+0000] {logging_mixin.py:188} INFO - [2026-02-05T18:00:30.833+0000] {dag.py:3036} INFO - Sync 1 DAGs
[2026-02-05T18:00:30.859+0000] {logging_mixin.py:188} INFO - [2026-02-05T18:00:30.858+0000] {dag.py:3823} INFO - Setting next_dagrun for ecommerce_etl_pipeline to 2026-02-05 00:00:00+00:00, run_after=2026-02-06 00:00:00+00:00
[2026-02-05T18:00:30.879+0000] {processor.py:183} INFO - Processing /opt/airflow/dags/ecommerce_etl.py took 0.112 seconds
[2026-02-05T18:01:00.970+0000] {processor.py:161} INFO - Started process (PID=665) to work on /opt/airflow/dags/ecommerce_etl.py
[2026-02-05T18:01:00.971+0000] {processor.py:830} INFO - Processing file /opt/airflow/dags/ecommerce_etl.py for tasks to queue
[2026-02-05T18:01:00.972+0000] {logging_mixin.py:188} INFO - [2026-02-05T18:01:00.972+0000] {dagbag.py:538} INFO - Filling up the DagBag from /opt/airflow/dags/ecommerce_etl.py
[2026-02-05T18:01:00.999+0000] {processor.py:840} INFO - DAG(s) 'ecommerce_etl_pipeline' retrieved from /opt/airflow/dags/ecommerce_etl.py
[2026-02-05T18:01:01.034+0000] {logging_mixin.py:188} INFO - [2026-02-05T18:01:01.034+0000] {dag.py:3036} INFO - Sync 1 DAGs
[2026-02-05T18:01:01.061+0000] {logging_mixin.py:188} INFO - [2026-02-05T18:01:01.061+0000] {dag.py:3823} INFO - Setting next_dagrun for ecommerce_etl_pipeline to 2026-02-05 00:00:00+00:00, run_after=2026-02-06 00:00:00+00:00
[2026-02-05T18:01:01.089+0000] {processor.py:183} INFO - Processing /opt/airflow/dags/ecommerce_etl.py took 0.123 seconds
[2026-02-05T18:01:31.282+0000] {processor.py:161} INFO - Started process (PID=676) to work on /opt/airflow/dags/ecommerce_etl.py
[2026-02-05T18:01:31.283+0000] {processor.py:830} INFO - Processing file /opt/airflow/dags/ecommerce_etl.py for tasks to queue
[2026-02-05T18:01:31.284+0000] {logging_mixin.py:188} INFO - [2026-02-05T18:01:31.284+0000] {dagbag.py:538} INFO - Filling up the DagBag from /opt/airflow/dags/ecommerce_etl.py
[2026-02-05T18:01:31.309+0000] {processor.py:840} INFO - DAG(s) 'ecommerce_etl_pipeline' retrieved from /opt/airflow/dags/ecommerce_etl.py
[2026-02-05T18:01:31.350+0000] {logging_mixin.py:188} INFO - [2026-02-05T18:01:31.349+0000] {dag.py:3036} INFO - Sync 1 DAGs
[2026-02-05T18:01:31.379+0000] {logging_mixin.py:188} INFO - [2026-02-05T18:01:31.379+0000] {dag.py:3823} INFO - Setting next_dagrun for ecommerce_etl_pipeline to 2026-02-05 00:00:00+00:00, run_after=2026-02-06 00:00:00+00:00
[2026-02-05T18:01:31.407+0000] {processor.py:183} INFO - Processing /opt/airflow/dags/ecommerce_etl.py took 0.128 seconds
[2026-02-05T18:02:01.473+0000] {processor.py:161} INFO - Started process (PID=687) to work on /opt/airflow/dags/ecommerce_etl.py
[2026-02-05T18:02:01.475+0000] {processor.py:830} INFO - Processing file /opt/airflow/dags/ecommerce_etl.py for tasks to queue
[2026-02-05T18:02:01.476+0000] {logging_mixin.py:188} INFO - [2026-02-05T18:02:01.475+0000] {dagbag.py:538} INFO - Filling up the DagBag from /opt/airflow/dags/ecommerce_etl.py
[2026-02-05T18:02:01.522+0000] {processor.py:840} INFO - DAG(s) 'ecommerce_etl_pipeline' retrieved from /opt/airflow/dags/ecommerce_etl.py
[2026-02-05T18:02:01.566+0000] {logging_mixin.py:188} INFO - [2026-02-05T18:02:01.566+0000] {dag.py:3036} INFO - Sync 1 DAGs
[2026-02-05T18:02:01.596+0000] {logging_mixin.py:188} INFO - [2026-02-05T18:02:01.596+0000] {dag.py:3823} INFO - Setting next_dagrun for ecommerce_etl_pipeline to 2026-02-05 00:00:00+00:00, run_after=2026-02-06 00:00:00+00:00
[2026-02-05T18:02:01.618+0000] {processor.py:183} INFO - Processing /opt/airflow/dags/ecommerce_etl.py took 0.149 seconds
[2026-02-05T18:02:31.908+0000] {processor.py:161} INFO - Started process (PID=698) to work on /opt/airflow/dags/ecommerce_etl.py
[2026-02-05T18:02:31.909+0000] {processor.py:830} INFO - Processing file /opt/airflow/dags/ecommerce_etl.py for tasks to queue
[2026-02-05T18:02:31.911+0000] {logging_mixin.py:188} INFO - [2026-02-05T18:02:31.910+0000] {dagbag.py:538} INFO - Filling up the DagBag from /opt/airflow/dags/ecommerce_etl.py
[2026-02-05T18:02:31.938+0000] {processor.py:840} INFO - DAG(s) 'ecommerce_etl_pipeline' retrieved from /opt/airflow/dags/ecommerce_etl.py
[2026-02-05T18:02:31.975+0000] {logging_mixin.py:188} INFO - [2026-02-05T18:02:31.974+0000] {dag.py:3036} INFO - Sync 1 DAGs
[2026-02-05T18:02:32.000+0000] {logging_mixin.py:188} INFO - [2026-02-05T18:02:31.999+0000] {dag.py:3823} INFO - Setting next_dagrun for ecommerce_etl_pipeline to 2026-02-05 00:00:00+00:00, run_after=2026-02-06 00:00:00+00:00
[2026-02-05T18:02:32.027+0000] {processor.py:183} INFO - Processing /opt/airflow/dags/ecommerce_etl.py took 0.123 seconds
[2026-02-05T18:03:02.144+0000] {processor.py:161} INFO - Started process (PID=709) to work on /opt/airflow/dags/ecommerce_etl.py
[2026-02-05T18:03:02.146+0000] {processor.py:830} INFO - Processing file /opt/airflow/dags/ecommerce_etl.py for tasks to queue
[2026-02-05T18:03:02.148+0000] {logging_mixin.py:188} INFO - [2026-02-05T18:03:02.148+0000] {dagbag.py:538} INFO - Filling up the DagBag from /opt/airflow/dags/ecommerce_etl.py
[2026-02-05T18:03:02.192+0000] {processor.py:840} INFO - DAG(s) 'ecommerce_etl_pipeline' retrieved from /opt/airflow/dags/ecommerce_etl.py
[2026-02-05T18:03:02.234+0000] {logging_mixin.py:188} INFO - [2026-02-05T18:03:02.234+0000] {dag.py:3036} INFO - Sync 1 DAGs
[2026-02-05T18:03:02.271+0000] {logging_mixin.py:188} INFO - [2026-02-05T18:03:02.271+0000] {dag.py:3823} INFO - Setting next_dagrun for ecommerce_etl_pipeline to 2026-02-05 00:00:00+00:00, run_after=2026-02-06 00:00:00+00:00
[2026-02-05T18:03:02.304+0000] {processor.py:183} INFO - Processing /opt/airflow/dags/ecommerce_etl.py took 0.164 seconds
[2026-02-05T18:03:32.426+0000] {processor.py:161} INFO - Started process (PID=726) to work on /opt/airflow/dags/ecommerce_etl.py
[2026-02-05T18:03:32.427+0000] {processor.py:830} INFO - Processing file /opt/airflow/dags/ecommerce_etl.py for tasks to queue
[2026-02-05T18:03:32.428+0000] {logging_mixin.py:188} INFO - [2026-02-05T18:03:32.428+0000] {dagbag.py:538} INFO - Filling up the DagBag from /opt/airflow/dags/ecommerce_etl.py
[2026-02-05T18:03:32.470+0000] {processor.py:840} INFO - DAG(s) 'ecommerce_etl_pipeline' retrieved from /opt/airflow/dags/ecommerce_etl.py
[2026-02-05T18:03:32.542+0000] {logging_mixin.py:188} INFO - [2026-02-05T18:03:32.541+0000] {dag.py:3036} INFO - Sync 1 DAGs
[2026-02-05T18:03:32.576+0000] {logging_mixin.py:188} INFO - [2026-02-05T18:03:32.576+0000] {dag.py:3823} INFO - Setting next_dagrun for ecommerce_etl_pipeline to 2026-02-05 00:00:00+00:00, run_after=2026-02-06 00:00:00+00:00
[2026-02-05T18:03:32.602+0000] {processor.py:183} INFO - Processing /opt/airflow/dags/ecommerce_etl.py took 0.182 seconds
[2026-02-05T18:04:02.704+0000] {processor.py:161} INFO - Started process (PID=737) to work on /opt/airflow/dags/ecommerce_etl.py
[2026-02-05T18:04:02.705+0000] {processor.py:830} INFO - Processing file /opt/airflow/dags/ecommerce_etl.py for tasks to queue
[2026-02-05T18:04:02.706+0000] {logging_mixin.py:188} INFO - [2026-02-05T18:04:02.706+0000] {dagbag.py:538} INFO - Filling up the DagBag from /opt/airflow/dags/ecommerce_etl.py
[2026-02-05T18:04:02.729+0000] {processor.py:840} INFO - DAG(s) 'ecommerce_etl_pipeline' retrieved from /opt/airflow/dags/ecommerce_etl.py
[2026-02-05T18:04:02.759+0000] {logging_mixin.py:188} INFO - [2026-02-05T18:04:02.759+0000] {dag.py:3036} INFO - Sync 1 DAGs
[2026-02-05T18:04:02.781+0000] {logging_mixin.py:188} INFO - [2026-02-05T18:04:02.781+0000] {dag.py:3823} INFO - Setting next_dagrun for ecommerce_etl_pipeline to 2026-02-05 00:00:00+00:00, run_after=2026-02-06 00:00:00+00:00
[2026-02-05T18:04:02.799+0000] {processor.py:183} INFO - Processing /opt/airflow/dags/ecommerce_etl.py took 0.098 seconds
[2026-02-05T18:04:32.899+0000] {processor.py:161} INFO - Started process (PID=748) to work on /opt/airflow/dags/ecommerce_etl.py
[2026-02-05T18:04:32.900+0000] {processor.py:830} INFO - Processing file /opt/airflow/dags/ecommerce_etl.py for tasks to queue
[2026-02-05T18:04:32.901+0000] {logging_mixin.py:188} INFO - [2026-02-05T18:04:32.900+0000] {dagbag.py:538} INFO - Filling up the DagBag from /opt/airflow/dags/ecommerce_etl.py
[2026-02-05T18:04:32.933+0000] {processor.py:840} INFO - DAG(s) 'ecommerce_etl_pipeline' retrieved from /opt/airflow/dags/ecommerce_etl.py
[2026-02-05T18:04:32.967+0000] {logging_mixin.py:188} INFO - [2026-02-05T18:04:32.967+0000] {dag.py:3036} INFO - Sync 1 DAGs
[2026-02-05T18:04:32.992+0000] {logging_mixin.py:188} INFO - [2026-02-05T18:04:32.992+0000] {dag.py:3823} INFO - Setting next_dagrun for ecommerce_etl_pipeline to 2026-02-05 00:00:00+00:00, run_after=2026-02-06 00:00:00+00:00
[2026-02-05T18:04:33.013+0000] {processor.py:183} INFO - Processing /opt/airflow/dags/ecommerce_etl.py took 0.118 seconds
[2026-02-05T18:05:03.151+0000] {processor.py:161} INFO - Started process (PID=759) to work on /opt/airflow/dags/ecommerce_etl.py
[2026-02-05T18:05:03.152+0000] {processor.py:830} INFO - Processing file /opt/airflow/dags/ecommerce_etl.py for tasks to queue
[2026-02-05T18:05:03.154+0000] {logging_mixin.py:188} INFO - [2026-02-05T18:05:03.153+0000] {dagbag.py:538} INFO - Filling up the DagBag from /opt/airflow/dags/ecommerce_etl.py
[2026-02-05T18:05:03.182+0000] {processor.py:840} INFO - DAG(s) 'ecommerce_etl_pipeline' retrieved from /opt/airflow/dags/ecommerce_etl.py
[2026-02-05T18:05:03.211+0000] {logging_mixin.py:188} INFO - [2026-02-05T18:05:03.211+0000] {dag.py:3036} INFO - Sync 1 DAGs
[2026-02-05T18:05:03.234+0000] {logging_mixin.py:188} INFO - [2026-02-05T18:05:03.234+0000] {dag.py:3823} INFO - Setting next_dagrun for ecommerce_etl_pipeline to 2026-02-05 00:00:00+00:00, run_after=2026-02-06 00:00:00+00:00
[2026-02-05T18:05:03.263+0000] {processor.py:183} INFO - Processing /opt/airflow/dags/ecommerce_etl.py took 0.115 seconds
[2026-02-05T18:05:33.377+0000] {processor.py:161} INFO - Started process (PID=770) to work on /opt/airflow/dags/ecommerce_etl.py
[2026-02-05T18:05:33.379+0000] {processor.py:830} INFO - Processing file /opt/airflow/dags/ecommerce_etl.py for tasks to queue
[2026-02-05T18:05:33.380+0000] {logging_mixin.py:188} INFO - [2026-02-05T18:05:33.379+0000] {dagbag.py:538} INFO - Filling up the DagBag from /opt/airflow/dags/ecommerce_etl.py
[2026-02-05T18:05:33.409+0000] {processor.py:840} INFO - DAG(s) 'ecommerce_etl_pipeline' retrieved from /opt/airflow/dags/ecommerce_etl.py
[2026-02-05T18:05:33.440+0000] {logging_mixin.py:188} INFO - [2026-02-05T18:05:33.440+0000] {dag.py:3036} INFO - Sync 1 DAGs
[2026-02-05T18:05:33.465+0000] {logging_mixin.py:188} INFO - [2026-02-05T18:05:33.465+0000] {dag.py:3823} INFO - Setting next_dagrun for ecommerce_etl_pipeline to 2026-02-05 00:00:00+00:00, run_after=2026-02-06 00:00:00+00:00
[2026-02-05T18:05:33.484+0000] {processor.py:183} INFO - Processing /opt/airflow/dags/ecommerce_etl.py took 0.109 seconds
[2026-02-05T18:06:03.625+0000] {processor.py:161} INFO - Started process (PID=781) to work on /opt/airflow/dags/ecommerce_etl.py
[2026-02-05T18:06:03.626+0000] {processor.py:830} INFO - Processing file /opt/airflow/dags/ecommerce_etl.py for tasks to queue
[2026-02-05T18:06:03.627+0000] {logging_mixin.py:188} INFO - [2026-02-05T18:06:03.627+0000] {dagbag.py:538} INFO - Filling up the DagBag from /opt/airflow/dags/ecommerce_etl.py
[2026-02-05T18:06:03.655+0000] {processor.py:840} INFO - DAG(s) 'ecommerce_etl_pipeline' retrieved from /opt/airflow/dags/ecommerce_etl.py
[2026-02-05T18:06:03.689+0000] {logging_mixin.py:188} INFO - [2026-02-05T18:06:03.689+0000] {dag.py:3036} INFO - Sync 1 DAGs
[2026-02-05T18:06:03.715+0000] {logging_mixin.py:188} INFO - [2026-02-05T18:06:03.715+0000] {dag.py:3823} INFO - Setting next_dagrun for ecommerce_etl_pipeline to 2026-02-05 00:00:00+00:00, run_after=2026-02-06 00:00:00+00:00
[2026-02-05T18:06:03.737+0000] {processor.py:183} INFO - Processing /opt/airflow/dags/ecommerce_etl.py took 0.115 seconds
[2026-02-05T18:06:33.837+0000] {processor.py:161} INFO - Started process (PID=792) to work on /opt/airflow/dags/ecommerce_etl.py
[2026-02-05T18:06:33.839+0000] {processor.py:830} INFO - Processing file /opt/airflow/dags/ecommerce_etl.py for tasks to queue
[2026-02-05T18:06:33.840+0000] {logging_mixin.py:188} INFO - [2026-02-05T18:06:33.840+0000] {dagbag.py:538} INFO - Filling up the DagBag from /opt/airflow/dags/ecommerce_etl.py
[2026-02-05T18:06:33.870+0000] {processor.py:840} INFO - DAG(s) 'ecommerce_etl_pipeline' retrieved from /opt/airflow/dags/ecommerce_etl.py
[2026-02-05T18:06:33.903+0000] {logging_mixin.py:188} INFO - [2026-02-05T18:06:33.902+0000] {dag.py:3036} INFO - Sync 1 DAGs
[2026-02-05T18:06:33.930+0000] {logging_mixin.py:188} INFO - [2026-02-05T18:06:33.930+0000] {dag.py:3823} INFO - Setting next_dagrun for ecommerce_etl_pipeline to 2026-02-05 00:00:00+00:00, run_after=2026-02-06 00:00:00+00:00
[2026-02-05T18:06:33.954+0000] {processor.py:183} INFO - Processing /opt/airflow/dags/ecommerce_etl.py took 0.121 seconds
[2026-02-05T18:07:04.115+0000] {processor.py:161} INFO - Started process (PID=803) to work on /opt/airflow/dags/ecommerce_etl.py
[2026-02-05T18:07:04.116+0000] {processor.py:830} INFO - Processing file /opt/airflow/dags/ecommerce_etl.py for tasks to queue
[2026-02-05T18:07:04.118+0000] {logging_mixin.py:188} INFO - [2026-02-05T18:07:04.117+0000] {dagbag.py:538} INFO - Filling up the DagBag from /opt/airflow/dags/ecommerce_etl.py
[2026-02-05T18:07:04.155+0000] {processor.py:840} INFO - DAG(s) 'ecommerce_etl_pipeline' retrieved from /opt/airflow/dags/ecommerce_etl.py
[2026-02-05T18:07:04.186+0000] {logging_mixin.py:188} INFO - [2026-02-05T18:07:04.186+0000] {dag.py:3036} INFO - Sync 1 DAGs
[2026-02-05T18:07:04.214+0000] {logging_mixin.py:188} INFO - [2026-02-05T18:07:04.213+0000] {dag.py:3823} INFO - Setting next_dagrun for ecommerce_etl_pipeline to 2026-02-05 00:00:00+00:00, run_after=2026-02-06 00:00:00+00:00
[2026-02-05T18:07:04.245+0000] {processor.py:183} INFO - Processing /opt/airflow/dags/ecommerce_etl.py took 0.133 seconds
[2026-02-05T18:07:34.352+0000] {processor.py:161} INFO - Started process (PID=814) to work on /opt/airflow/dags/ecommerce_etl.py
[2026-02-05T18:07:34.353+0000] {processor.py:830} INFO - Processing file /opt/airflow/dags/ecommerce_etl.py for tasks to queue
[2026-02-05T18:07:34.354+0000] {logging_mixin.py:188} INFO - [2026-02-05T18:07:34.354+0000] {dagbag.py:538} INFO - Filling up the DagBag from /opt/airflow/dags/ecommerce_etl.py
[2026-02-05T18:07:34.379+0000] {processor.py:840} INFO - DAG(s) 'ecommerce_etl_pipeline' retrieved from /opt/airflow/dags/ecommerce_etl.py
[2026-02-05T18:07:34.416+0000] {logging_mixin.py:188} INFO - [2026-02-05T18:07:34.416+0000] {dag.py:3036} INFO - Sync 1 DAGs
[2026-02-05T18:07:34.441+0000] {logging_mixin.py:188} INFO - [2026-02-05T18:07:34.441+0000] {dag.py:3823} INFO - Setting next_dagrun for ecommerce_etl_pipeline to 2026-02-05 00:00:00+00:00, run_after=2026-02-06 00:00:00+00:00
[2026-02-05T18:07:34.462+0000] {processor.py:183} INFO - Processing /opt/airflow/dags/ecommerce_etl.py took 0.114 seconds
[2026-02-05T18:08:04.612+0000] {processor.py:161} INFO - Started process (PID=825) to work on /opt/airflow/dags/ecommerce_etl.py
[2026-02-05T18:08:04.613+0000] {processor.py:830} INFO - Processing file /opt/airflow/dags/ecommerce_etl.py for tasks to queue
[2026-02-05T18:08:04.614+0000] {logging_mixin.py:188} INFO - [2026-02-05T18:08:04.614+0000] {dagbag.py:538} INFO - Filling up the DagBag from /opt/airflow/dags/ecommerce_etl.py
[2026-02-05T18:08:04.642+0000] {processor.py:840} INFO - DAG(s) 'ecommerce_etl_pipeline' retrieved from /opt/airflow/dags/ecommerce_etl.py
[2026-02-05T18:08:04.675+0000] {logging_mixin.py:188} INFO - [2026-02-05T18:08:04.675+0000] {dag.py:3036} INFO - Sync 1 DAGs
[2026-02-05T18:08:04.698+0000] {logging_mixin.py:188} INFO - [2026-02-05T18:08:04.698+0000] {dag.py:3823} INFO - Setting next_dagrun for ecommerce_etl_pipeline to 2026-02-05 00:00:00+00:00, run_after=2026-02-06 00:00:00+00:00
[2026-02-05T18:08:04.718+0000] {processor.py:183} INFO - Processing /opt/airflow/dags/ecommerce_etl.py took 0.109 seconds
[2026-02-05T18:08:34.825+0000] {processor.py:161} INFO - Started process (PID=836) to work on /opt/airflow/dags/ecommerce_etl.py
[2026-02-05T18:08:34.827+0000] {processor.py:830} INFO - Processing file /opt/airflow/dags/ecommerce_etl.py for tasks to queue
[2026-02-05T18:08:34.828+0000] {logging_mixin.py:188} INFO - [2026-02-05T18:08:34.828+0000] {dagbag.py:538} INFO - Filling up the DagBag from /opt/airflow/dags/ecommerce_etl.py
[2026-02-05T18:08:34.857+0000] {processor.py:840} INFO - DAG(s) 'ecommerce_etl_pipeline' retrieved from /opt/airflow/dags/ecommerce_etl.py
[2026-02-05T18:08:34.893+0000] {logging_mixin.py:188} INFO - [2026-02-05T18:08:34.893+0000] {dag.py:3036} INFO - Sync 1 DAGs
[2026-02-05T18:08:34.916+0000] {logging_mixin.py:188} INFO - [2026-02-05T18:08:34.916+0000] {dag.py:3823} INFO - Setting next_dagrun for ecommerce_etl_pipeline to 2026-02-05 00:00:00+00:00, run_after=2026-02-06 00:00:00+00:00
[2026-02-05T18:08:34.946+0000] {processor.py:183} INFO - Processing /opt/airflow/dags/ecommerce_etl.py took 0.124 seconds
[2026-02-05T18:09:05.106+0000] {processor.py:161} INFO - Started process (PID=847) to work on /opt/airflow/dags/ecommerce_etl.py
[2026-02-05T18:09:05.108+0000] {processor.py:830} INFO - Processing file /opt/airflow/dags/ecommerce_etl.py for tasks to queue
[2026-02-05T18:09:05.109+0000] {logging_mixin.py:188} INFO - [2026-02-05T18:09:05.109+0000] {dagbag.py:538} INFO - Filling up the DagBag from /opt/airflow/dags/ecommerce_etl.py
[2026-02-05T18:09:05.131+0000] {processor.py:840} INFO - DAG(s) 'ecommerce_etl_pipeline' retrieved from /opt/airflow/dags/ecommerce_etl.py
[2026-02-05T18:09:05.159+0000] {logging_mixin.py:188} INFO - [2026-02-05T18:09:05.159+0000] {dag.py:3036} INFO - Sync 1 DAGs
[2026-02-05T18:09:05.182+0000] {logging_mixin.py:188} INFO - [2026-02-05T18:09:05.182+0000] {dag.py:3823} INFO - Setting next_dagrun for ecommerce_etl_pipeline to 2026-02-05 00:00:00+00:00, run_after=2026-02-06 00:00:00+00:00
[2026-02-05T18:09:05.207+0000] {processor.py:183} INFO - Processing /opt/airflow/dags/ecommerce_etl.py took 0.105 seconds
[2026-02-05T18:09:35.362+0000] {processor.py:161} INFO - Started process (PID=858) to work on /opt/airflow/dags/ecommerce_etl.py
[2026-02-05T18:09:35.364+0000] {processor.py:830} INFO - Processing file /opt/airflow/dags/ecommerce_etl.py for tasks to queue
[2026-02-05T18:09:35.365+0000] {logging_mixin.py:188} INFO - [2026-02-05T18:09:35.364+0000] {dagbag.py:538} INFO - Filling up the DagBag from /opt/airflow/dags/ecommerce_etl.py
[2026-02-05T18:09:35.393+0000] {processor.py:840} INFO - DAG(s) 'ecommerce_etl_pipeline' retrieved from /opt/airflow/dags/ecommerce_etl.py
[2026-02-05T18:09:35.429+0000] {logging_mixin.py:188} INFO - [2026-02-05T18:09:35.429+0000] {dag.py:3036} INFO - Sync 1 DAGs
[2026-02-05T18:09:35.451+0000] {logging_mixin.py:188} INFO - [2026-02-05T18:09:35.450+0000] {dag.py:3823} INFO - Setting next_dagrun for ecommerce_etl_pipeline to 2026-02-05 00:00:00+00:00, run_after=2026-02-06 00:00:00+00:00
[2026-02-05T18:09:35.472+0000] {processor.py:183} INFO - Processing /opt/airflow/dags/ecommerce_etl.py took 0.112 seconds
[2026-02-05T18:10:05.585+0000] {processor.py:161} INFO - Started process (PID=870) to work on /opt/airflow/dags/ecommerce_etl.py
[2026-02-05T18:10:05.587+0000] {processor.py:830} INFO - Processing file /opt/airflow/dags/ecommerce_etl.py for tasks to queue
[2026-02-05T18:10:05.589+0000] {logging_mixin.py:188} INFO - [2026-02-05T18:10:05.589+0000] {dagbag.py:538} INFO - Filling up the DagBag from /opt/airflow/dags/ecommerce_etl.py
[2026-02-05T18:10:05.613+0000] {processor.py:840} INFO - DAG(s) 'ecommerce_etl_pipeline' retrieved from /opt/airflow/dags/ecommerce_etl.py
[2026-02-05T18:10:05.645+0000] {logging_mixin.py:188} INFO - [2026-02-05T18:10:05.645+0000] {dag.py:3036} INFO - Sync 1 DAGs
[2026-02-05T18:10:05.668+0000] {logging_mixin.py:188} INFO - [2026-02-05T18:10:05.668+0000] {dag.py:3823} INFO - Setting next_dagrun for ecommerce_etl_pipeline to 2026-02-05 00:00:00+00:00, run_after=2026-02-06 00:00:00+00:00
[2026-02-05T18:10:05.691+0000] {processor.py:183} INFO - Processing /opt/airflow/dags/ecommerce_etl.py took 0.109 seconds
[2026-02-05T18:10:35.837+0000] {processor.py:161} INFO - Started process (PID=881) to work on /opt/airflow/dags/ecommerce_etl.py
[2026-02-05T18:10:35.838+0000] {processor.py:830} INFO - Processing file /opt/airflow/dags/ecommerce_etl.py for tasks to queue
[2026-02-05T18:10:35.839+0000] {logging_mixin.py:188} INFO - [2026-02-05T18:10:35.839+0000] {dagbag.py:538} INFO - Filling up the DagBag from /opt/airflow/dags/ecommerce_etl.py
[2026-02-05T18:10:35.862+0000] {processor.py:840} INFO - DAG(s) 'ecommerce_etl_pipeline' retrieved from /opt/airflow/dags/ecommerce_etl.py
[2026-02-05T18:10:35.895+0000] {logging_mixin.py:188} INFO - [2026-02-05T18:10:35.894+0000] {dag.py:3036} INFO - Sync 1 DAGs
[2026-02-05T18:10:35.916+0000] {logging_mixin.py:188} INFO - [2026-02-05T18:10:35.916+0000] {dag.py:3823} INFO - Setting next_dagrun for ecommerce_etl_pipeline to 2026-02-05 00:00:00+00:00, run_after=2026-02-06 00:00:00+00:00
[2026-02-05T18:10:35.944+0000] {processor.py:183} INFO - Processing /opt/airflow/dags/ecommerce_etl.py took 0.111 seconds
[2026-02-05T18:11:06.046+0000] {processor.py:161} INFO - Started process (PID=892) to work on /opt/airflow/dags/ecommerce_etl.py
[2026-02-05T18:11:06.047+0000] {processor.py:830} INFO - Processing file /opt/airflow/dags/ecommerce_etl.py for tasks to queue
[2026-02-05T18:11:06.048+0000] {logging_mixin.py:188} INFO - [2026-02-05T18:11:06.048+0000] {dagbag.py:538} INFO - Filling up the DagBag from /opt/airflow/dags/ecommerce_etl.py
[2026-02-05T18:11:06.076+0000] {processor.py:840} INFO - DAG(s) 'ecommerce_etl_pipeline' retrieved from /opt/airflow/dags/ecommerce_etl.py
[2026-02-05T18:11:06.112+0000] {logging_mixin.py:188} INFO - [2026-02-05T18:11:06.112+0000] {dag.py:3036} INFO - Sync 1 DAGs
[2026-02-05T18:11:06.133+0000] {logging_mixin.py:188} INFO - [2026-02-05T18:11:06.133+0000] {dag.py:3823} INFO - Setting next_dagrun for ecommerce_etl_pipeline to 2026-02-05 00:00:00+00:00, run_after=2026-02-06 00:00:00+00:00
[2026-02-05T18:11:06.158+0000] {processor.py:183} INFO - Processing /opt/airflow/dags/ecommerce_etl.py took 0.115 seconds
[2026-02-05T18:11:36.304+0000] {processor.py:161} INFO - Started process (PID=903) to work on /opt/airflow/dags/ecommerce_etl.py
[2026-02-05T18:11:36.306+0000] {processor.py:830} INFO - Processing file /opt/airflow/dags/ecommerce_etl.py for tasks to queue
[2026-02-05T18:11:36.308+0000] {logging_mixin.py:188} INFO - [2026-02-05T18:11:36.308+0000] {dagbag.py:538} INFO - Filling up the DagBag from /opt/airflow/dags/ecommerce_etl.py
[2026-02-05T18:11:36.342+0000] {processor.py:840} INFO - DAG(s) 'ecommerce_etl_pipeline' retrieved from /opt/airflow/dags/ecommerce_etl.py
[2026-02-05T18:11:36.375+0000] {logging_mixin.py:188} INFO - [2026-02-05T18:11:36.375+0000] {dag.py:3036} INFO - Sync 1 DAGs
[2026-02-05T18:11:36.397+0000] {logging_mixin.py:188} INFO - [2026-02-05T18:11:36.397+0000] {dag.py:3823} INFO - Setting next_dagrun for ecommerce_etl_pipeline to 2026-02-05 00:00:00+00:00, run_after=2026-02-06 00:00:00+00:00
[2026-02-05T18:11:36.417+0000] {processor.py:183} INFO - Processing /opt/airflow/dags/ecommerce_etl.py took 0.119 seconds
[2026-02-05T18:12:06.512+0000] {processor.py:161} INFO - Started process (PID=914) to work on /opt/airflow/dags/ecommerce_etl.py
[2026-02-05T18:12:06.513+0000] {processor.py:830} INFO - Processing file /opt/airflow/dags/ecommerce_etl.py for tasks to queue
[2026-02-05T18:12:06.514+0000] {logging_mixin.py:188} INFO - [2026-02-05T18:12:06.513+0000] {dagbag.py:538} INFO - Filling up the DagBag from /opt/airflow/dags/ecommerce_etl.py
[2026-02-05T18:12:06.541+0000] {processor.py:840} INFO - DAG(s) 'ecommerce_etl_pipeline' retrieved from /opt/airflow/dags/ecommerce_etl.py
[2026-02-05T18:12:06.573+0000] {logging_mixin.py:188} INFO - [2026-02-05T18:12:06.573+0000] {dag.py:3036} INFO - Sync 1 DAGs
[2026-02-05T18:12:06.597+0000] {logging_mixin.py:188} INFO - [2026-02-05T18:12:06.597+0000] {dag.py:3823} INFO - Setting next_dagrun for ecommerce_etl_pipeline to 2026-02-05 00:00:00+00:00, run_after=2026-02-06 00:00:00+00:00
[2026-02-05T18:12:06.629+0000] {processor.py:183} INFO - Processing /opt/airflow/dags/ecommerce_etl.py took 0.120 seconds
[2026-02-05T18:12:36.845+0000] {processor.py:161} INFO - Started process (PID=925) to work on /opt/airflow/dags/ecommerce_etl.py
[2026-02-05T18:12:36.846+0000] {processor.py:830} INFO - Processing file /opt/airflow/dags/ecommerce_etl.py for tasks to queue
[2026-02-05T18:12:36.847+0000] {logging_mixin.py:188} INFO - [2026-02-05T18:12:36.847+0000] {dagbag.py:538} INFO - Filling up the DagBag from /opt/airflow/dags/ecommerce_etl.py
[2026-02-05T18:12:36.877+0000] {processor.py:840} INFO - DAG(s) 'ecommerce_etl_pipeline' retrieved from /opt/airflow/dags/ecommerce_etl.py
[2026-02-05T18:12:36.909+0000] {logging_mixin.py:188} INFO - [2026-02-05T18:12:36.908+0000] {dag.py:3036} INFO - Sync 1 DAGs
[2026-02-05T18:12:36.933+0000] {logging_mixin.py:188} INFO - [2026-02-05T18:12:36.932+0000] {dag.py:3823} INFO - Setting next_dagrun for ecommerce_etl_pipeline to 2026-02-05 00:00:00+00:00, run_after=2026-02-06 00:00:00+00:00
[2026-02-05T18:12:36.954+0000] {processor.py:183} INFO - Processing /opt/airflow/dags/ecommerce_etl.py took 0.113 seconds
[2026-02-05T18:13:07.036+0000] {processor.py:161} INFO - Started process (PID=936) to work on /opt/airflow/dags/ecommerce_etl.py
[2026-02-05T18:13:07.037+0000] {processor.py:830} INFO - Processing file /opt/airflow/dags/ecommerce_etl.py for tasks to queue
[2026-02-05T18:13:07.038+0000] {logging_mixin.py:188} INFO - [2026-02-05T18:13:07.038+0000] {dagbag.py:538} INFO - Filling up the DagBag from /opt/airflow/dags/ecommerce_etl.py
[2026-02-05T18:13:07.066+0000] {processor.py:840} INFO - DAG(s) 'ecommerce_etl_pipeline' retrieved from /opt/airflow/dags/ecommerce_etl.py
[2026-02-05T18:13:07.099+0000] {logging_mixin.py:188} INFO - [2026-02-05T18:13:07.098+0000] {dag.py:3036} INFO - Sync 1 DAGs
[2026-02-05T18:13:07.123+0000] {logging_mixin.py:188} INFO - [2026-02-05T18:13:07.122+0000] {dag.py:3823} INFO - Setting next_dagrun for ecommerce_etl_pipeline to 2026-02-05 00:00:00+00:00, run_after=2026-02-06 00:00:00+00:00
[2026-02-05T18:13:07.142+0000] {processor.py:183} INFO - Processing /opt/airflow/dags/ecommerce_etl.py took 0.110 seconds
[2026-02-05T18:13:37.327+0000] {processor.py:161} INFO - Started process (PID=947) to work on /opt/airflow/dags/ecommerce_etl.py
[2026-02-05T18:13:37.328+0000] {processor.py:830} INFO - Processing file /opt/airflow/dags/ecommerce_etl.py for tasks to queue
[2026-02-05T18:13:37.329+0000] {logging_mixin.py:188} INFO - [2026-02-05T18:13:37.328+0000] {dagbag.py:538} INFO - Filling up the DagBag from /opt/airflow/dags/ecommerce_etl.py
[2026-02-05T18:13:37.350+0000] {processor.py:840} INFO - DAG(s) 'ecommerce_etl_pipeline' retrieved from /opt/airflow/dags/ecommerce_etl.py
[2026-02-05T18:13:37.377+0000] {logging_mixin.py:188} INFO - [2026-02-05T18:13:37.377+0000] {dag.py:3036} INFO - Sync 1 DAGs
[2026-02-05T18:13:37.398+0000] {logging_mixin.py:188} INFO - [2026-02-05T18:13:37.397+0000] {dag.py:3823} INFO - Setting next_dagrun for ecommerce_etl_pipeline to 2026-02-05 00:00:00+00:00, run_after=2026-02-06 00:00:00+00:00
[2026-02-05T18:13:37.414+0000] {processor.py:183} INFO - Processing /opt/airflow/dags/ecommerce_etl.py took 0.090 seconds
[2026-02-05T18:14:07.545+0000] {processor.py:161} INFO - Started process (PID=958) to work on /opt/airflow/dags/ecommerce_etl.py
[2026-02-05T18:14:07.548+0000] {processor.py:830} INFO - Processing file /opt/airflow/dags/ecommerce_etl.py for tasks to queue
[2026-02-05T18:14:07.550+0000] {logging_mixin.py:188} INFO - [2026-02-05T18:14:07.549+0000] {dagbag.py:538} INFO - Filling up the DagBag from /opt/airflow/dags/ecommerce_etl.py
[2026-02-05T18:14:07.596+0000] {processor.py:840} INFO - DAG(s) 'ecommerce_etl_pipeline' retrieved from /opt/airflow/dags/ecommerce_etl.py
[2026-02-05T18:14:07.631+0000] {logging_mixin.py:188} INFO - [2026-02-05T18:14:07.631+0000] {dag.py:3036} INFO - Sync 1 DAGs
[2026-02-05T18:14:07.657+0000] {logging_mixin.py:188} INFO - [2026-02-05T18:14:07.656+0000] {dag.py:3823} INFO - Setting next_dagrun for ecommerce_etl_pipeline to 2026-02-05 00:00:00+00:00, run_after=2026-02-06 00:00:00+00:00
[2026-02-05T18:14:07.681+0000] {processor.py:183} INFO - Processing /opt/airflow/dags/ecommerce_etl.py took 0.141 seconds
[2026-02-05T18:14:37.778+0000] {processor.py:161} INFO - Started process (PID=969) to work on /opt/airflow/dags/ecommerce_etl.py
[2026-02-05T18:14:37.779+0000] {processor.py:830} INFO - Processing file /opt/airflow/dags/ecommerce_etl.py for tasks to queue
[2026-02-05T18:14:37.780+0000] {logging_mixin.py:188} INFO - [2026-02-05T18:14:37.780+0000] {dagbag.py:538} INFO - Filling up the DagBag from /opt/airflow/dags/ecommerce_etl.py
[2026-02-05T18:14:37.807+0000] {processor.py:840} INFO - DAG(s) 'ecommerce_etl_pipeline' retrieved from /opt/airflow/dags/ecommerce_etl.py
[2026-02-05T18:14:37.844+0000] {logging_mixin.py:188} INFO - [2026-02-05T18:14:37.844+0000] {dag.py:3036} INFO - Sync 1 DAGs
[2026-02-05T18:14:37.868+0000] {logging_mixin.py:188} INFO - [2026-02-05T18:14:37.868+0000] {dag.py:3823} INFO - Setting next_dagrun for ecommerce_etl_pipeline to 2026-02-05 00:00:00+00:00, run_after=2026-02-06 00:00:00+00:00
[2026-02-05T18:14:37.890+0000] {processor.py:183} INFO - Processing /opt/airflow/dags/ecommerce_etl.py took 0.115 seconds
[2026-02-05T18:15:08.093+0000] {processor.py:161} INFO - Started process (PID=980) to work on /opt/airflow/dags/ecommerce_etl.py
[2026-02-05T18:15:08.095+0000] {processor.py:830} INFO - Processing file /opt/airflow/dags/ecommerce_etl.py for tasks to queue
[2026-02-05T18:15:08.096+0000] {logging_mixin.py:188} INFO - [2026-02-05T18:15:08.096+0000] {dagbag.py:538} INFO - Filling up the DagBag from /opt/airflow/dags/ecommerce_etl.py
[2026-02-05T18:15:08.122+0000] {processor.py:840} INFO - DAG(s) 'ecommerce_etl_pipeline' retrieved from /opt/airflow/dags/ecommerce_etl.py
[2026-02-05T18:15:08.154+0000] {logging_mixin.py:188} INFO - [2026-02-05T18:15:08.154+0000] {dag.py:3036} INFO - Sync 1 DAGs
[2026-02-05T18:15:08.180+0000] {logging_mixin.py:188} INFO - [2026-02-05T18:15:08.180+0000] {dag.py:3823} INFO - Setting next_dagrun for ecommerce_etl_pipeline to 2026-02-05 00:00:00+00:00, run_after=2026-02-06 00:00:00+00:00
[2026-02-05T18:15:08.202+0000] {processor.py:183} INFO - Processing /opt/airflow/dags/ecommerce_etl.py took 0.113 seconds
[2026-02-05T18:15:38.309+0000] {processor.py:161} INFO - Started process (PID=991) to work on /opt/airflow/dags/ecommerce_etl.py
[2026-02-05T18:15:38.311+0000] {processor.py:830} INFO - Processing file /opt/airflow/dags/ecommerce_etl.py for tasks to queue
[2026-02-05T18:15:38.313+0000] {logging_mixin.py:188} INFO - [2026-02-05T18:15:38.312+0000] {dagbag.py:538} INFO - Filling up the DagBag from /opt/airflow/dags/ecommerce_etl.py
[2026-02-05T18:15:38.349+0000] {processor.py:840} INFO - DAG(s) 'ecommerce_etl_pipeline' retrieved from /opt/airflow/dags/ecommerce_etl.py
[2026-02-05T18:15:38.385+0000] {logging_mixin.py:188} INFO - [2026-02-05T18:15:38.385+0000] {dag.py:3036} INFO - Sync 1 DAGs
[2026-02-05T18:15:38.412+0000] {logging_mixin.py:188} INFO - [2026-02-05T18:15:38.411+0000] {dag.py:3823} INFO - Setting next_dagrun for ecommerce_etl_pipeline to 2026-02-05 00:00:00+00:00, run_after=2026-02-06 00:00:00+00:00
[2026-02-05T18:15:38.439+0000] {processor.py:183} INFO - Processing /opt/airflow/dags/ecommerce_etl.py took 0.136 seconds
[2026-02-05T18:16:08.581+0000] {processor.py:161} INFO - Started process (PID=1003) to work on /opt/airflow/dags/ecommerce_etl.py
[2026-02-05T18:16:08.582+0000] {processor.py:830} INFO - Processing file /opt/airflow/dags/ecommerce_etl.py for tasks to queue
[2026-02-05T18:16:08.584+0000] {logging_mixin.py:188} INFO - [2026-02-05T18:16:08.583+0000] {dagbag.py:538} INFO - Filling up the DagBag from /opt/airflow/dags/ecommerce_etl.py
[2026-02-05T18:16:08.612+0000] {processor.py:840} INFO - DAG(s) 'ecommerce_etl_pipeline' retrieved from /opt/airflow/dags/ecommerce_etl.py
[2026-02-05T18:16:08.647+0000] {logging_mixin.py:188} INFO - [2026-02-05T18:16:08.646+0000] {dag.py:3036} INFO - Sync 1 DAGs
[2026-02-05T18:16:08.676+0000] {logging_mixin.py:188} INFO - [2026-02-05T18:16:08.676+0000] {dag.py:3823} INFO - Setting next_dagrun for ecommerce_etl_pipeline to 2026-02-05 00:00:00+00:00, run_after=2026-02-06 00:00:00+00:00
[2026-02-05T18:16:08.693+0000] {processor.py:183} INFO - Processing /opt/airflow/dags/ecommerce_etl.py took 0.116 seconds
[2026-02-05T18:16:38.841+0000] {processor.py:161} INFO - Started process (PID=1014) to work on /opt/airflow/dags/ecommerce_etl.py
[2026-02-05T18:16:38.843+0000] {processor.py:830} INFO - Processing file /opt/airflow/dags/ecommerce_etl.py for tasks to queue
[2026-02-05T18:16:38.844+0000] {logging_mixin.py:188} INFO - [2026-02-05T18:16:38.843+0000] {dagbag.py:538} INFO - Filling up the DagBag from /opt/airflow/dags/ecommerce_etl.py
[2026-02-05T18:16:38.871+0000] {processor.py:840} INFO - DAG(s) 'ecommerce_etl_pipeline' retrieved from /opt/airflow/dags/ecommerce_etl.py
[2026-02-05T18:16:38.905+0000] {logging_mixin.py:188} INFO - [2026-02-05T18:16:38.904+0000] {dag.py:3036} INFO - Sync 1 DAGs
[2026-02-05T18:16:38.927+0000] {logging_mixin.py:188} INFO - [2026-02-05T18:16:38.927+0000] {dag.py:3823} INFO - Setting next_dagrun for ecommerce_etl_pipeline to 2026-02-05 00:00:00+00:00, run_after=2026-02-06 00:00:00+00:00
[2026-02-05T18:16:38.944+0000] {processor.py:183} INFO - Processing /opt/airflow/dags/ecommerce_etl.py took 0.106 seconds
[2026-02-05T18:17:09.079+0000] {processor.py:161} INFO - Started process (PID=1025) to work on /opt/airflow/dags/ecommerce_etl.py
[2026-02-05T18:17:09.080+0000] {processor.py:830} INFO - Processing file /opt/airflow/dags/ecommerce_etl.py for tasks to queue
[2026-02-05T18:17:09.081+0000] {logging_mixin.py:188} INFO - [2026-02-05T18:17:09.080+0000] {dagbag.py:538} INFO - Filling up the DagBag from /opt/airflow/dags/ecommerce_etl.py
[2026-02-05T18:17:09.104+0000] {processor.py:840} INFO - DAG(s) 'ecommerce_etl_pipeline' retrieved from /opt/airflow/dags/ecommerce_etl.py
[2026-02-05T18:17:09.133+0000] {logging_mixin.py:188} INFO - [2026-02-05T18:17:09.133+0000] {dag.py:3036} INFO - Sync 1 DAGs
[2026-02-05T18:17:09.152+0000] {logging_mixin.py:188} INFO - [2026-02-05T18:17:09.152+0000] {dag.py:3823} INFO - Setting next_dagrun for ecommerce_etl_pipeline to 2026-02-05 00:00:00+00:00, run_after=2026-02-06 00:00:00+00:00
[2026-02-05T18:17:09.172+0000] {processor.py:183} INFO - Processing /opt/airflow/dags/ecommerce_etl.py took 0.097 seconds
[2026-02-05T18:17:39.405+0000] {processor.py:161} INFO - Started process (PID=1036) to work on /opt/airflow/dags/ecommerce_etl.py
[2026-02-05T18:17:39.405+0000] {processor.py:830} INFO - Processing file /opt/airflow/dags/ecommerce_etl.py for tasks to queue
[2026-02-05T18:17:39.406+0000] {logging_mixin.py:188} INFO - [2026-02-05T18:17:39.406+0000] {dagbag.py:538} INFO - Filling up the DagBag from /opt/airflow/dags/ecommerce_etl.py
[2026-02-05T18:17:39.434+0000] {processor.py:840} INFO - DAG(s) 'ecommerce_etl_pipeline' retrieved from /opt/airflow/dags/ecommerce_etl.py
[2026-02-05T18:17:39.462+0000] {logging_mixin.py:188} INFO - [2026-02-05T18:17:39.462+0000] {dag.py:3036} INFO - Sync 1 DAGs
[2026-02-05T18:17:39.499+0000] {logging_mixin.py:188} INFO - [2026-02-05T18:17:39.498+0000] {dag.py:3823} INFO - Setting next_dagrun for ecommerce_etl_pipeline to 2026-02-05 00:00:00+00:00, run_after=2026-02-06 00:00:00+00:00
[2026-02-05T18:17:39.519+0000] {processor.py:183} INFO - Processing /opt/airflow/dags/ecommerce_etl.py took 0.117 seconds
[2026-02-05T18:18:09.621+0000] {processor.py:161} INFO - Started process (PID=1047) to work on /opt/airflow/dags/ecommerce_etl.py
[2026-02-05T18:18:09.622+0000] {processor.py:830} INFO - Processing file /opt/airflow/dags/ecommerce_etl.py for tasks to queue
[2026-02-05T18:18:09.623+0000] {logging_mixin.py:188} INFO - [2026-02-05T18:18:09.623+0000] {dagbag.py:538} INFO - Filling up the DagBag from /opt/airflow/dags/ecommerce_etl.py
[2026-02-05T18:18:09.649+0000] {processor.py:840} INFO - DAG(s) 'ecommerce_etl_pipeline' retrieved from /opt/airflow/dags/ecommerce_etl.py
[2026-02-05T18:18:09.685+0000] {logging_mixin.py:188} INFO - [2026-02-05T18:18:09.684+0000] {dag.py:3036} INFO - Sync 1 DAGs
[2026-02-05T18:18:09.711+0000] {logging_mixin.py:188} INFO - [2026-02-05T18:18:09.710+0000] {dag.py:3823} INFO - Setting next_dagrun for ecommerce_etl_pipeline to 2026-02-05 00:00:00+00:00, run_after=2026-02-06 00:00:00+00:00
[2026-02-05T18:18:09.729+0000] {processor.py:183} INFO - Processing /opt/airflow/dags/ecommerce_etl.py took 0.113 seconds
[2026-02-05T18:18:39.900+0000] {processor.py:161} INFO - Started process (PID=1058) to work on /opt/airflow/dags/ecommerce_etl.py
[2026-02-05T18:18:39.901+0000] {processor.py:830} INFO - Processing file /opt/airflow/dags/ecommerce_etl.py for tasks to queue
[2026-02-05T18:18:39.902+0000] {logging_mixin.py:188} INFO - [2026-02-05T18:18:39.902+0000] {dagbag.py:538} INFO - Filling up the DagBag from /opt/airflow/dags/ecommerce_etl.py
[2026-02-05T18:18:39.927+0000] {processor.py:840} INFO - DAG(s) 'ecommerce_etl_pipeline' retrieved from /opt/airflow/dags/ecommerce_etl.py
[2026-02-05T18:18:39.955+0000] {logging_mixin.py:188} INFO - [2026-02-05T18:18:39.955+0000] {dag.py:3036} INFO - Sync 1 DAGs
[2026-02-05T18:18:39.978+0000] {logging_mixin.py:188} INFO - [2026-02-05T18:18:39.978+0000] {dag.py:3823} INFO - Setting next_dagrun for ecommerce_etl_pipeline to 2026-02-05 00:00:00+00:00, run_after=2026-02-06 00:00:00+00:00
[2026-02-05T18:18:39.999+0000] {processor.py:183} INFO - Processing /opt/airflow/dags/ecommerce_etl.py took 0.101 seconds
[2026-02-05T18:19:10.113+0000] {processor.py:161} INFO - Started process (PID=1069) to work on /opt/airflow/dags/ecommerce_etl.py
[2026-02-05T18:19:10.114+0000] {processor.py:830} INFO - Processing file /opt/airflow/dags/ecommerce_etl.py for tasks to queue
[2026-02-05T18:19:10.115+0000] {logging_mixin.py:188} INFO - [2026-02-05T18:19:10.115+0000] {dagbag.py:538} INFO - Filling up the DagBag from /opt/airflow/dags/ecommerce_etl.py
[2026-02-05T18:19:10.142+0000] {processor.py:840} INFO - DAG(s) 'ecommerce_etl_pipeline' retrieved from /opt/airflow/dags/ecommerce_etl.py
[2026-02-05T18:19:10.172+0000] {logging_mixin.py:188} INFO - [2026-02-05T18:19:10.172+0000] {dag.py:3036} INFO - Sync 1 DAGs
[2026-02-05T18:19:10.193+0000] {logging_mixin.py:188} INFO - [2026-02-05T18:19:10.192+0000] {dag.py:3823} INFO - Setting next_dagrun for ecommerce_etl_pipeline to 2026-02-05 00:00:00+00:00, run_after=2026-02-06 00:00:00+00:00
[2026-02-05T18:19:10.213+0000] {processor.py:183} INFO - Processing /opt/airflow/dags/ecommerce_etl.py took 0.103 seconds
[2026-02-05T18:19:40.346+0000] {processor.py:161} INFO - Started process (PID=1080) to work on /opt/airflow/dags/ecommerce_etl.py
[2026-02-05T18:19:40.347+0000] {processor.py:830} INFO - Processing file /opt/airflow/dags/ecommerce_etl.py for tasks to queue
[2026-02-05T18:19:40.348+0000] {logging_mixin.py:188} INFO - [2026-02-05T18:19:40.348+0000] {dagbag.py:538} INFO - Filling up the DagBag from /opt/airflow/dags/ecommerce_etl.py
[2026-02-05T18:19:40.374+0000] {processor.py:840} INFO - DAG(s) 'ecommerce_etl_pipeline' retrieved from /opt/airflow/dags/ecommerce_etl.py
[2026-02-05T18:19:40.405+0000] {logging_mixin.py:188} INFO - [2026-02-05T18:19:40.405+0000] {dag.py:3036} INFO - Sync 1 DAGs
[2026-02-05T18:19:40.427+0000] {logging_mixin.py:188} INFO - [2026-02-05T18:19:40.427+0000] {dag.py:3823} INFO - Setting next_dagrun for ecommerce_etl_pipeline to 2026-02-05 00:00:00+00:00, run_after=2026-02-06 00:00:00+00:00
[2026-02-05T18:19:40.446+0000] {processor.py:183} INFO - Processing /opt/airflow/dags/ecommerce_etl.py took 0.103 seconds
[2026-02-05T18:20:10.565+0000] {processor.py:161} INFO - Started process (PID=1091) to work on /opt/airflow/dags/ecommerce_etl.py
[2026-02-05T18:20:10.567+0000] {processor.py:830} INFO - Processing file /opt/airflow/dags/ecommerce_etl.py for tasks to queue
[2026-02-05T18:20:10.568+0000] {logging_mixin.py:188} INFO - [2026-02-05T18:20:10.568+0000] {dagbag.py:538} INFO - Filling up the DagBag from /opt/airflow/dags/ecommerce_etl.py
[2026-02-05T18:20:10.594+0000] {processor.py:840} INFO - DAG(s) 'ecommerce_etl_pipeline' retrieved from /opt/airflow/dags/ecommerce_etl.py
[2026-02-05T18:20:10.628+0000] {logging_mixin.py:188} INFO - [2026-02-05T18:20:10.628+0000] {dag.py:3036} INFO - Sync 1 DAGs
[2026-02-05T18:20:10.651+0000] {logging_mixin.py:188} INFO - [2026-02-05T18:20:10.651+0000] {dag.py:3823} INFO - Setting next_dagrun for ecommerce_etl_pipeline to 2026-02-05 00:00:00+00:00, run_after=2026-02-06 00:00:00+00:00
[2026-02-05T18:20:10.670+0000] {processor.py:183} INFO - Processing /opt/airflow/dags/ecommerce_etl.py took 0.109 seconds
[2026-02-05T18:20:40.819+0000] {processor.py:161} INFO - Started process (PID=1102) to work on /opt/airflow/dags/ecommerce_etl.py
[2026-02-05T18:20:40.820+0000] {processor.py:830} INFO - Processing file /opt/airflow/dags/ecommerce_etl.py for tasks to queue
[2026-02-05T18:20:40.822+0000] {logging_mixin.py:188} INFO - [2026-02-05T18:20:40.821+0000] {dagbag.py:538} INFO - Filling up the DagBag from /opt/airflow/dags/ecommerce_etl.py
[2026-02-05T18:20:40.859+0000] {processor.py:840} INFO - DAG(s) 'ecommerce_etl_pipeline' retrieved from /opt/airflow/dags/ecommerce_etl.py
[2026-02-05T18:20:40.911+0000] {logging_mixin.py:188} INFO - [2026-02-05T18:20:40.911+0000] {dag.py:3036} INFO - Sync 1 DAGs
[2026-02-05T18:20:40.971+0000] {logging_mixin.py:188} INFO - [2026-02-05T18:20:40.970+0000] {dag.py:3823} INFO - Setting next_dagrun for ecommerce_etl_pipeline to 2026-02-05 00:00:00+00:00, run_after=2026-02-06 00:00:00+00:00
[2026-02-05T18:20:41.043+0000] {processor.py:183} INFO - Processing /opt/airflow/dags/ecommerce_etl.py took 0.230 seconds
[2026-02-05T18:21:11.236+0000] {processor.py:161} INFO - Started process (PID=1113) to work on /opt/airflow/dags/ecommerce_etl.py
[2026-02-05T18:21:11.237+0000] {processor.py:830} INFO - Processing file /opt/airflow/dags/ecommerce_etl.py for tasks to queue
[2026-02-05T18:21:11.238+0000] {logging_mixin.py:188} INFO - [2026-02-05T18:21:11.238+0000] {dagbag.py:538} INFO - Filling up the DagBag from /opt/airflow/dags/ecommerce_etl.py
[2026-02-05T18:21:11.264+0000] {processor.py:840} INFO - DAG(s) 'ecommerce_etl_pipeline' retrieved from /opt/airflow/dags/ecommerce_etl.py
[2026-02-05T18:21:11.298+0000] {logging_mixin.py:188} INFO - [2026-02-05T18:21:11.298+0000] {dag.py:3036} INFO - Sync 1 DAGs
[2026-02-05T18:21:11.318+0000] {logging_mixin.py:188} INFO - [2026-02-05T18:21:11.318+0000] {dag.py:3823} INFO - Setting next_dagrun for ecommerce_etl_pipeline to 2026-02-05 00:00:00+00:00, run_after=2026-02-06 00:00:00+00:00
[2026-02-05T18:21:11.342+0000] {processor.py:183} INFO - Processing /opt/airflow/dags/ecommerce_etl.py took 0.108 seconds
[2026-02-05T18:21:41.412+0000] {processor.py:161} INFO - Started process (PID=1125) to work on /opt/airflow/dags/ecommerce_etl.py
[2026-02-05T18:21:41.413+0000] {processor.py:830} INFO - Processing file /opt/airflow/dags/ecommerce_etl.py for tasks to queue
[2026-02-05T18:21:41.414+0000] {logging_mixin.py:188} INFO - [2026-02-05T18:21:41.413+0000] {dagbag.py:538} INFO - Filling up the DagBag from /opt/airflow/dags/ecommerce_etl.py
[2026-02-05T18:21:41.450+0000] {processor.py:840} INFO - DAG(s) 'ecommerce_etl_pipeline' retrieved from /opt/airflow/dags/ecommerce_etl.py
[2026-02-05T18:21:41.490+0000] {logging_mixin.py:188} INFO - [2026-02-05T18:21:41.489+0000] {dag.py:3036} INFO - Sync 1 DAGs
[2026-02-05T18:21:41.526+0000] {logging_mixin.py:188} INFO - [2026-02-05T18:21:41.526+0000] {dag.py:3823} INFO - Setting next_dagrun for ecommerce_etl_pipeline to 2026-02-05 00:00:00+00:00, run_after=2026-02-06 00:00:00+00:00
[2026-02-05T18:21:41.556+0000] {processor.py:183} INFO - Processing /opt/airflow/dags/ecommerce_etl.py took 0.148 seconds
[2026-02-05T18:22:11.700+0000] {processor.py:161} INFO - Started process (PID=1136) to work on /opt/airflow/dags/ecommerce_etl.py
[2026-02-05T18:22:11.702+0000] {processor.py:830} INFO - Processing file /opt/airflow/dags/ecommerce_etl.py for tasks to queue
[2026-02-05T18:22:11.702+0000] {logging_mixin.py:188} INFO - [2026-02-05T18:22:11.702+0000] {dagbag.py:538} INFO - Filling up the DagBag from /opt/airflow/dags/ecommerce_etl.py
[2026-02-05T18:22:11.726+0000] {processor.py:840} INFO - DAG(s) 'ecommerce_etl_pipeline' retrieved from /opt/airflow/dags/ecommerce_etl.py
[2026-02-05T18:22:11.758+0000] {logging_mixin.py:188} INFO - [2026-02-05T18:22:11.758+0000] {dag.py:3036} INFO - Sync 1 DAGs
[2026-02-05T18:22:11.777+0000] {logging_mixin.py:188} INFO - [2026-02-05T18:22:11.777+0000] {dag.py:3823} INFO - Setting next_dagrun for ecommerce_etl_pipeline to 2026-02-05 00:00:00+00:00, run_after=2026-02-06 00:00:00+00:00
[2026-02-05T18:22:11.794+0000] {processor.py:183} INFO - Processing /opt/airflow/dags/ecommerce_etl.py took 0.096 seconds
[2026-02-05T18:22:41.988+0000] {processor.py:161} INFO - Started process (PID=1153) to work on /opt/airflow/dags/ecommerce_etl.py
[2026-02-05T18:22:41.989+0000] {processor.py:830} INFO - Processing file /opt/airflow/dags/ecommerce_etl.py for tasks to queue
[2026-02-05T18:22:41.990+0000] {logging_mixin.py:188} INFO - [2026-02-05T18:22:41.990+0000] {dagbag.py:538} INFO - Filling up the DagBag from /opt/airflow/dags/ecommerce_etl.py
[2026-02-05T18:22:42.025+0000] {processor.py:840} INFO - DAG(s) 'ecommerce_etl_pipeline' retrieved from /opt/airflow/dags/ecommerce_etl.py
[2026-02-05T18:22:42.056+0000] {logging_mixin.py:188} INFO - [2026-02-05T18:22:42.055+0000] {dag.py:3036} INFO - Sync 1 DAGs
[2026-02-05T18:22:42.079+0000] {logging_mixin.py:188} INFO - [2026-02-05T18:22:42.079+0000] {dag.py:3823} INFO - Setting next_dagrun for ecommerce_etl_pipeline to 2026-02-05 00:00:00+00:00, run_after=2026-02-06 00:00:00+00:00
[2026-02-05T18:22:42.104+0000] {processor.py:183} INFO - Processing /opt/airflow/dags/ecommerce_etl.py took 0.120 seconds
[2026-02-05T18:23:12.196+0000] {processor.py:161} INFO - Started process (PID=1164) to work on /opt/airflow/dags/ecommerce_etl.py
[2026-02-05T18:23:12.197+0000] {processor.py:830} INFO - Processing file /opt/airflow/dags/ecommerce_etl.py for tasks to queue
[2026-02-05T18:23:12.199+0000] {logging_mixin.py:188} INFO - [2026-02-05T18:23:12.198+0000] {dagbag.py:538} INFO - Filling up the DagBag from /opt/airflow/dags/ecommerce_etl.py
[2026-02-05T18:23:12.223+0000] {processor.py:840} INFO - DAG(s) 'ecommerce_etl_pipeline' retrieved from /opt/airflow/dags/ecommerce_etl.py
[2026-02-05T18:23:12.261+0000] {logging_mixin.py:188} INFO - [2026-02-05T18:23:12.261+0000] {dag.py:3036} INFO - Sync 1 DAGs
[2026-02-05T18:23:12.291+0000] {logging_mixin.py:188} INFO - [2026-02-05T18:23:12.291+0000] {dag.py:3823} INFO - Setting next_dagrun for ecommerce_etl_pipeline to 2026-02-05 00:00:00+00:00, run_after=2026-02-06 00:00:00+00:00
[2026-02-05T18:23:12.312+0000] {processor.py:183} INFO - Processing /opt/airflow/dags/ecommerce_etl.py took 0.119 seconds
[2026-02-05T18:23:42.530+0000] {processor.py:161} INFO - Started process (PID=1175) to work on /opt/airflow/dags/ecommerce_etl.py
[2026-02-05T18:23:42.531+0000] {processor.py:830} INFO - Processing file /opt/airflow/dags/ecommerce_etl.py for tasks to queue
[2026-02-05T18:23:42.533+0000] {logging_mixin.py:188} INFO - [2026-02-05T18:23:42.532+0000] {dagbag.py:538} INFO - Filling up the DagBag from /opt/airflow/dags/ecommerce_etl.py
[2026-02-05T18:23:42.570+0000] {processor.py:840} INFO - DAG(s) 'ecommerce_etl_pipeline' retrieved from /opt/airflow/dags/ecommerce_etl.py
[2026-02-05T18:23:42.605+0000] {logging_mixin.py:188} INFO - [2026-02-05T18:23:42.605+0000] {dag.py:3036} INFO - Sync 1 DAGs
[2026-02-05T18:23:42.631+0000] {logging_mixin.py:188} INFO - [2026-02-05T18:23:42.630+0000] {dag.py:3823} INFO - Setting next_dagrun for ecommerce_etl_pipeline to 2026-02-05 00:00:00+00:00, run_after=2026-02-06 00:00:00+00:00
[2026-02-05T18:23:42.651+0000] {processor.py:183} INFO - Processing /opt/airflow/dags/ecommerce_etl.py took 0.125 seconds
[2026-02-05T18:24:12.726+0000] {processor.py:161} INFO - Started process (PID=1186) to work on /opt/airflow/dags/ecommerce_etl.py
[2026-02-05T18:24:12.727+0000] {processor.py:830} INFO - Processing file /opt/airflow/dags/ecommerce_etl.py for tasks to queue
[2026-02-05T18:24:12.728+0000] {logging_mixin.py:188} INFO - [2026-02-05T18:24:12.728+0000] {dagbag.py:538} INFO - Filling up the DagBag from /opt/airflow/dags/ecommerce_etl.py
[2026-02-05T18:24:12.755+0000] {processor.py:840} INFO - DAG(s) 'ecommerce_etl_pipeline' retrieved from /opt/airflow/dags/ecommerce_etl.py
[2026-02-05T18:24:12.785+0000] {logging_mixin.py:188} INFO - [2026-02-05T18:24:12.785+0000] {dag.py:3036} INFO - Sync 1 DAGs
[2026-02-05T18:24:12.806+0000] {logging_mixin.py:188} INFO - [2026-02-05T18:24:12.806+0000] {dag.py:3823} INFO - Setting next_dagrun for ecommerce_etl_pipeline to 2026-02-05 00:00:00+00:00, run_after=2026-02-06 00:00:00+00:00
[2026-02-05T18:24:12.825+0000] {processor.py:183} INFO - Processing /opt/airflow/dags/ecommerce_etl.py took 0.102 seconds
[2026-02-05T18:24:43.027+0000] {processor.py:161} INFO - Started process (PID=1197) to work on /opt/airflow/dags/ecommerce_etl.py
[2026-02-05T18:24:43.028+0000] {processor.py:830} INFO - Processing file /opt/airflow/dags/ecommerce_etl.py for tasks to queue
[2026-02-05T18:24:43.028+0000] {logging_mixin.py:188} INFO - [2026-02-05T18:24:43.028+0000] {dagbag.py:538} INFO - Filling up the DagBag from /opt/airflow/dags/ecommerce_etl.py
[2026-02-05T18:24:43.053+0000] {processor.py:840} INFO - DAG(s) 'ecommerce_etl_pipeline' retrieved from /opt/airflow/dags/ecommerce_etl.py
[2026-02-05T18:24:43.084+0000] {logging_mixin.py:188} INFO - [2026-02-05T18:24:43.084+0000] {dag.py:3036} INFO - Sync 1 DAGs
[2026-02-05T18:24:43.106+0000] {logging_mixin.py:188} INFO - [2026-02-05T18:24:43.106+0000] {dag.py:3823} INFO - Setting next_dagrun for ecommerce_etl_pipeline to 2026-02-05 00:00:00+00:00, run_after=2026-02-06 00:00:00+00:00
[2026-02-05T18:24:43.131+0000] {processor.py:183} INFO - Processing /opt/airflow/dags/ecommerce_etl.py took 0.107 seconds
[2026-02-05T18:25:13.216+0000] {processor.py:161} INFO - Started process (PID=1208) to work on /opt/airflow/dags/ecommerce_etl.py
[2026-02-05T18:25:13.217+0000] {processor.py:830} INFO - Processing file /opt/airflow/dags/ecommerce_etl.py for tasks to queue
[2026-02-05T18:25:13.219+0000] {logging_mixin.py:188} INFO - [2026-02-05T18:25:13.219+0000] {dagbag.py:538} INFO - Filling up the DagBag from /opt/airflow/dags/ecommerce_etl.py
[2026-02-05T18:25:13.247+0000] {processor.py:840} INFO - DAG(s) 'ecommerce_etl_pipeline' retrieved from /opt/airflow/dags/ecommerce_etl.py
[2026-02-05T18:25:13.280+0000] {logging_mixin.py:188} INFO - [2026-02-05T18:25:13.279+0000] {dag.py:3036} INFO - Sync 1 DAGs
[2026-02-05T18:25:13.305+0000] {logging_mixin.py:188} INFO - [2026-02-05T18:25:13.305+0000] {dag.py:3823} INFO - Setting next_dagrun for ecommerce_etl_pipeline to 2026-02-05 00:00:00+00:00, run_after=2026-02-06 00:00:00+00:00
[2026-02-05T18:25:13.323+0000] {processor.py:183} INFO - Processing /opt/airflow/dags/ecommerce_etl.py took 0.110 seconds
[2026-02-05T18:25:43.530+0000] {processor.py:161} INFO - Started process (PID=1219) to work on /opt/airflow/dags/ecommerce_etl.py
[2026-02-05T18:25:43.532+0000] {processor.py:830} INFO - Processing file /opt/airflow/dags/ecommerce_etl.py for tasks to queue
[2026-02-05T18:25:43.533+0000] {logging_mixin.py:188} INFO - [2026-02-05T18:25:43.533+0000] {dagbag.py:538} INFO - Filling up the DagBag from /opt/airflow/dags/ecommerce_etl.py
[2026-02-05T18:25:43.576+0000] {processor.py:840} INFO - DAG(s) 'ecommerce_etl_pipeline' retrieved from /opt/airflow/dags/ecommerce_etl.py
[2026-02-05T18:25:43.603+0000] {logging_mixin.py:188} INFO - [2026-02-05T18:25:43.603+0000] {dag.py:3036} INFO - Sync 1 DAGs
[2026-02-05T18:25:43.627+0000] {logging_mixin.py:188} INFO - [2026-02-05T18:25:43.626+0000] {dag.py:3823} INFO - Setting next_dagrun for ecommerce_etl_pipeline to 2026-02-05 00:00:00+00:00, run_after=2026-02-06 00:00:00+00:00
[2026-02-05T18:25:43.643+0000] {processor.py:183} INFO - Processing /opt/airflow/dags/ecommerce_etl.py took 0.116 seconds
[2026-02-05T18:26:13.713+0000] {processor.py:161} INFO - Started process (PID=1230) to work on /opt/airflow/dags/ecommerce_etl.py
[2026-02-05T18:26:13.714+0000] {processor.py:830} INFO - Processing file /opt/airflow/dags/ecommerce_etl.py for tasks to queue
[2026-02-05T18:26:13.717+0000] {logging_mixin.py:188} INFO - [2026-02-05T18:26:13.717+0000] {dagbag.py:538} INFO - Filling up the DagBag from /opt/airflow/dags/ecommerce_etl.py
[2026-02-05T18:26:13.745+0000] {processor.py:840} INFO - DAG(s) 'ecommerce_etl_pipeline' retrieved from /opt/airflow/dags/ecommerce_etl.py
[2026-02-05T18:26:13.776+0000] {logging_mixin.py:188} INFO - [2026-02-05T18:26:13.776+0000] {dag.py:3036} INFO - Sync 1 DAGs
[2026-02-05T18:26:13.799+0000] {logging_mixin.py:188} INFO - [2026-02-05T18:26:13.798+0000] {dag.py:3823} INFO - Setting next_dagrun for ecommerce_etl_pipeline to 2026-02-05 00:00:00+00:00, run_after=2026-02-06 00:00:00+00:00
[2026-02-05T18:26:13.820+0000] {processor.py:183} INFO - Processing /opt/airflow/dags/ecommerce_etl.py took 0.110 seconds
[2026-02-05T18:26:43.996+0000] {processor.py:161} INFO - Started process (PID=1241) to work on /opt/airflow/dags/ecommerce_etl.py
[2026-02-05T18:26:43.997+0000] {processor.py:830} INFO - Processing file /opt/airflow/dags/ecommerce_etl.py for tasks to queue
[2026-02-05T18:26:43.998+0000] {logging_mixin.py:188} INFO - [2026-02-05T18:26:43.998+0000] {dagbag.py:538} INFO - Filling up the DagBag from /opt/airflow/dags/ecommerce_etl.py
[2026-02-05T18:26:44.024+0000] {processor.py:840} INFO - DAG(s) 'ecommerce_etl_pipeline' retrieved from /opt/airflow/dags/ecommerce_etl.py
[2026-02-05T18:26:44.053+0000] {logging_mixin.py:188} INFO - [2026-02-05T18:26:44.053+0000] {dag.py:3036} INFO - Sync 1 DAGs
[2026-02-05T18:26:44.075+0000] {logging_mixin.py:188} INFO - [2026-02-05T18:26:44.075+0000] {dag.py:3823} INFO - Setting next_dagrun for ecommerce_etl_pipeline to 2026-02-05 00:00:00+00:00, run_after=2026-02-06 00:00:00+00:00
[2026-02-05T18:26:44.095+0000] {processor.py:183} INFO - Processing /opt/airflow/dags/ecommerce_etl.py took 0.101 seconds
[2026-02-05T18:27:14.193+0000] {processor.py:161} INFO - Started process (PID=1252) to work on /opt/airflow/dags/ecommerce_etl.py
[2026-02-05T18:27:14.194+0000] {processor.py:830} INFO - Processing file /opt/airflow/dags/ecommerce_etl.py for tasks to queue
[2026-02-05T18:27:14.195+0000] {logging_mixin.py:188} INFO - [2026-02-05T18:27:14.195+0000] {dagbag.py:538} INFO - Filling up the DagBag from /opt/airflow/dags/ecommerce_etl.py
[2026-02-05T18:27:14.221+0000] {processor.py:840} INFO - DAG(s) 'ecommerce_etl_pipeline' retrieved from /opt/airflow/dags/ecommerce_etl.py
[2026-02-05T18:27:14.252+0000] {logging_mixin.py:188} INFO - [2026-02-05T18:27:14.252+0000] {dag.py:3036} INFO - Sync 1 DAGs
[2026-02-05T18:27:14.272+0000] {logging_mixin.py:188} INFO - [2026-02-05T18:27:14.271+0000] {dag.py:3823} INFO - Setting next_dagrun for ecommerce_etl_pipeline to 2026-02-05 00:00:00+00:00, run_after=2026-02-06 00:00:00+00:00
[2026-02-05T18:27:14.291+0000] {processor.py:183} INFO - Processing /opt/airflow/dags/ecommerce_etl.py took 0.100 seconds
[2026-02-05T18:27:44.535+0000] {processor.py:161} INFO - Started process (PID=1263) to work on /opt/airflow/dags/ecommerce_etl.py
[2026-02-05T18:27:44.539+0000] {processor.py:830} INFO - Processing file /opt/airflow/dags/ecommerce_etl.py for tasks to queue
[2026-02-05T18:27:44.540+0000] {logging_mixin.py:188} INFO - [2026-02-05T18:27:44.540+0000] {dagbag.py:538} INFO - Filling up the DagBag from /opt/airflow/dags/ecommerce_etl.py
[2026-02-05T18:27:44.566+0000] {processor.py:840} INFO - DAG(s) 'ecommerce_etl_pipeline' retrieved from /opt/airflow/dags/ecommerce_etl.py
[2026-02-05T18:27:44.630+0000] {logging_mixin.py:188} INFO - [2026-02-05T18:27:44.629+0000] {dag.py:3036} INFO - Sync 1 DAGs
[2026-02-05T18:27:44.670+0000] {logging_mixin.py:188} INFO - [2026-02-05T18:27:44.670+0000] {dag.py:3823} INFO - Setting next_dagrun for ecommerce_etl_pipeline to 2026-02-05 00:00:00+00:00, run_after=2026-02-06 00:00:00+00:00
[2026-02-05T18:27:44.693+0000] {processor.py:183} INFO - Processing /opt/airflow/dags/ecommerce_etl.py took 0.162 seconds
[2026-02-05T18:28:14.875+0000] {processor.py:161} INFO - Started process (PID=1274) to work on /opt/airflow/dags/ecommerce_etl.py
[2026-02-05T18:28:14.876+0000] {processor.py:830} INFO - Processing file /opt/airflow/dags/ecommerce_etl.py for tasks to queue
[2026-02-05T18:28:14.877+0000] {logging_mixin.py:188} INFO - [2026-02-05T18:28:14.876+0000] {dagbag.py:538} INFO - Filling up the DagBag from /opt/airflow/dags/ecommerce_etl.py
[2026-02-05T18:28:14.903+0000] {processor.py:840} INFO - DAG(s) 'ecommerce_etl_pipeline' retrieved from /opt/airflow/dags/ecommerce_etl.py
[2026-02-05T18:28:14.934+0000] {logging_mixin.py:188} INFO - [2026-02-05T18:28:14.934+0000] {dag.py:3036} INFO - Sync 1 DAGs
[2026-02-05T18:28:14.955+0000] {logging_mixin.py:188} INFO - [2026-02-05T18:28:14.955+0000] {dag.py:3823} INFO - Setting next_dagrun for ecommerce_etl_pipeline to 2026-02-05 00:00:00+00:00, run_after=2026-02-06 00:00:00+00:00
[2026-02-05T18:28:14.972+0000] {processor.py:183} INFO - Processing /opt/airflow/dags/ecommerce_etl.py took 0.101 seconds
[2026-02-05T18:28:45.054+0000] {processor.py:161} INFO - Started process (PID=1286) to work on /opt/airflow/dags/ecommerce_etl.py
[2026-02-05T18:28:45.055+0000] {processor.py:830} INFO - Processing file /opt/airflow/dags/ecommerce_etl.py for tasks to queue
[2026-02-05T18:28:45.056+0000] {logging_mixin.py:188} INFO - [2026-02-05T18:28:45.056+0000] {dagbag.py:538} INFO - Filling up the DagBag from /opt/airflow/dags/ecommerce_etl.py
[2026-02-05T18:28:45.104+0000] {processor.py:840} INFO - DAG(s) 'ecommerce_etl_pipeline' retrieved from /opt/airflow/dags/ecommerce_etl.py
[2026-02-05T18:28:45.132+0000] {logging_mixin.py:188} INFO - [2026-02-05T18:28:45.132+0000] {dag.py:3036} INFO - Sync 1 DAGs
[2026-02-05T18:28:45.154+0000] {logging_mixin.py:188} INFO - [2026-02-05T18:28:45.153+0000] {dag.py:3823} INFO - Setting next_dagrun for ecommerce_etl_pipeline to 2026-02-05 00:00:00+00:00, run_after=2026-02-06 00:00:00+00:00
[2026-02-05T18:28:45.174+0000] {processor.py:183} INFO - Processing /opt/airflow/dags/ecommerce_etl.py took 0.123 seconds
[2026-02-05T18:29:15.339+0000] {processor.py:161} INFO - Started process (PID=1297) to work on /opt/airflow/dags/ecommerce_etl.py
[2026-02-05T18:29:15.340+0000] {processor.py:830} INFO - Processing file /opt/airflow/dags/ecommerce_etl.py for tasks to queue
[2026-02-05T18:29:15.340+0000] {logging_mixin.py:188} INFO - [2026-02-05T18:29:15.340+0000] {dagbag.py:538} INFO - Filling up the DagBag from /opt/airflow/dags/ecommerce_etl.py
[2026-02-05T18:29:15.365+0000] {processor.py:840} INFO - DAG(s) 'ecommerce_etl_pipeline' retrieved from /opt/airflow/dags/ecommerce_etl.py
[2026-02-05T18:29:15.395+0000] {logging_mixin.py:188} INFO - [2026-02-05T18:29:15.394+0000] {dag.py:3036} INFO - Sync 1 DAGs
[2026-02-05T18:29:15.416+0000] {logging_mixin.py:188} INFO - [2026-02-05T18:29:15.415+0000] {dag.py:3823} INFO - Setting next_dagrun for ecommerce_etl_pipeline to 2026-02-05 00:00:00+00:00, run_after=2026-02-06 00:00:00+00:00
[2026-02-05T18:29:15.440+0000] {processor.py:183} INFO - Processing /opt/airflow/dags/ecommerce_etl.py took 0.104 seconds
[2026-02-05T18:29:45.547+0000] {processor.py:161} INFO - Started process (PID=1308) to work on /opt/airflow/dags/ecommerce_etl.py
[2026-02-05T18:29:45.550+0000] {processor.py:830} INFO - Processing file /opt/airflow/dags/ecommerce_etl.py for tasks to queue
[2026-02-05T18:29:45.551+0000] {logging_mixin.py:188} INFO - [2026-02-05T18:29:45.551+0000] {dagbag.py:538} INFO - Filling up the DagBag from /opt/airflow/dags/ecommerce_etl.py
[2026-02-05T18:29:45.574+0000] {processor.py:840} INFO - DAG(s) 'ecommerce_etl_pipeline' retrieved from /opt/airflow/dags/ecommerce_etl.py
[2026-02-05T18:29:45.605+0000] {logging_mixin.py:188} INFO - [2026-02-05T18:29:45.605+0000] {dag.py:3036} INFO - Sync 1 DAGs
[2026-02-05T18:29:45.625+0000] {logging_mixin.py:188} INFO - [2026-02-05T18:29:45.625+0000] {dag.py:3823} INFO - Setting next_dagrun for ecommerce_etl_pipeline to 2026-02-05 00:00:00+00:00, run_after=2026-02-06 00:00:00+00:00
[2026-02-05T18:29:45.643+0000] {processor.py:183} INFO - Processing /opt/airflow/dags/ecommerce_etl.py took 0.098 seconds
[2026-02-05T18:30:15.852+0000] {processor.py:161} INFO - Started process (PID=1319) to work on /opt/airflow/dags/ecommerce_etl.py
[2026-02-05T18:30:16.074+0000] {processor.py:830} INFO - Processing file /opt/airflow/dags/ecommerce_etl.py for tasks to queue
[2026-02-05T18:30:16.075+0000] {logging_mixin.py:188} INFO - [2026-02-05T18:30:16.075+0000] {dagbag.py:538} INFO - Filling up the DagBag from /opt/airflow/dags/ecommerce_etl.py
[2026-02-05T18:30:16.112+0000] {processor.py:840} INFO - DAG(s) 'ecommerce_etl_pipeline' retrieved from /opt/airflow/dags/ecommerce_etl.py
[2026-02-05T18:30:16.141+0000] {logging_mixin.py:188} INFO - [2026-02-05T18:30:16.141+0000] {dag.py:3036} INFO - Sync 1 DAGs
[2026-02-05T18:30:16.164+0000] {logging_mixin.py:188} INFO - [2026-02-05T18:30:16.163+0000] {dag.py:3823} INFO - Setting next_dagrun for ecommerce_etl_pipeline to 2026-02-05 00:00:00+00:00, run_after=2026-02-06 00:00:00+00:00
[2026-02-05T18:30:16.185+0000] {processor.py:183} INFO - Processing /opt/airflow/dags/ecommerce_etl.py took 0.337 seconds
[2026-02-05T18:30:46.392+0000] {processor.py:161} INFO - Started process (PID=1331) to work on /opt/airflow/dags/ecommerce_etl.py
[2026-02-05T18:30:46.393+0000] {processor.py:830} INFO - Processing file /opt/airflow/dags/ecommerce_etl.py for tasks to queue
[2026-02-05T18:30:46.394+0000] {logging_mixin.py:188} INFO - [2026-02-05T18:30:46.394+0000] {dagbag.py:538} INFO - Filling up the DagBag from /opt/airflow/dags/ecommerce_etl.py
[2026-02-05T18:30:46.422+0000] {processor.py:840} INFO - DAG(s) 'ecommerce_etl_pipeline' retrieved from /opt/airflow/dags/ecommerce_etl.py
[2026-02-05T18:30:46.456+0000] {logging_mixin.py:188} INFO - [2026-02-05T18:30:46.456+0000] {dag.py:3036} INFO - Sync 1 DAGs
[2026-02-05T18:30:46.477+0000] {logging_mixin.py:188} INFO - [2026-02-05T18:30:46.477+0000] {dag.py:3823} INFO - Setting next_dagrun for ecommerce_etl_pipeline to 2026-02-05 00:00:00+00:00, run_after=2026-02-06 00:00:00+00:00
[2026-02-05T18:30:46.497+0000] {processor.py:183} INFO - Processing /opt/airflow/dags/ecommerce_etl.py took 0.107 seconds
[2026-02-05T18:31:16.607+0000] {processor.py:161} INFO - Started process (PID=1342) to work on /opt/airflow/dags/ecommerce_etl.py
[2026-02-05T18:31:16.609+0000] {processor.py:830} INFO - Processing file /opt/airflow/dags/ecommerce_etl.py for tasks to queue
[2026-02-05T18:31:16.610+0000] {logging_mixin.py:188} INFO - [2026-02-05T18:31:16.610+0000] {dagbag.py:538} INFO - Filling up the DagBag from /opt/airflow/dags/ecommerce_etl.py
[2026-02-05T18:31:16.646+0000] {processor.py:840} INFO - DAG(s) 'ecommerce_etl_pipeline' retrieved from /opt/airflow/dags/ecommerce_etl.py
[2026-02-05T18:31:16.675+0000] {logging_mixin.py:188} INFO - [2026-02-05T18:31:16.675+0000] {dag.py:3036} INFO - Sync 1 DAGs
[2026-02-05T18:31:16.695+0000] {logging_mixin.py:188} INFO - [2026-02-05T18:31:16.695+0000] {dag.py:3823} INFO - Setting next_dagrun for ecommerce_etl_pipeline to 2026-02-05 00:00:00+00:00, run_after=2026-02-06 00:00:00+00:00
[2026-02-05T18:31:16.716+0000] {processor.py:183} INFO - Processing /opt/airflow/dags/ecommerce_etl.py took 0.115 seconds
[2026-02-05T18:31:46.886+0000] {processor.py:161} INFO - Started process (PID=1353) to work on /opt/airflow/dags/ecommerce_etl.py
[2026-02-05T18:31:46.888+0000] {processor.py:830} INFO - Processing file /opt/airflow/dags/ecommerce_etl.py for tasks to queue
[2026-02-05T18:31:46.889+0000] {logging_mixin.py:188} INFO - [2026-02-05T18:31:46.889+0000] {dagbag.py:538} INFO - Filling up the DagBag from /opt/airflow/dags/ecommerce_etl.py
[2026-02-05T18:31:46.920+0000] {processor.py:840} INFO - DAG(s) 'ecommerce_etl_pipeline' retrieved from /opt/airflow/dags/ecommerce_etl.py
[2026-02-05T18:31:46.947+0000] {logging_mixin.py:188} INFO - [2026-02-05T18:31:46.947+0000] {dag.py:3036} INFO - Sync 1 DAGs
[2026-02-05T18:31:46.967+0000] {logging_mixin.py:188} INFO - [2026-02-05T18:31:46.967+0000] {dag.py:3823} INFO - Setting next_dagrun for ecommerce_etl_pipeline to 2026-02-05 00:00:00+00:00, run_after=2026-02-06 00:00:00+00:00
[2026-02-05T18:31:46.984+0000] {processor.py:183} INFO - Processing /opt/airflow/dags/ecommerce_etl.py took 0.101 seconds
[2026-02-05T18:32:17.069+0000] {processor.py:161} INFO - Started process (PID=1364) to work on /opt/airflow/dags/ecommerce_etl.py
[2026-02-05T18:32:17.070+0000] {processor.py:830} INFO - Processing file /opt/airflow/dags/ecommerce_etl.py for tasks to queue
[2026-02-05T18:32:17.071+0000] {logging_mixin.py:188} INFO - [2026-02-05T18:32:17.071+0000] {dagbag.py:538} INFO - Filling up the DagBag from /opt/airflow/dags/ecommerce_etl.py
[2026-02-05T18:32:17.095+0000] {processor.py:840} INFO - DAG(s) 'ecommerce_etl_pipeline' retrieved from /opt/airflow/dags/ecommerce_etl.py
[2026-02-05T18:32:17.123+0000] {logging_mixin.py:188} INFO - [2026-02-05T18:32:17.123+0000] {dag.py:3036} INFO - Sync 1 DAGs
[2026-02-05T18:32:17.142+0000] {logging_mixin.py:188} INFO - [2026-02-05T18:32:17.142+0000] {dag.py:3823} INFO - Setting next_dagrun for ecommerce_etl_pipeline to 2026-02-05 00:00:00+00:00, run_after=2026-02-06 00:00:00+00:00
[2026-02-05T18:32:17.159+0000] {processor.py:183} INFO - Processing /opt/airflow/dags/ecommerce_etl.py took 0.093 seconds
[2026-02-05T18:32:47.433+0000] {processor.py:161} INFO - Started process (PID=1375) to work on /opt/airflow/dags/ecommerce_etl.py
[2026-02-05T18:32:47.434+0000] {processor.py:830} INFO - Processing file /opt/airflow/dags/ecommerce_etl.py for tasks to queue
[2026-02-05T18:32:47.435+0000] {logging_mixin.py:188} INFO - [2026-02-05T18:32:47.435+0000] {dagbag.py:538} INFO - Filling up the DagBag from /opt/airflow/dags/ecommerce_etl.py
[2026-02-05T18:32:47.458+0000] {processor.py:840} INFO - DAG(s) 'ecommerce_etl_pipeline' retrieved from /opt/airflow/dags/ecommerce_etl.py
[2026-02-05T18:32:47.486+0000] {logging_mixin.py:188} INFO - [2026-02-05T18:32:47.485+0000] {dag.py:3036} INFO - Sync 1 DAGs
[2026-02-05T18:32:47.507+0000] {logging_mixin.py:188} INFO - [2026-02-05T18:32:47.507+0000] {dag.py:3823} INFO - Setting next_dagrun for ecommerce_etl_pipeline to 2026-02-05 00:00:00+00:00, run_after=2026-02-06 00:00:00+00:00
[2026-02-05T18:32:47.525+0000] {processor.py:183} INFO - Processing /opt/airflow/dags/ecommerce_etl.py took 0.094 seconds
[2026-02-05T18:33:15.666+0000] {processor.py:161} INFO - Started process (PID=1386) to work on /opt/airflow/dags/ecommerce_etl.py
[2026-02-05T18:33:15.667+0000] {processor.py:830} INFO - Processing file /opt/airflow/dags/ecommerce_etl.py for tasks to queue
[2026-02-05T18:33:15.668+0000] {logging_mixin.py:188} INFO - [2026-02-05T18:33:15.667+0000] {dagbag.py:538} INFO - Filling up the DagBag from /opt/airflow/dags/ecommerce_etl.py
[2026-02-05T18:33:15.703+0000] {processor.py:840} INFO - DAG(s) 'ecommerce_etl_pipeline' retrieved from /opt/airflow/dags/ecommerce_etl.py
[2026-02-05T18:33:15.730+0000] {logging_mixin.py:188} INFO - [2026-02-05T18:33:15.730+0000] {dag.py:3036} INFO - Sync 1 DAGs
[2026-02-05T18:33:15.748+0000] {logging_mixin.py:188} INFO - [2026-02-05T18:33:15.748+0000] {dag.py:3823} INFO - Setting next_dagrun for ecommerce_etl_pipeline to 2026-02-05 00:00:00+00:00, run_after=2026-02-06 00:00:00+00:00
[2026-02-05T18:33:15.779+0000] {processor.py:183} INFO - Processing /opt/airflow/dags/ecommerce_etl.py took 0.116 seconds
[2026-02-05T18:33:45.994+0000] {processor.py:161} INFO - Started process (PID=1397) to work on /opt/airflow/dags/ecommerce_etl.py
[2026-02-05T18:33:45.995+0000] {processor.py:830} INFO - Processing file /opt/airflow/dags/ecommerce_etl.py for tasks to queue
[2026-02-05T18:33:45.997+0000] {logging_mixin.py:188} INFO - [2026-02-05T18:33:45.996+0000] {dagbag.py:538} INFO - Filling up the DagBag from /opt/airflow/dags/ecommerce_etl.py
[2026-02-05T18:33:46.022+0000] {processor.py:840} INFO - DAG(s) 'ecommerce_etl_pipeline' retrieved from /opt/airflow/dags/ecommerce_etl.py
[2026-02-05T18:33:46.046+0000] {logging_mixin.py:188} INFO - [2026-02-05T18:33:46.046+0000] {dag.py:3036} INFO - Sync 1 DAGs
[2026-02-05T18:33:46.064+0000] {logging_mixin.py:188} INFO - [2026-02-05T18:33:46.064+0000] {dag.py:3823} INFO - Setting next_dagrun for ecommerce_etl_pipeline to 2026-02-05 00:00:00+00:00, run_after=2026-02-06 00:00:00+00:00
[2026-02-05T18:33:46.082+0000] {processor.py:183} INFO - Processing /opt/airflow/dags/ecommerce_etl.py took 0.092 seconds
[2026-02-05T18:36:58.830+0000] {processor.py:161} INFO - Started process (PID=187) to work on /opt/airflow/dags/ecommerce_etl.py
[2026-02-05T18:36:58.832+0000] {processor.py:830} INFO - Processing file /opt/airflow/dags/ecommerce_etl.py for tasks to queue
[2026-02-05T18:36:58.835+0000] {logging_mixin.py:188} INFO - [2026-02-05T18:36:58.834+0000] {dagbag.py:538} INFO - Filling up the DagBag from /opt/airflow/dags/ecommerce_etl.py
[2026-02-05T18:36:58.941+0000] {processor.py:840} INFO - DAG(s) 'ecommerce_etl_pipeline' retrieved from /opt/airflow/dags/ecommerce_etl.py
[2026-02-05T18:36:59.583+0000] {logging_mixin.py:188} INFO - [2026-02-05T18:36:59.582+0000] {override.py:1769} INFO - Created Permission View: can edit on DAG:ecommerce_etl_pipeline
[2026-02-05T18:36:59.606+0000] {logging_mixin.py:188} INFO - [2026-02-05T18:36:59.605+0000] {override.py:1769} INFO - Created Permission View: can read on DAG:ecommerce_etl_pipeline
[2026-02-05T18:36:59.618+0000] {logging_mixin.py:188} INFO - [2026-02-05T18:36:59.618+0000] {override.py:1769} INFO - Created Permission View: can delete on DAG:ecommerce_etl_pipeline
[2026-02-05T18:36:59.619+0000] {logging_mixin.py:188} INFO - [2026-02-05T18:36:59.619+0000] {dag.py:3036} INFO - Sync 1 DAGs
[2026-02-05T18:36:59.647+0000] {logging_mixin.py:188} INFO - [2026-02-05T18:36:59.647+0000] {dag.py:3058} INFO - Creating ORM DAG for ecommerce_etl_pipeline
[2026-02-05T18:36:59.666+0000] {logging_mixin.py:188} INFO - [2026-02-05T18:36:59.666+0000] {dag.py:3823} INFO - Setting next_dagrun for ecommerce_etl_pipeline to 2026-02-04 00:00:00+00:00, run_after=2026-02-05 00:00:00+00:00
[2026-02-05T18:36:59.718+0000] {processor.py:183} INFO - Processing /opt/airflow/dags/ecommerce_etl.py took 0.898 seconds
[2026-02-05T18:37:30.008+0000] {processor.py:161} INFO - Started process (PID=210) to work on /opt/airflow/dags/ecommerce_etl.py
[2026-02-05T18:37:30.009+0000] {processor.py:830} INFO - Processing file /opt/airflow/dags/ecommerce_etl.py for tasks to queue
[2026-02-05T18:37:30.010+0000] {logging_mixin.py:188} INFO - [2026-02-05T18:37:30.010+0000] {dagbag.py:538} INFO - Filling up the DagBag from /opt/airflow/dags/ecommerce_etl.py
[2026-02-05T18:37:30.102+0000] {processor.py:840} INFO - DAG(s) 'ecommerce_etl_pipeline' retrieved from /opt/airflow/dags/ecommerce_etl.py
[2026-02-05T18:37:30.248+0000] {logging_mixin.py:188} INFO - [2026-02-05T18:37:30.247+0000] {dag.py:3036} INFO - Sync 1 DAGs
[2026-02-05T18:37:30.295+0000] {logging_mixin.py:188} INFO - [2026-02-05T18:37:30.295+0000] {dag.py:3823} INFO - Setting next_dagrun for ecommerce_etl_pipeline to 2026-02-04 00:00:00+00:00, run_after=2026-02-05 00:00:00+00:00
[2026-02-05T18:37:30.333+0000] {processor.py:183} INFO - Processing /opt/airflow/dags/ecommerce_etl.py took 0.331 seconds
[2026-02-05T18:38:00.523+0000] {processor.py:161} INFO - Started process (PID=222) to work on /opt/airflow/dags/ecommerce_etl.py
[2026-02-05T18:38:00.524+0000] {processor.py:830} INFO - Processing file /opt/airflow/dags/ecommerce_etl.py for tasks to queue
[2026-02-05T18:38:00.525+0000] {logging_mixin.py:188} INFO - [2026-02-05T18:38:00.525+0000] {dagbag.py:538} INFO - Filling up the DagBag from /opt/airflow/dags/ecommerce_etl.py
[2026-02-05T18:38:00.551+0000] {processor.py:840} INFO - DAG(s) 'ecommerce_etl_pipeline' retrieved from /opt/airflow/dags/ecommerce_etl.py
[2026-02-05T18:38:00.581+0000] {logging_mixin.py:188} INFO - [2026-02-05T18:38:00.581+0000] {dag.py:3036} INFO - Sync 1 DAGs
[2026-02-05T18:38:00.630+0000] {logging_mixin.py:188} INFO - [2026-02-05T18:38:00.630+0000] {dag.py:3823} INFO - Setting next_dagrun for ecommerce_etl_pipeline to 2026-02-04 00:00:00+00:00, run_after=2026-02-05 00:00:00+00:00
[2026-02-05T18:38:00.651+0000] {processor.py:183} INFO - Processing /opt/airflow/dags/ecommerce_etl.py took 0.131 seconds
[2026-02-05T18:38:30.705+0000] {processor.py:161} INFO - Started process (PID=233) to work on /opt/airflow/dags/ecommerce_etl.py
[2026-02-05T18:38:30.707+0000] {processor.py:830} INFO - Processing file /opt/airflow/dags/ecommerce_etl.py for tasks to queue
[2026-02-05T18:38:30.708+0000] {logging_mixin.py:188} INFO - [2026-02-05T18:38:30.707+0000] {dagbag.py:538} INFO - Filling up the DagBag from /opt/airflow/dags/ecommerce_etl.py
[2026-02-05T18:38:30.753+0000] {processor.py:840} INFO - DAG(s) 'ecommerce_etl_pipeline' retrieved from /opt/airflow/dags/ecommerce_etl.py
[2026-02-05T18:38:30.790+0000] {logging_mixin.py:188} INFO - [2026-02-05T18:38:30.790+0000] {dag.py:3036} INFO - Sync 1 DAGs
[2026-02-05T18:38:30.816+0000] {logging_mixin.py:188} INFO - [2026-02-05T18:38:30.815+0000] {dag.py:3823} INFO - Setting next_dagrun for ecommerce_etl_pipeline to 2026-02-04 00:00:00+00:00, run_after=2026-02-05 00:00:00+00:00
[2026-02-05T18:38:30.835+0000] {processor.py:183} INFO - Processing /opt/airflow/dags/ecommerce_etl.py took 0.132 seconds
[2026-02-05T18:39:01.022+0000] {processor.py:161} INFO - Started process (PID=244) to work on /opt/airflow/dags/ecommerce_etl.py
[2026-02-05T18:39:01.024+0000] {processor.py:830} INFO - Processing file /opt/airflow/dags/ecommerce_etl.py for tasks to queue
[2026-02-05T18:39:01.025+0000] {logging_mixin.py:188} INFO - [2026-02-05T18:39:01.025+0000] {dagbag.py:538} INFO - Filling up the DagBag from /opt/airflow/dags/ecommerce_etl.py
[2026-02-05T18:39:01.056+0000] {processor.py:840} INFO - DAG(s) 'ecommerce_etl_pipeline' retrieved from /opt/airflow/dags/ecommerce_etl.py
[2026-02-05T18:39:01.088+0000] {logging_mixin.py:188} INFO - [2026-02-05T18:39:01.088+0000] {dag.py:3036} INFO - Sync 1 DAGs
[2026-02-05T18:39:01.110+0000] {logging_mixin.py:188} INFO - [2026-02-05T18:39:01.110+0000] {dag.py:3823} INFO - Setting next_dagrun for ecommerce_etl_pipeline to 2026-02-04 00:00:00+00:00, run_after=2026-02-05 00:00:00+00:00
[2026-02-05T18:39:01.128+0000] {processor.py:183} INFO - Processing /opt/airflow/dags/ecommerce_etl.py took 0.110 seconds
[2026-02-05T18:39:31.203+0000] {processor.py:161} INFO - Started process (PID=255) to work on /opt/airflow/dags/ecommerce_etl.py
[2026-02-05T18:39:31.204+0000] {processor.py:830} INFO - Processing file /opt/airflow/dags/ecommerce_etl.py for tasks to queue
[2026-02-05T18:39:31.205+0000] {logging_mixin.py:188} INFO - [2026-02-05T18:39:31.205+0000] {dagbag.py:538} INFO - Filling up the DagBag from /opt/airflow/dags/ecommerce_etl.py
[2026-02-05T18:39:31.229+0000] {processor.py:840} INFO - DAG(s) 'ecommerce_etl_pipeline' retrieved from /opt/airflow/dags/ecommerce_etl.py
[2026-02-05T18:39:31.259+0000] {logging_mixin.py:188} INFO - [2026-02-05T18:39:31.259+0000] {dag.py:3036} INFO - Sync 1 DAGs
[2026-02-05T18:39:31.280+0000] {logging_mixin.py:188} INFO - [2026-02-05T18:39:31.279+0000] {dag.py:3823} INFO - Setting next_dagrun for ecommerce_etl_pipeline to 2026-02-04 00:00:00+00:00, run_after=2026-02-05 00:00:00+00:00
[2026-02-05T18:39:31.322+0000] {processor.py:183} INFO - Processing /opt/airflow/dags/ecommerce_etl.py took 0.122 seconds
[2026-02-05T18:40:01.484+0000] {processor.py:161} INFO - Started process (PID=266) to work on /opt/airflow/dags/ecommerce_etl.py
[2026-02-05T18:40:01.486+0000] {processor.py:830} INFO - Processing file /opt/airflow/dags/ecommerce_etl.py for tasks to queue
[2026-02-05T18:40:01.487+0000] {logging_mixin.py:188} INFO - [2026-02-05T18:40:01.486+0000] {dagbag.py:538} INFO - Filling up the DagBag from /opt/airflow/dags/ecommerce_etl.py
[2026-02-05T18:40:01.516+0000] {processor.py:840} INFO - DAG(s) 'ecommerce_etl_pipeline' retrieved from /opt/airflow/dags/ecommerce_etl.py
[2026-02-05T18:40:01.547+0000] {logging_mixin.py:188} INFO - [2026-02-05T18:40:01.546+0000] {dag.py:3036} INFO - Sync 1 DAGs
[2026-02-05T18:40:01.589+0000] {logging_mixin.py:188} INFO - [2026-02-05T18:40:01.588+0000] {dag.py:3823} INFO - Setting next_dagrun for ecommerce_etl_pipeline to 2026-02-04 00:00:00+00:00, run_after=2026-02-05 00:00:00+00:00
[2026-02-05T18:40:01.613+0000] {processor.py:183} INFO - Processing /opt/airflow/dags/ecommerce_etl.py took 0.133 seconds
[2026-02-05T18:40:31.715+0000] {processor.py:161} INFO - Started process (PID=277) to work on /opt/airflow/dags/ecommerce_etl.py
[2026-02-05T18:40:31.716+0000] {processor.py:830} INFO - Processing file /opt/airflow/dags/ecommerce_etl.py for tasks to queue
[2026-02-05T18:40:31.717+0000] {logging_mixin.py:188} INFO - [2026-02-05T18:40:31.717+0000] {dagbag.py:538} INFO - Filling up the DagBag from /opt/airflow/dags/ecommerce_etl.py
[2026-02-05T18:40:31.749+0000] {processor.py:840} INFO - DAG(s) 'ecommerce_etl_pipeline' retrieved from /opt/airflow/dags/ecommerce_etl.py
[2026-02-05T18:40:31.779+0000] {logging_mixin.py:188} INFO - [2026-02-05T18:40:31.779+0000] {dag.py:3036} INFO - Sync 1 DAGs
[2026-02-05T18:40:31.802+0000] {logging_mixin.py:188} INFO - [2026-02-05T18:40:31.802+0000] {dag.py:3823} INFO - Setting next_dagrun for ecommerce_etl_pipeline to 2026-02-04 00:00:00+00:00, run_after=2026-02-05 00:00:00+00:00
[2026-02-05T18:40:31.819+0000] {processor.py:183} INFO - Processing /opt/airflow/dags/ecommerce_etl.py took 0.108 seconds
[2026-02-05T18:41:02.033+0000] {processor.py:161} INFO - Started process (PID=288) to work on /opt/airflow/dags/ecommerce_etl.py
[2026-02-05T18:41:02.036+0000] {processor.py:830} INFO - Processing file /opt/airflow/dags/ecommerce_etl.py for tasks to queue
[2026-02-05T18:41:02.038+0000] {logging_mixin.py:188} INFO - [2026-02-05T18:41:02.037+0000] {dagbag.py:538} INFO - Filling up the DagBag from /opt/airflow/dags/ecommerce_etl.py
[2026-02-05T18:41:02.108+0000] {processor.py:840} INFO - DAG(s) 'ecommerce_etl_pipeline' retrieved from /opt/airflow/dags/ecommerce_etl.py
[2026-02-05T18:41:02.184+0000] {logging_mixin.py:188} INFO - [2026-02-05T18:41:02.183+0000] {dag.py:3036} INFO - Sync 1 DAGs
[2026-02-05T18:41:02.231+0000] {logging_mixin.py:188} INFO - [2026-02-05T18:41:02.230+0000] {dag.py:3823} INFO - Setting next_dagrun for ecommerce_etl_pipeline to 2026-02-04 00:00:00+00:00, run_after=2026-02-05 00:00:00+00:00
[2026-02-05T18:41:02.264+0000] {processor.py:183} INFO - Processing /opt/airflow/dags/ecommerce_etl.py took 0.256 seconds
[2026-02-05T18:41:32.477+0000] {processor.py:161} INFO - Started process (PID=375) to work on /opt/airflow/dags/ecommerce_etl.py
[2026-02-05T18:41:32.478+0000] {processor.py:830} INFO - Processing file /opt/airflow/dags/ecommerce_etl.py for tasks to queue
[2026-02-05T18:41:32.479+0000] {logging_mixin.py:188} INFO - [2026-02-05T18:41:32.479+0000] {dagbag.py:538} INFO - Filling up the DagBag from /opt/airflow/dags/ecommerce_etl.py
[2026-02-05T18:41:32.503+0000] {processor.py:840} INFO - DAG(s) 'ecommerce_etl_pipeline' retrieved from /opt/airflow/dags/ecommerce_etl.py
[2026-02-05T18:41:32.532+0000] {logging_mixin.py:188} INFO - [2026-02-05T18:41:32.532+0000] {dag.py:3036} INFO - Sync 1 DAGs
[2026-02-05T18:41:32.553+0000] {logging_mixin.py:188} INFO - [2026-02-05T18:41:32.552+0000] {dag.py:3823} INFO - Setting next_dagrun for ecommerce_etl_pipeline to 2026-02-05 00:00:00+00:00, run_after=2026-02-06 00:00:00+00:00
[2026-02-05T18:41:32.572+0000] {processor.py:183} INFO - Processing /opt/airflow/dags/ecommerce_etl.py took 0.097 seconds
[2026-02-05T18:42:02.713+0000] {processor.py:161} INFO - Started process (PID=386) to work on /opt/airflow/dags/ecommerce_etl.py
[2026-02-05T18:42:02.714+0000] {processor.py:830} INFO - Processing file /opt/airflow/dags/ecommerce_etl.py for tasks to queue
[2026-02-05T18:42:02.715+0000] {logging_mixin.py:188} INFO - [2026-02-05T18:42:02.715+0000] {dagbag.py:538} INFO - Filling up the DagBag from /opt/airflow/dags/ecommerce_etl.py
[2026-02-05T18:42:02.737+0000] {processor.py:840} INFO - DAG(s) 'ecommerce_etl_pipeline' retrieved from /opt/airflow/dags/ecommerce_etl.py
[2026-02-05T18:42:02.767+0000] {logging_mixin.py:188} INFO - [2026-02-05T18:42:02.766+0000] {dag.py:3036} INFO - Sync 1 DAGs
[2026-02-05T18:42:02.786+0000] {logging_mixin.py:188} INFO - [2026-02-05T18:42:02.786+0000] {dag.py:3823} INFO - Setting next_dagrun for ecommerce_etl_pipeline to 2026-02-05 00:00:00+00:00, run_after=2026-02-06 00:00:00+00:00
[2026-02-05T18:42:02.803+0000] {processor.py:183} INFO - Processing /opt/airflow/dags/ecommerce_etl.py took 0.093 seconds
[2026-02-05T18:42:32.964+0000] {processor.py:161} INFO - Started process (PID=397) to work on /opt/airflow/dags/ecommerce_etl.py
[2026-02-05T18:42:32.965+0000] {processor.py:830} INFO - Processing file /opt/airflow/dags/ecommerce_etl.py for tasks to queue
[2026-02-05T18:42:32.966+0000] {logging_mixin.py:188} INFO - [2026-02-05T18:42:32.966+0000] {dagbag.py:538} INFO - Filling up the DagBag from /opt/airflow/dags/ecommerce_etl.py
[2026-02-05T18:42:32.986+0000] {processor.py:840} INFO - DAG(s) 'ecommerce_etl_pipeline' retrieved from /opt/airflow/dags/ecommerce_etl.py
[2026-02-05T18:42:33.014+0000] {logging_mixin.py:188} INFO - [2026-02-05T18:42:33.014+0000] {dag.py:3036} INFO - Sync 1 DAGs
[2026-02-05T18:42:33.035+0000] {logging_mixin.py:188} INFO - [2026-02-05T18:42:33.035+0000] {dag.py:3823} INFO - Setting next_dagrun for ecommerce_etl_pipeline to 2026-02-05 00:00:00+00:00, run_after=2026-02-06 00:00:00+00:00
[2026-02-05T18:42:33.054+0000] {processor.py:183} INFO - Processing /opt/airflow/dags/ecommerce_etl.py took 0.092 seconds
[2026-02-05T18:43:03.186+0000] {processor.py:161} INFO - Started process (PID=408) to work on /opt/airflow/dags/ecommerce_etl.py
[2026-02-05T18:43:03.187+0000] {processor.py:830} INFO - Processing file /opt/airflow/dags/ecommerce_etl.py for tasks to queue
[2026-02-05T18:43:03.188+0000] {logging_mixin.py:188} INFO - [2026-02-05T18:43:03.188+0000] {dagbag.py:538} INFO - Filling up the DagBag from /opt/airflow/dags/ecommerce_etl.py
[2026-02-05T18:43:03.210+0000] {processor.py:840} INFO - DAG(s) 'ecommerce_etl_pipeline' retrieved from /opt/airflow/dags/ecommerce_etl.py
[2026-02-05T18:43:03.241+0000] {logging_mixin.py:188} INFO - [2026-02-05T18:43:03.240+0000] {dag.py:3036} INFO - Sync 1 DAGs
[2026-02-05T18:43:03.265+0000] {logging_mixin.py:188} INFO - [2026-02-05T18:43:03.265+0000] {dag.py:3823} INFO - Setting next_dagrun for ecommerce_etl_pipeline to 2026-02-05 00:00:00+00:00, run_after=2026-02-06 00:00:00+00:00
[2026-02-05T18:43:03.283+0000] {processor.py:183} INFO - Processing /opt/airflow/dags/ecommerce_etl.py took 0.100 seconds
[2026-02-05T18:43:33.412+0000] {processor.py:161} INFO - Started process (PID=419) to work on /opt/airflow/dags/ecommerce_etl.py
[2026-02-05T18:43:33.413+0000] {processor.py:830} INFO - Processing file /opt/airflow/dags/ecommerce_etl.py for tasks to queue
[2026-02-05T18:43:33.414+0000] {logging_mixin.py:188} INFO - [2026-02-05T18:43:33.413+0000] {dagbag.py:538} INFO - Filling up the DagBag from /opt/airflow/dags/ecommerce_etl.py
[2026-02-05T18:43:33.432+0000] {processor.py:840} INFO - DAG(s) 'ecommerce_etl_pipeline' retrieved from /opt/airflow/dags/ecommerce_etl.py
[2026-02-05T18:43:33.458+0000] {logging_mixin.py:188} INFO - [2026-02-05T18:43:33.458+0000] {dag.py:3036} INFO - Sync 1 DAGs
[2026-02-05T18:43:33.477+0000] {logging_mixin.py:188} INFO - [2026-02-05T18:43:33.477+0000] {dag.py:3823} INFO - Setting next_dagrun for ecommerce_etl_pipeline to 2026-02-05 00:00:00+00:00, run_after=2026-02-06 00:00:00+00:00
[2026-02-05T18:43:33.496+0000] {processor.py:183} INFO - Processing /opt/airflow/dags/ecommerce_etl.py took 0.087 seconds
[2026-02-05T18:44:03.651+0000] {processor.py:161} INFO - Started process (PID=430) to work on /opt/airflow/dags/ecommerce_etl.py
[2026-02-05T18:44:03.652+0000] {processor.py:830} INFO - Processing file /opt/airflow/dags/ecommerce_etl.py for tasks to queue
[2026-02-05T18:44:03.653+0000] {logging_mixin.py:188} INFO - [2026-02-05T18:44:03.653+0000] {dagbag.py:538} INFO - Filling up the DagBag from /opt/airflow/dags/ecommerce_etl.py
[2026-02-05T18:44:03.675+0000] {processor.py:840} INFO - DAG(s) 'ecommerce_etl_pipeline' retrieved from /opt/airflow/dags/ecommerce_etl.py
[2026-02-05T18:44:03.701+0000] {logging_mixin.py:188} INFO - [2026-02-05T18:44:03.700+0000] {dag.py:3036} INFO - Sync 1 DAGs
[2026-02-05T18:44:03.720+0000] {logging_mixin.py:188} INFO - [2026-02-05T18:44:03.719+0000] {dag.py:3823} INFO - Setting next_dagrun for ecommerce_etl_pipeline to 2026-02-05 00:00:00+00:00, run_after=2026-02-06 00:00:00+00:00
[2026-02-05T18:44:03.738+0000] {processor.py:183} INFO - Processing /opt/airflow/dags/ecommerce_etl.py took 0.090 seconds
[2026-02-05T18:44:33.878+0000] {processor.py:161} INFO - Started process (PID=441) to work on /opt/airflow/dags/ecommerce_etl.py
[2026-02-05T18:44:33.879+0000] {processor.py:830} INFO - Processing file /opt/airflow/dags/ecommerce_etl.py for tasks to queue
[2026-02-05T18:44:33.880+0000] {logging_mixin.py:188} INFO - [2026-02-05T18:44:33.879+0000] {dagbag.py:538} INFO - Filling up the DagBag from /opt/airflow/dags/ecommerce_etl.py
[2026-02-05T18:44:33.900+0000] {processor.py:840} INFO - DAG(s) 'ecommerce_etl_pipeline' retrieved from /opt/airflow/dags/ecommerce_etl.py
[2026-02-05T18:44:33.930+0000] {logging_mixin.py:188} INFO - [2026-02-05T18:44:33.930+0000] {dag.py:3036} INFO - Sync 1 DAGs
[2026-02-05T18:44:33.954+0000] {logging_mixin.py:188} INFO - [2026-02-05T18:44:33.954+0000] {dag.py:3823} INFO - Setting next_dagrun for ecommerce_etl_pipeline to 2026-02-05 00:00:00+00:00, run_after=2026-02-06 00:00:00+00:00
[2026-02-05T18:44:33.974+0000] {processor.py:183} INFO - Processing /opt/airflow/dags/ecommerce_etl.py took 0.099 seconds
[2026-02-05T18:45:04.136+0000] {processor.py:161} INFO - Started process (PID=452) to work on /opt/airflow/dags/ecommerce_etl.py
[2026-02-05T18:45:04.137+0000] {processor.py:830} INFO - Processing file /opt/airflow/dags/ecommerce_etl.py for tasks to queue
[2026-02-05T18:45:04.138+0000] {logging_mixin.py:188} INFO - [2026-02-05T18:45:04.137+0000] {dagbag.py:538} INFO - Filling up the DagBag from /opt/airflow/dags/ecommerce_etl.py
[2026-02-05T18:45:04.159+0000] {processor.py:840} INFO - DAG(s) 'ecommerce_etl_pipeline' retrieved from /opt/airflow/dags/ecommerce_etl.py
[2026-02-05T18:45:04.188+0000] {logging_mixin.py:188} INFO - [2026-02-05T18:45:04.187+0000] {dag.py:3036} INFO - Sync 1 DAGs
[2026-02-05T18:45:04.212+0000] {logging_mixin.py:188} INFO - [2026-02-05T18:45:04.211+0000] {dag.py:3823} INFO - Setting next_dagrun for ecommerce_etl_pipeline to 2026-02-05 00:00:00+00:00, run_after=2026-02-06 00:00:00+00:00
[2026-02-05T18:45:04.231+0000] {processor.py:183} INFO - Processing /opt/airflow/dags/ecommerce_etl.py took 0.097 seconds
[2026-02-05T18:45:34.325+0000] {processor.py:161} INFO - Started process (PID=463) to work on /opt/airflow/dags/ecommerce_etl.py
[2026-02-05T18:45:34.326+0000] {processor.py:830} INFO - Processing file /opt/airflow/dags/ecommerce_etl.py for tasks to queue
[2026-02-05T18:45:34.327+0000] {logging_mixin.py:188} INFO - [2026-02-05T18:45:34.326+0000] {dagbag.py:538} INFO - Filling up the DagBag from /opt/airflow/dags/ecommerce_etl.py
[2026-02-05T18:45:34.354+0000] {processor.py:840} INFO - DAG(s) 'ecommerce_etl_pipeline' retrieved from /opt/airflow/dags/ecommerce_etl.py
[2026-02-05T18:45:34.387+0000] {logging_mixin.py:188} INFO - [2026-02-05T18:45:34.387+0000] {dag.py:3036} INFO - Sync 1 DAGs
[2026-02-05T18:45:34.412+0000] {logging_mixin.py:188} INFO - [2026-02-05T18:45:34.412+0000] {dag.py:3823} INFO - Setting next_dagrun for ecommerce_etl_pipeline to 2026-02-05 00:00:00+00:00, run_after=2026-02-06 00:00:00+00:00
[2026-02-05T18:45:34.444+0000] {processor.py:183} INFO - Processing /opt/airflow/dags/ecommerce_etl.py took 0.122 seconds
[2026-02-05T18:46:04.607+0000] {processor.py:161} INFO - Started process (PID=474) to work on /opt/airflow/dags/ecommerce_etl.py
[2026-02-05T18:46:04.608+0000] {processor.py:830} INFO - Processing file /opt/airflow/dags/ecommerce_etl.py for tasks to queue
[2026-02-05T18:46:04.609+0000] {logging_mixin.py:188} INFO - [2026-02-05T18:46:04.608+0000] {dagbag.py:538} INFO - Filling up the DagBag from /opt/airflow/dags/ecommerce_etl.py
[2026-02-05T18:46:04.637+0000] {processor.py:840} INFO - DAG(s) 'ecommerce_etl_pipeline' retrieved from /opt/airflow/dags/ecommerce_etl.py
[2026-02-05T18:46:04.667+0000] {logging_mixin.py:188} INFO - [2026-02-05T18:46:04.666+0000] {dag.py:3036} INFO - Sync 1 DAGs
[2026-02-05T18:46:04.689+0000] {logging_mixin.py:188} INFO - [2026-02-05T18:46:04.689+0000] {dag.py:3823} INFO - Setting next_dagrun for ecommerce_etl_pipeline to 2026-02-05 00:00:00+00:00, run_after=2026-02-06 00:00:00+00:00
[2026-02-05T18:46:04.708+0000] {processor.py:183} INFO - Processing /opt/airflow/dags/ecommerce_etl.py took 0.105 seconds
[2026-02-05T18:46:34.817+0000] {processor.py:161} INFO - Started process (PID=491) to work on /opt/airflow/dags/ecommerce_etl.py
[2026-02-05T18:46:34.818+0000] {processor.py:830} INFO - Processing file /opt/airflow/dags/ecommerce_etl.py for tasks to queue
[2026-02-05T18:46:34.819+0000] {logging_mixin.py:188} INFO - [2026-02-05T18:46:34.819+0000] {dagbag.py:538} INFO - Filling up the DagBag from /opt/airflow/dags/ecommerce_etl.py
[2026-02-05T18:46:34.840+0000] {processor.py:840} INFO - DAG(s) 'ecommerce_etl_pipeline' retrieved from /opt/airflow/dags/ecommerce_etl.py
[2026-02-05T18:46:34.868+0000] {logging_mixin.py:188} INFO - [2026-02-05T18:46:34.867+0000] {dag.py:3036} INFO - Sync 1 DAGs
[2026-02-05T18:46:34.889+0000] {logging_mixin.py:188} INFO - [2026-02-05T18:46:34.889+0000] {dag.py:3823} INFO - Setting next_dagrun for ecommerce_etl_pipeline to 2026-02-05 00:00:00+00:00, run_after=2026-02-06 00:00:00+00:00
[2026-02-05T18:46:34.923+0000] {processor.py:183} INFO - Processing /opt/airflow/dags/ecommerce_etl.py took 0.108 seconds
[2026-02-05T18:47:05.162+0000] {processor.py:161} INFO - Started process (PID=502) to work on /opt/airflow/dags/ecommerce_etl.py
[2026-02-05T18:47:05.163+0000] {processor.py:830} INFO - Processing file /opt/airflow/dags/ecommerce_etl.py for tasks to queue
[2026-02-05T18:47:05.165+0000] {logging_mixin.py:188} INFO - [2026-02-05T18:47:05.164+0000] {dagbag.py:538} INFO - Filling up the DagBag from /opt/airflow/dags/ecommerce_etl.py
[2026-02-05T18:47:05.190+0000] {processor.py:840} INFO - DAG(s) 'ecommerce_etl_pipeline' retrieved from /opt/airflow/dags/ecommerce_etl.py
[2026-02-05T18:47:05.224+0000] {logging_mixin.py:188} INFO - [2026-02-05T18:47:05.224+0000] {dag.py:3036} INFO - Sync 1 DAGs
[2026-02-05T18:47:05.245+0000] {logging_mixin.py:188} INFO - [2026-02-05T18:47:05.244+0000] {dag.py:3823} INFO - Setting next_dagrun for ecommerce_etl_pipeline to 2026-02-05 00:00:00+00:00, run_after=2026-02-06 00:00:00+00:00
[2026-02-05T18:47:05.264+0000] {processor.py:183} INFO - Processing /opt/airflow/dags/ecommerce_etl.py took 0.105 seconds
[2026-02-05T18:47:35.339+0000] {processor.py:161} INFO - Started process (PID=513) to work on /opt/airflow/dags/ecommerce_etl.py
[2026-02-05T18:47:35.340+0000] {processor.py:830} INFO - Processing file /opt/airflow/dags/ecommerce_etl.py for tasks to queue
[2026-02-05T18:47:35.341+0000] {logging_mixin.py:188} INFO - [2026-02-05T18:47:35.341+0000] {dagbag.py:538} INFO - Filling up the DagBag from /opt/airflow/dags/ecommerce_etl.py
[2026-02-05T18:47:35.362+0000] {processor.py:840} INFO - DAG(s) 'ecommerce_etl_pipeline' retrieved from /opt/airflow/dags/ecommerce_etl.py
[2026-02-05T18:47:35.390+0000] {logging_mixin.py:188} INFO - [2026-02-05T18:47:35.389+0000] {dag.py:3036} INFO - Sync 1 DAGs
[2026-02-05T18:47:35.412+0000] {logging_mixin.py:188} INFO - [2026-02-05T18:47:35.412+0000] {dag.py:3823} INFO - Setting next_dagrun for ecommerce_etl_pipeline to 2026-02-05 00:00:00+00:00, run_after=2026-02-06 00:00:00+00:00
[2026-02-05T18:47:35.430+0000] {processor.py:183} INFO - Processing /opt/airflow/dags/ecommerce_etl.py took 0.094 seconds
[2026-02-05T18:48:05.619+0000] {processor.py:161} INFO - Started process (PID=524) to work on /opt/airflow/dags/ecommerce_etl.py
[2026-02-05T18:48:05.620+0000] {processor.py:830} INFO - Processing file /opt/airflow/dags/ecommerce_etl.py for tasks to queue
[2026-02-05T18:48:05.621+0000] {logging_mixin.py:188} INFO - [2026-02-05T18:48:05.621+0000] {dagbag.py:538} INFO - Filling up the DagBag from /opt/airflow/dags/ecommerce_etl.py
[2026-02-05T18:48:05.643+0000] {processor.py:840} INFO - DAG(s) 'ecommerce_etl_pipeline' retrieved from /opt/airflow/dags/ecommerce_etl.py
[2026-02-05T18:48:05.669+0000] {logging_mixin.py:188} INFO - [2026-02-05T18:48:05.669+0000] {dag.py:3036} INFO - Sync 1 DAGs
[2026-02-05T18:48:05.690+0000] {logging_mixin.py:188} INFO - [2026-02-05T18:48:05.690+0000] {dag.py:3823} INFO - Setting next_dagrun for ecommerce_etl_pipeline to 2026-02-05 00:00:00+00:00, run_after=2026-02-06 00:00:00+00:00
[2026-02-05T18:48:05.707+0000] {processor.py:183} INFO - Processing /opt/airflow/dags/ecommerce_etl.py took 0.090 seconds
[2026-02-05T18:48:35.817+0000] {processor.py:161} INFO - Started process (PID=535) to work on /opt/airflow/dags/ecommerce_etl.py
[2026-02-05T18:48:35.818+0000] {processor.py:830} INFO - Processing file /opt/airflow/dags/ecommerce_etl.py for tasks to queue
[2026-02-05T18:48:35.819+0000] {logging_mixin.py:188} INFO - [2026-02-05T18:48:35.819+0000] {dagbag.py:538} INFO - Filling up the DagBag from /opt/airflow/dags/ecommerce_etl.py
[2026-02-05T18:48:35.838+0000] {processor.py:840} INFO - DAG(s) 'ecommerce_etl_pipeline' retrieved from /opt/airflow/dags/ecommerce_etl.py
[2026-02-05T18:48:35.869+0000] {logging_mixin.py:188} INFO - [2026-02-05T18:48:35.868+0000] {dag.py:3036} INFO - Sync 1 DAGs
[2026-02-05T18:48:35.889+0000] {logging_mixin.py:188} INFO - [2026-02-05T18:48:35.889+0000] {dag.py:3823} INFO - Setting next_dagrun for ecommerce_etl_pipeline to 2026-02-05 00:00:00+00:00, run_after=2026-02-06 00:00:00+00:00
[2026-02-05T18:48:35.909+0000] {processor.py:183} INFO - Processing /opt/airflow/dags/ecommerce_etl.py took 0.095 seconds
[2026-02-05T18:49:06.055+0000] {processor.py:161} INFO - Started process (PID=546) to work on /opt/airflow/dags/ecommerce_etl.py
[2026-02-05T18:49:06.056+0000] {processor.py:830} INFO - Processing file /opt/airflow/dags/ecommerce_etl.py for tasks to queue
[2026-02-05T18:49:06.057+0000] {logging_mixin.py:188} INFO - [2026-02-05T18:49:06.057+0000] {dagbag.py:538} INFO - Filling up the DagBag from /opt/airflow/dags/ecommerce_etl.py
[2026-02-05T18:49:06.078+0000] {processor.py:840} INFO - DAG(s) 'ecommerce_etl_pipeline' retrieved from /opt/airflow/dags/ecommerce_etl.py
[2026-02-05T18:49:06.111+0000] {logging_mixin.py:188} INFO - [2026-02-05T18:49:06.110+0000] {dag.py:3036} INFO - Sync 1 DAGs
[2026-02-05T18:49:06.151+0000] {logging_mixin.py:188} INFO - [2026-02-05T18:49:06.151+0000] {dag.py:3823} INFO - Setting next_dagrun for ecommerce_etl_pipeline to 2026-02-05 00:00:00+00:00, run_after=2026-02-06 00:00:00+00:00
[2026-02-05T18:49:06.180+0000] {processor.py:183} INFO - Processing /opt/airflow/dags/ecommerce_etl.py took 0.128 seconds
[2026-02-05T18:49:36.250+0000] {processor.py:161} INFO - Started process (PID=558) to work on /opt/airflow/dags/ecommerce_etl.py
[2026-02-05T18:49:36.251+0000] {processor.py:830} INFO - Processing file /opt/airflow/dags/ecommerce_etl.py for tasks to queue
[2026-02-05T18:49:36.252+0000] {logging_mixin.py:188} INFO - [2026-02-05T18:49:36.252+0000] {dagbag.py:538} INFO - Filling up the DagBag from /opt/airflow/dags/ecommerce_etl.py
[2026-02-05T18:49:36.281+0000] {processor.py:840} INFO - DAG(s) 'ecommerce_etl_pipeline' retrieved from /opt/airflow/dags/ecommerce_etl.py
[2026-02-05T18:49:36.320+0000] {logging_mixin.py:188} INFO - [2026-02-05T18:49:36.320+0000] {dag.py:3036} INFO - Sync 1 DAGs
[2026-02-05T18:49:36.343+0000] {logging_mixin.py:188} INFO - [2026-02-05T18:49:36.343+0000] {dag.py:3823} INFO - Setting next_dagrun for ecommerce_etl_pipeline to 2026-02-05 00:00:00+00:00, run_after=2026-02-06 00:00:00+00:00
[2026-02-05T18:49:36.362+0000] {processor.py:183} INFO - Processing /opt/airflow/dags/ecommerce_etl.py took 0.114 seconds
[2026-02-05T18:50:06.525+0000] {processor.py:161} INFO - Started process (PID=569) to work on /opt/airflow/dags/ecommerce_etl.py
[2026-02-05T18:50:06.526+0000] {processor.py:830} INFO - Processing file /opt/airflow/dags/ecommerce_etl.py for tasks to queue
[2026-02-05T18:50:06.527+0000] {logging_mixin.py:188} INFO - [2026-02-05T18:50:06.527+0000] {dagbag.py:538} INFO - Filling up the DagBag from /opt/airflow/dags/ecommerce_etl.py
[2026-02-05T18:50:06.552+0000] {processor.py:840} INFO - DAG(s) 'ecommerce_etl_pipeline' retrieved from /opt/airflow/dags/ecommerce_etl.py
[2026-02-05T18:50:06.580+0000] {logging_mixin.py:188} INFO - [2026-02-05T18:50:06.580+0000] {dag.py:3036} INFO - Sync 1 DAGs
[2026-02-05T18:50:06.602+0000] {logging_mixin.py:188} INFO - [2026-02-05T18:50:06.602+0000] {dag.py:3823} INFO - Setting next_dagrun for ecommerce_etl_pipeline to 2026-02-05 00:00:00+00:00, run_after=2026-02-06 00:00:00+00:00
[2026-02-05T18:50:06.620+0000] {processor.py:183} INFO - Processing /opt/airflow/dags/ecommerce_etl.py took 0.098 seconds
[2026-02-05T18:50:36.722+0000] {processor.py:161} INFO - Started process (PID=580) to work on /opt/airflow/dags/ecommerce_etl.py
[2026-02-05T18:50:36.723+0000] {processor.py:830} INFO - Processing file /opt/airflow/dags/ecommerce_etl.py for tasks to queue
[2026-02-05T18:50:36.724+0000] {logging_mixin.py:188} INFO - [2026-02-05T18:50:36.723+0000] {dagbag.py:538} INFO - Filling up the DagBag from /opt/airflow/dags/ecommerce_etl.py
[2026-02-05T18:50:36.745+0000] {processor.py:840} INFO - DAG(s) 'ecommerce_etl_pipeline' retrieved from /opt/airflow/dags/ecommerce_etl.py
[2026-02-05T18:50:36.772+0000] {logging_mixin.py:188} INFO - [2026-02-05T18:50:36.772+0000] {dag.py:3036} INFO - Sync 1 DAGs
[2026-02-05T18:50:36.795+0000] {logging_mixin.py:188} INFO - [2026-02-05T18:50:36.795+0000] {dag.py:3823} INFO - Setting next_dagrun for ecommerce_etl_pipeline to 2026-02-05 00:00:00+00:00, run_after=2026-02-06 00:00:00+00:00
[2026-02-05T18:50:36.814+0000] {processor.py:183} INFO - Processing /opt/airflow/dags/ecommerce_etl.py took 0.095 seconds
[2026-02-05T18:51:07.012+0000] {processor.py:161} INFO - Started process (PID=591) to work on /opt/airflow/dags/ecommerce_etl.py
[2026-02-05T18:51:07.013+0000] {processor.py:830} INFO - Processing file /opt/airflow/dags/ecommerce_etl.py for tasks to queue
[2026-02-05T18:51:07.014+0000] {logging_mixin.py:188} INFO - [2026-02-05T18:51:07.013+0000] {dagbag.py:538} INFO - Filling up the DagBag from /opt/airflow/dags/ecommerce_etl.py
[2026-02-05T18:51:07.036+0000] {processor.py:840} INFO - DAG(s) 'ecommerce_etl_pipeline' retrieved from /opt/airflow/dags/ecommerce_etl.py
[2026-02-05T18:51:07.064+0000] {logging_mixin.py:188} INFO - [2026-02-05T18:51:07.064+0000] {dag.py:3036} INFO - Sync 1 DAGs
[2026-02-05T18:51:07.084+0000] {logging_mixin.py:188} INFO - [2026-02-05T18:51:07.084+0000] {dag.py:3823} INFO - Setting next_dagrun for ecommerce_etl_pipeline to 2026-02-05 00:00:00+00:00, run_after=2026-02-06 00:00:00+00:00
[2026-02-05T18:51:07.102+0000] {processor.py:183} INFO - Processing /opt/airflow/dags/ecommerce_etl.py took 0.093 seconds
[2026-02-05T18:51:37.221+0000] {processor.py:161} INFO - Started process (PID=602) to work on /opt/airflow/dags/ecommerce_etl.py
[2026-02-05T18:51:37.222+0000] {processor.py:830} INFO - Processing file /opt/airflow/dags/ecommerce_etl.py for tasks to queue
[2026-02-05T18:51:37.223+0000] {logging_mixin.py:188} INFO - [2026-02-05T18:51:37.223+0000] {dagbag.py:538} INFO - Filling up the DagBag from /opt/airflow/dags/ecommerce_etl.py
[2026-02-05T18:51:37.247+0000] {processor.py:840} INFO - DAG(s) 'ecommerce_etl_pipeline' retrieved from /opt/airflow/dags/ecommerce_etl.py
[2026-02-05T18:51:37.278+0000] {logging_mixin.py:188} INFO - [2026-02-05T18:51:37.278+0000] {dag.py:3036} INFO - Sync 1 DAGs
[2026-02-05T18:51:37.299+0000] {logging_mixin.py:188} INFO - [2026-02-05T18:51:37.299+0000] {dag.py:3823} INFO - Setting next_dagrun for ecommerce_etl_pipeline to 2026-02-05 00:00:00+00:00, run_after=2026-02-06 00:00:00+00:00
[2026-02-05T18:51:37.318+0000] {processor.py:183} INFO - Processing /opt/airflow/dags/ecommerce_etl.py took 0.100 seconds
[2026-02-05T18:52:07.503+0000] {processor.py:161} INFO - Started process (PID=613) to work on /opt/airflow/dags/ecommerce_etl.py
[2026-02-05T18:52:07.504+0000] {processor.py:830} INFO - Processing file /opt/airflow/dags/ecommerce_etl.py for tasks to queue
[2026-02-05T18:52:07.505+0000] {logging_mixin.py:188} INFO - [2026-02-05T18:52:07.505+0000] {dagbag.py:538} INFO - Filling up the DagBag from /opt/airflow/dags/ecommerce_etl.py
[2026-02-05T18:52:07.526+0000] {processor.py:840} INFO - DAG(s) 'ecommerce_etl_pipeline' retrieved from /opt/airflow/dags/ecommerce_etl.py
[2026-02-05T18:52:07.553+0000] {logging_mixin.py:188} INFO - [2026-02-05T18:52:07.553+0000] {dag.py:3036} INFO - Sync 1 DAGs
[2026-02-05T18:52:07.572+0000] {logging_mixin.py:188} INFO - [2026-02-05T18:52:07.572+0000] {dag.py:3823} INFO - Setting next_dagrun for ecommerce_etl_pipeline to 2026-02-05 00:00:00+00:00, run_after=2026-02-06 00:00:00+00:00
[2026-02-05T18:52:07.590+0000] {processor.py:183} INFO - Processing /opt/airflow/dags/ecommerce_etl.py took 0.089 seconds
[2026-02-05T18:52:37.706+0000] {processor.py:161} INFO - Started process (PID=624) to work on /opt/airflow/dags/ecommerce_etl.py
[2026-02-05T18:52:37.707+0000] {processor.py:830} INFO - Processing file /opt/airflow/dags/ecommerce_etl.py for tasks to queue
[2026-02-05T18:52:37.708+0000] {logging_mixin.py:188} INFO - [2026-02-05T18:52:37.708+0000] {dagbag.py:538} INFO - Filling up the DagBag from /opt/airflow/dags/ecommerce_etl.py
[2026-02-05T18:52:37.733+0000] {processor.py:840} INFO - DAG(s) 'ecommerce_etl_pipeline' retrieved from /opt/airflow/dags/ecommerce_etl.py
[2026-02-05T18:52:37.762+0000] {logging_mixin.py:188} INFO - [2026-02-05T18:52:37.762+0000] {dag.py:3036} INFO - Sync 1 DAGs
[2026-02-05T18:52:37.785+0000] {logging_mixin.py:188} INFO - [2026-02-05T18:52:37.785+0000] {dag.py:3823} INFO - Setting next_dagrun for ecommerce_etl_pipeline to 2026-02-05 00:00:00+00:00, run_after=2026-02-06 00:00:00+00:00
[2026-02-05T18:52:37.802+0000] {processor.py:183} INFO - Processing /opt/airflow/dags/ecommerce_etl.py took 0.100 seconds
[2026-02-05T18:53:07.971+0000] {processor.py:161} INFO - Started process (PID=636) to work on /opt/airflow/dags/ecommerce_etl.py
[2026-02-05T18:53:07.972+0000] {processor.py:830} INFO - Processing file /opt/airflow/dags/ecommerce_etl.py for tasks to queue
[2026-02-05T18:53:07.973+0000] {logging_mixin.py:188} INFO - [2026-02-05T18:53:07.973+0000] {dagbag.py:538} INFO - Filling up the DagBag from /opt/airflow/dags/ecommerce_etl.py
[2026-02-05T18:53:07.995+0000] {processor.py:840} INFO - DAG(s) 'ecommerce_etl_pipeline' retrieved from /opt/airflow/dags/ecommerce_etl.py
[2026-02-05T18:53:08.021+0000] {logging_mixin.py:188} INFO - [2026-02-05T18:53:08.021+0000] {dag.py:3036} INFO - Sync 1 DAGs
[2026-02-05T18:53:08.040+0000] {logging_mixin.py:188} INFO - [2026-02-05T18:53:08.040+0000] {dag.py:3823} INFO - Setting next_dagrun for ecommerce_etl_pipeline to 2026-02-05 00:00:00+00:00, run_after=2026-02-06 00:00:00+00:00
[2026-02-05T18:53:08.057+0000] {processor.py:183} INFO - Processing /opt/airflow/dags/ecommerce_etl.py took 0.090 seconds
[2026-02-05T18:53:38.203+0000] {processor.py:161} INFO - Started process (PID=648) to work on /opt/airflow/dags/ecommerce_etl.py
[2026-02-05T18:53:38.205+0000] {processor.py:830} INFO - Processing file /opt/airflow/dags/ecommerce_etl.py for tasks to queue
[2026-02-05T18:53:38.205+0000] {logging_mixin.py:188} INFO - [2026-02-05T18:53:38.205+0000] {dagbag.py:538} INFO - Filling up the DagBag from /opt/airflow/dags/ecommerce_etl.py
[2026-02-05T18:53:38.225+0000] {processor.py:840} INFO - DAG(s) 'ecommerce_etl_pipeline' retrieved from /opt/airflow/dags/ecommerce_etl.py
[2026-02-05T18:53:38.252+0000] {logging_mixin.py:188} INFO - [2026-02-05T18:53:38.252+0000] {dag.py:3036} INFO - Sync 1 DAGs
[2026-02-05T18:53:38.272+0000] {logging_mixin.py:188} INFO - [2026-02-05T18:53:38.272+0000] {dag.py:3823} INFO - Setting next_dagrun for ecommerce_etl_pipeline to 2026-02-05 00:00:00+00:00, run_after=2026-02-06 00:00:00+00:00
[2026-02-05T18:53:38.289+0000] {processor.py:183} INFO - Processing /opt/airflow/dags/ecommerce_etl.py took 0.089 seconds
[2026-02-05T18:54:08.457+0000] {processor.py:161} INFO - Started process (PID=659) to work on /opt/airflow/dags/ecommerce_etl.py
[2026-02-05T18:54:08.458+0000] {processor.py:830} INFO - Processing file /opt/airflow/dags/ecommerce_etl.py for tasks to queue
[2026-02-05T18:54:08.459+0000] {logging_mixin.py:188} INFO - [2026-02-05T18:54:08.458+0000] {dagbag.py:538} INFO - Filling up the DagBag from /opt/airflow/dags/ecommerce_etl.py
[2026-02-05T18:54:08.483+0000] {processor.py:840} INFO - DAG(s) 'ecommerce_etl_pipeline' retrieved from /opt/airflow/dags/ecommerce_etl.py
[2026-02-05T18:54:08.518+0000] {logging_mixin.py:188} INFO - [2026-02-05T18:54:08.517+0000] {dag.py:3036} INFO - Sync 1 DAGs
[2026-02-05T18:54:08.541+0000] {logging_mixin.py:188} INFO - [2026-02-05T18:54:08.541+0000] {dag.py:3823} INFO - Setting next_dagrun for ecommerce_etl_pipeline to 2026-02-05 00:00:00+00:00, run_after=2026-02-06 00:00:00+00:00
[2026-02-05T18:54:08.561+0000] {processor.py:183} INFO - Processing /opt/airflow/dags/ecommerce_etl.py took 0.108 seconds
[2026-02-05T18:54:38.700+0000] {processor.py:161} INFO - Started process (PID=670) to work on /opt/airflow/dags/ecommerce_etl.py
[2026-02-05T18:54:38.701+0000] {processor.py:830} INFO - Processing file /opt/airflow/dags/ecommerce_etl.py for tasks to queue
[2026-02-05T18:54:38.703+0000] {logging_mixin.py:188} INFO - [2026-02-05T18:54:38.703+0000] {dagbag.py:538} INFO - Filling up the DagBag from /opt/airflow/dags/ecommerce_etl.py
[2026-02-05T18:54:38.726+0000] {processor.py:840} INFO - DAG(s) 'ecommerce_etl_pipeline' retrieved from /opt/airflow/dags/ecommerce_etl.py
[2026-02-05T18:54:38.755+0000] {logging_mixin.py:188} INFO - [2026-02-05T18:54:38.755+0000] {dag.py:3036} INFO - Sync 1 DAGs
[2026-02-05T18:54:38.778+0000] {logging_mixin.py:188} INFO - [2026-02-05T18:54:38.777+0000] {dag.py:3823} INFO - Setting next_dagrun for ecommerce_etl_pipeline to 2026-02-05 00:00:00+00:00, run_after=2026-02-06 00:00:00+00:00
[2026-02-05T18:54:38.794+0000] {processor.py:183} INFO - Processing /opt/airflow/dags/ecommerce_etl.py took 0.097 seconds
[2026-02-05T18:54:39.793+0000] {processor.py:161} INFO - Started process (PID=675) to work on /opt/airflow/dags/ecommerce_etl.py
[2026-02-05T18:54:39.794+0000] {processor.py:830} INFO - Processing file /opt/airflow/dags/ecommerce_etl.py for tasks to queue
[2026-02-05T18:54:39.795+0000] {logging_mixin.py:188} INFO - [2026-02-05T18:54:39.794+0000] {dagbag.py:538} INFO - Filling up the DagBag from /opt/airflow/dags/ecommerce_etl.py
[2026-02-05T18:54:39.825+0000] {processor.py:840} INFO - DAG(s) 'ecommerce_etl_pipeline' retrieved from /opt/airflow/dags/ecommerce_etl.py
[2026-02-05T18:54:39.848+0000] {logging_mixin.py:188} INFO - [2026-02-05T18:54:39.848+0000] {dag.py:3036} INFO - Sync 1 DAGs
[2026-02-05T18:54:39.867+0000] {logging_mixin.py:188} INFO - [2026-02-05T18:54:39.867+0000] {dag.py:3823} INFO - Setting next_dagrun for ecommerce_etl_pipeline to 2026-02-05 00:00:00+00:00, run_after=2026-02-06 00:00:00+00:00
[2026-02-05T18:54:39.887+0000] {processor.py:183} INFO - Processing /opt/airflow/dags/ecommerce_etl.py took 0.097 seconds
[2026-02-05T18:59:29.997+0000] {processor.py:161} INFO - Started process (PID=187) to work on /opt/airflow/dags/ecommerce_etl.py
[2026-02-05T18:59:29.999+0000] {processor.py:830} INFO - Processing file /opt/airflow/dags/ecommerce_etl.py for tasks to queue
[2026-02-05T18:59:30.000+0000] {logging_mixin.py:188} INFO - [2026-02-05T18:59:29.999+0000] {dagbag.py:538} INFO - Filling up the DagBag from /opt/airflow/dags/ecommerce_etl.py
[2026-02-05T18:59:30.120+0000] {processor.py:840} INFO - DAG(s) 'ecommerce_etl_pipeline' retrieved from /opt/airflow/dags/ecommerce_etl.py
[2026-02-05T18:59:30.664+0000] {logging_mixin.py:188} INFO - [2026-02-05T18:59:30.663+0000] {override.py:1769} INFO - Created Permission View: can delete on DAG:ecommerce_etl_pipeline
[2026-02-05T18:59:30.681+0000] {logging_mixin.py:188} INFO - [2026-02-05T18:59:30.680+0000] {override.py:1769} INFO - Created Permission View: can read on DAG:ecommerce_etl_pipeline
[2026-02-05T18:59:30.691+0000] {logging_mixin.py:188} INFO - [2026-02-05T18:59:30.691+0000] {override.py:1769} INFO - Created Permission View: can edit on DAG:ecommerce_etl_pipeline
[2026-02-05T18:59:30.695+0000] {logging_mixin.py:188} INFO - [2026-02-05T18:59:30.694+0000] {dag.py:3036} INFO - Sync 1 DAGs
[2026-02-05T18:59:30.712+0000] {logging_mixin.py:188} INFO - [2026-02-05T18:59:30.711+0000] {dag.py:3058} INFO - Creating ORM DAG for ecommerce_etl_pipeline
[2026-02-05T18:59:30.726+0000] {logging_mixin.py:188} INFO - [2026-02-05T18:59:30.725+0000] {dag.py:3823} INFO - Setting next_dagrun for ecommerce_etl_pipeline to 2026-02-04 00:00:00+00:00, run_after=2026-02-05 00:00:00+00:00
[2026-02-05T18:59:30.809+0000] {processor.py:183} INFO - Processing /opt/airflow/dags/ecommerce_etl.py took 0.827 seconds
[2026-02-05T19:00:01.053+0000] {processor.py:161} INFO - Started process (PID=210) to work on /opt/airflow/dags/ecommerce_etl.py
[2026-02-05T19:00:01.054+0000] {processor.py:830} INFO - Processing file /opt/airflow/dags/ecommerce_etl.py for tasks to queue
[2026-02-05T19:00:01.055+0000] {logging_mixin.py:188} INFO - [2026-02-05T19:00:01.055+0000] {dagbag.py:538} INFO - Filling up the DagBag from /opt/airflow/dags/ecommerce_etl.py
[2026-02-05T19:00:01.379+0000] {processor.py:840} INFO - DAG(s) 'ecommerce_etl_pipeline' retrieved from /opt/airflow/dags/ecommerce_etl.py
[2026-02-05T19:00:02.006+0000] {logging_mixin.py:188} INFO - [2026-02-05T19:00:02.006+0000] {dag.py:3036} INFO - Sync 1 DAGs
[2026-02-05T19:00:02.079+0000] {logging_mixin.py:188} INFO - [2026-02-05T19:00:02.079+0000] {dag.py:3823} INFO - Setting next_dagrun for ecommerce_etl_pipeline to 2026-02-04 00:00:00+00:00, run_after=2026-02-05 00:00:00+00:00
[2026-02-05T19:00:02.107+0000] {processor.py:183} INFO - Processing /opt/airflow/dags/ecommerce_etl.py took 1.057 seconds
[2026-02-05T19:00:32.238+0000] {processor.py:161} INFO - Started process (PID=221) to work on /opt/airflow/dags/ecommerce_etl.py
[2026-02-05T19:00:32.239+0000] {processor.py:830} INFO - Processing file /opt/airflow/dags/ecommerce_etl.py for tasks to queue
[2026-02-05T19:00:32.240+0000] {logging_mixin.py:188} INFO - [2026-02-05T19:00:32.240+0000] {dagbag.py:538} INFO - Filling up the DagBag from /opt/airflow/dags/ecommerce_etl.py
[2026-02-05T19:00:32.263+0000] {processor.py:840} INFO - DAG(s) 'ecommerce_etl_pipeline' retrieved from /opt/airflow/dags/ecommerce_etl.py
[2026-02-05T19:00:32.308+0000] {logging_mixin.py:188} INFO - [2026-02-05T19:00:32.308+0000] {dag.py:3036} INFO - Sync 1 DAGs
[2026-02-05T19:00:32.352+0000] {logging_mixin.py:188} INFO - [2026-02-05T19:00:32.352+0000] {dag.py:3823} INFO - Setting next_dagrun for ecommerce_etl_pipeline to 2026-02-04 00:00:00+00:00, run_after=2026-02-05 00:00:00+00:00
[2026-02-05T19:00:32.376+0000] {processor.py:183} INFO - Processing /opt/airflow/dags/ecommerce_etl.py took 0.141 seconds
[2026-02-05T19:01:02.464+0000] {processor.py:161} INFO - Started process (PID=232) to work on /opt/airflow/dags/ecommerce_etl.py
[2026-02-05T19:01:02.466+0000] {processor.py:830} INFO - Processing file /opt/airflow/dags/ecommerce_etl.py for tasks to queue
[2026-02-05T19:01:02.467+0000] {logging_mixin.py:188} INFO - [2026-02-05T19:01:02.466+0000] {dagbag.py:538} INFO - Filling up the DagBag from /opt/airflow/dags/ecommerce_etl.py
[2026-02-05T19:01:02.493+0000] {processor.py:840} INFO - DAG(s) 'ecommerce_etl_pipeline' retrieved from /opt/airflow/dags/ecommerce_etl.py
[2026-02-05T19:01:02.524+0000] {logging_mixin.py:188} INFO - [2026-02-05T19:01:02.524+0000] {dag.py:3036} INFO - Sync 1 DAGs
[2026-02-05T19:01:02.549+0000] {logging_mixin.py:188} INFO - [2026-02-05T19:01:02.548+0000] {dag.py:3823} INFO - Setting next_dagrun for ecommerce_etl_pipeline to 2026-02-04 00:00:00+00:00, run_after=2026-02-05 00:00:00+00:00
[2026-02-05T19:01:02.568+0000] {processor.py:183} INFO - Processing /opt/airflow/dags/ecommerce_etl.py took 0.108 seconds
[2026-02-05T19:01:32.738+0000] {processor.py:161} INFO - Started process (PID=243) to work on /opt/airflow/dags/ecommerce_etl.py
[2026-02-05T19:01:32.739+0000] {processor.py:830} INFO - Processing file /opt/airflow/dags/ecommerce_etl.py for tasks to queue
[2026-02-05T19:01:32.740+0000] {logging_mixin.py:188} INFO - [2026-02-05T19:01:32.740+0000] {dagbag.py:538} INFO - Filling up the DagBag from /opt/airflow/dags/ecommerce_etl.py
[2026-02-05T19:01:32.764+0000] {processor.py:840} INFO - DAG(s) 'ecommerce_etl_pipeline' retrieved from /opt/airflow/dags/ecommerce_etl.py
[2026-02-05T19:01:32.793+0000] {logging_mixin.py:188} INFO - [2026-02-05T19:01:32.793+0000] {dag.py:3036} INFO - Sync 1 DAGs
[2026-02-05T19:01:32.832+0000] {logging_mixin.py:188} INFO - [2026-02-05T19:01:32.832+0000] {dag.py:3823} INFO - Setting next_dagrun for ecommerce_etl_pipeline to 2026-02-04 00:00:00+00:00, run_after=2026-02-05 00:00:00+00:00
[2026-02-05T19:01:32.855+0000] {processor.py:183} INFO - Processing /opt/airflow/dags/ecommerce_etl.py took 0.120 seconds
[2026-02-05T19:02:02.929+0000] {processor.py:161} INFO - Started process (PID=329) to work on /opt/airflow/dags/ecommerce_etl.py
[2026-02-05T19:02:02.930+0000] {processor.py:830} INFO - Processing file /opt/airflow/dags/ecommerce_etl.py for tasks to queue
[2026-02-05T19:02:02.931+0000] {logging_mixin.py:188} INFO - [2026-02-05T19:02:02.931+0000] {dagbag.py:538} INFO - Filling up the DagBag from /opt/airflow/dags/ecommerce_etl.py
[2026-02-05T19:02:02.954+0000] {processor.py:840} INFO - DAG(s) 'ecommerce_etl_pipeline' retrieved from /opt/airflow/dags/ecommerce_etl.py
[2026-02-05T19:02:02.979+0000] {logging_mixin.py:188} INFO - [2026-02-05T19:02:02.979+0000] {dag.py:3036} INFO - Sync 1 DAGs
[2026-02-05T19:02:02.998+0000] {logging_mixin.py:188} INFO - [2026-02-05T19:02:02.998+0000] {dag.py:3823} INFO - Setting next_dagrun for ecommerce_etl_pipeline to 2026-02-05 00:00:00+00:00, run_after=2026-02-06 00:00:00+00:00
[2026-02-05T19:02:03.022+0000] {processor.py:183} INFO - Processing /opt/airflow/dags/ecommerce_etl.py took 0.097 seconds
[2026-02-05T19:02:33.202+0000] {processor.py:161} INFO - Started process (PID=340) to work on /opt/airflow/dags/ecommerce_etl.py
[2026-02-05T19:02:33.203+0000] {processor.py:830} INFO - Processing file /opt/airflow/dags/ecommerce_etl.py for tasks to queue
[2026-02-05T19:02:33.204+0000] {logging_mixin.py:188} INFO - [2026-02-05T19:02:33.204+0000] {dagbag.py:538} INFO - Filling up the DagBag from /opt/airflow/dags/ecommerce_etl.py
[2026-02-05T19:02:33.228+0000] {processor.py:840} INFO - DAG(s) 'ecommerce_etl_pipeline' retrieved from /opt/airflow/dags/ecommerce_etl.py
[2026-02-05T19:02:33.257+0000] {logging_mixin.py:188} INFO - [2026-02-05T19:02:33.256+0000] {dag.py:3036} INFO - Sync 1 DAGs
[2026-02-05T19:02:33.282+0000] {logging_mixin.py:188} INFO - [2026-02-05T19:02:33.282+0000] {dag.py:3823} INFO - Setting next_dagrun for ecommerce_etl_pipeline to 2026-02-05 00:00:00+00:00, run_after=2026-02-06 00:00:00+00:00
[2026-02-05T19:02:33.300+0000] {processor.py:183} INFO - Processing /opt/airflow/dags/ecommerce_etl.py took 0.101 seconds
[2026-02-05T19:03:03.377+0000] {processor.py:161} INFO - Started process (PID=351) to work on /opt/airflow/dags/ecommerce_etl.py
[2026-02-05T19:03:03.379+0000] {processor.py:830} INFO - Processing file /opt/airflow/dags/ecommerce_etl.py for tasks to queue
[2026-02-05T19:03:03.380+0000] {logging_mixin.py:188} INFO - [2026-02-05T19:03:03.380+0000] {dagbag.py:538} INFO - Filling up the DagBag from /opt/airflow/dags/ecommerce_etl.py
[2026-02-05T19:03:03.406+0000] {processor.py:840} INFO - DAG(s) 'ecommerce_etl_pipeline' retrieved from /opt/airflow/dags/ecommerce_etl.py
[2026-02-05T19:03:03.446+0000] {logging_mixin.py:188} INFO - [2026-02-05T19:03:03.446+0000] {dag.py:3036} INFO - Sync 1 DAGs
[2026-02-05T19:03:03.469+0000] {logging_mixin.py:188} INFO - [2026-02-05T19:03:03.469+0000] {dag.py:3823} INFO - Setting next_dagrun for ecommerce_etl_pipeline to 2026-02-05 00:00:00+00:00, run_after=2026-02-06 00:00:00+00:00
[2026-02-05T19:03:03.498+0000] {processor.py:183} INFO - Processing /opt/airflow/dags/ecommerce_etl.py took 0.124 seconds
[2026-02-05T19:03:33.651+0000] {processor.py:161} INFO - Started process (PID=362) to work on /opt/airflow/dags/ecommerce_etl.py
[2026-02-05T19:03:33.651+0000] {processor.py:830} INFO - Processing file /opt/airflow/dags/ecommerce_etl.py for tasks to queue
[2026-02-05T19:03:33.652+0000] {logging_mixin.py:188} INFO - [2026-02-05T19:03:33.652+0000] {dagbag.py:538} INFO - Filling up the DagBag from /opt/airflow/dags/ecommerce_etl.py
[2026-02-05T19:03:33.680+0000] {processor.py:840} INFO - DAG(s) 'ecommerce_etl_pipeline' retrieved from /opt/airflow/dags/ecommerce_etl.py
[2026-02-05T19:03:33.710+0000] {logging_mixin.py:188} INFO - [2026-02-05T19:03:33.709+0000] {dag.py:3036} INFO - Sync 1 DAGs
[2026-02-05T19:03:33.734+0000] {logging_mixin.py:188} INFO - [2026-02-05T19:03:33.734+0000] {dag.py:3823} INFO - Setting next_dagrun for ecommerce_etl_pipeline to 2026-02-05 00:00:00+00:00, run_after=2026-02-06 00:00:00+00:00
[2026-02-05T19:03:33.755+0000] {processor.py:183} INFO - Processing /opt/airflow/dags/ecommerce_etl.py took 0.107 seconds
[2026-02-05T19:04:03.861+0000] {processor.py:161} INFO - Started process (PID=373) to work on /opt/airflow/dags/ecommerce_etl.py
[2026-02-05T19:04:03.862+0000] {processor.py:830} INFO - Processing file /opt/airflow/dags/ecommerce_etl.py for tasks to queue
[2026-02-05T19:04:03.863+0000] {logging_mixin.py:188} INFO - [2026-02-05T19:04:03.863+0000] {dagbag.py:538} INFO - Filling up the DagBag from /opt/airflow/dags/ecommerce_etl.py
[2026-02-05T19:04:03.883+0000] {processor.py:840} INFO - DAG(s) 'ecommerce_etl_pipeline' retrieved from /opt/airflow/dags/ecommerce_etl.py
[2026-02-05T19:04:03.915+0000] {logging_mixin.py:188} INFO - [2026-02-05T19:04:03.915+0000] {dag.py:3036} INFO - Sync 1 DAGs
[2026-02-05T19:04:03.937+0000] {logging_mixin.py:188} INFO - [2026-02-05T19:04:03.937+0000] {dag.py:3823} INFO - Setting next_dagrun for ecommerce_etl_pipeline to 2026-02-05 00:00:00+00:00, run_after=2026-02-06 00:00:00+00:00
[2026-02-05T19:04:03.955+0000] {processor.py:183} INFO - Processing /opt/airflow/dags/ecommerce_etl.py took 0.098 seconds
[2026-02-05T19:04:34.138+0000] {processor.py:161} INFO - Started process (PID=384) to work on /opt/airflow/dags/ecommerce_etl.py
[2026-02-05T19:04:34.140+0000] {processor.py:830} INFO - Processing file /opt/airflow/dags/ecommerce_etl.py for tasks to queue
[2026-02-05T19:04:34.142+0000] {logging_mixin.py:188} INFO - [2026-02-05T19:04:34.141+0000] {dagbag.py:538} INFO - Filling up the DagBag from /opt/airflow/dags/ecommerce_etl.py
[2026-02-05T19:04:34.164+0000] {processor.py:840} INFO - DAG(s) 'ecommerce_etl_pipeline' retrieved from /opt/airflow/dags/ecommerce_etl.py
[2026-02-05T19:04:34.192+0000] {logging_mixin.py:188} INFO - [2026-02-05T19:04:34.192+0000] {dag.py:3036} INFO - Sync 1 DAGs
[2026-02-05T19:04:34.215+0000] {logging_mixin.py:188} INFO - [2026-02-05T19:04:34.215+0000] {dag.py:3823} INFO - Setting next_dagrun for ecommerce_etl_pipeline to 2026-02-05 00:00:00+00:00, run_after=2026-02-06 00:00:00+00:00
[2026-02-05T19:04:34.233+0000] {processor.py:183} INFO - Processing /opt/airflow/dags/ecommerce_etl.py took 0.098 seconds
[2026-02-05T19:05:04.319+0000] {processor.py:161} INFO - Started process (PID=396) to work on /opt/airflow/dags/ecommerce_etl.py
[2026-02-05T19:05:04.320+0000] {processor.py:830} INFO - Processing file /opt/airflow/dags/ecommerce_etl.py for tasks to queue
[2026-02-05T19:05:04.320+0000] {logging_mixin.py:188} INFO - [2026-02-05T19:05:04.320+0000] {dagbag.py:538} INFO - Filling up the DagBag from /opt/airflow/dags/ecommerce_etl.py
[2026-02-05T19:05:04.343+0000] {processor.py:840} INFO - DAG(s) 'ecommerce_etl_pipeline' retrieved from /opt/airflow/dags/ecommerce_etl.py
[2026-02-05T19:05:04.375+0000] {logging_mixin.py:188} INFO - [2026-02-05T19:05:04.375+0000] {dag.py:3036} INFO - Sync 1 DAGs
[2026-02-05T19:05:04.397+0000] {logging_mixin.py:188} INFO - [2026-02-05T19:05:04.397+0000] {dag.py:3823} INFO - Setting next_dagrun for ecommerce_etl_pipeline to 2026-02-05 00:00:00+00:00, run_after=2026-02-06 00:00:00+00:00
[2026-02-05T19:05:04.418+0000] {processor.py:183} INFO - Processing /opt/airflow/dags/ecommerce_etl.py took 0.103 seconds
[2026-02-05T19:05:34.593+0000] {processor.py:161} INFO - Started process (PID=407) to work on /opt/airflow/dags/ecommerce_etl.py
[2026-02-05T19:05:34.595+0000] {processor.py:830} INFO - Processing file /opt/airflow/dags/ecommerce_etl.py for tasks to queue
[2026-02-05T19:05:34.596+0000] {logging_mixin.py:188} INFO - [2026-02-05T19:05:34.596+0000] {dagbag.py:538} INFO - Filling up the DagBag from /opt/airflow/dags/ecommerce_etl.py
[2026-02-05T19:05:34.627+0000] {processor.py:840} INFO - DAG(s) 'ecommerce_etl_pipeline' retrieved from /opt/airflow/dags/ecommerce_etl.py
[2026-02-05T19:05:34.696+0000] {logging_mixin.py:188} INFO - [2026-02-05T19:05:34.695+0000] {dag.py:3036} INFO - Sync 1 DAGs
[2026-02-05T19:05:34.750+0000] {logging_mixin.py:188} INFO - [2026-02-05T19:05:34.749+0000] {dag.py:3823} INFO - Setting next_dagrun for ecommerce_etl_pipeline to 2026-02-05 00:00:00+00:00, run_after=2026-02-06 00:00:00+00:00
[2026-02-05T19:05:34.790+0000] {processor.py:183} INFO - Processing /opt/airflow/dags/ecommerce_etl.py took 0.202 seconds
[2026-02-05T19:06:04.987+0000] {processor.py:161} INFO - Started process (PID=418) to work on /opt/airflow/dags/ecommerce_etl.py
[2026-02-05T19:06:04.988+0000] {processor.py:830} INFO - Processing file /opt/airflow/dags/ecommerce_etl.py for tasks to queue
[2026-02-05T19:06:04.989+0000] {logging_mixin.py:188} INFO - [2026-02-05T19:06:04.988+0000] {dagbag.py:538} INFO - Filling up the DagBag from /opt/airflow/dags/ecommerce_etl.py
[2026-02-05T19:06:05.012+0000] {processor.py:840} INFO - DAG(s) 'ecommerce_etl_pipeline' retrieved from /opt/airflow/dags/ecommerce_etl.py
[2026-02-05T19:06:05.047+0000] {logging_mixin.py:188} INFO - [2026-02-05T19:06:05.047+0000] {dag.py:3036} INFO - Sync 1 DAGs
[2026-02-05T19:06:05.073+0000] {logging_mixin.py:188} INFO - [2026-02-05T19:06:05.073+0000] {dag.py:3823} INFO - Setting next_dagrun for ecommerce_etl_pipeline to 2026-02-05 00:00:00+00:00, run_after=2026-02-06 00:00:00+00:00
[2026-02-05T19:06:05.096+0000] {processor.py:183} INFO - Processing /opt/airflow/dags/ecommerce_etl.py took 0.113 seconds
[2026-02-05T19:06:35.170+0000] {processor.py:161} INFO - Started process (PID=429) to work on /opt/airflow/dags/ecommerce_etl.py
[2026-02-05T19:06:35.171+0000] {processor.py:830} INFO - Processing file /opt/airflow/dags/ecommerce_etl.py for tasks to queue
[2026-02-05T19:06:35.172+0000] {logging_mixin.py:188} INFO - [2026-02-05T19:06:35.172+0000] {dagbag.py:538} INFO - Filling up the DagBag from /opt/airflow/dags/ecommerce_etl.py
[2026-02-05T19:06:35.195+0000] {processor.py:840} INFO - DAG(s) 'ecommerce_etl_pipeline' retrieved from /opt/airflow/dags/ecommerce_etl.py
[2026-02-05T19:06:35.224+0000] {logging_mixin.py:188} INFO - [2026-02-05T19:06:35.224+0000] {dag.py:3036} INFO - Sync 1 DAGs
[2026-02-05T19:06:35.247+0000] {logging_mixin.py:188} INFO - [2026-02-05T19:06:35.247+0000] {dag.py:3823} INFO - Setting next_dagrun for ecommerce_etl_pipeline to 2026-02-05 00:00:00+00:00, run_after=2026-02-06 00:00:00+00:00
[2026-02-05T19:06:35.263+0000] {processor.py:183} INFO - Processing /opt/airflow/dags/ecommerce_etl.py took 0.096 seconds
[2026-02-05T19:07:05.452+0000] {processor.py:161} INFO - Started process (PID=446) to work on /opt/airflow/dags/ecommerce_etl.py
[2026-02-05T19:07:05.453+0000] {processor.py:830} INFO - Processing file /opt/airflow/dags/ecommerce_etl.py for tasks to queue
[2026-02-05T19:07:05.454+0000] {logging_mixin.py:188} INFO - [2026-02-05T19:07:05.454+0000] {dagbag.py:538} INFO - Filling up the DagBag from /opt/airflow/dags/ecommerce_etl.py
[2026-02-05T19:07:05.493+0000] {processor.py:840} INFO - DAG(s) 'ecommerce_etl_pipeline' retrieved from /opt/airflow/dags/ecommerce_etl.py
[2026-02-05T19:07:05.546+0000] {logging_mixin.py:188} INFO - [2026-02-05T19:07:05.545+0000] {dag.py:3036} INFO - Sync 1 DAGs
[2026-02-05T19:07:05.586+0000] {logging_mixin.py:188} INFO - [2026-02-05T19:07:05.586+0000] {dag.py:3823} INFO - Setting next_dagrun for ecommerce_etl_pipeline to 2026-02-05 00:00:00+00:00, run_after=2026-02-06 00:00:00+00:00
[2026-02-05T19:07:05.651+0000] {processor.py:183} INFO - Processing /opt/airflow/dags/ecommerce_etl.py took 0.203 seconds
[2026-02-05T19:07:35.850+0000] {processor.py:161} INFO - Started process (PID=457) to work on /opt/airflow/dags/ecommerce_etl.py
[2026-02-05T19:07:35.852+0000] {processor.py:830} INFO - Processing file /opt/airflow/dags/ecommerce_etl.py for tasks to queue
[2026-02-05T19:07:35.853+0000] {logging_mixin.py:188} INFO - [2026-02-05T19:07:35.852+0000] {dagbag.py:538} INFO - Filling up the DagBag from /opt/airflow/dags/ecommerce_etl.py
[2026-02-05T19:07:35.871+0000] {processor.py:840} INFO - DAG(s) 'ecommerce_etl_pipeline' retrieved from /opt/airflow/dags/ecommerce_etl.py
[2026-02-05T19:07:35.900+0000] {logging_mixin.py:188} INFO - [2026-02-05T19:07:35.900+0000] {dag.py:3036} INFO - Sync 1 DAGs
[2026-02-05T19:07:35.926+0000] {logging_mixin.py:188} INFO - [2026-02-05T19:07:35.926+0000] {dag.py:3823} INFO - Setting next_dagrun for ecommerce_etl_pipeline to 2026-02-05 00:00:00+00:00, run_after=2026-02-06 00:00:00+00:00
[2026-02-05T19:07:35.946+0000] {processor.py:183} INFO - Processing /opt/airflow/dags/ecommerce_etl.py took 0.098 seconds
[2026-02-05T19:08:06.104+0000] {processor.py:161} INFO - Started process (PID=468) to work on /opt/airflow/dags/ecommerce_etl.py
[2026-02-05T19:08:06.105+0000] {processor.py:830} INFO - Processing file /opt/airflow/dags/ecommerce_etl.py for tasks to queue
[2026-02-05T19:08:06.105+0000] {logging_mixin.py:188} INFO - [2026-02-05T19:08:06.105+0000] {dagbag.py:538} INFO - Filling up the DagBag from /opt/airflow/dags/ecommerce_etl.py
[2026-02-05T19:08:06.127+0000] {processor.py:840} INFO - DAG(s) 'ecommerce_etl_pipeline' retrieved from /opt/airflow/dags/ecommerce_etl.py
[2026-02-05T19:08:06.155+0000] {logging_mixin.py:188} INFO - [2026-02-05T19:08:06.155+0000] {dag.py:3036} INFO - Sync 1 DAGs
[2026-02-05T19:08:06.177+0000] {logging_mixin.py:188} INFO - [2026-02-05T19:08:06.176+0000] {dag.py:3823} INFO - Setting next_dagrun for ecommerce_etl_pipeline to 2026-02-05 00:00:00+00:00, run_after=2026-02-06 00:00:00+00:00
[2026-02-05T19:08:06.193+0000] {processor.py:183} INFO - Processing /opt/airflow/dags/ecommerce_etl.py took 0.092 seconds
[2026-02-05T19:08:36.329+0000] {processor.py:161} INFO - Started process (PID=479) to work on /opt/airflow/dags/ecommerce_etl.py
[2026-02-05T19:08:36.330+0000] {processor.py:830} INFO - Processing file /opt/airflow/dags/ecommerce_etl.py for tasks to queue
[2026-02-05T19:08:36.331+0000] {logging_mixin.py:188} INFO - [2026-02-05T19:08:36.331+0000] {dagbag.py:538} INFO - Filling up the DagBag from /opt/airflow/dags/ecommerce_etl.py
[2026-02-05T19:08:36.355+0000] {processor.py:840} INFO - DAG(s) 'ecommerce_etl_pipeline' retrieved from /opt/airflow/dags/ecommerce_etl.py
[2026-02-05T19:08:36.386+0000] {logging_mixin.py:188} INFO - [2026-02-05T19:08:36.386+0000] {dag.py:3036} INFO - Sync 1 DAGs
[2026-02-05T19:08:36.409+0000] {logging_mixin.py:188} INFO - [2026-02-05T19:08:36.409+0000] {dag.py:3823} INFO - Setting next_dagrun for ecommerce_etl_pipeline to 2026-02-05 00:00:00+00:00, run_after=2026-02-06 00:00:00+00:00
[2026-02-05T19:08:36.428+0000] {processor.py:183} INFO - Processing /opt/airflow/dags/ecommerce_etl.py took 0.102 seconds
[2026-02-05T19:09:06.574+0000] {processor.py:161} INFO - Started process (PID=490) to work on /opt/airflow/dags/ecommerce_etl.py
[2026-02-05T19:09:06.576+0000] {processor.py:830} INFO - Processing file /opt/airflow/dags/ecommerce_etl.py for tasks to queue
[2026-02-05T19:09:06.578+0000] {logging_mixin.py:188} INFO - [2026-02-05T19:09:06.577+0000] {dagbag.py:538} INFO - Filling up the DagBag from /opt/airflow/dags/ecommerce_etl.py
[2026-02-05T19:09:06.606+0000] {processor.py:840} INFO - DAG(s) 'ecommerce_etl_pipeline' retrieved from /opt/airflow/dags/ecommerce_etl.py
[2026-02-05T19:09:06.636+0000] {logging_mixin.py:188} INFO - [2026-02-05T19:09:06.635+0000] {dag.py:3036} INFO - Sync 1 DAGs
[2026-02-05T19:09:06.655+0000] {logging_mixin.py:188} INFO - [2026-02-05T19:09:06.654+0000] {dag.py:3823} INFO - Setting next_dagrun for ecommerce_etl_pipeline to 2026-02-05 00:00:00+00:00, run_after=2026-02-06 00:00:00+00:00
[2026-02-05T19:09:06.673+0000] {processor.py:183} INFO - Processing /opt/airflow/dags/ecommerce_etl.py took 0.102 seconds
[2026-02-05T19:09:36.903+0000] {processor.py:161} INFO - Started process (PID=501) to work on /opt/airflow/dags/ecommerce_etl.py
[2026-02-05T19:09:36.904+0000] {processor.py:830} INFO - Processing file /opt/airflow/dags/ecommerce_etl.py for tasks to queue
[2026-02-05T19:09:36.905+0000] {logging_mixin.py:188} INFO - [2026-02-05T19:09:36.904+0000] {dagbag.py:538} INFO - Filling up the DagBag from /opt/airflow/dags/ecommerce_etl.py
[2026-02-05T19:09:36.924+0000] {processor.py:840} INFO - DAG(s) 'ecommerce_etl_pipeline' retrieved from /opt/airflow/dags/ecommerce_etl.py
[2026-02-05T19:09:36.952+0000] {logging_mixin.py:188} INFO - [2026-02-05T19:09:36.952+0000] {dag.py:3036} INFO - Sync 1 DAGs
[2026-02-05T19:09:36.974+0000] {logging_mixin.py:188} INFO - [2026-02-05T19:09:36.974+0000] {dag.py:3823} INFO - Setting next_dagrun for ecommerce_etl_pipeline to 2026-02-05 00:00:00+00:00, run_after=2026-02-06 00:00:00+00:00
[2026-02-05T19:09:36.993+0000] {processor.py:183} INFO - Processing /opt/airflow/dags/ecommerce_etl.py took 0.093 seconds
[2026-02-05T19:10:07.141+0000] {processor.py:161} INFO - Started process (PID=512) to work on /opt/airflow/dags/ecommerce_etl.py
[2026-02-05T19:10:07.142+0000] {processor.py:830} INFO - Processing file /opt/airflow/dags/ecommerce_etl.py for tasks to queue
[2026-02-05T19:10:07.143+0000] {logging_mixin.py:188} INFO - [2026-02-05T19:10:07.143+0000] {dagbag.py:538} INFO - Filling up the DagBag from /opt/airflow/dags/ecommerce_etl.py
[2026-02-05T19:10:07.165+0000] {processor.py:840} INFO - DAG(s) 'ecommerce_etl_pipeline' retrieved from /opt/airflow/dags/ecommerce_etl.py
[2026-02-05T19:10:07.196+0000] {logging_mixin.py:188} INFO - [2026-02-05T19:10:07.196+0000] {dag.py:3036} INFO - Sync 1 DAGs
[2026-02-05T19:10:07.215+0000] {logging_mixin.py:188} INFO - [2026-02-05T19:10:07.215+0000] {dag.py:3823} INFO - Setting next_dagrun for ecommerce_etl_pipeline to 2026-02-05 00:00:00+00:00, run_after=2026-02-06 00:00:00+00:00
[2026-02-05T19:10:07.233+0000] {processor.py:183} INFO - Processing /opt/airflow/dags/ecommerce_etl.py took 0.095 seconds
[2026-02-05T19:10:37.472+0000] {processor.py:161} INFO - Started process (PID=523) to work on /opt/airflow/dags/ecommerce_etl.py
[2026-02-05T19:10:37.473+0000] {processor.py:830} INFO - Processing file /opt/airflow/dags/ecommerce_etl.py for tasks to queue
[2026-02-05T19:10:37.474+0000] {logging_mixin.py:188} INFO - [2026-02-05T19:10:37.473+0000] {dagbag.py:538} INFO - Filling up the DagBag from /opt/airflow/dags/ecommerce_etl.py
[2026-02-05T19:10:37.493+0000] {processor.py:840} INFO - DAG(s) 'ecommerce_etl_pipeline' retrieved from /opt/airflow/dags/ecommerce_etl.py
[2026-02-05T19:10:37.538+0000] {logging_mixin.py:188} INFO - [2026-02-05T19:10:37.538+0000] {dag.py:3036} INFO - Sync 1 DAGs
[2026-02-05T19:10:37.557+0000] {logging_mixin.py:188} INFO - [2026-02-05T19:10:37.557+0000] {dag.py:3823} INFO - Setting next_dagrun for ecommerce_etl_pipeline to 2026-02-05 00:00:00+00:00, run_after=2026-02-06 00:00:00+00:00
[2026-02-05T19:10:37.575+0000] {processor.py:183} INFO - Processing /opt/airflow/dags/ecommerce_etl.py took 0.106 seconds
[2026-02-05T19:11:07.697+0000] {processor.py:161} INFO - Started process (PID=534) to work on /opt/airflow/dags/ecommerce_etl.py
[2026-02-05T19:11:07.698+0000] {processor.py:830} INFO - Processing file /opt/airflow/dags/ecommerce_etl.py for tasks to queue
[2026-02-05T19:11:07.700+0000] {logging_mixin.py:188} INFO - [2026-02-05T19:11:07.699+0000] {dagbag.py:538} INFO - Filling up the DagBag from /opt/airflow/dags/ecommerce_etl.py
[2026-02-05T19:11:07.727+0000] {processor.py:840} INFO - DAG(s) 'ecommerce_etl_pipeline' retrieved from /opt/airflow/dags/ecommerce_etl.py
[2026-02-05T19:11:07.761+0000] {logging_mixin.py:188} INFO - [2026-02-05T19:11:07.761+0000] {dag.py:3036} INFO - Sync 1 DAGs
[2026-02-05T19:11:07.786+0000] {logging_mixin.py:188} INFO - [2026-02-05T19:11:07.786+0000] {dag.py:3823} INFO - Setting next_dagrun for ecommerce_etl_pipeline to 2026-02-05 00:00:00+00:00, run_after=2026-02-06 00:00:00+00:00
[2026-02-05T19:11:07.809+0000] {processor.py:183} INFO - Processing /opt/airflow/dags/ecommerce_etl.py took 0.115 seconds
[2026-02-05T19:11:38.026+0000] {processor.py:161} INFO - Started process (PID=545) to work on /opt/airflow/dags/ecommerce_etl.py
[2026-02-05T19:11:38.027+0000] {processor.py:830} INFO - Processing file /opt/airflow/dags/ecommerce_etl.py for tasks to queue
[2026-02-05T19:11:38.028+0000] {logging_mixin.py:188} INFO - [2026-02-05T19:11:38.028+0000] {dagbag.py:538} INFO - Filling up the DagBag from /opt/airflow/dags/ecommerce_etl.py
[2026-02-05T19:11:38.059+0000] {processor.py:840} INFO - DAG(s) 'ecommerce_etl_pipeline' retrieved from /opt/airflow/dags/ecommerce_etl.py
[2026-02-05T19:11:38.102+0000] {logging_mixin.py:188} INFO - [2026-02-05T19:11:38.102+0000] {dag.py:3036} INFO - Sync 1 DAGs
[2026-02-05T19:11:38.130+0000] {logging_mixin.py:188} INFO - [2026-02-05T19:11:38.130+0000] {dag.py:3823} INFO - Setting next_dagrun for ecommerce_etl_pipeline to 2026-02-05 00:00:00+00:00, run_after=2026-02-06 00:00:00+00:00
[2026-02-05T19:11:38.155+0000] {processor.py:183} INFO - Processing /opt/airflow/dags/ecommerce_etl.py took 0.133 seconds
[2026-02-05T19:12:08.228+0000] {processor.py:161} INFO - Started process (PID=556) to work on /opt/airflow/dags/ecommerce_etl.py
[2026-02-05T19:12:08.229+0000] {processor.py:830} INFO - Processing file /opt/airflow/dags/ecommerce_etl.py for tasks to queue
[2026-02-05T19:12:08.230+0000] {logging_mixin.py:188} INFO - [2026-02-05T19:12:08.229+0000] {dagbag.py:538} INFO - Filling up the DagBag from /opt/airflow/dags/ecommerce_etl.py
[2026-02-05T19:12:08.257+0000] {processor.py:840} INFO - DAG(s) 'ecommerce_etl_pipeline' retrieved from /opt/airflow/dags/ecommerce_etl.py
[2026-02-05T19:12:08.289+0000] {logging_mixin.py:188} INFO - [2026-02-05T19:12:08.288+0000] {dag.py:3036} INFO - Sync 1 DAGs
[2026-02-05T19:12:08.314+0000] {logging_mixin.py:188} INFO - [2026-02-05T19:12:08.313+0000] {dag.py:3823} INFO - Setting next_dagrun for ecommerce_etl_pipeline to 2026-02-05 00:00:00+00:00, run_after=2026-02-06 00:00:00+00:00
[2026-02-05T19:12:08.335+0000] {processor.py:183} INFO - Processing /opt/airflow/dags/ecommerce_etl.py took 0.110 seconds
[2026-02-05T19:12:38.412+0000] {processor.py:161} INFO - Started process (PID=567) to work on /opt/airflow/dags/ecommerce_etl.py
[2026-02-05T19:12:38.413+0000] {processor.py:830} INFO - Processing file /opt/airflow/dags/ecommerce_etl.py for tasks to queue
[2026-02-05T19:12:38.414+0000] {logging_mixin.py:188} INFO - [2026-02-05T19:12:38.413+0000] {dagbag.py:538} INFO - Filling up the DagBag from /opt/airflow/dags/ecommerce_etl.py
[2026-02-05T19:12:38.433+0000] {processor.py:840} INFO - DAG(s) 'ecommerce_etl_pipeline' retrieved from /opt/airflow/dags/ecommerce_etl.py
[2026-02-05T19:12:38.463+0000] {logging_mixin.py:188} INFO - [2026-02-05T19:12:38.462+0000] {dag.py:3036} INFO - Sync 1 DAGs
[2026-02-05T19:12:38.485+0000] {logging_mixin.py:188} INFO - [2026-02-05T19:12:38.485+0000] {dag.py:3823} INFO - Setting next_dagrun for ecommerce_etl_pipeline to 2026-02-05 00:00:00+00:00, run_after=2026-02-06 00:00:00+00:00
[2026-02-05T19:12:38.506+0000] {processor.py:183} INFO - Processing /opt/airflow/dags/ecommerce_etl.py took 0.097 seconds
[2026-02-05T19:13:08.711+0000] {processor.py:161} INFO - Started process (PID=578) to work on /opt/airflow/dags/ecommerce_etl.py
[2026-02-05T19:13:08.712+0000] {processor.py:830} INFO - Processing file /opt/airflow/dags/ecommerce_etl.py for tasks to queue
[2026-02-05T19:13:08.713+0000] {logging_mixin.py:188} INFO - [2026-02-05T19:13:08.713+0000] {dagbag.py:538} INFO - Filling up the DagBag from /opt/airflow/dags/ecommerce_etl.py
[2026-02-05T19:13:08.744+0000] {processor.py:840} INFO - DAG(s) 'ecommerce_etl_pipeline' retrieved from /opt/airflow/dags/ecommerce_etl.py
[2026-02-05T19:13:08.775+0000] {logging_mixin.py:188} INFO - [2026-02-05T19:13:08.775+0000] {dag.py:3036} INFO - Sync 1 DAGs
[2026-02-05T19:13:08.799+0000] {logging_mixin.py:188} INFO - [2026-02-05T19:13:08.799+0000] {dag.py:3823} INFO - Setting next_dagrun for ecommerce_etl_pipeline to 2026-02-05 00:00:00+00:00, run_after=2026-02-06 00:00:00+00:00
[2026-02-05T19:13:08.821+0000] {processor.py:183} INFO - Processing /opt/airflow/dags/ecommerce_etl.py took 0.112 seconds
[2026-02-05T19:13:38.911+0000] {processor.py:161} INFO - Started process (PID=589) to work on /opt/airflow/dags/ecommerce_etl.py
[2026-02-05T19:13:38.913+0000] {processor.py:830} INFO - Processing file /opt/airflow/dags/ecommerce_etl.py for tasks to queue
[2026-02-05T19:13:38.913+0000] {logging_mixin.py:188} INFO - [2026-02-05T19:13:38.913+0000] {dagbag.py:538} INFO - Filling up the DagBag from /opt/airflow/dags/ecommerce_etl.py
[2026-02-05T19:13:38.938+0000] {processor.py:840} INFO - DAG(s) 'ecommerce_etl_pipeline' retrieved from /opt/airflow/dags/ecommerce_etl.py
[2026-02-05T19:13:38.966+0000] {logging_mixin.py:188} INFO - [2026-02-05T19:13:38.966+0000] {dag.py:3036} INFO - Sync 1 DAGs
[2026-02-05T19:13:38.991+0000] {logging_mixin.py:188} INFO - [2026-02-05T19:13:38.991+0000] {dag.py:3823} INFO - Setting next_dagrun for ecommerce_etl_pipeline to 2026-02-05 00:00:00+00:00, run_after=2026-02-06 00:00:00+00:00
[2026-02-05T19:13:39.014+0000] {processor.py:183} INFO - Processing /opt/airflow/dags/ecommerce_etl.py took 0.105 seconds
[2026-02-05T20:11:49.301+0000] {processor.py:161} INFO - Started process (PID=182) to work on /opt/airflow/dags/ecommerce_etl.py
[2026-02-05T20:11:49.307+0000] {processor.py:830} INFO - Processing file /opt/airflow/dags/ecommerce_etl.py for tasks to queue
[2026-02-05T20:11:49.324+0000] {logging_mixin.py:188} INFO - [2026-02-05T20:11:49.323+0000] {dagbag.py:538} INFO - Filling up the DagBag from /opt/airflow/dags/ecommerce_etl.py
[2026-02-05T20:11:49.445+0000] {processor.py:840} INFO - DAG(s) 'ecommerce_etl_pipeline' retrieved from /opt/airflow/dags/ecommerce_etl.py
[2026-02-05T20:11:49.532+0000] {logging_mixin.py:188} INFO - [2026-02-05T20:11:49.531+0000] {dag.py:3036} INFO - Sync 1 DAGs
[2026-02-05T20:11:49.620+0000] {logging_mixin.py:188} INFO - [2026-02-05T20:11:49.620+0000] {dag.py:3823} INFO - Setting next_dagrun for ecommerce_etl_pipeline to 2026-02-05 00:00:00+00:00, run_after=2026-02-06 00:00:00+00:00
[2026-02-05T20:11:49.682+0000] {processor.py:183} INFO - Processing /opt/airflow/dags/ecommerce_etl.py took 0.400 seconds
[2026-02-05T20:12:19.903+0000] {processor.py:161} INFO - Started process (PID=211) to work on /opt/airflow/dags/ecommerce_etl.py
[2026-02-05T20:12:19.904+0000] {processor.py:830} INFO - Processing file /opt/airflow/dags/ecommerce_etl.py for tasks to queue
[2026-02-05T20:12:19.906+0000] {logging_mixin.py:188} INFO - [2026-02-05T20:12:19.905+0000] {dagbag.py:538} INFO - Filling up the DagBag from /opt/airflow/dags/ecommerce_etl.py
[2026-02-05T20:12:19.933+0000] {processor.py:840} INFO - DAG(s) 'ecommerce_etl_pipeline' retrieved from /opt/airflow/dags/ecommerce_etl.py
[2026-02-05T20:12:20.104+0000] {logging_mixin.py:188} INFO - [2026-02-05T20:12:20.103+0000] {dag.py:3036} INFO - Sync 1 DAGs
[2026-02-05T20:12:20.126+0000] {logging_mixin.py:188} INFO - [2026-02-05T20:12:20.126+0000] {dag.py:3823} INFO - Setting next_dagrun for ecommerce_etl_pipeline to 2026-02-05 00:00:00+00:00, run_after=2026-02-06 00:00:00+00:00
[2026-02-05T20:12:20.151+0000] {processor.py:183} INFO - Processing /opt/airflow/dags/ecommerce_etl.py took 0.253 seconds
[2026-02-05T20:12:50.358+0000] {processor.py:161} INFO - Started process (PID=222) to work on /opt/airflow/dags/ecommerce_etl.py
[2026-02-05T20:12:50.359+0000] {processor.py:830} INFO - Processing file /opt/airflow/dags/ecommerce_etl.py for tasks to queue
[2026-02-05T20:12:50.360+0000] {logging_mixin.py:188} INFO - [2026-02-05T20:12:50.360+0000] {dagbag.py:538} INFO - Filling up the DagBag from /opt/airflow/dags/ecommerce_etl.py
[2026-02-05T20:12:50.389+0000] {processor.py:840} INFO - DAG(s) 'ecommerce_etl_pipeline' retrieved from /opt/airflow/dags/ecommerce_etl.py
[2026-02-05T20:12:50.429+0000] {logging_mixin.py:188} INFO - [2026-02-05T20:12:50.429+0000] {dag.py:3036} INFO - Sync 1 DAGs
[2026-02-05T20:12:50.457+0000] {logging_mixin.py:188} INFO - [2026-02-05T20:12:50.457+0000] {dag.py:3823} INFO - Setting next_dagrun for ecommerce_etl_pipeline to 2026-02-05 00:00:00+00:00, run_after=2026-02-06 00:00:00+00:00
[2026-02-05T20:12:50.483+0000] {processor.py:183} INFO - Processing /opt/airflow/dags/ecommerce_etl.py took 0.130 seconds
[2026-02-05T20:13:20.671+0000] {processor.py:161} INFO - Started process (PID=233) to work on /opt/airflow/dags/ecommerce_etl.py
[2026-02-05T20:13:20.673+0000] {processor.py:830} INFO - Processing file /opt/airflow/dags/ecommerce_etl.py for tasks to queue
[2026-02-05T20:13:20.674+0000] {logging_mixin.py:188} INFO - [2026-02-05T20:13:20.673+0000] {dagbag.py:538} INFO - Filling up the DagBag from /opt/airflow/dags/ecommerce_etl.py
[2026-02-05T20:13:20.701+0000] {processor.py:840} INFO - DAG(s) 'ecommerce_etl_pipeline' retrieved from /opt/airflow/dags/ecommerce_etl.py
[2026-02-05T20:13:20.737+0000] {logging_mixin.py:188} INFO - [2026-02-05T20:13:20.736+0000] {dag.py:3036} INFO - Sync 1 DAGs
[2026-02-05T20:13:20.760+0000] {logging_mixin.py:188} INFO - [2026-02-05T20:13:20.760+0000] {dag.py:3823} INFO - Setting next_dagrun for ecommerce_etl_pipeline to 2026-02-05 00:00:00+00:00, run_after=2026-02-06 00:00:00+00:00
[2026-02-05T20:13:20.782+0000] {processor.py:183} INFO - Processing /opt/airflow/dags/ecommerce_etl.py took 0.114 seconds
[2026-02-05T20:13:50.850+0000] {processor.py:161} INFO - Started process (PID=244) to work on /opt/airflow/dags/ecommerce_etl.py
[2026-02-05T20:13:50.851+0000] {processor.py:830} INFO - Processing file /opt/airflow/dags/ecommerce_etl.py for tasks to queue
[2026-02-05T20:13:50.853+0000] {logging_mixin.py:188} INFO - [2026-02-05T20:13:50.852+0000] {dagbag.py:538} INFO - Filling up the DagBag from /opt/airflow/dags/ecommerce_etl.py
[2026-02-05T20:13:50.887+0000] {processor.py:840} INFO - DAG(s) 'ecommerce_etl_pipeline' retrieved from /opt/airflow/dags/ecommerce_etl.py
[2026-02-05T20:13:50.928+0000] {logging_mixin.py:188} INFO - [2026-02-05T20:13:50.928+0000] {dag.py:3036} INFO - Sync 1 DAGs
[2026-02-05T20:13:50.954+0000] {logging_mixin.py:188} INFO - [2026-02-05T20:13:50.954+0000] {dag.py:3823} INFO - Setting next_dagrun for ecommerce_etl_pipeline to 2026-02-05 00:00:00+00:00, run_after=2026-02-06 00:00:00+00:00
[2026-02-05T20:13:50.976+0000] {processor.py:183} INFO - Processing /opt/airflow/dags/ecommerce_etl.py took 0.132 seconds
[2026-02-05T20:14:21.130+0000] {processor.py:161} INFO - Started process (PID=255) to work on /opt/airflow/dags/ecommerce_etl.py
[2026-02-05T20:14:21.133+0000] {processor.py:830} INFO - Processing file /opt/airflow/dags/ecommerce_etl.py for tasks to queue
[2026-02-05T20:14:21.134+0000] {logging_mixin.py:188} INFO - [2026-02-05T20:14:21.134+0000] {dagbag.py:538} INFO - Filling up the DagBag from /opt/airflow/dags/ecommerce_etl.py
[2026-02-05T20:14:21.178+0000] {processor.py:840} INFO - DAG(s) 'ecommerce_etl_pipeline' retrieved from /opt/airflow/dags/ecommerce_etl.py
[2026-02-05T20:14:21.220+0000] {logging_mixin.py:188} INFO - [2026-02-05T20:14:21.219+0000] {dag.py:3036} INFO - Sync 1 DAGs
[2026-02-05T20:14:21.256+0000] {logging_mixin.py:188} INFO - [2026-02-05T20:14:21.256+0000] {dag.py:3823} INFO - Setting next_dagrun for ecommerce_etl_pipeline to 2026-02-05 00:00:00+00:00, run_after=2026-02-06 00:00:00+00:00
[2026-02-05T20:14:21.277+0000] {processor.py:183} INFO - Processing /opt/airflow/dags/ecommerce_etl.py took 0.151 seconds
[2026-02-05T20:14:51.460+0000] {processor.py:161} INFO - Started process (PID=266) to work on /opt/airflow/dags/ecommerce_etl.py
[2026-02-05T20:14:51.461+0000] {processor.py:830} INFO - Processing file /opt/airflow/dags/ecommerce_etl.py for tasks to queue
[2026-02-05T20:14:51.462+0000] {logging_mixin.py:188} INFO - [2026-02-05T20:14:51.462+0000] {dagbag.py:538} INFO - Filling up the DagBag from /opt/airflow/dags/ecommerce_etl.py
[2026-02-05T20:14:51.481+0000] {processor.py:840} INFO - DAG(s) 'ecommerce_etl_pipeline' retrieved from /opt/airflow/dags/ecommerce_etl.py
[2026-02-05T20:14:51.509+0000] {logging_mixin.py:188} INFO - [2026-02-05T20:14:51.508+0000] {dag.py:3036} INFO - Sync 1 DAGs
[2026-02-05T20:14:51.531+0000] {logging_mixin.py:188} INFO - [2026-02-05T20:14:51.530+0000] {dag.py:3823} INFO - Setting next_dagrun for ecommerce_etl_pipeline to 2026-02-05 00:00:00+00:00, run_after=2026-02-06 00:00:00+00:00
[2026-02-05T20:14:51.550+0000] {processor.py:183} INFO - Processing /opt/airflow/dags/ecommerce_etl.py took 0.092 seconds
[2026-02-05T20:15:21.703+0000] {processor.py:161} INFO - Started process (PID=277) to work on /opt/airflow/dags/ecommerce_etl.py
[2026-02-05T20:15:21.704+0000] {processor.py:830} INFO - Processing file /opt/airflow/dags/ecommerce_etl.py for tasks to queue
[2026-02-05T20:15:21.705+0000] {logging_mixin.py:188} INFO - [2026-02-05T20:15:21.704+0000] {dagbag.py:538} INFO - Filling up the DagBag from /opt/airflow/dags/ecommerce_etl.py
[2026-02-05T20:15:21.726+0000] {processor.py:840} INFO - DAG(s) 'ecommerce_etl_pipeline' retrieved from /opt/airflow/dags/ecommerce_etl.py
[2026-02-05T20:15:21.755+0000] {logging_mixin.py:188} INFO - [2026-02-05T20:15:21.754+0000] {dag.py:3036} INFO - Sync 1 DAGs
[2026-02-05T20:15:21.775+0000] {logging_mixin.py:188} INFO - [2026-02-05T20:15:21.775+0000] {dag.py:3823} INFO - Setting next_dagrun for ecommerce_etl_pipeline to 2026-02-05 00:00:00+00:00, run_after=2026-02-06 00:00:00+00:00
[2026-02-05T20:15:21.791+0000] {processor.py:183} INFO - Processing /opt/airflow/dags/ecommerce_etl.py took 0.091 seconds
[2026-02-05T20:15:52.001+0000] {processor.py:161} INFO - Started process (PID=288) to work on /opt/airflow/dags/ecommerce_etl.py
[2026-02-05T20:15:52.002+0000] {processor.py:830} INFO - Processing file /opt/airflow/dags/ecommerce_etl.py for tasks to queue
[2026-02-05T20:15:52.003+0000] {logging_mixin.py:188} INFO - [2026-02-05T20:15:52.002+0000] {dagbag.py:538} INFO - Filling up the DagBag from /opt/airflow/dags/ecommerce_etl.py
[2026-02-05T20:15:52.029+0000] {processor.py:840} INFO - DAG(s) 'ecommerce_etl_pipeline' retrieved from /opt/airflow/dags/ecommerce_etl.py
[2026-02-05T20:15:52.057+0000] {logging_mixin.py:188} INFO - [2026-02-05T20:15:52.057+0000] {dag.py:3036} INFO - Sync 1 DAGs
[2026-02-05T20:15:52.076+0000] {logging_mixin.py:188} INFO - [2026-02-05T20:15:52.076+0000] {dag.py:3823} INFO - Setting next_dagrun for ecommerce_etl_pipeline to 2026-02-05 00:00:00+00:00, run_after=2026-02-06 00:00:00+00:00
[2026-02-05T20:15:52.095+0000] {processor.py:183} INFO - Processing /opt/airflow/dags/ecommerce_etl.py took 0.096 seconds
[2026-02-05T20:16:22.210+0000] {processor.py:161} INFO - Started process (PID=299) to work on /opt/airflow/dags/ecommerce_etl.py
[2026-02-05T20:16:22.211+0000] {processor.py:830} INFO - Processing file /opt/airflow/dags/ecommerce_etl.py for tasks to queue
[2026-02-05T20:16:22.212+0000] {logging_mixin.py:188} INFO - [2026-02-05T20:16:22.212+0000] {dagbag.py:538} INFO - Filling up the DagBag from /opt/airflow/dags/ecommerce_etl.py
[2026-02-05T20:16:22.233+0000] {processor.py:840} INFO - DAG(s) 'ecommerce_etl_pipeline' retrieved from /opt/airflow/dags/ecommerce_etl.py
[2026-02-05T20:16:22.262+0000] {logging_mixin.py:188} INFO - [2026-02-05T20:16:22.262+0000] {dag.py:3036} INFO - Sync 1 DAGs
[2026-02-05T20:16:22.283+0000] {logging_mixin.py:188} INFO - [2026-02-05T20:16:22.283+0000] {dag.py:3823} INFO - Setting next_dagrun for ecommerce_etl_pipeline to 2026-02-05 00:00:00+00:00, run_after=2026-02-06 00:00:00+00:00
[2026-02-05T20:16:22.303+0000] {processor.py:183} INFO - Processing /opt/airflow/dags/ecommerce_etl.py took 0.096 seconds
[2026-02-05T20:16:52.540+0000] {processor.py:161} INFO - Started process (PID=311) to work on /opt/airflow/dags/ecommerce_etl.py
[2026-02-05T20:16:52.541+0000] {processor.py:830} INFO - Processing file /opt/airflow/dags/ecommerce_etl.py for tasks to queue
[2026-02-05T20:16:52.542+0000] {logging_mixin.py:188} INFO - [2026-02-05T20:16:52.541+0000] {dagbag.py:538} INFO - Filling up the DagBag from /opt/airflow/dags/ecommerce_etl.py
[2026-02-05T20:16:52.565+0000] {processor.py:840} INFO - DAG(s) 'ecommerce_etl_pipeline' retrieved from /opt/airflow/dags/ecommerce_etl.py
[2026-02-05T20:16:52.595+0000] {logging_mixin.py:188} INFO - [2026-02-05T20:16:52.595+0000] {dag.py:3036} INFO - Sync 1 DAGs
[2026-02-05T20:16:52.617+0000] {logging_mixin.py:188} INFO - [2026-02-05T20:16:52.617+0000] {dag.py:3823} INFO - Setting next_dagrun for ecommerce_etl_pipeline to 2026-02-05 00:00:00+00:00, run_after=2026-02-06 00:00:00+00:00
[2026-02-05T20:16:52.636+0000] {processor.py:183} INFO - Processing /opt/airflow/dags/ecommerce_etl.py took 0.099 seconds
[2026-02-05T20:17:22.741+0000] {processor.py:161} INFO - Started process (PID=322) to work on /opt/airflow/dags/ecommerce_etl.py
[2026-02-05T20:17:22.742+0000] {processor.py:830} INFO - Processing file /opt/airflow/dags/ecommerce_etl.py for tasks to queue
[2026-02-05T20:17:22.744+0000] {logging_mixin.py:188} INFO - [2026-02-05T20:17:22.743+0000] {dagbag.py:538} INFO - Filling up the DagBag from /opt/airflow/dags/ecommerce_etl.py
[2026-02-05T20:17:22.770+0000] {processor.py:840} INFO - DAG(s) 'ecommerce_etl_pipeline' retrieved from /opt/airflow/dags/ecommerce_etl.py
[2026-02-05T20:17:22.802+0000] {logging_mixin.py:188} INFO - [2026-02-05T20:17:22.802+0000] {dag.py:3036} INFO - Sync 1 DAGs
[2026-02-05T20:17:22.825+0000] {logging_mixin.py:188} INFO - [2026-02-05T20:17:22.824+0000] {dag.py:3823} INFO - Setting next_dagrun for ecommerce_etl_pipeline to 2026-02-05 00:00:00+00:00, run_after=2026-02-06 00:00:00+00:00
[2026-02-05T20:17:22.844+0000] {processor.py:183} INFO - Processing /opt/airflow/dags/ecommerce_etl.py took 0.106 seconds
[2026-02-05T20:17:52.975+0000] {processor.py:161} INFO - Started process (PID=333) to work on /opt/airflow/dags/ecommerce_etl.py
[2026-02-05T20:17:52.976+0000] {processor.py:830} INFO - Processing file /opt/airflow/dags/ecommerce_etl.py for tasks to queue
[2026-02-05T20:17:52.977+0000] {logging_mixin.py:188} INFO - [2026-02-05T20:17:52.976+0000] {dagbag.py:538} INFO - Filling up the DagBag from /opt/airflow/dags/ecommerce_etl.py
[2026-02-05T20:17:53.000+0000] {processor.py:840} INFO - DAG(s) 'ecommerce_etl_pipeline' retrieved from /opt/airflow/dags/ecommerce_etl.py
[2026-02-05T20:17:53.031+0000] {logging_mixin.py:188} INFO - [2026-02-05T20:17:53.031+0000] {dag.py:3036} INFO - Sync 1 DAGs
[2026-02-05T20:17:53.055+0000] {logging_mixin.py:188} INFO - [2026-02-05T20:17:53.055+0000] {dag.py:3823} INFO - Setting next_dagrun for ecommerce_etl_pipeline to 2026-02-05 00:00:00+00:00, run_after=2026-02-06 00:00:00+00:00
[2026-02-05T20:17:53.076+0000] {processor.py:183} INFO - Processing /opt/airflow/dags/ecommerce_etl.py took 0.104 seconds
[2026-02-05T20:18:23.152+0000] {processor.py:161} INFO - Started process (PID=344) to work on /opt/airflow/dags/ecommerce_etl.py
[2026-02-05T20:18:23.153+0000] {processor.py:830} INFO - Processing file /opt/airflow/dags/ecommerce_etl.py for tasks to queue
[2026-02-05T20:18:23.154+0000] {logging_mixin.py:188} INFO - [2026-02-05T20:18:23.154+0000] {dagbag.py:538} INFO - Filling up the DagBag from /opt/airflow/dags/ecommerce_etl.py
[2026-02-05T20:18:23.176+0000] {processor.py:840} INFO - DAG(s) 'ecommerce_etl_pipeline' retrieved from /opt/airflow/dags/ecommerce_etl.py
[2026-02-05T20:18:23.207+0000] {logging_mixin.py:188} INFO - [2026-02-05T20:18:23.207+0000] {dag.py:3036} INFO - Sync 1 DAGs
[2026-02-05T20:18:23.230+0000] {logging_mixin.py:188} INFO - [2026-02-05T20:18:23.230+0000] {dag.py:3823} INFO - Setting next_dagrun for ecommerce_etl_pipeline to 2026-02-05 00:00:00+00:00, run_after=2026-02-06 00:00:00+00:00
[2026-02-05T20:18:23.250+0000] {processor.py:183} INFO - Processing /opt/airflow/dags/ecommerce_etl.py took 0.102 seconds
[2026-02-05T20:18:50.442+0000] {processor.py:161} INFO - Started process (PID=355) to work on /opt/airflow/dags/ecommerce_etl.py
[2026-02-05T20:18:50.443+0000] {processor.py:830} INFO - Processing file /opt/airflow/dags/ecommerce_etl.py for tasks to queue
[2026-02-05T20:18:50.445+0000] {logging_mixin.py:188} INFO - [2026-02-05T20:18:50.444+0000] {dagbag.py:538} INFO - Filling up the DagBag from /opt/airflow/dags/ecommerce_etl.py
[2026-02-05T20:18:50.485+0000] {processor.py:840} INFO - DAG(s) 'ecommerce_etl_pipeline' retrieved from /opt/airflow/dags/ecommerce_etl.py
[2026-02-05T20:18:50.517+0000] {logging_mixin.py:188} INFO - [2026-02-05T20:18:50.516+0000] {dag.py:3036} INFO - Sync 1 DAGs
[2026-02-05T20:18:50.538+0000] {logging_mixin.py:188} INFO - [2026-02-05T20:18:50.538+0000] {dag.py:3823} INFO - Setting next_dagrun for ecommerce_etl_pipeline to 2026-02-05 00:00:00+00:00, run_after=2026-02-06 00:00:00+00:00
[2026-02-05T20:18:50.563+0000] {processor.py:183} INFO - Processing /opt/airflow/dags/ecommerce_etl.py took 0.124 seconds
[2026-02-05T20:19:20.633+0000] {processor.py:161} INFO - Started process (PID=366) to work on /opt/airflow/dags/ecommerce_etl.py
[2026-02-05T20:19:20.635+0000] {processor.py:830} INFO - Processing file /opt/airflow/dags/ecommerce_etl.py for tasks to queue
[2026-02-05T20:19:20.635+0000] {logging_mixin.py:188} INFO - [2026-02-05T20:19:20.635+0000] {dagbag.py:538} INFO - Filling up the DagBag from /opt/airflow/dags/ecommerce_etl.py
[2026-02-05T20:19:20.658+0000] {processor.py:840} INFO - DAG(s) 'ecommerce_etl_pipeline' retrieved from /opt/airflow/dags/ecommerce_etl.py
[2026-02-05T20:19:20.689+0000] {logging_mixin.py:188} INFO - [2026-02-05T20:19:20.688+0000] {dag.py:3036} INFO - Sync 1 DAGs
[2026-02-05T20:19:20.711+0000] {logging_mixin.py:188} INFO - [2026-02-05T20:19:20.711+0000] {dag.py:3823} INFO - Setting next_dagrun for ecommerce_etl_pipeline to 2026-02-05 00:00:00+00:00, run_after=2026-02-06 00:00:00+00:00
[2026-02-05T20:19:20.732+0000] {processor.py:183} INFO - Processing /opt/airflow/dags/ecommerce_etl.py took 0.101 seconds
[2026-02-05T20:24:51.156+0000] {processor.py:161} INFO - Started process (PID=186) to work on /opt/airflow/dags/ecommerce_etl.py
[2026-02-05T20:24:51.158+0000] {processor.py:830} INFO - Processing file /opt/airflow/dags/ecommerce_etl.py for tasks to queue
[2026-02-05T20:24:51.160+0000] {logging_mixin.py:188} INFO - [2026-02-05T20:24:51.160+0000] {dagbag.py:538} INFO - Filling up the DagBag from /opt/airflow/dags/ecommerce_etl.py
[2026-02-05T20:24:51.204+0000] {processor.py:840} INFO - DAG(s) 'ecommerce_etl_pipeline' retrieved from /opt/airflow/dags/ecommerce_etl.py
[2026-02-05T20:24:51.569+0000] {logging_mixin.py:188} INFO - [2026-02-05T20:24:51.569+0000] {override.py:1769} INFO - Created Permission View: can delete on DAG:ecommerce_etl_pipeline
[2026-02-05T20:24:51.586+0000] {logging_mixin.py:188} INFO - [2026-02-05T20:24:51.585+0000] {override.py:1769} INFO - Created Permission View: can edit on DAG:ecommerce_etl_pipeline
[2026-02-05T20:24:51.597+0000] {logging_mixin.py:188} INFO - [2026-02-05T20:24:51.596+0000] {override.py:1769} INFO - Created Permission View: can read on DAG:ecommerce_etl_pipeline
[2026-02-05T20:24:51.600+0000] {logging_mixin.py:188} INFO - [2026-02-05T20:24:51.600+0000] {dag.py:3036} INFO - Sync 1 DAGs
[2026-02-05T20:24:51.621+0000] {logging_mixin.py:188} INFO - [2026-02-05T20:24:51.621+0000] {dag.py:3058} INFO - Creating ORM DAG for ecommerce_etl_pipeline
[2026-02-05T20:24:51.643+0000] {logging_mixin.py:188} INFO - [2026-02-05T20:24:51.643+0000] {dag.py:3823} INFO - Setting next_dagrun for ecommerce_etl_pipeline to 2026-02-04 00:00:00+00:00, run_after=2026-02-05 00:00:00+00:00
[2026-02-05T20:24:51.685+0000] {processor.py:183} INFO - Processing /opt/airflow/dags/ecommerce_etl.py took 0.532 seconds
[2026-02-05T20:25:21.925+0000] {processor.py:161} INFO - Started process (PID=209) to work on /opt/airflow/dags/ecommerce_etl.py
[2026-02-05T20:25:21.927+0000] {processor.py:830} INFO - Processing file /opt/airflow/dags/ecommerce_etl.py for tasks to queue
[2026-02-05T20:25:21.928+0000] {logging_mixin.py:188} INFO - [2026-02-05T20:25:21.927+0000] {dagbag.py:538} INFO - Filling up the DagBag from /opt/airflow/dags/ecommerce_etl.py
[2026-02-05T20:25:21.959+0000] {processor.py:840} INFO - DAG(s) 'ecommerce_etl_pipeline' retrieved from /opt/airflow/dags/ecommerce_etl.py
[2026-02-05T20:25:21.994+0000] {logging_mixin.py:188} INFO - [2026-02-05T20:25:21.993+0000] {dag.py:3036} INFO - Sync 1 DAGs
[2026-02-05T20:25:22.018+0000] {logging_mixin.py:188} INFO - [2026-02-05T20:25:22.018+0000] {dag.py:3823} INFO - Setting next_dagrun for ecommerce_etl_pipeline to 2026-02-04 00:00:00+00:00, run_after=2026-02-05 00:00:00+00:00
[2026-02-05T20:25:22.038+0000] {processor.py:183} INFO - Processing /opt/airflow/dags/ecommerce_etl.py took 0.117 seconds
[2026-02-05T20:25:52.109+0000] {processor.py:161} INFO - Started process (PID=290) to work on /opt/airflow/dags/ecommerce_etl.py
[2026-02-05T20:25:52.133+0000] {processor.py:830} INFO - Processing file /opt/airflow/dags/ecommerce_etl.py for tasks to queue
[2026-02-05T20:25:52.134+0000] {logging_mixin.py:188} INFO - [2026-02-05T20:25:52.133+0000] {dagbag.py:538} INFO - Filling up the DagBag from /opt/airflow/dags/ecommerce_etl.py
[2026-02-05T20:25:52.154+0000] {processor.py:840} INFO - DAG(s) 'ecommerce_etl_pipeline' retrieved from /opt/airflow/dags/ecommerce_etl.py
[2026-02-05T20:25:52.181+0000] {logging_mixin.py:188} INFO - [2026-02-05T20:25:52.181+0000] {dag.py:3036} INFO - Sync 1 DAGs
[2026-02-05T20:25:52.200+0000] {logging_mixin.py:188} INFO - [2026-02-05T20:25:52.200+0000] {dag.py:3823} INFO - Setting next_dagrun for ecommerce_etl_pipeline to 2026-02-05 00:00:00+00:00, run_after=2026-02-06 00:00:00+00:00
[2026-02-05T20:25:52.220+0000] {processor.py:183} INFO - Processing /opt/airflow/dags/ecommerce_etl.py took 0.113 seconds
[2026-02-05T20:26:22.381+0000] {processor.py:161} INFO - Started process (PID=301) to work on /opt/airflow/dags/ecommerce_etl.py
[2026-02-05T20:26:22.382+0000] {processor.py:830} INFO - Processing file /opt/airflow/dags/ecommerce_etl.py for tasks to queue
[2026-02-05T20:26:22.384+0000] {logging_mixin.py:188} INFO - [2026-02-05T20:26:22.383+0000] {dagbag.py:538} INFO - Filling up the DagBag from /opt/airflow/dags/ecommerce_etl.py
[2026-02-05T20:26:22.404+0000] {processor.py:840} INFO - DAG(s) 'ecommerce_etl_pipeline' retrieved from /opt/airflow/dags/ecommerce_etl.py
[2026-02-05T20:26:22.432+0000] {logging_mixin.py:188} INFO - [2026-02-05T20:26:22.432+0000] {dag.py:3036} INFO - Sync 1 DAGs
[2026-02-05T20:26:22.454+0000] {logging_mixin.py:188} INFO - [2026-02-05T20:26:22.454+0000] {dag.py:3823} INFO - Setting next_dagrun for ecommerce_etl_pipeline to 2026-02-05 00:00:00+00:00, run_after=2026-02-06 00:00:00+00:00
[2026-02-05T20:26:22.472+0000] {processor.py:183} INFO - Processing /opt/airflow/dags/ecommerce_etl.py took 0.098 seconds
[2026-02-05T20:26:52.573+0000] {processor.py:161} INFO - Started process (PID=312) to work on /opt/airflow/dags/ecommerce_etl.py
[2026-02-05T20:26:52.574+0000] {processor.py:830} INFO - Processing file /opt/airflow/dags/ecommerce_etl.py for tasks to queue
[2026-02-05T20:26:52.575+0000] {logging_mixin.py:188} INFO - [2026-02-05T20:26:52.575+0000] {dagbag.py:538} INFO - Filling up the DagBag from /opt/airflow/dags/ecommerce_etl.py
[2026-02-05T20:26:52.597+0000] {processor.py:840} INFO - DAG(s) 'ecommerce_etl_pipeline' retrieved from /opt/airflow/dags/ecommerce_etl.py
[2026-02-05T20:26:52.626+0000] {logging_mixin.py:188} INFO - [2026-02-05T20:26:52.626+0000] {dag.py:3036} INFO - Sync 1 DAGs
[2026-02-05T20:26:52.647+0000] {logging_mixin.py:188} INFO - [2026-02-05T20:26:52.647+0000] {dag.py:3823} INFO - Setting next_dagrun for ecommerce_etl_pipeline to 2026-02-05 00:00:00+00:00, run_after=2026-02-06 00:00:00+00:00
[2026-02-05T20:26:52.665+0000] {processor.py:183} INFO - Processing /opt/airflow/dags/ecommerce_etl.py took 0.095 seconds
[2026-02-05T20:27:22.828+0000] {processor.py:161} INFO - Started process (PID=323) to work on /opt/airflow/dags/ecommerce_etl.py
[2026-02-05T20:27:22.830+0000] {processor.py:830} INFO - Processing file /opt/airflow/dags/ecommerce_etl.py for tasks to queue
[2026-02-05T20:27:22.831+0000] {logging_mixin.py:188} INFO - [2026-02-05T20:27:22.830+0000] {dagbag.py:538} INFO - Filling up the DagBag from /opt/airflow/dags/ecommerce_etl.py
[2026-02-05T20:27:22.861+0000] {processor.py:840} INFO - DAG(s) 'ecommerce_etl_pipeline' retrieved from /opt/airflow/dags/ecommerce_etl.py
[2026-02-05T20:27:22.896+0000] {logging_mixin.py:188} INFO - [2026-02-05T20:27:22.895+0000] {dag.py:3036} INFO - Sync 1 DAGs
[2026-02-05T20:27:22.924+0000] {logging_mixin.py:188} INFO - [2026-02-05T20:27:22.923+0000] {dag.py:3823} INFO - Setting next_dagrun for ecommerce_etl_pipeline to 2026-02-05 00:00:00+00:00, run_after=2026-02-06 00:00:00+00:00
[2026-02-05T20:27:22.947+0000] {processor.py:183} INFO - Processing /opt/airflow/dags/ecommerce_etl.py took 0.122 seconds
[2026-02-05T20:27:53.009+0000] {processor.py:161} INFO - Started process (PID=334) to work on /opt/airflow/dags/ecommerce_etl.py
[2026-02-05T20:27:53.010+0000] {processor.py:830} INFO - Processing file /opt/airflow/dags/ecommerce_etl.py for tasks to queue
[2026-02-05T20:27:53.011+0000] {logging_mixin.py:188} INFO - [2026-02-05T20:27:53.011+0000] {dagbag.py:538} INFO - Filling up the DagBag from /opt/airflow/dags/ecommerce_etl.py
[2026-02-05T20:27:53.032+0000] {processor.py:840} INFO - DAG(s) 'ecommerce_etl_pipeline' retrieved from /opt/airflow/dags/ecommerce_etl.py
[2026-02-05T20:27:53.063+0000] {logging_mixin.py:188} INFO - [2026-02-05T20:27:53.063+0000] {dag.py:3036} INFO - Sync 1 DAGs
[2026-02-05T20:27:53.088+0000] {logging_mixin.py:188} INFO - [2026-02-05T20:27:53.087+0000] {dag.py:3823} INFO - Setting next_dagrun for ecommerce_etl_pipeline to 2026-02-05 00:00:00+00:00, run_after=2026-02-06 00:00:00+00:00
[2026-02-05T20:27:53.105+0000] {processor.py:183} INFO - Processing /opt/airflow/dags/ecommerce_etl.py took 0.099 seconds
[2026-02-05T20:28:23.276+0000] {processor.py:161} INFO - Started process (PID=345) to work on /opt/airflow/dags/ecommerce_etl.py
[2026-02-05T20:28:23.277+0000] {processor.py:830} INFO - Processing file /opt/airflow/dags/ecommerce_etl.py for tasks to queue
[2026-02-05T20:28:23.278+0000] {logging_mixin.py:188} INFO - [2026-02-05T20:28:23.277+0000] {dagbag.py:538} INFO - Filling up the DagBag from /opt/airflow/dags/ecommerce_etl.py
[2026-02-05T20:28:23.309+0000] {processor.py:840} INFO - DAG(s) 'ecommerce_etl_pipeline' retrieved from /opt/airflow/dags/ecommerce_etl.py
[2026-02-05T20:28:23.342+0000] {logging_mixin.py:188} INFO - [2026-02-05T20:28:23.342+0000] {dag.py:3036} INFO - Sync 1 DAGs
[2026-02-05T20:28:23.373+0000] {logging_mixin.py:188} INFO - [2026-02-05T20:28:23.372+0000] {dag.py:3823} INFO - Setting next_dagrun for ecommerce_etl_pipeline to 2026-02-05 00:00:00+00:00, run_after=2026-02-06 00:00:00+00:00
[2026-02-05T20:28:23.397+0000] {processor.py:183} INFO - Processing /opt/airflow/dags/ecommerce_etl.py took 0.125 seconds
[2026-02-05T20:28:53.457+0000] {processor.py:161} INFO - Started process (PID=356) to work on /opt/airflow/dags/ecommerce_etl.py
[2026-02-05T20:28:53.458+0000] {processor.py:830} INFO - Processing file /opt/airflow/dags/ecommerce_etl.py for tasks to queue
[2026-02-05T20:28:53.459+0000] {logging_mixin.py:188} INFO - [2026-02-05T20:28:53.458+0000] {dagbag.py:538} INFO - Filling up the DagBag from /opt/airflow/dags/ecommerce_etl.py
[2026-02-05T20:28:53.481+0000] {processor.py:840} INFO - DAG(s) 'ecommerce_etl_pipeline' retrieved from /opt/airflow/dags/ecommerce_etl.py
[2026-02-05T20:28:53.511+0000] {logging_mixin.py:188} INFO - [2026-02-05T20:28:53.511+0000] {dag.py:3036} INFO - Sync 1 DAGs
[2026-02-05T20:28:53.534+0000] {logging_mixin.py:188} INFO - [2026-02-05T20:28:53.534+0000] {dag.py:3823} INFO - Setting next_dagrun for ecommerce_etl_pipeline to 2026-02-05 00:00:00+00:00, run_after=2026-02-06 00:00:00+00:00
[2026-02-05T20:28:53.555+0000] {processor.py:183} INFO - Processing /opt/airflow/dags/ecommerce_etl.py took 0.101 seconds
[2026-02-05T20:29:23.737+0000] {processor.py:161} INFO - Started process (PID=367) to work on /opt/airflow/dags/ecommerce_etl.py
[2026-02-05T20:29:23.739+0000] {processor.py:830} INFO - Processing file /opt/airflow/dags/ecommerce_etl.py for tasks to queue
[2026-02-05T20:29:23.740+0000] {logging_mixin.py:188} INFO - [2026-02-05T20:29:23.739+0000] {dagbag.py:538} INFO - Filling up the DagBag from /opt/airflow/dags/ecommerce_etl.py
[2026-02-05T20:29:23.767+0000] {processor.py:840} INFO - DAG(s) 'ecommerce_etl_pipeline' retrieved from /opt/airflow/dags/ecommerce_etl.py
[2026-02-05T20:29:23.798+0000] {logging_mixin.py:188} INFO - [2026-02-05T20:29:23.797+0000] {dag.py:3036} INFO - Sync 1 DAGs
[2026-02-05T20:29:23.821+0000] {logging_mixin.py:188} INFO - [2026-02-05T20:29:23.820+0000] {dag.py:3823} INFO - Setting next_dagrun for ecommerce_etl_pipeline to 2026-02-05 00:00:00+00:00, run_after=2026-02-06 00:00:00+00:00
[2026-02-05T20:29:23.841+0000] {processor.py:183} INFO - Processing /opt/airflow/dags/ecommerce_etl.py took 0.107 seconds
[2026-02-05T20:29:53.943+0000] {processor.py:161} INFO - Started process (PID=378) to work on /opt/airflow/dags/ecommerce_etl.py
[2026-02-05T20:29:53.944+0000] {processor.py:830} INFO - Processing file /opt/airflow/dags/ecommerce_etl.py for tasks to queue
[2026-02-05T20:29:53.945+0000] {logging_mixin.py:188} INFO - [2026-02-05T20:29:53.944+0000] {dagbag.py:538} INFO - Filling up the DagBag from /opt/airflow/dags/ecommerce_etl.py
[2026-02-05T20:29:53.965+0000] {processor.py:840} INFO - DAG(s) 'ecommerce_etl_pipeline' retrieved from /opt/airflow/dags/ecommerce_etl.py
[2026-02-05T20:29:53.992+0000] {logging_mixin.py:188} INFO - [2026-02-05T20:29:53.992+0000] {dag.py:3036} INFO - Sync 1 DAGs
[2026-02-05T20:29:54.012+0000] {logging_mixin.py:188} INFO - [2026-02-05T20:29:54.012+0000] {dag.py:3823} INFO - Setting next_dagrun for ecommerce_etl_pipeline to 2026-02-05 00:00:00+00:00, run_after=2026-02-06 00:00:00+00:00
[2026-02-05T20:29:54.029+0000] {processor.py:183} INFO - Processing /opt/airflow/dags/ecommerce_etl.py took 0.089 seconds
[2026-02-05T20:30:24.134+0000] {processor.py:161} INFO - Started process (PID=389) to work on /opt/airflow/dags/ecommerce_etl.py
[2026-02-05T20:30:24.135+0000] {processor.py:830} INFO - Processing file /opt/airflow/dags/ecommerce_etl.py for tasks to queue
[2026-02-05T20:30:24.136+0000] {logging_mixin.py:188} INFO - [2026-02-05T20:30:24.136+0000] {dagbag.py:538} INFO - Filling up the DagBag from /opt/airflow/dags/ecommerce_etl.py
[2026-02-05T20:30:24.158+0000] {processor.py:840} INFO - DAG(s) 'ecommerce_etl_pipeline' retrieved from /opt/airflow/dags/ecommerce_etl.py
[2026-02-05T20:30:24.187+0000] {logging_mixin.py:188} INFO - [2026-02-05T20:30:24.187+0000] {dag.py:3036} INFO - Sync 1 DAGs
[2026-02-05T20:30:24.209+0000] {logging_mixin.py:188} INFO - [2026-02-05T20:30:24.209+0000] {dag.py:3823} INFO - Setting next_dagrun for ecommerce_etl_pipeline to 2026-02-05 00:00:00+00:00, run_after=2026-02-06 00:00:00+00:00
[2026-02-05T20:30:24.228+0000] {processor.py:183} INFO - Processing /opt/airflow/dags/ecommerce_etl.py took 0.096 seconds
[2026-02-05T20:30:54.369+0000] {processor.py:161} INFO - Started process (PID=406) to work on /opt/airflow/dags/ecommerce_etl.py
[2026-02-05T20:30:54.369+0000] {processor.py:830} INFO - Processing file /opt/airflow/dags/ecommerce_etl.py for tasks to queue
[2026-02-05T20:30:54.370+0000] {logging_mixin.py:188} INFO - [2026-02-05T20:30:54.370+0000] {dagbag.py:538} INFO - Filling up the DagBag from /opt/airflow/dags/ecommerce_etl.py
[2026-02-05T20:30:54.391+0000] {processor.py:840} INFO - DAG(s) 'ecommerce_etl_pipeline' retrieved from /opt/airflow/dags/ecommerce_etl.py
[2026-02-05T20:30:54.417+0000] {logging_mixin.py:188} INFO - [2026-02-05T20:30:54.416+0000] {dag.py:3036} INFO - Sync 1 DAGs
[2026-02-05T20:30:54.437+0000] {logging_mixin.py:188} INFO - [2026-02-05T20:30:54.437+0000] {dag.py:3823} INFO - Setting next_dagrun for ecommerce_etl_pipeline to 2026-02-05 00:00:00+00:00, run_after=2026-02-06 00:00:00+00:00
[2026-02-05T20:30:54.454+0000] {processor.py:183} INFO - Processing /opt/airflow/dags/ecommerce_etl.py took 0.087 seconds
[2026-02-05T20:31:24.543+0000] {processor.py:161} INFO - Started process (PID=417) to work on /opt/airflow/dags/ecommerce_etl.py
[2026-02-05T20:31:24.544+0000] {processor.py:830} INFO - Processing file /opt/airflow/dags/ecommerce_etl.py for tasks to queue
[2026-02-05T20:31:24.545+0000] {logging_mixin.py:188} INFO - [2026-02-05T20:31:24.544+0000] {dagbag.py:538} INFO - Filling up the DagBag from /opt/airflow/dags/ecommerce_etl.py
[2026-02-05T20:31:24.570+0000] {processor.py:840} INFO - DAG(s) 'ecommerce_etl_pipeline' retrieved from /opt/airflow/dags/ecommerce_etl.py
[2026-02-05T20:31:24.597+0000] {logging_mixin.py:188} INFO - [2026-02-05T20:31:24.597+0000] {dag.py:3036} INFO - Sync 1 DAGs
[2026-02-05T20:31:24.619+0000] {logging_mixin.py:188} INFO - [2026-02-05T20:31:24.618+0000] {dag.py:3823} INFO - Setting next_dagrun for ecommerce_etl_pipeline to 2026-02-05 00:00:00+00:00, run_after=2026-02-06 00:00:00+00:00
[2026-02-05T20:31:24.636+0000] {processor.py:183} INFO - Processing /opt/airflow/dags/ecommerce_etl.py took 0.097 seconds
[2026-02-05T20:31:54.810+0000] {processor.py:161} INFO - Started process (PID=428) to work on /opt/airflow/dags/ecommerce_etl.py
[2026-02-05T20:31:54.811+0000] {processor.py:830} INFO - Processing file /opt/airflow/dags/ecommerce_etl.py for tasks to queue
[2026-02-05T20:31:54.812+0000] {logging_mixin.py:188} INFO - [2026-02-05T20:31:54.812+0000] {dagbag.py:538} INFO - Filling up the DagBag from /opt/airflow/dags/ecommerce_etl.py
[2026-02-05T20:31:54.831+0000] {processor.py:840} INFO - DAG(s) 'ecommerce_etl_pipeline' retrieved from /opt/airflow/dags/ecommerce_etl.py
[2026-02-05T20:31:54.856+0000] {logging_mixin.py:188} INFO - [2026-02-05T20:31:54.856+0000] {dag.py:3036} INFO - Sync 1 DAGs
[2026-02-05T20:31:54.875+0000] {logging_mixin.py:188} INFO - [2026-02-05T20:31:54.875+0000] {dag.py:3823} INFO - Setting next_dagrun for ecommerce_etl_pipeline to 2026-02-05 00:00:00+00:00, run_after=2026-02-06 00:00:00+00:00
[2026-02-05T20:31:54.895+0000] {processor.py:183} INFO - Processing /opt/airflow/dags/ecommerce_etl.py took 0.087 seconds
[2026-02-05T20:32:25.022+0000] {processor.py:161} INFO - Started process (PID=439) to work on /opt/airflow/dags/ecommerce_etl.py
[2026-02-05T20:32:25.023+0000] {processor.py:830} INFO - Processing file /opt/airflow/dags/ecommerce_etl.py for tasks to queue
[2026-02-05T20:32:25.024+0000] {logging_mixin.py:188} INFO - [2026-02-05T20:32:25.024+0000] {dagbag.py:538} INFO - Filling up the DagBag from /opt/airflow/dags/ecommerce_etl.py
[2026-02-05T20:32:25.047+0000] {processor.py:840} INFO - DAG(s) 'ecommerce_etl_pipeline' retrieved from /opt/airflow/dags/ecommerce_etl.py
[2026-02-05T20:32:25.074+0000] {logging_mixin.py:188} INFO - [2026-02-05T20:32:25.074+0000] {dag.py:3036} INFO - Sync 1 DAGs
[2026-02-05T20:32:25.097+0000] {logging_mixin.py:188} INFO - [2026-02-05T20:32:25.096+0000] {dag.py:3823} INFO - Setting next_dagrun for ecommerce_etl_pipeline to 2026-02-05 00:00:00+00:00, run_after=2026-02-06 00:00:00+00:00
[2026-02-05T20:32:25.114+0000] {processor.py:183} INFO - Processing /opt/airflow/dags/ecommerce_etl.py took 0.094 seconds
[2026-02-05T20:32:44.644+0000] {processor.py:161} INFO - Started process (PID=174) to work on /opt/airflow/dags/ecommerce_etl.py
[2026-02-05T20:32:44.645+0000] {processor.py:830} INFO - Processing file /opt/airflow/dags/ecommerce_etl.py for tasks to queue
[2026-02-05T20:32:44.646+0000] {logging_mixin.py:188} INFO - [2026-02-05T20:32:44.646+0000] {dagbag.py:538} INFO - Filling up the DagBag from /opt/airflow/dags/ecommerce_etl.py
[2026-02-05T20:32:44.683+0000] {processor.py:840} INFO - DAG(s) 'ecommerce_etl_pipeline' retrieved from /opt/airflow/dags/ecommerce_etl.py
[2026-02-05T20:32:44.721+0000] {logging_mixin.py:188} INFO - [2026-02-05T20:32:44.721+0000] {dag.py:3036} INFO - Sync 1 DAGs
[2026-02-05T20:32:44.745+0000] {logging_mixin.py:188} INFO - [2026-02-05T20:32:44.745+0000] {dag.py:3823} INFO - Setting next_dagrun for ecommerce_etl_pipeline to 2026-02-05 00:00:00+00:00, run_after=2026-02-06 00:00:00+00:00
[2026-02-05T20:32:44.770+0000] {processor.py:183} INFO - Processing /opt/airflow/dags/ecommerce_etl.py took 0.129 seconds
[2026-02-05T20:33:15.758+0000] {processor.py:161} INFO - Started process (PID=174) to work on /opt/airflow/dags/ecommerce_etl.py
[2026-02-05T20:33:15.759+0000] {processor.py:830} INFO - Processing file /opt/airflow/dags/ecommerce_etl.py for tasks to queue
[2026-02-05T20:33:15.761+0000] {logging_mixin.py:188} INFO - [2026-02-05T20:33:15.760+0000] {dagbag.py:538} INFO - Filling up the DagBag from /opt/airflow/dags/ecommerce_etl.py
[2026-02-05T20:33:15.785+0000] {processor.py:840} INFO - DAG(s) 'ecommerce_etl_pipeline' retrieved from /opt/airflow/dags/ecommerce_etl.py
[2026-02-05T20:33:15.825+0000] {logging_mixin.py:188} INFO - [2026-02-05T20:33:15.824+0000] {dag.py:3036} INFO - Sync 1 DAGs
[2026-02-05T20:33:15.846+0000] {logging_mixin.py:188} INFO - [2026-02-05T20:33:15.846+0000] {dag.py:3823} INFO - Setting next_dagrun for ecommerce_etl_pipeline to 2026-02-05 00:00:00+00:00, run_after=2026-02-06 00:00:00+00:00
[2026-02-05T20:33:15.866+0000] {processor.py:183} INFO - Processing /opt/airflow/dags/ecommerce_etl.py took 0.112 seconds
[2026-02-05T20:33:46.045+0000] {processor.py:161} INFO - Started process (PID=209) to work on /opt/airflow/dags/ecommerce_etl.py
[2026-02-05T20:33:46.047+0000] {processor.py:830} INFO - Processing file /opt/airflow/dags/ecommerce_etl.py for tasks to queue
[2026-02-05T20:33:46.051+0000] {logging_mixin.py:188} INFO - [2026-02-05T20:33:46.048+0000] {dagbag.py:538} INFO - Filling up the DagBag from /opt/airflow/dags/ecommerce_etl.py
[2026-02-05T20:33:46.100+0000] {processor.py:840} INFO - DAG(s) 'ecommerce_etl_pipeline' retrieved from /opt/airflow/dags/ecommerce_etl.py
[2026-02-05T20:33:46.133+0000] {logging_mixin.py:188} INFO - [2026-02-05T20:33:46.133+0000] {dag.py:3036} INFO - Sync 1 DAGs
[2026-02-05T20:33:46.153+0000] {logging_mixin.py:188} INFO - [2026-02-05T20:33:46.153+0000] {dag.py:3823} INFO - Setting next_dagrun for ecommerce_etl_pipeline to 2026-02-05 00:00:00+00:00, run_after=2026-02-06 00:00:00+00:00
[2026-02-05T20:33:46.172+0000] {processor.py:183} INFO - Processing /opt/airflow/dags/ecommerce_etl.py took 0.131 seconds
[2026-02-05T20:34:03.837+0000] {processor.py:161} INFO - Started process (PID=174) to work on /opt/airflow/dags/ecommerce_etl.py
[2026-02-05T20:34:03.838+0000] {processor.py:830} INFO - Processing file /opt/airflow/dags/ecommerce_etl.py for tasks to queue
[2026-02-05T20:34:03.839+0000] {logging_mixin.py:188} INFO - [2026-02-05T20:34:03.839+0000] {dagbag.py:538} INFO - Filling up the DagBag from /opt/airflow/dags/ecommerce_etl.py
[2026-02-05T20:34:03.863+0000] {processor.py:840} INFO - DAG(s) 'ecommerce_etl_pipeline' retrieved from /opt/airflow/dags/ecommerce_etl.py
[2026-02-05T20:34:03.903+0000] {logging_mixin.py:188} INFO - [2026-02-05T20:34:03.903+0000] {dag.py:3036} INFO - Sync 1 DAGs
[2026-02-05T20:34:03.925+0000] {logging_mixin.py:188} INFO - [2026-02-05T20:34:03.925+0000] {dag.py:3823} INFO - Setting next_dagrun for ecommerce_etl_pipeline to 2026-02-05 00:00:00+00:00, run_after=2026-02-06 00:00:00+00:00
[2026-02-05T20:34:03.943+0000] {processor.py:183} INFO - Processing /opt/airflow/dags/ecommerce_etl.py took 0.108 seconds
[2026-02-05T20:34:34.074+0000] {processor.py:161} INFO - Started process (PID=244) to work on /opt/airflow/dags/ecommerce_etl.py
[2026-02-05T20:34:34.075+0000] {processor.py:830} INFO - Processing file /opt/airflow/dags/ecommerce_etl.py for tasks to queue
[2026-02-05T20:34:34.076+0000] {logging_mixin.py:188} INFO - [2026-02-05T20:34:34.076+0000] {dagbag.py:538} INFO - Filling up the DagBag from /opt/airflow/dags/ecommerce_etl.py
[2026-02-05T20:34:34.095+0000] {processor.py:840} INFO - DAG(s) 'ecommerce_etl_pipeline' retrieved from /opt/airflow/dags/ecommerce_etl.py
[2026-02-05T20:34:34.118+0000] {logging_mixin.py:188} INFO - [2026-02-05T20:34:34.117+0000] {dag.py:3036} INFO - Sync 1 DAGs
[2026-02-05T20:34:34.136+0000] {logging_mixin.py:188} INFO - [2026-02-05T20:34:34.136+0000] {dag.py:3823} INFO - Setting next_dagrun for ecommerce_etl_pipeline to 2026-02-05 00:00:00+00:00, run_after=2026-02-06 00:00:00+00:00
[2026-02-05T20:34:34.155+0000] {processor.py:183} INFO - Processing /opt/airflow/dags/ecommerce_etl.py took 0.084 seconds
[2026-02-05T20:35:04.327+0000] {processor.py:161} INFO - Started process (PID=256) to work on /opt/airflow/dags/ecommerce_etl.py
[2026-02-05T20:35:04.328+0000] {processor.py:830} INFO - Processing file /opt/airflow/dags/ecommerce_etl.py for tasks to queue
[2026-02-05T20:35:04.329+0000] {logging_mixin.py:188} INFO - [2026-02-05T20:35:04.329+0000] {dagbag.py:538} INFO - Filling up the DagBag from /opt/airflow/dags/ecommerce_etl.py
[2026-02-05T20:35:04.360+0000] {processor.py:840} INFO - DAG(s) 'ecommerce_etl_pipeline' retrieved from /opt/airflow/dags/ecommerce_etl.py
[2026-02-05T20:35:04.394+0000] {logging_mixin.py:188} INFO - [2026-02-05T20:35:04.394+0000] {dag.py:3036} INFO - Sync 1 DAGs
[2026-02-05T20:35:04.427+0000] {logging_mixin.py:188} INFO - [2026-02-05T20:35:04.426+0000] {dag.py:3823} INFO - Setting next_dagrun for ecommerce_etl_pipeline to 2026-02-05 00:00:00+00:00, run_after=2026-02-06 00:00:00+00:00
[2026-02-05T20:35:04.454+0000] {processor.py:183} INFO - Processing /opt/airflow/dags/ecommerce_etl.py took 0.130 seconds
[2026-02-05T20:35:34.536+0000] {processor.py:161} INFO - Started process (PID=267) to work on /opt/airflow/dags/ecommerce_etl.py
[2026-02-05T20:35:34.537+0000] {processor.py:830} INFO - Processing file /opt/airflow/dags/ecommerce_etl.py for tasks to queue
[2026-02-05T20:35:34.538+0000] {logging_mixin.py:188} INFO - [2026-02-05T20:35:34.538+0000] {dagbag.py:538} INFO - Filling up the DagBag from /opt/airflow/dags/ecommerce_etl.py
[2026-02-05T20:35:34.568+0000] {processor.py:840} INFO - DAG(s) 'ecommerce_etl_pipeline' retrieved from /opt/airflow/dags/ecommerce_etl.py
[2026-02-05T20:35:34.599+0000] {logging_mixin.py:188} INFO - [2026-02-05T20:35:34.598+0000] {dag.py:3036} INFO - Sync 1 DAGs
[2026-02-05T20:35:34.622+0000] {logging_mixin.py:188} INFO - [2026-02-05T20:35:34.622+0000] {dag.py:3823} INFO - Setting next_dagrun for ecommerce_etl_pipeline to 2026-02-05 00:00:00+00:00, run_after=2026-02-06 00:00:00+00:00
[2026-02-05T20:35:34.641+0000] {processor.py:183} INFO - Processing /opt/airflow/dags/ecommerce_etl.py took 0.110 seconds
[2026-02-05T20:36:04.831+0000] {processor.py:161} INFO - Started process (PID=278) to work on /opt/airflow/dags/ecommerce_etl.py
[2026-02-05T20:36:04.832+0000] {processor.py:830} INFO - Processing file /opt/airflow/dags/ecommerce_etl.py for tasks to queue
[2026-02-05T20:36:04.833+0000] {logging_mixin.py:188} INFO - [2026-02-05T20:36:04.833+0000] {dagbag.py:538} INFO - Filling up the DagBag from /opt/airflow/dags/ecommerce_etl.py
[2026-02-05T20:36:04.864+0000] {processor.py:840} INFO - DAG(s) 'ecommerce_etl_pipeline' retrieved from /opt/airflow/dags/ecommerce_etl.py
[2026-02-05T20:36:04.897+0000] {logging_mixin.py:188} INFO - [2026-02-05T20:36:04.896+0000] {dag.py:3036} INFO - Sync 1 DAGs
[2026-02-05T20:36:04.919+0000] {logging_mixin.py:188} INFO - [2026-02-05T20:36:04.919+0000] {dag.py:3823} INFO - Setting next_dagrun for ecommerce_etl_pipeline to 2026-02-05 00:00:00+00:00, run_after=2026-02-06 00:00:00+00:00
[2026-02-05T20:36:04.939+0000] {processor.py:183} INFO - Processing /opt/airflow/dags/ecommerce_etl.py took 0.113 seconds
[2026-02-05T20:36:35.025+0000] {processor.py:161} INFO - Started process (PID=289) to work on /opt/airflow/dags/ecommerce_etl.py
[2026-02-05T20:36:35.027+0000] {processor.py:830} INFO - Processing file /opt/airflow/dags/ecommerce_etl.py for tasks to queue
[2026-02-05T20:36:35.028+0000] {logging_mixin.py:188} INFO - [2026-02-05T20:36:35.028+0000] {dagbag.py:538} INFO - Filling up the DagBag from /opt/airflow/dags/ecommerce_etl.py
[2026-02-05T20:36:35.058+0000] {processor.py:840} INFO - DAG(s) 'ecommerce_etl_pipeline' retrieved from /opt/airflow/dags/ecommerce_etl.py
[2026-02-05T20:36:35.094+0000] {logging_mixin.py:188} INFO - [2026-02-05T20:36:35.093+0000] {dag.py:3036} INFO - Sync 1 DAGs
[2026-02-05T20:36:35.119+0000] {logging_mixin.py:188} INFO - [2026-02-05T20:36:35.119+0000] {dag.py:3823} INFO - Setting next_dagrun for ecommerce_etl_pipeline to 2026-02-05 00:00:00+00:00, run_after=2026-02-06 00:00:00+00:00
[2026-02-05T20:36:35.144+0000] {processor.py:183} INFO - Processing /opt/airflow/dags/ecommerce_etl.py took 0.122 seconds
[2026-02-05T20:37:05.315+0000] {processor.py:161} INFO - Started process (PID=300) to work on /opt/airflow/dags/ecommerce_etl.py
[2026-02-05T20:37:05.317+0000] {processor.py:830} INFO - Processing file /opt/airflow/dags/ecommerce_etl.py for tasks to queue
[2026-02-05T20:37:05.328+0000] {logging_mixin.py:188} INFO - [2026-02-05T20:37:05.323+0000] {dagbag.py:538} INFO - Filling up the DagBag from /opt/airflow/dags/ecommerce_etl.py
[2026-02-05T20:37:05.393+0000] {processor.py:840} INFO - DAG(s) 'ecommerce_etl_pipeline' retrieved from /opt/airflow/dags/ecommerce_etl.py
[2026-02-05T20:37:05.445+0000] {logging_mixin.py:188} INFO - [2026-02-05T20:37:05.444+0000] {dag.py:3036} INFO - Sync 1 DAGs
[2026-02-05T20:37:05.487+0000] {logging_mixin.py:188} INFO - [2026-02-05T20:37:05.486+0000] {dag.py:3823} INFO - Setting next_dagrun for ecommerce_etl_pipeline to 2026-02-05 00:00:00+00:00, run_after=2026-02-06 00:00:00+00:00
[2026-02-05T20:37:05.515+0000] {processor.py:183} INFO - Processing /opt/airflow/dags/ecommerce_etl.py took 0.205 seconds
[2026-02-05T20:37:35.773+0000] {processor.py:161} INFO - Started process (PID=311) to work on /opt/airflow/dags/ecommerce_etl.py
[2026-02-05T20:37:35.775+0000] {processor.py:830} INFO - Processing file /opt/airflow/dags/ecommerce_etl.py for tasks to queue
[2026-02-05T20:37:35.777+0000] {logging_mixin.py:188} INFO - [2026-02-05T20:37:35.776+0000] {dagbag.py:538} INFO - Filling up the DagBag from /opt/airflow/dags/ecommerce_etl.py
[2026-02-05T20:37:35.806+0000] {processor.py:840} INFO - DAG(s) 'ecommerce_etl_pipeline' retrieved from /opt/airflow/dags/ecommerce_etl.py
[2026-02-05T20:37:35.857+0000] {logging_mixin.py:188} INFO - [2026-02-05T20:37:35.857+0000] {dag.py:3036} INFO - Sync 1 DAGs
[2026-02-05T20:37:35.885+0000] {logging_mixin.py:188} INFO - [2026-02-05T20:37:35.885+0000] {dag.py:3823} INFO - Setting next_dagrun for ecommerce_etl_pipeline to 2026-02-05 00:00:00+00:00, run_after=2026-02-06 00:00:00+00:00
[2026-02-05T20:37:35.907+0000] {processor.py:183} INFO - Processing /opt/airflow/dags/ecommerce_etl.py took 0.138 seconds
[2026-02-05T20:38:05.968+0000] {processor.py:161} INFO - Started process (PID=322) to work on /opt/airflow/dags/ecommerce_etl.py
[2026-02-05T20:38:05.969+0000] {processor.py:830} INFO - Processing file /opt/airflow/dags/ecommerce_etl.py for tasks to queue
[2026-02-05T20:38:05.970+0000] {logging_mixin.py:188} INFO - [2026-02-05T20:38:05.970+0000] {dagbag.py:538} INFO - Filling up the DagBag from /opt/airflow/dags/ecommerce_etl.py
[2026-02-05T20:38:05.995+0000] {processor.py:840} INFO - DAG(s) 'ecommerce_etl_pipeline' retrieved from /opt/airflow/dags/ecommerce_etl.py
[2026-02-05T20:38:06.030+0000] {logging_mixin.py:188} INFO - [2026-02-05T20:38:06.030+0000] {dag.py:3036} INFO - Sync 1 DAGs
[2026-02-05T20:38:06.054+0000] {logging_mixin.py:188} INFO - [2026-02-05T20:38:06.054+0000] {dag.py:3823} INFO - Setting next_dagrun for ecommerce_etl_pipeline to 2026-02-05 00:00:00+00:00, run_after=2026-02-06 00:00:00+00:00
[2026-02-05T20:38:06.079+0000] {processor.py:183} INFO - Processing /opt/airflow/dags/ecommerce_etl.py took 0.115 seconds
[2026-02-05T20:38:36.297+0000] {processor.py:161} INFO - Started process (PID=333) to work on /opt/airflow/dags/ecommerce_etl.py
[2026-02-05T20:38:36.298+0000] {processor.py:830} INFO - Processing file /opt/airflow/dags/ecommerce_etl.py for tasks to queue
[2026-02-05T20:38:36.300+0000] {logging_mixin.py:188} INFO - [2026-02-05T20:38:36.299+0000] {dagbag.py:538} INFO - Filling up the DagBag from /opt/airflow/dags/ecommerce_etl.py
[2026-02-05T20:38:36.335+0000] {processor.py:840} INFO - DAG(s) 'ecommerce_etl_pipeline' retrieved from /opt/airflow/dags/ecommerce_etl.py
[2026-02-05T20:38:36.373+0000] {logging_mixin.py:188} INFO - [2026-02-05T20:38:36.373+0000] {dag.py:3036} INFO - Sync 1 DAGs
[2026-02-05T20:38:36.402+0000] {logging_mixin.py:188} INFO - [2026-02-05T20:38:36.402+0000] {dag.py:3823} INFO - Setting next_dagrun for ecommerce_etl_pipeline to 2026-02-05 00:00:00+00:00, run_after=2026-02-06 00:00:00+00:00
[2026-02-05T20:38:36.423+0000] {processor.py:183} INFO - Processing /opt/airflow/dags/ecommerce_etl.py took 0.131 seconds
[2026-02-05T20:39:06.521+0000] {processor.py:161} INFO - Started process (PID=344) to work on /opt/airflow/dags/ecommerce_etl.py
[2026-02-05T20:39:06.522+0000] {processor.py:830} INFO - Processing file /opt/airflow/dags/ecommerce_etl.py for tasks to queue
[2026-02-05T20:39:06.523+0000] {logging_mixin.py:188} INFO - [2026-02-05T20:39:06.523+0000] {dagbag.py:538} INFO - Filling up the DagBag from /opt/airflow/dags/ecommerce_etl.py
[2026-02-05T20:39:06.564+0000] {processor.py:840} INFO - DAG(s) 'ecommerce_etl_pipeline' retrieved from /opt/airflow/dags/ecommerce_etl.py
[2026-02-05T20:39:06.609+0000] {logging_mixin.py:188} INFO - [2026-02-05T20:39:06.609+0000] {dag.py:3036} INFO - Sync 1 DAGs
[2026-02-05T20:39:06.639+0000] {logging_mixin.py:188} INFO - [2026-02-05T20:39:06.638+0000] {dag.py:3823} INFO - Setting next_dagrun for ecommerce_etl_pipeline to 2026-02-05 00:00:00+00:00, run_after=2026-02-06 00:00:00+00:00
[2026-02-05T20:39:06.679+0000] {processor.py:183} INFO - Processing /opt/airflow/dags/ecommerce_etl.py took 0.162 seconds
[2026-02-05T20:39:36.868+0000] {processor.py:161} INFO - Started process (PID=358) to work on /opt/airflow/dags/ecommerce_etl.py
[2026-02-05T20:39:36.869+0000] {processor.py:830} INFO - Processing file /opt/airflow/dags/ecommerce_etl.py for tasks to queue
[2026-02-05T20:39:36.869+0000] {logging_mixin.py:188} INFO - [2026-02-05T20:39:36.869+0000] {dagbag.py:538} INFO - Filling up the DagBag from /opt/airflow/dags/ecommerce_etl.py
[2026-02-05T20:39:36.890+0000] {processor.py:840} INFO - DAG(s) 'ecommerce_etl_pipeline' retrieved from /opt/airflow/dags/ecommerce_etl.py
[2026-02-05T20:39:36.916+0000] {logging_mixin.py:188} INFO - [2026-02-05T20:39:36.915+0000] {dag.py:3036} INFO - Sync 1 DAGs
[2026-02-05T20:39:36.935+0000] {logging_mixin.py:188} INFO - [2026-02-05T20:39:36.935+0000] {dag.py:3823} INFO - Setting next_dagrun for ecommerce_etl_pipeline to 2026-02-05 00:00:00+00:00, run_after=2026-02-06 00:00:00+00:00
[2026-02-05T20:39:36.954+0000] {processor.py:183} INFO - Processing /opt/airflow/dags/ecommerce_etl.py took 0.089 seconds
[2026-02-05T20:40:07.074+0000] {processor.py:161} INFO - Started process (PID=369) to work on /opt/airflow/dags/ecommerce_etl.py
[2026-02-05T20:40:07.075+0000] {processor.py:830} INFO - Processing file /opt/airflow/dags/ecommerce_etl.py for tasks to queue
[2026-02-05T20:40:07.076+0000] {logging_mixin.py:188} INFO - [2026-02-05T20:40:07.075+0000] {dagbag.py:538} INFO - Filling up the DagBag from /opt/airflow/dags/ecommerce_etl.py
[2026-02-05T20:40:07.096+0000] {processor.py:840} INFO - DAG(s) 'ecommerce_etl_pipeline' retrieved from /opt/airflow/dags/ecommerce_etl.py
[2026-02-05T20:40:07.125+0000] {logging_mixin.py:188} INFO - [2026-02-05T20:40:07.124+0000] {dag.py:3036} INFO - Sync 1 DAGs
[2026-02-05T20:40:07.149+0000] {logging_mixin.py:188} INFO - [2026-02-05T20:40:07.149+0000] {dag.py:3823} INFO - Setting next_dagrun for ecommerce_etl_pipeline to 2026-02-05 00:00:00+00:00, run_after=2026-02-06 00:00:00+00:00
[2026-02-05T20:40:07.169+0000] {processor.py:183} INFO - Processing /opt/airflow/dags/ecommerce_etl.py took 0.098 seconds
[2026-02-05T20:40:37.309+0000] {processor.py:161} INFO - Started process (PID=380) to work on /opt/airflow/dags/ecommerce_etl.py
[2026-02-05T20:40:37.310+0000] {processor.py:830} INFO - Processing file /opt/airflow/dags/ecommerce_etl.py for tasks to queue
[2026-02-05T20:40:37.311+0000] {logging_mixin.py:188} INFO - [2026-02-05T20:40:37.311+0000] {dagbag.py:538} INFO - Filling up the DagBag from /opt/airflow/dags/ecommerce_etl.py
[2026-02-05T20:40:37.334+0000] {processor.py:840} INFO - DAG(s) 'ecommerce_etl_pipeline' retrieved from /opt/airflow/dags/ecommerce_etl.py
[2026-02-05T20:40:37.362+0000] {logging_mixin.py:188} INFO - [2026-02-05T20:40:37.361+0000] {dag.py:3036} INFO - Sync 1 DAGs
[2026-02-05T20:40:37.383+0000] {logging_mixin.py:188} INFO - [2026-02-05T20:40:37.383+0000] {dag.py:3823} INFO - Setting next_dagrun for ecommerce_etl_pipeline to 2026-02-05 00:00:00+00:00, run_after=2026-02-06 00:00:00+00:00
[2026-02-05T20:40:37.399+0000] {processor.py:183} INFO - Processing /opt/airflow/dags/ecommerce_etl.py took 0.093 seconds
[2026-02-05T20:41:07.581+0000] {processor.py:161} INFO - Started process (PID=391) to work on /opt/airflow/dags/ecommerce_etl.py
[2026-02-05T20:41:07.583+0000] {processor.py:830} INFO - Processing file /opt/airflow/dags/ecommerce_etl.py for tasks to queue
[2026-02-05T20:41:07.585+0000] {logging_mixin.py:188} INFO - [2026-02-05T20:41:07.585+0000] {dagbag.py:538} INFO - Filling up the DagBag from /opt/airflow/dags/ecommerce_etl.py
[2026-02-05T20:41:07.655+0000] {processor.py:840} INFO - DAG(s) 'ecommerce_etl_pipeline' retrieved from /opt/airflow/dags/ecommerce_etl.py
[2026-02-05T20:41:07.711+0000] {logging_mixin.py:188} INFO - [2026-02-05T20:41:07.710+0000] {dag.py:3036} INFO - Sync 1 DAGs
[2026-02-05T20:41:07.811+0000] {logging_mixin.py:188} INFO - [2026-02-05T20:41:07.811+0000] {dag.py:3823} INFO - Setting next_dagrun for ecommerce_etl_pipeline to 2026-02-05 00:00:00+00:00, run_after=2026-02-06 00:00:00+00:00
[2026-02-05T20:41:07.838+0000] {processor.py:183} INFO - Processing /opt/airflow/dags/ecommerce_etl.py took 0.266 seconds
[2026-02-05T20:41:38.029+0000] {processor.py:161} INFO - Started process (PID=402) to work on /opt/airflow/dags/ecommerce_etl.py
[2026-02-05T20:41:38.030+0000] {processor.py:830} INFO - Processing file /opt/airflow/dags/ecommerce_etl.py for tasks to queue
[2026-02-05T20:41:38.031+0000] {logging_mixin.py:188} INFO - [2026-02-05T20:41:38.031+0000] {dagbag.py:538} INFO - Filling up the DagBag from /opt/airflow/dags/ecommerce_etl.py
[2026-02-05T20:41:38.053+0000] {processor.py:840} INFO - DAG(s) 'ecommerce_etl_pipeline' retrieved from /opt/airflow/dags/ecommerce_etl.py
[2026-02-05T20:41:38.081+0000] {logging_mixin.py:188} INFO - [2026-02-05T20:41:38.081+0000] {dag.py:3036} INFO - Sync 1 DAGs
[2026-02-05T20:41:38.105+0000] {logging_mixin.py:188} INFO - [2026-02-05T20:41:38.105+0000] {dag.py:3823} INFO - Setting next_dagrun for ecommerce_etl_pipeline to 2026-02-05 00:00:00+00:00, run_after=2026-02-06 00:00:00+00:00
[2026-02-05T20:41:38.125+0000] {processor.py:183} INFO - Processing /opt/airflow/dags/ecommerce_etl.py took 0.100 seconds
[2026-02-05T20:42:08.224+0000] {processor.py:161} INFO - Started process (PID=413) to work on /opt/airflow/dags/ecommerce_etl.py
[2026-02-05T20:42:08.226+0000] {processor.py:830} INFO - Processing file /opt/airflow/dags/ecommerce_etl.py for tasks to queue
[2026-02-05T20:42:08.227+0000] {logging_mixin.py:188} INFO - [2026-02-05T20:42:08.226+0000] {dagbag.py:538} INFO - Filling up the DagBag from /opt/airflow/dags/ecommerce_etl.py
[2026-02-05T20:42:08.254+0000] {processor.py:840} INFO - DAG(s) 'ecommerce_etl_pipeline' retrieved from /opt/airflow/dags/ecommerce_etl.py
[2026-02-05T20:42:08.282+0000] {logging_mixin.py:188} INFO - [2026-02-05T20:42:08.282+0000] {dag.py:3036} INFO - Sync 1 DAGs
[2026-02-05T20:42:08.305+0000] {logging_mixin.py:188} INFO - [2026-02-05T20:42:08.305+0000] {dag.py:3823} INFO - Setting next_dagrun for ecommerce_etl_pipeline to 2026-02-05 00:00:00+00:00, run_after=2026-02-06 00:00:00+00:00
[2026-02-05T20:42:08.324+0000] {processor.py:183} INFO - Processing /opt/airflow/dags/ecommerce_etl.py took 0.102 seconds
[2026-02-05T20:42:38.489+0000] {processor.py:161} INFO - Started process (PID=424) to work on /opt/airflow/dags/ecommerce_etl.py
[2026-02-05T20:42:38.490+0000] {processor.py:830} INFO - Processing file /opt/airflow/dags/ecommerce_etl.py for tasks to queue
[2026-02-05T20:42:38.491+0000] {logging_mixin.py:188} INFO - [2026-02-05T20:42:38.491+0000] {dagbag.py:538} INFO - Filling up the DagBag from /opt/airflow/dags/ecommerce_etl.py
[2026-02-05T20:42:38.512+0000] {processor.py:840} INFO - DAG(s) 'ecommerce_etl_pipeline' retrieved from /opt/airflow/dags/ecommerce_etl.py
[2026-02-05T20:42:38.542+0000] {logging_mixin.py:188} INFO - [2026-02-05T20:42:38.542+0000] {dag.py:3036} INFO - Sync 1 DAGs
[2026-02-05T20:42:38.566+0000] {logging_mixin.py:188} INFO - [2026-02-05T20:42:38.566+0000] {dag.py:3823} INFO - Setting next_dagrun for ecommerce_etl_pipeline to 2026-02-05 00:00:00+00:00, run_after=2026-02-06 00:00:00+00:00
[2026-02-05T20:42:38.586+0000] {processor.py:183} INFO - Processing /opt/airflow/dags/ecommerce_etl.py took 0.099 seconds
[2026-02-05T20:43:08.677+0000] {processor.py:161} INFO - Started process (PID=435) to work on /opt/airflow/dags/ecommerce_etl.py
[2026-02-05T20:43:08.679+0000] {processor.py:830} INFO - Processing file /opt/airflow/dags/ecommerce_etl.py for tasks to queue
[2026-02-05T20:43:08.680+0000] {logging_mixin.py:188} INFO - [2026-02-05T20:43:08.679+0000] {dagbag.py:538} INFO - Filling up the DagBag from /opt/airflow/dags/ecommerce_etl.py
[2026-02-05T20:43:08.702+0000] {processor.py:840} INFO - DAG(s) 'ecommerce_etl_pipeline' retrieved from /opt/airflow/dags/ecommerce_etl.py
[2026-02-05T20:43:08.732+0000] {logging_mixin.py:188} INFO - [2026-02-05T20:43:08.731+0000] {dag.py:3036} INFO - Sync 1 DAGs
[2026-02-05T20:43:08.754+0000] {logging_mixin.py:188} INFO - [2026-02-05T20:43:08.753+0000] {dag.py:3823} INFO - Setting next_dagrun for ecommerce_etl_pipeline to 2026-02-05 00:00:00+00:00, run_after=2026-02-06 00:00:00+00:00
[2026-02-05T20:43:08.777+0000] {processor.py:183} INFO - Processing /opt/airflow/dags/ecommerce_etl.py took 0.103 seconds
[2026-02-05T20:43:38.924+0000] {processor.py:161} INFO - Started process (PID=446) to work on /opt/airflow/dags/ecommerce_etl.py
[2026-02-05T20:43:38.925+0000] {processor.py:830} INFO - Processing file /opt/airflow/dags/ecommerce_etl.py for tasks to queue
[2026-02-05T20:43:38.927+0000] {logging_mixin.py:188} INFO - [2026-02-05T20:43:38.926+0000] {dagbag.py:538} INFO - Filling up the DagBag from /opt/airflow/dags/ecommerce_etl.py
[2026-02-05T20:43:38.950+0000] {processor.py:840} INFO - DAG(s) 'ecommerce_etl_pipeline' retrieved from /opt/airflow/dags/ecommerce_etl.py
[2026-02-05T20:43:38.977+0000] {logging_mixin.py:188} INFO - [2026-02-05T20:43:38.977+0000] {dag.py:3036} INFO - Sync 1 DAGs
[2026-02-05T20:43:38.999+0000] {logging_mixin.py:188} INFO - [2026-02-05T20:43:38.999+0000] {dag.py:3823} INFO - Setting next_dagrun for ecommerce_etl_pipeline to 2026-02-05 00:00:00+00:00, run_after=2026-02-06 00:00:00+00:00
[2026-02-05T20:43:39.017+0000] {processor.py:183} INFO - Processing /opt/airflow/dags/ecommerce_etl.py took 0.096 seconds
[2026-02-05T20:44:09.174+0000] {processor.py:161} INFO - Started process (PID=457) to work on /opt/airflow/dags/ecommerce_etl.py
[2026-02-05T20:44:09.174+0000] {processor.py:830} INFO - Processing file /opt/airflow/dags/ecommerce_etl.py for tasks to queue
[2026-02-05T20:44:09.175+0000] {logging_mixin.py:188} INFO - [2026-02-05T20:44:09.175+0000] {dagbag.py:538} INFO - Filling up the DagBag from /opt/airflow/dags/ecommerce_etl.py
[2026-02-05T20:44:09.199+0000] {processor.py:840} INFO - DAG(s) 'ecommerce_etl_pipeline' retrieved from /opt/airflow/dags/ecommerce_etl.py
[2026-02-05T20:44:09.229+0000] {logging_mixin.py:188} INFO - [2026-02-05T20:44:09.228+0000] {dag.py:3036} INFO - Sync 1 DAGs
[2026-02-05T20:44:09.254+0000] {logging_mixin.py:188} INFO - [2026-02-05T20:44:09.254+0000] {dag.py:3823} INFO - Setting next_dagrun for ecommerce_etl_pipeline to 2026-02-05 00:00:00+00:00, run_after=2026-02-06 00:00:00+00:00
[2026-02-05T20:44:09.280+0000] {processor.py:183} INFO - Processing /opt/airflow/dags/ecommerce_etl.py took 0.109 seconds
[2026-02-05T20:44:39.384+0000] {processor.py:161} INFO - Started process (PID=468) to work on /opt/airflow/dags/ecommerce_etl.py
[2026-02-05T20:44:39.386+0000] {processor.py:830} INFO - Processing file /opt/airflow/dags/ecommerce_etl.py for tasks to queue
[2026-02-05T20:44:39.388+0000] {logging_mixin.py:188} INFO - [2026-02-05T20:44:39.387+0000] {dagbag.py:538} INFO - Filling up the DagBag from /opt/airflow/dags/ecommerce_etl.py
[2026-02-05T20:44:39.433+0000] {processor.py:840} INFO - DAG(s) 'ecommerce_etl_pipeline' retrieved from /opt/airflow/dags/ecommerce_etl.py
[2026-02-05T20:44:39.489+0000] {logging_mixin.py:188} INFO - [2026-02-05T20:44:39.488+0000] {dag.py:3036} INFO - Sync 1 DAGs
[2026-02-05T20:44:39.533+0000] {logging_mixin.py:188} INFO - [2026-02-05T20:44:39.532+0000] {dag.py:3823} INFO - Setting next_dagrun for ecommerce_etl_pipeline to 2026-02-05 00:00:00+00:00, run_after=2026-02-06 00:00:00+00:00
[2026-02-05T20:44:39.574+0000] {processor.py:183} INFO - Processing /opt/airflow/dags/ecommerce_etl.py took 0.196 seconds
[2026-02-05T20:45:09.665+0000] {processor.py:161} INFO - Started process (PID=479) to work on /opt/airflow/dags/ecommerce_etl.py
[2026-02-05T20:45:09.666+0000] {processor.py:830} INFO - Processing file /opt/airflow/dags/ecommerce_etl.py for tasks to queue
[2026-02-05T20:45:09.667+0000] {logging_mixin.py:188} INFO - [2026-02-05T20:45:09.666+0000] {dagbag.py:538} INFO - Filling up the DagBag from /opt/airflow/dags/ecommerce_etl.py
[2026-02-05T20:45:09.688+0000] {processor.py:840} INFO - DAG(s) 'ecommerce_etl_pipeline' retrieved from /opt/airflow/dags/ecommerce_etl.py
[2026-02-05T20:45:09.713+0000] {logging_mixin.py:188} INFO - [2026-02-05T20:45:09.713+0000] {dag.py:3036} INFO - Sync 1 DAGs
[2026-02-05T20:45:09.733+0000] {logging_mixin.py:188} INFO - [2026-02-05T20:45:09.733+0000] {dag.py:3823} INFO - Setting next_dagrun for ecommerce_etl_pipeline to 2026-02-05 00:00:00+00:00, run_after=2026-02-06 00:00:00+00:00
[2026-02-05T20:45:09.752+0000] {processor.py:183} INFO - Processing /opt/airflow/dags/ecommerce_etl.py took 0.090 seconds
[2026-02-05T20:45:39.971+0000] {processor.py:161} INFO - Started process (PID=491) to work on /opt/airflow/dags/ecommerce_etl.py
[2026-02-05T20:45:39.971+0000] {processor.py:830} INFO - Processing file /opt/airflow/dags/ecommerce_etl.py for tasks to queue
[2026-02-05T20:45:39.972+0000] {logging_mixin.py:188} INFO - [2026-02-05T20:45:39.972+0000] {dagbag.py:538} INFO - Filling up the DagBag from /opt/airflow/dags/ecommerce_etl.py
[2026-02-05T20:45:39.996+0000] {processor.py:840} INFO - DAG(s) 'ecommerce_etl_pipeline' retrieved from /opt/airflow/dags/ecommerce_etl.py
[2026-02-05T20:45:40.022+0000] {logging_mixin.py:188} INFO - [2026-02-05T20:45:40.022+0000] {dag.py:3036} INFO - Sync 1 DAGs
[2026-02-05T20:45:40.042+0000] {logging_mixin.py:188} INFO - [2026-02-05T20:45:40.042+0000] {dag.py:3823} INFO - Setting next_dagrun for ecommerce_etl_pipeline to 2026-02-05 00:00:00+00:00, run_after=2026-02-06 00:00:00+00:00
[2026-02-05T20:45:40.062+0000] {processor.py:183} INFO - Processing /opt/airflow/dags/ecommerce_etl.py took 0.094 seconds
[2026-02-05T20:46:10.196+0000] {processor.py:161} INFO - Started process (PID=502) to work on /opt/airflow/dags/ecommerce_etl.py
[2026-02-05T20:46:10.197+0000] {processor.py:830} INFO - Processing file /opt/airflow/dags/ecommerce_etl.py for tasks to queue
[2026-02-05T20:46:10.198+0000] {logging_mixin.py:188} INFO - [2026-02-05T20:46:10.198+0000] {dagbag.py:538} INFO - Filling up the DagBag from /opt/airflow/dags/ecommerce_etl.py
[2026-02-05T20:46:10.226+0000] {processor.py:840} INFO - DAG(s) 'ecommerce_etl_pipeline' retrieved from /opt/airflow/dags/ecommerce_etl.py
[2026-02-05T20:46:10.260+0000] {logging_mixin.py:188} INFO - [2026-02-05T20:46:10.260+0000] {dag.py:3036} INFO - Sync 1 DAGs
[2026-02-05T20:46:10.281+0000] {logging_mixin.py:188} INFO - [2026-02-05T20:46:10.281+0000] {dag.py:3823} INFO - Setting next_dagrun for ecommerce_etl_pipeline to 2026-02-05 00:00:00+00:00, run_after=2026-02-06 00:00:00+00:00
[2026-02-05T20:46:10.298+0000] {processor.py:183} INFO - Processing /opt/airflow/dags/ecommerce_etl.py took 0.105 seconds
[2026-02-05T20:46:24.387+0000] {processor.py:161} INFO - Started process (PID=507) to work on /opt/airflow/dags/ecommerce_etl.py
[2026-02-05T20:46:24.388+0000] {processor.py:830} INFO - Processing file /opt/airflow/dags/ecommerce_etl.py for tasks to queue
[2026-02-05T20:46:24.389+0000] {logging_mixin.py:188} INFO - [2026-02-05T20:46:24.389+0000] {dagbag.py:538} INFO - Filling up the DagBag from /opt/airflow/dags/ecommerce_etl.py
[2026-02-05T20:46:24.432+0000] {processor.py:840} INFO - DAG(s) 'ecommerce_etl_pipeline' retrieved from /opt/airflow/dags/ecommerce_etl.py
[2026-02-05T20:46:24.462+0000] {logging_mixin.py:188} INFO - [2026-02-05T20:46:24.462+0000] {dag.py:3036} INFO - Sync 1 DAGs
[2026-02-05T20:46:24.483+0000] {logging_mixin.py:188} INFO - [2026-02-05T20:46:24.483+0000] {dag.py:3823} INFO - Setting next_dagrun for ecommerce_etl_pipeline to 2026-02-05 00:00:00+00:00, run_after=2026-02-06 00:00:00+00:00
[2026-02-05T20:46:24.520+0000] {processor.py:183} INFO - Processing /opt/airflow/dags/ecommerce_etl.py took 0.136 seconds
[2026-02-05T20:46:54.592+0000] {processor.py:161} INFO - Started process (PID=524) to work on /opt/airflow/dags/ecommerce_etl.py
[2026-02-05T20:46:54.593+0000] {processor.py:830} INFO - Processing file /opt/airflow/dags/ecommerce_etl.py for tasks to queue
[2026-02-05T20:46:54.594+0000] {logging_mixin.py:188} INFO - [2026-02-05T20:46:54.594+0000] {dagbag.py:538} INFO - Filling up the DagBag from /opt/airflow/dags/ecommerce_etl.py
[2026-02-05T20:46:54.613+0000] {processor.py:840} INFO - DAG(s) 'ecommerce_etl_pipeline' retrieved from /opt/airflow/dags/ecommerce_etl.py
[2026-02-05T20:46:54.641+0000] {logging_mixin.py:188} INFO - [2026-02-05T20:46:54.641+0000] {dag.py:3036} INFO - Sync 1 DAGs
[2026-02-05T20:46:54.659+0000] {logging_mixin.py:188} INFO - [2026-02-05T20:46:54.659+0000] {dag.py:3823} INFO - Setting next_dagrun for ecommerce_etl_pipeline to 2026-02-05 00:00:00+00:00, run_after=2026-02-06 00:00:00+00:00
[2026-02-05T20:46:54.677+0000] {processor.py:183} INFO - Processing /opt/airflow/dags/ecommerce_etl.py took 0.088 seconds
[2026-02-05T20:52:03.571+0000] {processor.py:161} INFO - Started process (PID=187) to work on /opt/airflow/dags/ecommerce_etl.py
[2026-02-05T20:52:03.626+0000] {processor.py:830} INFO - Processing file /opt/airflow/dags/ecommerce_etl.py for tasks to queue
[2026-02-05T20:52:03.635+0000] {logging_mixin.py:188} INFO - [2026-02-05T20:52:03.634+0000] {dagbag.py:538} INFO - Filling up the DagBag from /opt/airflow/dags/ecommerce_etl.py
[2026-02-05T20:52:03.727+0000] {processor.py:840} INFO - DAG(s) 'ecommerce_etl_pipeline' retrieved from /opt/airflow/dags/ecommerce_etl.py
[2026-02-05T20:52:04.149+0000] {logging_mixin.py:188} INFO - [2026-02-05T20:52:04.148+0000] {override.py:1769} INFO - Created Permission View: can delete on DAG:ecommerce_etl_pipeline
[2026-02-05T20:52:04.169+0000] {logging_mixin.py:188} INFO - [2026-02-05T20:52:04.168+0000] {override.py:1769} INFO - Created Permission View: can edit on DAG:ecommerce_etl_pipeline
[2026-02-05T20:52:04.181+0000] {logging_mixin.py:188} INFO - [2026-02-05T20:52:04.180+0000] {override.py:1769} INFO - Created Permission View: can read on DAG:ecommerce_etl_pipeline
[2026-02-05T20:52:04.182+0000] {logging_mixin.py:188} INFO - [2026-02-05T20:52:04.182+0000] {dag.py:3036} INFO - Sync 1 DAGs
[2026-02-05T20:52:04.199+0000] {logging_mixin.py:188} INFO - [2026-02-05T20:52:04.199+0000] {dag.py:3058} INFO - Creating ORM DAG for ecommerce_etl_pipeline
[2026-02-05T20:52:04.221+0000] {logging_mixin.py:188} INFO - [2026-02-05T20:52:04.221+0000] {dag.py:3823} INFO - Setting next_dagrun for ecommerce_etl_pipeline to 2026-02-04 00:00:00+00:00, run_after=2026-02-05 00:00:00+00:00
[2026-02-05T20:52:04.265+0000] {processor.py:183} INFO - Processing /opt/airflow/dags/ecommerce_etl.py took 0.700 seconds
[2026-02-05T20:52:34.571+0000] {processor.py:161} INFO - Started process (PID=210) to work on /opt/airflow/dags/ecommerce_etl.py
[2026-02-05T20:52:34.580+0000] {processor.py:830} INFO - Processing file /opt/airflow/dags/ecommerce_etl.py for tasks to queue
[2026-02-05T20:52:34.584+0000] {logging_mixin.py:188} INFO - [2026-02-05T20:52:34.583+0000] {dagbag.py:538} INFO - Filling up the DagBag from /opt/airflow/dags/ecommerce_etl.py
[2026-02-05T20:52:34.685+0000] {processor.py:840} INFO - DAG(s) 'ecommerce_etl_pipeline' retrieved from /opt/airflow/dags/ecommerce_etl.py
[2026-02-05T20:52:34.740+0000] {logging_mixin.py:188} INFO - [2026-02-05T20:52:34.740+0000] {dag.py:3036} INFO - Sync 1 DAGs
[2026-02-05T20:52:34.840+0000] {logging_mixin.py:188} INFO - [2026-02-05T20:52:34.839+0000] {dag.py:3823} INFO - Setting next_dagrun for ecommerce_etl_pipeline to 2026-02-04 00:00:00+00:00, run_after=2026-02-05 00:00:00+00:00
[2026-02-05T20:52:34.882+0000] {processor.py:183} INFO - Processing /opt/airflow/dags/ecommerce_etl.py took 0.345 seconds
[2026-02-05T20:53:05.070+0000] {processor.py:161} INFO - Started process (PID=221) to work on /opt/airflow/dags/ecommerce_etl.py
[2026-02-05T20:53:05.072+0000] {processor.py:830} INFO - Processing file /opt/airflow/dags/ecommerce_etl.py for tasks to queue
[2026-02-05T20:53:05.073+0000] {logging_mixin.py:188} INFO - [2026-02-05T20:53:05.072+0000] {dagbag.py:538} INFO - Filling up the DagBag from /opt/airflow/dags/ecommerce_etl.py
[2026-02-05T20:53:05.205+0000] {processor.py:840} INFO - DAG(s) 'ecommerce_etl_pipeline' retrieved from /opt/airflow/dags/ecommerce_etl.py
[2026-02-05T20:53:05.314+0000] {logging_mixin.py:188} INFO - [2026-02-05T20:53:05.314+0000] {dag.py:3036} INFO - Sync 1 DAGs
[2026-02-05T20:53:05.338+0000] {logging_mixin.py:188} INFO - [2026-02-05T20:53:05.338+0000] {dag.py:3823} INFO - Setting next_dagrun for ecommerce_etl_pipeline to 2026-02-04 00:00:00+00:00, run_after=2026-02-05 00:00:00+00:00
[2026-02-05T20:53:05.370+0000] {processor.py:183} INFO - Processing /opt/airflow/dags/ecommerce_etl.py took 0.303 seconds
[2026-02-05T20:53:35.589+0000] {processor.py:161} INFO - Started process (PID=232) to work on /opt/airflow/dags/ecommerce_etl.py
[2026-02-05T20:53:35.591+0000] {processor.py:830} INFO - Processing file /opt/airflow/dags/ecommerce_etl.py for tasks to queue
[2026-02-05T20:53:35.592+0000] {logging_mixin.py:188} INFO - [2026-02-05T20:53:35.592+0000] {dagbag.py:538} INFO - Filling up the DagBag from /opt/airflow/dags/ecommerce_etl.py
[2026-02-05T20:53:35.620+0000] {processor.py:840} INFO - DAG(s) 'ecommerce_etl_pipeline' retrieved from /opt/airflow/dags/ecommerce_etl.py
[2026-02-05T20:53:35.757+0000] {logging_mixin.py:188} INFO - [2026-02-05T20:53:35.757+0000] {dag.py:3036} INFO - Sync 1 DAGs
[2026-02-05T20:53:35.832+0000] {logging_mixin.py:188} INFO - [2026-02-05T20:53:35.832+0000] {dag.py:3823} INFO - Setting next_dagrun for ecommerce_etl_pipeline to 2026-02-04 00:00:00+00:00, run_after=2026-02-05 00:00:00+00:00
[2026-02-05T20:53:35.907+0000] {processor.py:183} INFO - Processing /opt/airflow/dags/ecommerce_etl.py took 0.324 seconds
[2026-02-05T20:54:06.251+0000] {processor.py:161} INFO - Started process (PID=244) to work on /opt/airflow/dags/ecommerce_etl.py
[2026-02-05T20:54:06.268+0000] {processor.py:830} INFO - Processing file /opt/airflow/dags/ecommerce_etl.py for tasks to queue
[2026-02-05T20:54:06.289+0000] {logging_mixin.py:188} INFO - [2026-02-05T20:54:06.284+0000] {dagbag.py:538} INFO - Filling up the DagBag from /opt/airflow/dags/ecommerce_etl.py
[2026-02-05T20:54:06.401+0000] {processor.py:840} INFO - DAG(s) 'ecommerce_etl_pipeline' retrieved from /opt/airflow/dags/ecommerce_etl.py
[2026-02-05T20:54:06.520+0000] {logging_mixin.py:188} INFO - [2026-02-05T20:54:06.519+0000] {dag.py:3036} INFO - Sync 1 DAGs
[2026-02-05T20:54:06.596+0000] {logging_mixin.py:188} INFO - [2026-02-05T20:54:06.596+0000] {dag.py:3823} INFO - Setting next_dagrun for ecommerce_etl_pipeline to 2026-02-04 00:00:00+00:00, run_after=2026-02-05 00:00:00+00:00
[2026-02-05T20:54:06.658+0000] {processor.py:183} INFO - Processing /opt/airflow/dags/ecommerce_etl.py took 0.430 seconds
[2026-02-05T20:54:36.876+0000] {processor.py:161} INFO - Started process (PID=321) to work on /opt/airflow/dags/ecommerce_etl.py
[2026-02-05T20:54:36.877+0000] {processor.py:830} INFO - Processing file /opt/airflow/dags/ecommerce_etl.py for tasks to queue
[2026-02-05T20:54:36.881+0000] {logging_mixin.py:188} INFO - [2026-02-05T20:54:36.879+0000] {dagbag.py:538} INFO - Filling up the DagBag from /opt/airflow/dags/ecommerce_etl.py
[2026-02-05T20:54:36.922+0000] {processor.py:840} INFO - DAG(s) 'ecommerce_etl_pipeline' retrieved from /opt/airflow/dags/ecommerce_etl.py
[2026-02-05T20:54:36.953+0000] {logging_mixin.py:188} INFO - [2026-02-05T20:54:36.953+0000] {dag.py:3036} INFO - Sync 1 DAGs
[2026-02-05T20:54:36.991+0000] {logging_mixin.py:188} INFO - [2026-02-05T20:54:36.990+0000] {dag.py:3823} INFO - Setting next_dagrun for ecommerce_etl_pipeline to 2026-02-05 00:00:00+00:00, run_after=2026-02-06 00:00:00+00:00
[2026-02-05T20:54:37.011+0000] {processor.py:183} INFO - Processing /opt/airflow/dags/ecommerce_etl.py took 0.139 seconds
[2026-02-05T20:55:07.086+0000] {processor.py:161} INFO - Started process (PID=332) to work on /opt/airflow/dags/ecommerce_etl.py
[2026-02-05T20:55:07.087+0000] {processor.py:830} INFO - Processing file /opt/airflow/dags/ecommerce_etl.py for tasks to queue
[2026-02-05T20:55:07.088+0000] {logging_mixin.py:188} INFO - [2026-02-05T20:55:07.088+0000] {dagbag.py:538} INFO - Filling up the DagBag from /opt/airflow/dags/ecommerce_etl.py
[2026-02-05T20:55:07.120+0000] {processor.py:840} INFO - DAG(s) 'ecommerce_etl_pipeline' retrieved from /opt/airflow/dags/ecommerce_etl.py
[2026-02-05T20:55:07.172+0000] {logging_mixin.py:188} INFO - [2026-02-05T20:55:07.172+0000] {dag.py:3036} INFO - Sync 1 DAGs
[2026-02-05T20:55:07.203+0000] {logging_mixin.py:188} INFO - [2026-02-05T20:55:07.203+0000] {dag.py:3823} INFO - Setting next_dagrun for ecommerce_etl_pipeline to 2026-02-05 00:00:00+00:00, run_after=2026-02-06 00:00:00+00:00
[2026-02-05T20:55:07.233+0000] {processor.py:183} INFO - Processing /opt/airflow/dags/ecommerce_etl.py took 0.150 seconds
[2026-02-05T20:55:37.383+0000] {processor.py:161} INFO - Started process (PID=343) to work on /opt/airflow/dags/ecommerce_etl.py
[2026-02-05T20:55:37.385+0000] {processor.py:830} INFO - Processing file /opt/airflow/dags/ecommerce_etl.py for tasks to queue
[2026-02-05T20:55:37.386+0000] {logging_mixin.py:188} INFO - [2026-02-05T20:55:37.386+0000] {dagbag.py:538} INFO - Filling up the DagBag from /opt/airflow/dags/ecommerce_etl.py
[2026-02-05T20:55:37.415+0000] {processor.py:840} INFO - DAG(s) 'ecommerce_etl_pipeline' retrieved from /opt/airflow/dags/ecommerce_etl.py
[2026-02-05T20:55:37.447+0000] {logging_mixin.py:188} INFO - [2026-02-05T20:55:37.447+0000] {dag.py:3036} INFO - Sync 1 DAGs
[2026-02-05T20:55:37.472+0000] {logging_mixin.py:188} INFO - [2026-02-05T20:55:37.472+0000] {dag.py:3823} INFO - Setting next_dagrun for ecommerce_etl_pipeline to 2026-02-05 00:00:00+00:00, run_after=2026-02-06 00:00:00+00:00
[2026-02-05T20:55:37.497+0000] {processor.py:183} INFO - Processing /opt/airflow/dags/ecommerce_etl.py took 0.118 seconds
[2026-02-05T20:56:07.621+0000] {processor.py:161} INFO - Started process (PID=354) to work on /opt/airflow/dags/ecommerce_etl.py
[2026-02-05T20:56:07.623+0000] {processor.py:830} INFO - Processing file /opt/airflow/dags/ecommerce_etl.py for tasks to queue
[2026-02-05T20:56:07.625+0000] {logging_mixin.py:188} INFO - [2026-02-05T20:56:07.624+0000] {dagbag.py:538} INFO - Filling up the DagBag from /opt/airflow/dags/ecommerce_etl.py
[2026-02-05T20:56:07.666+0000] {processor.py:840} INFO - DAG(s) 'ecommerce_etl_pipeline' retrieved from /opt/airflow/dags/ecommerce_etl.py
[2026-02-05T20:56:07.709+0000] {logging_mixin.py:188} INFO - [2026-02-05T20:56:07.709+0000] {dag.py:3036} INFO - Sync 1 DAGs
[2026-02-05T20:56:07.736+0000] {logging_mixin.py:188} INFO - [2026-02-05T20:56:07.736+0000] {dag.py:3823} INFO - Setting next_dagrun for ecommerce_etl_pipeline to 2026-02-05 00:00:00+00:00, run_after=2026-02-06 00:00:00+00:00
[2026-02-05T20:56:07.759+0000] {processor.py:183} INFO - Processing /opt/airflow/dags/ecommerce_etl.py took 0.144 seconds
[2026-02-05T20:56:37.953+0000] {processor.py:161} INFO - Started process (PID=365) to work on /opt/airflow/dags/ecommerce_etl.py
[2026-02-05T20:56:37.955+0000] {processor.py:830} INFO - Processing file /opt/airflow/dags/ecommerce_etl.py for tasks to queue
[2026-02-05T20:56:37.957+0000] {logging_mixin.py:188} INFO - [2026-02-05T20:56:37.957+0000] {dagbag.py:538} INFO - Filling up the DagBag from /opt/airflow/dags/ecommerce_etl.py
[2026-02-05T20:56:37.997+0000] {processor.py:840} INFO - DAG(s) 'ecommerce_etl_pipeline' retrieved from /opt/airflow/dags/ecommerce_etl.py
[2026-02-05T20:56:38.037+0000] {logging_mixin.py:188} INFO - [2026-02-05T20:56:38.037+0000] {dag.py:3036} INFO - Sync 1 DAGs
[2026-02-05T20:56:38.064+0000] {logging_mixin.py:188} INFO - [2026-02-05T20:56:38.063+0000] {dag.py:3823} INFO - Setting next_dagrun for ecommerce_etl_pipeline to 2026-02-05 00:00:00+00:00, run_after=2026-02-06 00:00:00+00:00
[2026-02-05T20:56:38.083+0000] {processor.py:183} INFO - Processing /opt/airflow/dags/ecommerce_etl.py took 0.134 seconds
[2026-02-05T20:57:08.241+0000] {processor.py:161} INFO - Started process (PID=376) to work on /opt/airflow/dags/ecommerce_etl.py
[2026-02-05T20:57:08.242+0000] {processor.py:830} INFO - Processing file /opt/airflow/dags/ecommerce_etl.py for tasks to queue
[2026-02-05T20:57:08.243+0000] {logging_mixin.py:188} INFO - [2026-02-05T20:57:08.243+0000] {dagbag.py:538} INFO - Filling up the DagBag from /opt/airflow/dags/ecommerce_etl.py
[2026-02-05T20:57:08.265+0000] {processor.py:840} INFO - DAG(s) 'ecommerce_etl_pipeline' retrieved from /opt/airflow/dags/ecommerce_etl.py
[2026-02-05T20:57:08.297+0000] {logging_mixin.py:188} INFO - [2026-02-05T20:57:08.296+0000] {dag.py:3036} INFO - Sync 1 DAGs
[2026-02-05T20:57:08.319+0000] {logging_mixin.py:188} INFO - [2026-02-05T20:57:08.318+0000] {dag.py:3823} INFO - Setting next_dagrun for ecommerce_etl_pipeline to 2026-02-05 00:00:00+00:00, run_after=2026-02-06 00:00:00+00:00
[2026-02-05T20:57:08.338+0000] {processor.py:183} INFO - Processing /opt/airflow/dags/ecommerce_etl.py took 0.100 seconds
[2026-02-05T20:57:38.472+0000] {processor.py:161} INFO - Started process (PID=387) to work on /opt/airflow/dags/ecommerce_etl.py
[2026-02-05T20:57:38.473+0000] {processor.py:830} INFO - Processing file /opt/airflow/dags/ecommerce_etl.py for tasks to queue
[2026-02-05T20:57:38.474+0000] {logging_mixin.py:188} INFO - [2026-02-05T20:57:38.474+0000] {dagbag.py:538} INFO - Filling up the DagBag from /opt/airflow/dags/ecommerce_etl.py
[2026-02-05T20:57:38.502+0000] {processor.py:840} INFO - DAG(s) 'ecommerce_etl_pipeline' retrieved from /opt/airflow/dags/ecommerce_etl.py
[2026-02-05T20:57:38.551+0000] {logging_mixin.py:188} INFO - [2026-02-05T20:57:38.551+0000] {dag.py:3036} INFO - Sync 1 DAGs
[2026-02-05T20:57:38.579+0000] {logging_mixin.py:188} INFO - [2026-02-05T20:57:38.579+0000] {dag.py:3823} INFO - Setting next_dagrun for ecommerce_etl_pipeline to 2026-02-05 00:00:00+00:00, run_after=2026-02-06 00:00:00+00:00
[2026-02-05T20:57:38.599+0000] {processor.py:183} INFO - Processing /opt/airflow/dags/ecommerce_etl.py took 0.130 seconds
[2026-02-05T20:58:08.733+0000] {processor.py:161} INFO - Started process (PID=398) to work on /opt/airflow/dags/ecommerce_etl.py
[2026-02-05T20:58:08.734+0000] {processor.py:830} INFO - Processing file /opt/airflow/dags/ecommerce_etl.py for tasks to queue
[2026-02-05T20:58:08.736+0000] {logging_mixin.py:188} INFO - [2026-02-05T20:58:08.735+0000] {dagbag.py:538} INFO - Filling up the DagBag from /opt/airflow/dags/ecommerce_etl.py
[2026-02-05T20:58:08.765+0000] {processor.py:840} INFO - DAG(s) 'ecommerce_etl_pipeline' retrieved from /opt/airflow/dags/ecommerce_etl.py
[2026-02-05T20:58:08.798+0000] {logging_mixin.py:188} INFO - [2026-02-05T20:58:08.798+0000] {dag.py:3036} INFO - Sync 1 DAGs
[2026-02-05T20:58:08.835+0000] {logging_mixin.py:188} INFO - [2026-02-05T20:58:08.835+0000] {dag.py:3823} INFO - Setting next_dagrun for ecommerce_etl_pipeline to 2026-02-05 00:00:00+00:00, run_after=2026-02-06 00:00:00+00:00
[2026-02-05T20:58:08.873+0000] {processor.py:183} INFO - Processing /opt/airflow/dags/ecommerce_etl.py took 0.143 seconds
[2026-02-05T20:58:38.950+0000] {processor.py:161} INFO - Started process (PID=410) to work on /opt/airflow/dags/ecommerce_etl.py
[2026-02-05T20:58:38.951+0000] {processor.py:830} INFO - Processing file /opt/airflow/dags/ecommerce_etl.py for tasks to queue
[2026-02-05T20:58:38.953+0000] {logging_mixin.py:188} INFO - [2026-02-05T20:58:38.952+0000] {dagbag.py:538} INFO - Filling up the DagBag from /opt/airflow/dags/ecommerce_etl.py
[2026-02-05T20:58:38.982+0000] {processor.py:840} INFO - DAG(s) 'ecommerce_etl_pipeline' retrieved from /opt/airflow/dags/ecommerce_etl.py
[2026-02-05T20:58:39.013+0000] {logging_mixin.py:188} INFO - [2026-02-05T20:58:39.012+0000] {dag.py:3036} INFO - Sync 1 DAGs
[2026-02-05T20:58:39.039+0000] {logging_mixin.py:188} INFO - [2026-02-05T20:58:39.039+0000] {dag.py:3823} INFO - Setting next_dagrun for ecommerce_etl_pipeline to 2026-02-05 00:00:00+00:00, run_after=2026-02-06 00:00:00+00:00
[2026-02-05T20:58:39.058+0000] {processor.py:183} INFO - Processing /opt/airflow/dags/ecommerce_etl.py took 0.111 seconds
[2026-02-05T20:59:09.230+0000] {processor.py:161} INFO - Started process (PID=422) to work on /opt/airflow/dags/ecommerce_etl.py
[2026-02-05T20:59:09.232+0000] {processor.py:830} INFO - Processing file /opt/airflow/dags/ecommerce_etl.py for tasks to queue
[2026-02-05T20:59:09.233+0000] {logging_mixin.py:188} INFO - [2026-02-05T20:59:09.233+0000] {dagbag.py:538} INFO - Filling up the DagBag from /opt/airflow/dags/ecommerce_etl.py
[2026-02-05T20:59:09.273+0000] {processor.py:840} INFO - DAG(s) 'ecommerce_etl_pipeline' retrieved from /opt/airflow/dags/ecommerce_etl.py
[2026-02-05T20:59:09.320+0000] {logging_mixin.py:188} INFO - [2026-02-05T20:59:09.319+0000] {dag.py:3036} INFO - Sync 1 DAGs
[2026-02-05T20:59:09.351+0000] {logging_mixin.py:188} INFO - [2026-02-05T20:59:09.351+0000] {dag.py:3823} INFO - Setting next_dagrun for ecommerce_etl_pipeline to 2026-02-05 00:00:00+00:00, run_after=2026-02-06 00:00:00+00:00
[2026-02-05T20:59:09.373+0000] {processor.py:183} INFO - Processing /opt/airflow/dags/ecommerce_etl.py took 0.146 seconds
[2026-02-05T20:59:39.561+0000] {processor.py:161} INFO - Started process (PID=497) to work on /opt/airflow/dags/ecommerce_etl.py
[2026-02-05T20:59:39.562+0000] {processor.py:830} INFO - Processing file /opt/airflow/dags/ecommerce_etl.py for tasks to queue
[2026-02-05T20:59:39.563+0000] {logging_mixin.py:188} INFO - [2026-02-05T20:59:39.563+0000] {dagbag.py:538} INFO - Filling up the DagBag from /opt/airflow/dags/ecommerce_etl.py
[2026-02-05T20:59:39.589+0000] {processor.py:840} INFO - DAG(s) 'ecommerce_etl_pipeline' retrieved from /opt/airflow/dags/ecommerce_etl.py
[2026-02-05T20:59:39.620+0000] {logging_mixin.py:188} INFO - [2026-02-05T20:59:39.620+0000] {dag.py:3036} INFO - Sync 1 DAGs
[2026-02-05T20:59:39.641+0000] {logging_mixin.py:188} INFO - [2026-02-05T20:59:39.640+0000] {dag.py:3823} INFO - Setting next_dagrun for ecommerce_etl_pipeline to 2026-02-05 00:00:00+00:00, run_after=2026-02-06 00:00:00+00:00
[2026-02-05T20:59:39.657+0000] {processor.py:183} INFO - Processing /opt/airflow/dags/ecommerce_etl.py took 0.100 seconds
[2026-02-05T21:00:09.750+0000] {processor.py:161} INFO - Started process (PID=508) to work on /opt/airflow/dags/ecommerce_etl.py
[2026-02-05T21:00:09.751+0000] {processor.py:830} INFO - Processing file /opt/airflow/dags/ecommerce_etl.py for tasks to queue
[2026-02-05T21:00:09.752+0000] {logging_mixin.py:188} INFO - [2026-02-05T21:00:09.752+0000] {dagbag.py:538} INFO - Filling up the DagBag from /opt/airflow/dags/ecommerce_etl.py
[2026-02-05T21:00:09.774+0000] {processor.py:840} INFO - DAG(s) 'ecommerce_etl_pipeline' retrieved from /opt/airflow/dags/ecommerce_etl.py
[2026-02-05T21:00:09.801+0000] {logging_mixin.py:188} INFO - [2026-02-05T21:00:09.801+0000] {dag.py:3036} INFO - Sync 1 DAGs
[2026-02-05T21:00:09.830+0000] {logging_mixin.py:188} INFO - [2026-02-05T21:00:09.830+0000] {dag.py:3823} INFO - Setting next_dagrun for ecommerce_etl_pipeline to 2026-02-05 00:00:00+00:00, run_after=2026-02-06 00:00:00+00:00
[2026-02-05T21:00:09.846+0000] {processor.py:183} INFO - Processing /opt/airflow/dags/ecommerce_etl.py took 0.100 seconds
[2026-02-05T21:00:40.038+0000] {processor.py:161} INFO - Started process (PID=519) to work on /opt/airflow/dags/ecommerce_etl.py
[2026-02-05T21:00:40.039+0000] {processor.py:830} INFO - Processing file /opt/airflow/dags/ecommerce_etl.py for tasks to queue
[2026-02-05T21:00:40.041+0000] {logging_mixin.py:188} INFO - [2026-02-05T21:00:40.040+0000] {dagbag.py:538} INFO - Filling up the DagBag from /opt/airflow/dags/ecommerce_etl.py
[2026-02-05T21:00:40.065+0000] {processor.py:840} INFO - DAG(s) 'ecommerce_etl_pipeline' retrieved from /opt/airflow/dags/ecommerce_etl.py
[2026-02-05T21:00:40.095+0000] {logging_mixin.py:188} INFO - [2026-02-05T21:00:40.095+0000] {dag.py:3036} INFO - Sync 1 DAGs
[2026-02-05T21:00:40.117+0000] {logging_mixin.py:188} INFO - [2026-02-05T21:00:40.117+0000] {dag.py:3823} INFO - Setting next_dagrun for ecommerce_etl_pipeline to 2026-02-05 00:00:00+00:00, run_after=2026-02-06 00:00:00+00:00
[2026-02-05T21:00:40.135+0000] {processor.py:183} INFO - Processing /opt/airflow/dags/ecommerce_etl.py took 0.100 seconds
[2026-02-05T21:01:10.243+0000] {processor.py:161} INFO - Started process (PID=530) to work on /opt/airflow/dags/ecommerce_etl.py
[2026-02-05T21:01:10.244+0000] {processor.py:830} INFO - Processing file /opt/airflow/dags/ecommerce_etl.py for tasks to queue
[2026-02-05T21:01:10.245+0000] {logging_mixin.py:188} INFO - [2026-02-05T21:01:10.245+0000] {dagbag.py:538} INFO - Filling up the DagBag from /opt/airflow/dags/ecommerce_etl.py
[2026-02-05T21:01:10.267+0000] {processor.py:840} INFO - DAG(s) 'ecommerce_etl_pipeline' retrieved from /opt/airflow/dags/ecommerce_etl.py
[2026-02-05T21:01:10.306+0000] {logging_mixin.py:188} INFO - [2026-02-05T21:01:10.306+0000] {dag.py:3036} INFO - Sync 1 DAGs
[2026-02-05T21:01:10.339+0000] {logging_mixin.py:188} INFO - [2026-02-05T21:01:10.338+0000] {dag.py:3823} INFO - Setting next_dagrun for ecommerce_etl_pipeline to 2026-02-05 00:00:00+00:00, run_after=2026-02-06 00:00:00+00:00
[2026-02-05T21:01:10.359+0000] {processor.py:183} INFO - Processing /opt/airflow/dags/ecommerce_etl.py took 0.119 seconds
[2026-02-05T21:01:40.519+0000] {processor.py:161} INFO - Started process (PID=541) to work on /opt/airflow/dags/ecommerce_etl.py
[2026-02-05T21:01:40.519+0000] {processor.py:830} INFO - Processing file /opt/airflow/dags/ecommerce_etl.py for tasks to queue
[2026-02-05T21:01:40.520+0000] {logging_mixin.py:188} INFO - [2026-02-05T21:01:40.520+0000] {dagbag.py:538} INFO - Filling up the DagBag from /opt/airflow/dags/ecommerce_etl.py
[2026-02-05T21:01:40.541+0000] {processor.py:840} INFO - DAG(s) 'ecommerce_etl_pipeline' retrieved from /opt/airflow/dags/ecommerce_etl.py
[2026-02-05T21:01:40.574+0000] {logging_mixin.py:188} INFO - [2026-02-05T21:01:40.574+0000] {dag.py:3036} INFO - Sync 1 DAGs
[2026-02-05T21:01:40.601+0000] {logging_mixin.py:188} INFO - [2026-02-05T21:01:40.601+0000] {dag.py:3823} INFO - Setting next_dagrun for ecommerce_etl_pipeline to 2026-02-05 00:00:00+00:00, run_after=2026-02-06 00:00:00+00:00
[2026-02-05T21:01:40.619+0000] {processor.py:183} INFO - Processing /opt/airflow/dags/ecommerce_etl.py took 0.104 seconds
[2026-02-05T21:02:10.798+0000] {processor.py:161} INFO - Started process (PID=552) to work on /opt/airflow/dags/ecommerce_etl.py
[2026-02-05T21:02:10.799+0000] {processor.py:830} INFO - Processing file /opt/airflow/dags/ecommerce_etl.py for tasks to queue
[2026-02-05T21:02:10.800+0000] {logging_mixin.py:188} INFO - [2026-02-05T21:02:10.799+0000] {dagbag.py:538} INFO - Filling up the DagBag from /opt/airflow/dags/ecommerce_etl.py
[2026-02-05T21:02:10.826+0000] {processor.py:840} INFO - DAG(s) 'ecommerce_etl_pipeline' retrieved from /opt/airflow/dags/ecommerce_etl.py
[2026-02-05T21:02:10.856+0000] {logging_mixin.py:188} INFO - [2026-02-05T21:02:10.855+0000] {dag.py:3036} INFO - Sync 1 DAGs
[2026-02-05T21:02:10.880+0000] {logging_mixin.py:188} INFO - [2026-02-05T21:02:10.880+0000] {dag.py:3823} INFO - Setting next_dagrun for ecommerce_etl_pipeline to 2026-02-05 00:00:00+00:00, run_after=2026-02-06 00:00:00+00:00
[2026-02-05T21:02:10.902+0000] {processor.py:183} INFO - Processing /opt/airflow/dags/ecommerce_etl.py took 0.108 seconds
[2026-02-05T21:02:40.978+0000] {processor.py:161} INFO - Started process (PID=563) to work on /opt/airflow/dags/ecommerce_etl.py
[2026-02-05T21:02:40.979+0000] {processor.py:830} INFO - Processing file /opt/airflow/dags/ecommerce_etl.py for tasks to queue
[2026-02-05T21:02:40.980+0000] {logging_mixin.py:188} INFO - [2026-02-05T21:02:40.979+0000] {dagbag.py:538} INFO - Filling up the DagBag from /opt/airflow/dags/ecommerce_etl.py
[2026-02-05T21:02:41.005+0000] {processor.py:840} INFO - DAG(s) 'ecommerce_etl_pipeline' retrieved from /opt/airflow/dags/ecommerce_etl.py
[2026-02-05T21:02:41.035+0000] {logging_mixin.py:188} INFO - [2026-02-05T21:02:41.035+0000] {dag.py:3036} INFO - Sync 1 DAGs
[2026-02-05T21:02:41.057+0000] {logging_mixin.py:188} INFO - [2026-02-05T21:02:41.057+0000] {dag.py:3823} INFO - Setting next_dagrun for ecommerce_etl_pipeline to 2026-02-05 00:00:00+00:00, run_after=2026-02-06 00:00:00+00:00
[2026-02-05T21:02:41.076+0000] {processor.py:183} INFO - Processing /opt/airflow/dags/ecommerce_etl.py took 0.102 seconds
[2026-02-05T21:03:11.266+0000] {processor.py:161} INFO - Started process (PID=574) to work on /opt/airflow/dags/ecommerce_etl.py
[2026-02-05T21:03:11.267+0000] {processor.py:830} INFO - Processing file /opt/airflow/dags/ecommerce_etl.py for tasks to queue
[2026-02-05T21:03:11.268+0000] {logging_mixin.py:188} INFO - [2026-02-05T21:03:11.268+0000] {dagbag.py:538} INFO - Filling up the DagBag from /opt/airflow/dags/ecommerce_etl.py
[2026-02-05T21:03:11.293+0000] {processor.py:840} INFO - DAG(s) 'ecommerce_etl_pipeline' retrieved from /opt/airflow/dags/ecommerce_etl.py
[2026-02-05T21:03:11.324+0000] {logging_mixin.py:188} INFO - [2026-02-05T21:03:11.323+0000] {dag.py:3036} INFO - Sync 1 DAGs
[2026-02-05T21:03:11.345+0000] {logging_mixin.py:188} INFO - [2026-02-05T21:03:11.345+0000] {dag.py:3823} INFO - Setting next_dagrun for ecommerce_etl_pipeline to 2026-02-05 00:00:00+00:00, run_after=2026-02-06 00:00:00+00:00
[2026-02-05T21:03:11.364+0000] {processor.py:183} INFO - Processing /opt/airflow/dags/ecommerce_etl.py took 0.101 seconds
[2026-02-05T21:03:37.449+0000] {processor.py:161} INFO - Started process (PID=585) to work on /opt/airflow/dags/ecommerce_etl.py
[2026-02-05T21:03:37.450+0000] {processor.py:830} INFO - Processing file /opt/airflow/dags/ecommerce_etl.py for tasks to queue
[2026-02-05T21:03:37.451+0000] {logging_mixin.py:188} INFO - [2026-02-05T21:03:37.450+0000] {dagbag.py:538} INFO - Filling up the DagBag from /opt/airflow/dags/ecommerce_etl.py
[2026-02-05T21:03:37.483+0000] {processor.py:840} INFO - DAG(s) 'ecommerce_etl_pipeline' retrieved from /opt/airflow/dags/ecommerce_etl.py
[2026-02-05T21:03:37.702+0000] {logging_mixin.py:188} INFO - [2026-02-05T21:03:37.702+0000] {dag.py:3036} INFO - Sync 1 DAGs
[2026-02-05T21:03:37.718+0000] {logging_mixin.py:188} INFO - [2026-02-05T21:03:37.718+0000] {dag.py:3823} INFO - Setting next_dagrun for ecommerce_etl_pipeline to 2026-02-05 00:00:00+00:00, run_after=2026-02-06 00:00:00+00:00
[2026-02-05T21:03:37.751+0000] {processor.py:183} INFO - Processing /opt/airflow/dags/ecommerce_etl.py took 0.306 seconds
[2026-02-05T21:09:59.203+0000] {processor.py:161} INFO - Started process (PID=186) to work on /opt/airflow/dags/ecommerce_etl.py
[2026-02-05T21:09:59.213+0000] {processor.py:830} INFO - Processing file /opt/airflow/dags/ecommerce_etl.py for tasks to queue
[2026-02-05T21:09:59.218+0000] {logging_mixin.py:188} INFO - [2026-02-05T21:09:59.215+0000] {dagbag.py:538} INFO - Filling up the DagBag from /opt/airflow/dags/ecommerce_etl.py
[2026-02-05T21:09:59.396+0000] {processor.py:840} INFO - DAG(s) 'ecommerce_etl_pipeline' retrieved from /opt/airflow/dags/ecommerce_etl.py
[2026-02-05T21:10:00.290+0000] {logging_mixin.py:188} INFO - [2026-02-05T21:10:00.289+0000] {override.py:1769} INFO - Created Permission View: can delete on DAG:ecommerce_etl_pipeline
[2026-02-05T21:10:00.312+0000] {logging_mixin.py:188} INFO - [2026-02-05T21:10:00.311+0000] {override.py:1769} INFO - Created Permission View: can edit on DAG:ecommerce_etl_pipeline
[2026-02-05T21:10:00.326+0000] {logging_mixin.py:188} INFO - [2026-02-05T21:10:00.326+0000] {override.py:1769} INFO - Created Permission View: can read on DAG:ecommerce_etl_pipeline
[2026-02-05T21:10:00.327+0000] {logging_mixin.py:188} INFO - [2026-02-05T21:10:00.327+0000] {dag.py:3036} INFO - Sync 1 DAGs
[2026-02-05T21:10:00.343+0000] {logging_mixin.py:188} INFO - [2026-02-05T21:10:00.342+0000] {dag.py:3058} INFO - Creating ORM DAG for ecommerce_etl_pipeline
[2026-02-05T21:10:00.362+0000] {logging_mixin.py:188} INFO - [2026-02-05T21:10:00.362+0000] {dag.py:3823} INFO - Setting next_dagrun for ecommerce_etl_pipeline to 2026-02-04 00:00:00+00:00, run_after=2026-02-05 00:00:00+00:00
[2026-02-05T21:10:00.403+0000] {processor.py:183} INFO - Processing /opt/airflow/dags/ecommerce_etl.py took 1.236 seconds
[2026-02-05T21:10:30.600+0000] {processor.py:161} INFO - Started process (PID=209) to work on /opt/airflow/dags/ecommerce_etl.py
[2026-02-05T21:10:30.602+0000] {processor.py:830} INFO - Processing file /opt/airflow/dags/ecommerce_etl.py for tasks to queue
[2026-02-05T21:10:30.604+0000] {logging_mixin.py:188} INFO - [2026-02-05T21:10:30.604+0000] {dagbag.py:538} INFO - Filling up the DagBag from /opt/airflow/dags/ecommerce_etl.py
[2026-02-05T21:10:30.665+0000] {processor.py:840} INFO - DAG(s) 'ecommerce_etl_pipeline' retrieved from /opt/airflow/dags/ecommerce_etl.py
[2026-02-05T21:10:30.751+0000] {logging_mixin.py:188} INFO - [2026-02-05T21:10:30.751+0000] {dag.py:3036} INFO - Sync 1 DAGs
[2026-02-05T21:10:30.783+0000] {logging_mixin.py:188} INFO - [2026-02-05T21:10:30.783+0000] {dag.py:3823} INFO - Setting next_dagrun for ecommerce_etl_pipeline to 2026-02-04 00:00:00+00:00, run_after=2026-02-05 00:00:00+00:00
[2026-02-05T21:10:30.808+0000] {processor.py:183} INFO - Processing /opt/airflow/dags/ecommerce_etl.py took 0.217 seconds
[2026-02-05T21:11:00.995+0000] {processor.py:161} INFO - Started process (PID=220) to work on /opt/airflow/dags/ecommerce_etl.py
[2026-02-05T21:11:00.996+0000] {processor.py:830} INFO - Processing file /opt/airflow/dags/ecommerce_etl.py for tasks to queue
[2026-02-05T21:11:00.997+0000] {logging_mixin.py:188} INFO - [2026-02-05T21:11:00.997+0000] {dagbag.py:538} INFO - Filling up the DagBag from /opt/airflow/dags/ecommerce_etl.py
[2026-02-05T21:11:01.047+0000] {processor.py:840} INFO - DAG(s) 'ecommerce_etl_pipeline' retrieved from /opt/airflow/dags/ecommerce_etl.py
[2026-02-05T21:11:01.094+0000] {logging_mixin.py:188} INFO - [2026-02-05T21:11:01.093+0000] {dag.py:3036} INFO - Sync 1 DAGs
[2026-02-05T21:11:01.138+0000] {logging_mixin.py:188} INFO - [2026-02-05T21:11:01.138+0000] {dag.py:3823} INFO - Setting next_dagrun for ecommerce_etl_pipeline to 2026-02-04 00:00:00+00:00, run_after=2026-02-05 00:00:00+00:00
[2026-02-05T21:11:01.172+0000] {processor.py:183} INFO - Processing /opt/airflow/dags/ecommerce_etl.py took 0.180 seconds
[2026-02-05T21:11:31.363+0000] {processor.py:161} INFO - Started process (PID=231) to work on /opt/airflow/dags/ecommerce_etl.py
[2026-02-05T21:11:31.364+0000] {processor.py:830} INFO - Processing file /opt/airflow/dags/ecommerce_etl.py for tasks to queue
[2026-02-05T21:11:31.366+0000] {logging_mixin.py:188} INFO - [2026-02-05T21:11:31.365+0000] {dagbag.py:538} INFO - Filling up the DagBag from /opt/airflow/dags/ecommerce_etl.py
[2026-02-05T21:11:31.402+0000] {processor.py:840} INFO - DAG(s) 'ecommerce_etl_pipeline' retrieved from /opt/airflow/dags/ecommerce_etl.py
[2026-02-05T21:11:31.432+0000] {logging_mixin.py:188} INFO - [2026-02-05T21:11:31.432+0000] {dag.py:3036} INFO - Sync 1 DAGs
[2026-02-05T21:11:31.455+0000] {logging_mixin.py:188} INFO - [2026-02-05T21:11:31.455+0000] {dag.py:3823} INFO - Setting next_dagrun for ecommerce_etl_pipeline to 2026-02-04 00:00:00+00:00, run_after=2026-02-05 00:00:00+00:00
[2026-02-05T21:11:31.473+0000] {processor.py:183} INFO - Processing /opt/airflow/dags/ecommerce_etl.py took 0.115 seconds
[2026-02-05T21:12:01.877+0000] {processor.py:161} INFO - Started process (PID=242) to work on /opt/airflow/dags/ecommerce_etl.py
[2026-02-05T21:12:01.915+0000] {processor.py:830} INFO - Processing file /opt/airflow/dags/ecommerce_etl.py for tasks to queue
[2026-02-05T21:12:01.925+0000] {logging_mixin.py:188} INFO - [2026-02-05T21:12:01.920+0000] {dagbag.py:538} INFO - Filling up the DagBag from /opt/airflow/dags/ecommerce_etl.py
[2026-02-05T21:12:02.073+0000] {processor.py:840} INFO - DAG(s) 'ecommerce_etl_pipeline' retrieved from /opt/airflow/dags/ecommerce_etl.py
[2026-02-05T21:12:02.210+0000] {logging_mixin.py:188} INFO - [2026-02-05T21:12:02.209+0000] {dag.py:3036} INFO - Sync 1 DAGs
[2026-02-05T21:12:02.316+0000] {logging_mixin.py:188} INFO - [2026-02-05T21:12:02.315+0000] {dag.py:3823} INFO - Setting next_dagrun for ecommerce_etl_pipeline to 2026-02-04 00:00:00+00:00, run_after=2026-02-05 00:00:00+00:00
[2026-02-05T21:12:02.348+0000] {processor.py:183} INFO - Processing /opt/airflow/dags/ecommerce_etl.py took 0.539 seconds
[2026-02-05T21:12:32.625+0000] {processor.py:161} INFO - Started process (PID=289) to work on /opt/airflow/dags/ecommerce_etl.py
[2026-02-05T21:12:32.626+0000] {processor.py:830} INFO - Processing file /opt/airflow/dags/ecommerce_etl.py for tasks to queue
[2026-02-05T21:12:32.627+0000] {logging_mixin.py:188} INFO - [2026-02-05T21:12:32.626+0000] {dagbag.py:538} INFO - Filling up the DagBag from /opt/airflow/dags/ecommerce_etl.py
[2026-02-05T21:12:32.651+0000] {processor.py:840} INFO - DAG(s) 'ecommerce_etl_pipeline' retrieved from /opt/airflow/dags/ecommerce_etl.py
[2026-02-05T21:12:32.692+0000] {logging_mixin.py:188} INFO - [2026-02-05T21:12:32.692+0000] {dag.py:3036} INFO - Sync 1 DAGs
[2026-02-05T21:12:32.805+0000] {processor.py:183} INFO - Processing /opt/airflow/dags/ecommerce_etl.py took 0.183 seconds
[2026-02-05T21:13:03.008+0000] {processor.py:161} INFO - Started process (PID=300) to work on /opt/airflow/dags/ecommerce_etl.py
[2026-02-05T21:13:03.010+0000] {processor.py:830} INFO - Processing file /opt/airflow/dags/ecommerce_etl.py for tasks to queue
[2026-02-05T21:13:03.011+0000] {logging_mixin.py:188} INFO - [2026-02-05T21:13:03.010+0000] {dagbag.py:538} INFO - Filling up the DagBag from /opt/airflow/dags/ecommerce_etl.py
[2026-02-05T21:13:03.044+0000] {processor.py:840} INFO - DAG(s) 'ecommerce_etl_pipeline' retrieved from /opt/airflow/dags/ecommerce_etl.py
[2026-02-05T21:13:03.105+0000] {logging_mixin.py:188} INFO - [2026-02-05T21:13:03.105+0000] {dag.py:3036} INFO - Sync 1 DAGs
[2026-02-05T21:13:03.234+0000] {processor.py:183} INFO - Processing /opt/airflow/dags/ecommerce_etl.py took 0.230 seconds
[2026-02-05T21:13:33.443+0000] {processor.py:161} INFO - Started process (PID=328) to work on /opt/airflow/dags/ecommerce_etl.py
[2026-02-05T21:13:33.444+0000] {processor.py:830} INFO - Processing file /opt/airflow/dags/ecommerce_etl.py for tasks to queue
[2026-02-05T21:13:33.445+0000] {logging_mixin.py:188} INFO - [2026-02-05T21:13:33.445+0000] {dagbag.py:538} INFO - Filling up the DagBag from /opt/airflow/dags/ecommerce_etl.py
[2026-02-05T21:13:33.476+0000] {processor.py:840} INFO - DAG(s) 'ecommerce_etl_pipeline' retrieved from /opt/airflow/dags/ecommerce_etl.py
[2026-02-05T21:13:33.518+0000] {logging_mixin.py:188} INFO - [2026-02-05T21:13:33.518+0000] {dag.py:3036} INFO - Sync 1 DAGs
[2026-02-05T21:13:33.603+0000] {processor.py:183} INFO - Processing /opt/airflow/dags/ecommerce_etl.py took 0.163 seconds
[2026-02-05T21:14:03.803+0000] {processor.py:161} INFO - Started process (PID=388) to work on /opt/airflow/dags/ecommerce_etl.py
[2026-02-05T21:14:03.805+0000] {processor.py:830} INFO - Processing file /opt/airflow/dags/ecommerce_etl.py for tasks to queue
[2026-02-05T21:14:03.805+0000] {logging_mixin.py:188} INFO - [2026-02-05T21:14:03.805+0000] {dagbag.py:538} INFO - Filling up the DagBag from /opt/airflow/dags/ecommerce_etl.py
[2026-02-05T21:14:03.827+0000] {processor.py:840} INFO - DAG(s) 'ecommerce_etl_pipeline' retrieved from /opt/airflow/dags/ecommerce_etl.py
[2026-02-05T21:14:03.856+0000] {logging_mixin.py:188} INFO - [2026-02-05T21:14:03.856+0000] {dag.py:3036} INFO - Sync 1 DAGs
[2026-02-05T21:14:03.894+0000] {processor.py:183} INFO - Processing /opt/airflow/dags/ecommerce_etl.py took 0.094 seconds
[2026-02-05T21:14:33.991+0000] {processor.py:161} INFO - Started process (PID=399) to work on /opt/airflow/dags/ecommerce_etl.py
[2026-02-05T21:14:33.992+0000] {processor.py:830} INFO - Processing file /opt/airflow/dags/ecommerce_etl.py for tasks to queue
[2026-02-05T21:14:33.993+0000] {logging_mixin.py:188} INFO - [2026-02-05T21:14:33.993+0000] {dagbag.py:538} INFO - Filling up the DagBag from /opt/airflow/dags/ecommerce_etl.py
[2026-02-05T21:14:34.014+0000] {processor.py:840} INFO - DAG(s) 'ecommerce_etl_pipeline' retrieved from /opt/airflow/dags/ecommerce_etl.py
[2026-02-05T21:14:34.043+0000] {logging_mixin.py:188} INFO - [2026-02-05T21:14:34.042+0000] {dag.py:3036} INFO - Sync 1 DAGs
[2026-02-05T21:14:34.086+0000] {processor.py:183} INFO - Processing /opt/airflow/dags/ecommerce_etl.py took 0.099 seconds
[2026-02-05T21:15:04.394+0000] {processor.py:161} INFO - Started process (PID=430) to work on /opt/airflow/dags/ecommerce_etl.py
[2026-02-05T21:15:04.396+0000] {processor.py:830} INFO - Processing file /opt/airflow/dags/ecommerce_etl.py for tasks to queue
[2026-02-05T21:15:04.397+0000] {logging_mixin.py:188} INFO - [2026-02-05T21:15:04.396+0000] {dagbag.py:538} INFO - Filling up the DagBag from /opt/airflow/dags/ecommerce_etl.py
[2026-02-05T21:15:04.426+0000] {processor.py:840} INFO - DAG(s) 'ecommerce_etl_pipeline' retrieved from /opt/airflow/dags/ecommerce_etl.py
[2026-02-05T21:15:04.464+0000] {logging_mixin.py:188} INFO - [2026-02-05T21:15:04.464+0000] {dag.py:3036} INFO - Sync 1 DAGs
[2026-02-05T21:15:04.515+0000] {processor.py:183} INFO - Processing /opt/airflow/dags/ecommerce_etl.py took 0.124 seconds
[2026-02-05T21:15:34.596+0000] {processor.py:161} INFO - Started process (PID=452) to work on /opt/airflow/dags/ecommerce_etl.py
[2026-02-05T21:15:34.597+0000] {processor.py:830} INFO - Processing file /opt/airflow/dags/ecommerce_etl.py for tasks to queue
[2026-02-05T21:15:34.599+0000] {logging_mixin.py:188} INFO - [2026-02-05T21:15:34.598+0000] {dagbag.py:538} INFO - Filling up the DagBag from /opt/airflow/dags/ecommerce_etl.py
[2026-02-05T21:15:34.627+0000] {processor.py:840} INFO - DAG(s) 'ecommerce_etl_pipeline' retrieved from /opt/airflow/dags/ecommerce_etl.py
[2026-02-05T21:15:34.664+0000] {logging_mixin.py:188} INFO - [2026-02-05T21:15:34.663+0000] {dag.py:3036} INFO - Sync 1 DAGs
[2026-02-05T21:15:34.692+0000] {logging_mixin.py:188} INFO - [2026-02-05T21:15:34.692+0000] {dag.py:3823} INFO - Setting next_dagrun for ecommerce_etl_pipeline to 2026-02-05 00:00:00+00:00, run_after=2026-02-06 00:00:00+00:00
[2026-02-05T21:15:34.718+0000] {processor.py:183} INFO - Processing /opt/airflow/dags/ecommerce_etl.py took 0.127 seconds
[2026-02-05T21:16:04.944+0000] {processor.py:161} INFO - Started process (PID=463) to work on /opt/airflow/dags/ecommerce_etl.py
[2026-02-05T21:16:04.945+0000] {processor.py:830} INFO - Processing file /opt/airflow/dags/ecommerce_etl.py for tasks to queue
[2026-02-05T21:16:04.947+0000] {logging_mixin.py:188} INFO - [2026-02-05T21:16:04.946+0000] {dagbag.py:538} INFO - Filling up the DagBag from /opt/airflow/dags/ecommerce_etl.py
[2026-02-05T21:16:04.969+0000] {processor.py:840} INFO - DAG(s) 'ecommerce_etl_pipeline' retrieved from /opt/airflow/dags/ecommerce_etl.py
[2026-02-05T21:16:04.995+0000] {logging_mixin.py:188} INFO - [2026-02-05T21:16:04.995+0000] {dag.py:3036} INFO - Sync 1 DAGs
[2026-02-05T21:16:05.014+0000] {logging_mixin.py:188} INFO - [2026-02-05T21:16:05.013+0000] {dag.py:3823} INFO - Setting next_dagrun for ecommerce_etl_pipeline to 2026-02-05 00:00:00+00:00, run_after=2026-02-06 00:00:00+00:00
[2026-02-05T21:16:05.033+0000] {processor.py:183} INFO - Processing /opt/airflow/dags/ecommerce_etl.py took 0.091 seconds
[2026-02-05T21:16:35.155+0000] {processor.py:161} INFO - Started process (PID=474) to work on /opt/airflow/dags/ecommerce_etl.py
[2026-02-05T21:16:35.156+0000] {processor.py:830} INFO - Processing file /opt/airflow/dags/ecommerce_etl.py for tasks to queue
[2026-02-05T21:16:35.157+0000] {logging_mixin.py:188} INFO - [2026-02-05T21:16:35.157+0000] {dagbag.py:538} INFO - Filling up the DagBag from /opt/airflow/dags/ecommerce_etl.py
[2026-02-05T21:16:35.176+0000] {processor.py:840} INFO - DAG(s) 'ecommerce_etl_pipeline' retrieved from /opt/airflow/dags/ecommerce_etl.py
[2026-02-05T21:16:35.202+0000] {logging_mixin.py:188} INFO - [2026-02-05T21:16:35.201+0000] {dag.py:3036} INFO - Sync 1 DAGs
[2026-02-05T21:16:35.221+0000] {logging_mixin.py:188} INFO - [2026-02-05T21:16:35.221+0000] {dag.py:3823} INFO - Setting next_dagrun for ecommerce_etl_pipeline to 2026-02-05 00:00:00+00:00, run_after=2026-02-06 00:00:00+00:00
[2026-02-05T21:16:35.237+0000] {processor.py:183} INFO - Processing /opt/airflow/dags/ecommerce_etl.py took 0.085 seconds
[2026-02-05T21:17:05.462+0000] {processor.py:161} INFO - Started process (PID=485) to work on /opt/airflow/dags/ecommerce_etl.py
[2026-02-05T21:17:05.463+0000] {processor.py:830} INFO - Processing file /opt/airflow/dags/ecommerce_etl.py for tasks to queue
[2026-02-05T21:17:05.464+0000] {logging_mixin.py:188} INFO - [2026-02-05T21:17:05.464+0000] {dagbag.py:538} INFO - Filling up the DagBag from /opt/airflow/dags/ecommerce_etl.py
[2026-02-05T21:17:05.488+0000] {processor.py:840} INFO - DAG(s) 'ecommerce_etl_pipeline' retrieved from /opt/airflow/dags/ecommerce_etl.py
[2026-02-05T21:17:05.518+0000] {logging_mixin.py:188} INFO - [2026-02-05T21:17:05.518+0000] {dag.py:3036} INFO - Sync 1 DAGs
[2026-02-05T21:17:05.546+0000] {logging_mixin.py:188} INFO - [2026-02-05T21:17:05.546+0000] {dag.py:3823} INFO - Setting next_dagrun for ecommerce_etl_pipeline to 2026-02-05 00:00:00+00:00, run_after=2026-02-06 00:00:00+00:00
[2026-02-05T21:17:05.568+0000] {processor.py:183} INFO - Processing /opt/airflow/dags/ecommerce_etl.py took 0.108 seconds
[2026-02-05T21:17:35.680+0000] {processor.py:161} INFO - Started process (PID=496) to work on /opt/airflow/dags/ecommerce_etl.py
[2026-02-05T21:17:35.682+0000] {processor.py:830} INFO - Processing file /opt/airflow/dags/ecommerce_etl.py for tasks to queue
[2026-02-05T21:17:35.683+0000] {logging_mixin.py:188} INFO - [2026-02-05T21:17:35.682+0000] {dagbag.py:538} INFO - Filling up the DagBag from /opt/airflow/dags/ecommerce_etl.py
[2026-02-05T21:17:35.730+0000] {processor.py:840} INFO - DAG(s) 'ecommerce_etl_pipeline' retrieved from /opt/airflow/dags/ecommerce_etl.py
[2026-02-05T21:17:35.764+0000] {logging_mixin.py:188} INFO - [2026-02-05T21:17:35.764+0000] {dag.py:3036} INFO - Sync 1 DAGs
[2026-02-05T21:17:35.786+0000] {logging_mixin.py:188} INFO - [2026-02-05T21:17:35.785+0000] {dag.py:3823} INFO - Setting next_dagrun for ecommerce_etl_pipeline to 2026-02-05 00:00:00+00:00, run_after=2026-02-06 00:00:00+00:00
[2026-02-05T21:17:35.815+0000] {processor.py:183} INFO - Processing /opt/airflow/dags/ecommerce_etl.py took 0.138 seconds
[2026-02-05T21:18:05.982+0000] {processor.py:161} INFO - Started process (PID=507) to work on /opt/airflow/dags/ecommerce_etl.py
[2026-02-05T21:18:05.983+0000] {processor.py:830} INFO - Processing file /opt/airflow/dags/ecommerce_etl.py for tasks to queue
[2026-02-05T21:18:05.984+0000] {logging_mixin.py:188} INFO - [2026-02-05T21:18:05.983+0000] {dagbag.py:538} INFO - Filling up the DagBag from /opt/airflow/dags/ecommerce_etl.py
[2026-02-05T21:18:06.004+0000] {processor.py:840} INFO - DAG(s) 'ecommerce_etl_pipeline' retrieved from /opt/airflow/dags/ecommerce_etl.py
[2026-02-05T21:18:06.032+0000] {logging_mixin.py:188} INFO - [2026-02-05T21:18:06.031+0000] {dag.py:3036} INFO - Sync 1 DAGs
[2026-02-05T21:18:06.055+0000] {logging_mixin.py:188} INFO - [2026-02-05T21:18:06.055+0000] {dag.py:3823} INFO - Setting next_dagrun for ecommerce_etl_pipeline to 2026-02-05 00:00:00+00:00, run_after=2026-02-06 00:00:00+00:00
[2026-02-05T21:18:06.071+0000] {processor.py:183} INFO - Processing /opt/airflow/dags/ecommerce_etl.py took 0.092 seconds
[2026-02-05T21:18:36.226+0000] {processor.py:161} INFO - Started process (PID=518) to work on /opt/airflow/dags/ecommerce_etl.py
[2026-02-05T21:18:36.227+0000] {processor.py:830} INFO - Processing file /opt/airflow/dags/ecommerce_etl.py for tasks to queue
[2026-02-05T21:18:36.228+0000] {logging_mixin.py:188} INFO - [2026-02-05T21:18:36.228+0000] {dagbag.py:538} INFO - Filling up the DagBag from /opt/airflow/dags/ecommerce_etl.py
[2026-02-05T21:18:36.248+0000] {processor.py:840} INFO - DAG(s) 'ecommerce_etl_pipeline' retrieved from /opt/airflow/dags/ecommerce_etl.py
[2026-02-05T21:18:36.274+0000] {logging_mixin.py:188} INFO - [2026-02-05T21:18:36.274+0000] {dag.py:3036} INFO - Sync 1 DAGs
[2026-02-05T21:18:36.295+0000] {logging_mixin.py:188} INFO - [2026-02-05T21:18:36.295+0000] {dag.py:3823} INFO - Setting next_dagrun for ecommerce_etl_pipeline to 2026-02-05 00:00:00+00:00, run_after=2026-02-06 00:00:00+00:00
[2026-02-05T21:18:36.313+0000] {processor.py:183} INFO - Processing /opt/airflow/dags/ecommerce_etl.py took 0.090 seconds
[2026-02-05T21:19:06.456+0000] {processor.py:161} INFO - Started process (PID=529) to work on /opt/airflow/dags/ecommerce_etl.py
[2026-02-05T21:19:06.457+0000] {processor.py:830} INFO - Processing file /opt/airflow/dags/ecommerce_etl.py for tasks to queue
[2026-02-05T21:19:06.458+0000] {logging_mixin.py:188} INFO - [2026-02-05T21:19:06.458+0000] {dagbag.py:538} INFO - Filling up the DagBag from /opt/airflow/dags/ecommerce_etl.py
[2026-02-05T21:19:06.479+0000] {processor.py:840} INFO - DAG(s) 'ecommerce_etl_pipeline' retrieved from /opt/airflow/dags/ecommerce_etl.py
[2026-02-05T21:19:06.508+0000] {logging_mixin.py:188} INFO - [2026-02-05T21:19:06.508+0000] {dag.py:3036} INFO - Sync 1 DAGs
[2026-02-05T21:19:06.534+0000] {logging_mixin.py:188} INFO - [2026-02-05T21:19:06.534+0000] {dag.py:3823} INFO - Setting next_dagrun for ecommerce_etl_pipeline to 2026-02-05 00:00:00+00:00, run_after=2026-02-06 00:00:00+00:00
[2026-02-05T21:19:06.555+0000] {processor.py:183} INFO - Processing /opt/airflow/dags/ecommerce_etl.py took 0.102 seconds
[2026-02-05T21:19:36.696+0000] {processor.py:161} INFO - Started process (PID=540) to work on /opt/airflow/dags/ecommerce_etl.py
[2026-02-05T21:19:36.698+0000] {processor.py:830} INFO - Processing file /opt/airflow/dags/ecommerce_etl.py for tasks to queue
[2026-02-05T21:19:36.699+0000] {logging_mixin.py:188} INFO - [2026-02-05T21:19:36.698+0000] {dagbag.py:538} INFO - Filling up the DagBag from /opt/airflow/dags/ecommerce_etl.py
[2026-02-05T21:19:36.722+0000] {processor.py:840} INFO - DAG(s) 'ecommerce_etl_pipeline' retrieved from /opt/airflow/dags/ecommerce_etl.py
[2026-02-05T21:19:36.764+0000] {logging_mixin.py:188} INFO - [2026-02-05T21:19:36.763+0000] {dag.py:3036} INFO - Sync 1 DAGs
[2026-02-05T21:19:36.791+0000] {logging_mixin.py:188} INFO - [2026-02-05T21:19:36.790+0000] {dag.py:3823} INFO - Setting next_dagrun for ecommerce_etl_pipeline to 2026-02-05 00:00:00+00:00, run_after=2026-02-06 00:00:00+00:00
[2026-02-05T21:19:36.811+0000] {processor.py:183} INFO - Processing /opt/airflow/dags/ecommerce_etl.py took 0.118 seconds
[2026-02-05T21:20:07.033+0000] {processor.py:161} INFO - Started process (PID=551) to work on /opt/airflow/dags/ecommerce_etl.py
[2026-02-05T21:20:07.034+0000] {processor.py:830} INFO - Processing file /opt/airflow/dags/ecommerce_etl.py for tasks to queue
[2026-02-05T21:20:07.035+0000] {logging_mixin.py:188} INFO - [2026-02-05T21:20:07.034+0000] {dagbag.py:538} INFO - Filling up the DagBag from /opt/airflow/dags/ecommerce_etl.py
[2026-02-05T21:20:07.055+0000] {processor.py:840} INFO - DAG(s) 'ecommerce_etl_pipeline' retrieved from /opt/airflow/dags/ecommerce_etl.py
[2026-02-05T21:20:07.081+0000] {logging_mixin.py:188} INFO - [2026-02-05T21:20:07.081+0000] {dag.py:3036} INFO - Sync 1 DAGs
[2026-02-05T21:20:07.103+0000] {logging_mixin.py:188} INFO - [2026-02-05T21:20:07.102+0000] {dag.py:3823} INFO - Setting next_dagrun for ecommerce_etl_pipeline to 2026-02-05 00:00:00+00:00, run_after=2026-02-06 00:00:00+00:00
[2026-02-05T21:20:07.120+0000] {processor.py:183} INFO - Processing /opt/airflow/dags/ecommerce_etl.py took 0.090 seconds
[2026-02-05T21:20:37.268+0000] {processor.py:161} INFO - Started process (PID=562) to work on /opt/airflow/dags/ecommerce_etl.py
[2026-02-05T21:20:37.270+0000] {processor.py:830} INFO - Processing file /opt/airflow/dags/ecommerce_etl.py for tasks to queue
[2026-02-05T21:20:37.271+0000] {logging_mixin.py:188} INFO - [2026-02-05T21:20:37.270+0000] {dagbag.py:538} INFO - Filling up the DagBag from /opt/airflow/dags/ecommerce_etl.py
[2026-02-05T21:20:37.293+0000] {processor.py:840} INFO - DAG(s) 'ecommerce_etl_pipeline' retrieved from /opt/airflow/dags/ecommerce_etl.py
[2026-02-05T21:20:37.322+0000] {logging_mixin.py:188} INFO - [2026-02-05T21:20:37.322+0000] {dag.py:3036} INFO - Sync 1 DAGs
[2026-02-05T21:20:37.342+0000] {logging_mixin.py:188} INFO - [2026-02-05T21:20:37.342+0000] {dag.py:3823} INFO - Setting next_dagrun for ecommerce_etl_pipeline to 2026-02-05 00:00:00+00:00, run_after=2026-02-06 00:00:00+00:00
[2026-02-05T21:20:37.360+0000] {processor.py:183} INFO - Processing /opt/airflow/dags/ecommerce_etl.py took 0.096 seconds
[2026-02-05T21:21:07.532+0000] {processor.py:161} INFO - Started process (PID=574) to work on /opt/airflow/dags/ecommerce_etl.py
[2026-02-05T21:21:07.533+0000] {processor.py:830} INFO - Processing file /opt/airflow/dags/ecommerce_etl.py for tasks to queue
[2026-02-05T21:21:07.535+0000] {logging_mixin.py:188} INFO - [2026-02-05T21:21:07.534+0000] {dagbag.py:538} INFO - Filling up the DagBag from /opt/airflow/dags/ecommerce_etl.py
[2026-02-05T21:21:07.559+0000] {processor.py:840} INFO - DAG(s) 'ecommerce_etl_pipeline' retrieved from /opt/airflow/dags/ecommerce_etl.py
[2026-02-05T21:21:07.589+0000] {logging_mixin.py:188} INFO - [2026-02-05T21:21:07.588+0000] {dag.py:3036} INFO - Sync 1 DAGs
[2026-02-05T21:21:07.613+0000] {logging_mixin.py:188} INFO - [2026-02-05T21:21:07.612+0000] {dag.py:3823} INFO - Setting next_dagrun for ecommerce_etl_pipeline to 2026-02-05 00:00:00+00:00, run_after=2026-02-06 00:00:00+00:00
[2026-02-05T21:21:07.635+0000] {processor.py:183} INFO - Processing /opt/airflow/dags/ecommerce_etl.py took 0.107 seconds
[2026-02-05T21:21:37.767+0000] {processor.py:161} INFO - Started process (PID=585) to work on /opt/airflow/dags/ecommerce_etl.py
[2026-02-05T21:21:37.768+0000] {processor.py:830} INFO - Processing file /opt/airflow/dags/ecommerce_etl.py for tasks to queue
[2026-02-05T21:21:37.769+0000] {logging_mixin.py:188} INFO - [2026-02-05T21:21:37.768+0000] {dagbag.py:538} INFO - Filling up the DagBag from /opt/airflow/dags/ecommerce_etl.py
[2026-02-05T21:21:37.790+0000] {processor.py:840} INFO - DAG(s) 'ecommerce_etl_pipeline' retrieved from /opt/airflow/dags/ecommerce_etl.py
[2026-02-05T21:21:37.821+0000] {logging_mixin.py:188} INFO - [2026-02-05T21:21:37.821+0000] {dag.py:3036} INFO - Sync 1 DAGs
[2026-02-05T21:21:37.842+0000] {logging_mixin.py:188} INFO - [2026-02-05T21:21:37.842+0000] {dag.py:3823} INFO - Setting next_dagrun for ecommerce_etl_pipeline to 2026-02-05 00:00:00+00:00, run_after=2026-02-06 00:00:00+00:00
[2026-02-05T21:21:37.859+0000] {processor.py:183} INFO - Processing /opt/airflow/dags/ecommerce_etl.py took 0.095 seconds
[2026-02-05T21:22:08.055+0000] {processor.py:161} INFO - Started process (PID=596) to work on /opt/airflow/dags/ecommerce_etl.py
[2026-02-05T21:22:08.056+0000] {processor.py:830} INFO - Processing file /opt/airflow/dags/ecommerce_etl.py for tasks to queue
[2026-02-05T21:22:08.057+0000] {logging_mixin.py:188} INFO - [2026-02-05T21:22:08.057+0000] {dagbag.py:538} INFO - Filling up the DagBag from /opt/airflow/dags/ecommerce_etl.py
[2026-02-05T21:22:08.078+0000] {processor.py:840} INFO - DAG(s) 'ecommerce_etl_pipeline' retrieved from /opt/airflow/dags/ecommerce_etl.py
[2026-02-05T21:22:08.106+0000] {logging_mixin.py:188} INFO - [2026-02-05T21:22:08.106+0000] {dag.py:3036} INFO - Sync 1 DAGs
[2026-02-05T21:22:08.128+0000] {logging_mixin.py:188} INFO - [2026-02-05T21:22:08.128+0000] {dag.py:3823} INFO - Setting next_dagrun for ecommerce_etl_pipeline to 2026-02-05 00:00:00+00:00, run_after=2026-02-06 00:00:00+00:00
[2026-02-05T21:22:08.146+0000] {processor.py:183} INFO - Processing /opt/airflow/dags/ecommerce_etl.py took 0.094 seconds
[2026-02-05T21:22:38.275+0000] {processor.py:161} INFO - Started process (PID=607) to work on /opt/airflow/dags/ecommerce_etl.py
[2026-02-05T21:22:38.277+0000] {processor.py:830} INFO - Processing file /opt/airflow/dags/ecommerce_etl.py for tasks to queue
[2026-02-05T21:22:38.278+0000] {logging_mixin.py:188} INFO - [2026-02-05T21:22:38.278+0000] {dagbag.py:538} INFO - Filling up the DagBag from /opt/airflow/dags/ecommerce_etl.py
[2026-02-05T21:22:38.309+0000] {processor.py:840} INFO - DAG(s) 'ecommerce_etl_pipeline' retrieved from /opt/airflow/dags/ecommerce_etl.py
[2026-02-05T21:22:38.341+0000] {logging_mixin.py:188} INFO - [2026-02-05T21:22:38.340+0000] {dag.py:3036} INFO - Sync 1 DAGs
[2026-02-05T21:22:38.366+0000] {logging_mixin.py:188} INFO - [2026-02-05T21:22:38.366+0000] {dag.py:3823} INFO - Setting next_dagrun for ecommerce_etl_pipeline to 2026-02-05 00:00:00+00:00, run_after=2026-02-06 00:00:00+00:00
[2026-02-05T21:22:38.392+0000] {processor.py:183} INFO - Processing /opt/airflow/dags/ecommerce_etl.py took 0.121 seconds
[2026-02-05T21:23:08.552+0000] {processor.py:161} INFO - Started process (PID=618) to work on /opt/airflow/dags/ecommerce_etl.py
[2026-02-05T21:23:08.553+0000] {processor.py:830} INFO - Processing file /opt/airflow/dags/ecommerce_etl.py for tasks to queue
[2026-02-05T21:23:08.555+0000] {logging_mixin.py:188} INFO - [2026-02-05T21:23:08.554+0000] {dagbag.py:538} INFO - Filling up the DagBag from /opt/airflow/dags/ecommerce_etl.py
[2026-02-05T21:23:08.581+0000] {processor.py:840} INFO - DAG(s) 'ecommerce_etl_pipeline' retrieved from /opt/airflow/dags/ecommerce_etl.py
[2026-02-05T21:23:08.611+0000] {logging_mixin.py:188} INFO - [2026-02-05T21:23:08.610+0000] {dag.py:3036} INFO - Sync 1 DAGs
[2026-02-05T21:23:08.632+0000] {logging_mixin.py:188} INFO - [2026-02-05T21:23:08.632+0000] {dag.py:3823} INFO - Setting next_dagrun for ecommerce_etl_pipeline to 2026-02-05 00:00:00+00:00, run_after=2026-02-06 00:00:00+00:00
[2026-02-05T21:23:08.651+0000] {processor.py:183} INFO - Processing /opt/airflow/dags/ecommerce_etl.py took 0.103 seconds
[2026-02-05T21:23:38.825+0000] {processor.py:161} INFO - Started process (PID=629) to work on /opt/airflow/dags/ecommerce_etl.py
[2026-02-05T21:23:38.826+0000] {processor.py:830} INFO - Processing file /opt/airflow/dags/ecommerce_etl.py for tasks to queue
[2026-02-05T21:23:38.827+0000] {logging_mixin.py:188} INFO - [2026-02-05T21:23:38.827+0000] {dagbag.py:538} INFO - Filling up the DagBag from /opt/airflow/dags/ecommerce_etl.py
[2026-02-05T21:23:38.849+0000] {processor.py:840} INFO - DAG(s) 'ecommerce_etl_pipeline' retrieved from /opt/airflow/dags/ecommerce_etl.py
[2026-02-05T21:23:38.874+0000] {logging_mixin.py:188} INFO - [2026-02-05T21:23:38.874+0000] {dag.py:3036} INFO - Sync 1 DAGs
[2026-02-05T21:23:38.895+0000] {logging_mixin.py:188} INFO - [2026-02-05T21:23:38.895+0000] {dag.py:3823} INFO - Setting next_dagrun for ecommerce_etl_pipeline to 2026-02-05 00:00:00+00:00, run_after=2026-02-06 00:00:00+00:00
[2026-02-05T21:23:38.915+0000] {processor.py:183} INFO - Processing /opt/airflow/dags/ecommerce_etl.py took 0.093 seconds
[2026-02-05T21:24:09.089+0000] {processor.py:161} INFO - Started process (PID=640) to work on /opt/airflow/dags/ecommerce_etl.py
[2026-02-05T21:24:09.090+0000] {processor.py:830} INFO - Processing file /opt/airflow/dags/ecommerce_etl.py for tasks to queue
[2026-02-05T21:24:09.091+0000] {logging_mixin.py:188} INFO - [2026-02-05T21:24:09.091+0000] {dagbag.py:538} INFO - Filling up the DagBag from /opt/airflow/dags/ecommerce_etl.py
[2026-02-05T21:24:09.114+0000] {processor.py:840} INFO - DAG(s) 'ecommerce_etl_pipeline' retrieved from /opt/airflow/dags/ecommerce_etl.py
[2026-02-05T21:24:09.142+0000] {logging_mixin.py:188} INFO - [2026-02-05T21:24:09.141+0000] {dag.py:3036} INFO - Sync 1 DAGs
[2026-02-05T21:24:09.162+0000] {logging_mixin.py:188} INFO - [2026-02-05T21:24:09.162+0000] {dag.py:3823} INFO - Setting next_dagrun for ecommerce_etl_pipeline to 2026-02-05 00:00:00+00:00, run_after=2026-02-06 00:00:00+00:00
[2026-02-05T21:24:09.179+0000] {processor.py:183} INFO - Processing /opt/airflow/dags/ecommerce_etl.py took 0.093 seconds
[2026-02-05T21:24:39.361+0000] {processor.py:161} INFO - Started process (PID=651) to work on /opt/airflow/dags/ecommerce_etl.py
[2026-02-05T21:24:39.362+0000] {processor.py:830} INFO - Processing file /opt/airflow/dags/ecommerce_etl.py for tasks to queue
[2026-02-05T21:24:39.363+0000] {logging_mixin.py:188} INFO - [2026-02-05T21:24:39.362+0000] {dagbag.py:538} INFO - Filling up the DagBag from /opt/airflow/dags/ecommerce_etl.py
[2026-02-05T21:24:39.383+0000] {processor.py:840} INFO - DAG(s) 'ecommerce_etl_pipeline' retrieved from /opt/airflow/dags/ecommerce_etl.py
[2026-02-05T21:24:39.414+0000] {logging_mixin.py:188} INFO - [2026-02-05T21:24:39.413+0000] {dag.py:3036} INFO - Sync 1 DAGs
[2026-02-05T21:24:39.436+0000] {logging_mixin.py:188} INFO - [2026-02-05T21:24:39.435+0000] {dag.py:3823} INFO - Setting next_dagrun for ecommerce_etl_pipeline to 2026-02-05 00:00:00+00:00, run_after=2026-02-06 00:00:00+00:00
[2026-02-05T21:24:39.453+0000] {processor.py:183} INFO - Processing /opt/airflow/dags/ecommerce_etl.py took 0.094 seconds
[2026-02-05T21:25:09.646+0000] {processor.py:161} INFO - Started process (PID=662) to work on /opt/airflow/dags/ecommerce_etl.py
[2026-02-05T21:25:09.648+0000] {processor.py:830} INFO - Processing file /opt/airflow/dags/ecommerce_etl.py for tasks to queue
[2026-02-05T21:25:09.649+0000] {logging_mixin.py:188} INFO - [2026-02-05T21:25:09.649+0000] {dagbag.py:538} INFO - Filling up the DagBag from /opt/airflow/dags/ecommerce_etl.py
[2026-02-05T21:25:09.681+0000] {processor.py:840} INFO - DAG(s) 'ecommerce_etl_pipeline' retrieved from /opt/airflow/dags/ecommerce_etl.py
[2026-02-05T21:25:09.714+0000] {logging_mixin.py:188} INFO - [2026-02-05T21:25:09.714+0000] {dag.py:3036} INFO - Sync 1 DAGs
[2026-02-05T21:25:09.737+0000] {logging_mixin.py:188} INFO - [2026-02-05T21:25:09.737+0000] {dag.py:3823} INFO - Setting next_dagrun for ecommerce_etl_pipeline to 2026-02-05 00:00:00+00:00, run_after=2026-02-06 00:00:00+00:00
[2026-02-05T21:25:09.758+0000] {processor.py:183} INFO - Processing /opt/airflow/dags/ecommerce_etl.py took 0.115 seconds
[2026-02-05T21:25:39.851+0000] {processor.py:161} INFO - Started process (PID=673) to work on /opt/airflow/dags/ecommerce_etl.py
[2026-02-05T21:25:39.852+0000] {processor.py:830} INFO - Processing file /opt/airflow/dags/ecommerce_etl.py for tasks to queue
[2026-02-05T21:25:39.853+0000] {logging_mixin.py:188} INFO - [2026-02-05T21:25:39.853+0000] {dagbag.py:538} INFO - Filling up the DagBag from /opt/airflow/dags/ecommerce_etl.py
[2026-02-05T21:25:39.877+0000] {processor.py:840} INFO - DAG(s) 'ecommerce_etl_pipeline' retrieved from /opt/airflow/dags/ecommerce_etl.py
[2026-02-05T21:25:39.909+0000] {logging_mixin.py:188} INFO - [2026-02-05T21:25:39.909+0000] {dag.py:3036} INFO - Sync 1 DAGs
[2026-02-05T21:25:39.934+0000] {logging_mixin.py:188} INFO - [2026-02-05T21:25:39.934+0000] {dag.py:3823} INFO - Setting next_dagrun for ecommerce_etl_pipeline to 2026-02-05 00:00:00+00:00, run_after=2026-02-06 00:00:00+00:00
[2026-02-05T21:25:39.965+0000] {processor.py:183} INFO - Processing /opt/airflow/dags/ecommerce_etl.py took 0.117 seconds
[2026-02-05T21:26:10.159+0000] {processor.py:161} INFO - Started process (PID=684) to work on /opt/airflow/dags/ecommerce_etl.py
[2026-02-05T21:26:10.160+0000] {processor.py:830} INFO - Processing file /opt/airflow/dags/ecommerce_etl.py for tasks to queue
[2026-02-05T21:26:10.161+0000] {logging_mixin.py:188} INFO - [2026-02-05T21:26:10.161+0000] {dagbag.py:538} INFO - Filling up the DagBag from /opt/airflow/dags/ecommerce_etl.py
[2026-02-05T21:26:10.184+0000] {processor.py:840} INFO - DAG(s) 'ecommerce_etl_pipeline' retrieved from /opt/airflow/dags/ecommerce_etl.py
[2026-02-05T21:26:10.212+0000] {logging_mixin.py:188} INFO - [2026-02-05T21:26:10.212+0000] {dag.py:3036} INFO - Sync 1 DAGs
[2026-02-05T21:26:10.233+0000] {logging_mixin.py:188} INFO - [2026-02-05T21:26:10.233+0000] {dag.py:3823} INFO - Setting next_dagrun for ecommerce_etl_pipeline to 2026-02-05 00:00:00+00:00, run_after=2026-02-06 00:00:00+00:00
[2026-02-05T21:26:10.252+0000] {processor.py:183} INFO - Processing /opt/airflow/dags/ecommerce_etl.py took 0.095 seconds
[2026-02-05T21:26:40.453+0000] {processor.py:161} INFO - Started process (PID=695) to work on /opt/airflow/dags/ecommerce_etl.py
[2026-02-05T21:26:40.455+0000] {processor.py:830} INFO - Processing file /opt/airflow/dags/ecommerce_etl.py for tasks to queue
[2026-02-05T21:26:40.456+0000] {logging_mixin.py:188} INFO - [2026-02-05T21:26:40.455+0000] {dagbag.py:538} INFO - Filling up the DagBag from /opt/airflow/dags/ecommerce_etl.py
[2026-02-05T21:26:40.479+0000] {processor.py:840} INFO - DAG(s) 'ecommerce_etl_pipeline' retrieved from /opt/airflow/dags/ecommerce_etl.py
[2026-02-05T21:26:40.511+0000] {logging_mixin.py:188} INFO - [2026-02-05T21:26:40.511+0000] {dag.py:3036} INFO - Sync 1 DAGs
[2026-02-05T21:26:40.549+0000] {logging_mixin.py:188} INFO - [2026-02-05T21:26:40.549+0000] {dag.py:3823} INFO - Setting next_dagrun for ecommerce_etl_pipeline to 2026-02-05 00:00:00+00:00, run_after=2026-02-06 00:00:00+00:00
[2026-02-05T21:26:40.571+0000] {processor.py:183} INFO - Processing /opt/airflow/dags/ecommerce_etl.py took 0.120 seconds
[2026-02-05T21:27:10.795+0000] {processor.py:161} INFO - Started process (PID=706) to work on /opt/airflow/dags/ecommerce_etl.py
[2026-02-05T21:27:10.797+0000] {processor.py:830} INFO - Processing file /opt/airflow/dags/ecommerce_etl.py for tasks to queue
[2026-02-05T21:27:10.797+0000] {logging_mixin.py:188} INFO - [2026-02-05T21:27:10.797+0000] {dagbag.py:538} INFO - Filling up the DagBag from /opt/airflow/dags/ecommerce_etl.py
[2026-02-05T21:27:10.825+0000] {processor.py:840} INFO - DAG(s) 'ecommerce_etl_pipeline' retrieved from /opt/airflow/dags/ecommerce_etl.py
[2026-02-05T21:27:10.853+0000] {logging_mixin.py:188} INFO - [2026-02-05T21:27:10.853+0000] {dag.py:3036} INFO - Sync 1 DAGs
[2026-02-05T21:27:10.873+0000] {logging_mixin.py:188} INFO - [2026-02-05T21:27:10.873+0000] {dag.py:3823} INFO - Setting next_dagrun for ecommerce_etl_pipeline to 2026-02-05 00:00:00+00:00, run_after=2026-02-06 00:00:00+00:00
[2026-02-05T21:27:10.890+0000] {processor.py:183} INFO - Processing /opt/airflow/dags/ecommerce_etl.py took 0.098 seconds
[2026-02-05T21:27:41.132+0000] {processor.py:161} INFO - Started process (PID=717) to work on /opt/airflow/dags/ecommerce_etl.py
[2026-02-05T21:27:41.133+0000] {processor.py:830} INFO - Processing file /opt/airflow/dags/ecommerce_etl.py for tasks to queue
[2026-02-05T21:27:41.134+0000] {logging_mixin.py:188} INFO - [2026-02-05T21:27:41.134+0000] {dagbag.py:538} INFO - Filling up the DagBag from /opt/airflow/dags/ecommerce_etl.py
[2026-02-05T21:27:41.157+0000] {processor.py:840} INFO - DAG(s) 'ecommerce_etl_pipeline' retrieved from /opt/airflow/dags/ecommerce_etl.py
[2026-02-05T21:27:41.184+0000] {logging_mixin.py:188} INFO - [2026-02-05T21:27:41.183+0000] {dag.py:3036} INFO - Sync 1 DAGs
[2026-02-05T21:27:41.203+0000] {logging_mixin.py:188} INFO - [2026-02-05T21:27:41.203+0000] {dag.py:3823} INFO - Setting next_dagrun for ecommerce_etl_pipeline to 2026-02-05 00:00:00+00:00, run_after=2026-02-06 00:00:00+00:00
[2026-02-05T21:27:41.222+0000] {processor.py:183} INFO - Processing /opt/airflow/dags/ecommerce_etl.py took 0.093 seconds
[2026-02-05T21:28:11.394+0000] {processor.py:161} INFO - Started process (PID=728) to work on /opt/airflow/dags/ecommerce_etl.py
[2026-02-05T21:28:11.395+0000] {processor.py:830} INFO - Processing file /opt/airflow/dags/ecommerce_etl.py for tasks to queue
[2026-02-05T21:28:11.396+0000] {logging_mixin.py:188} INFO - [2026-02-05T21:28:11.396+0000] {dagbag.py:538} INFO - Filling up the DagBag from /opt/airflow/dags/ecommerce_etl.py
[2026-02-05T21:28:11.414+0000] {processor.py:840} INFO - DAG(s) 'ecommerce_etl_pipeline' retrieved from /opt/airflow/dags/ecommerce_etl.py
[2026-02-05T21:28:11.443+0000] {logging_mixin.py:188} INFO - [2026-02-05T21:28:11.442+0000] {dag.py:3036} INFO - Sync 1 DAGs
[2026-02-05T21:28:11.463+0000] {logging_mixin.py:188} INFO - [2026-02-05T21:28:11.463+0000] {dag.py:3823} INFO - Setting next_dagrun for ecommerce_etl_pipeline to 2026-02-05 00:00:00+00:00, run_after=2026-02-06 00:00:00+00:00
[2026-02-05T21:28:11.481+0000] {processor.py:183} INFO - Processing /opt/airflow/dags/ecommerce_etl.py took 0.090 seconds
[2026-02-05T21:28:41.766+0000] {processor.py:161} INFO - Started process (PID=740) to work on /opt/airflow/dags/ecommerce_etl.py
[2026-02-05T21:28:41.767+0000] {processor.py:830} INFO - Processing file /opt/airflow/dags/ecommerce_etl.py for tasks to queue
[2026-02-05T21:28:41.767+0000] {logging_mixin.py:188} INFO - [2026-02-05T21:28:41.767+0000] {dagbag.py:538} INFO - Filling up the DagBag from /opt/airflow/dags/ecommerce_etl.py
[2026-02-05T21:28:41.787+0000] {processor.py:840} INFO - DAG(s) 'ecommerce_etl_pipeline' retrieved from /opt/airflow/dags/ecommerce_etl.py
[2026-02-05T21:28:41.815+0000] {logging_mixin.py:188} INFO - [2026-02-05T21:28:41.815+0000] {dag.py:3036} INFO - Sync 1 DAGs
[2026-02-05T21:28:41.835+0000] {logging_mixin.py:188} INFO - [2026-02-05T21:28:41.835+0000] {dag.py:3823} INFO - Setting next_dagrun for ecommerce_etl_pipeline to 2026-02-05 00:00:00+00:00, run_after=2026-02-06 00:00:00+00:00
[2026-02-05T21:28:41.857+0000] {processor.py:183} INFO - Processing /opt/airflow/dags/ecommerce_etl.py took 0.093 seconds
[2026-02-05T21:29:12.002+0000] {processor.py:161} INFO - Started process (PID=751) to work on /opt/airflow/dags/ecommerce_etl.py
[2026-02-05T21:29:12.003+0000] {processor.py:830} INFO - Processing file /opt/airflow/dags/ecommerce_etl.py for tasks to queue
[2026-02-05T21:29:12.004+0000] {logging_mixin.py:188} INFO - [2026-02-05T21:29:12.004+0000] {dagbag.py:538} INFO - Filling up the DagBag from /opt/airflow/dags/ecommerce_etl.py
[2026-02-05T21:29:12.025+0000] {processor.py:840} INFO - DAG(s) 'ecommerce_etl_pipeline' retrieved from /opt/airflow/dags/ecommerce_etl.py
[2026-02-05T21:29:12.054+0000] {logging_mixin.py:188} INFO - [2026-02-05T21:29:12.054+0000] {dag.py:3036} INFO - Sync 1 DAGs
[2026-02-05T21:29:12.075+0000] {logging_mixin.py:188} INFO - [2026-02-05T21:29:12.075+0000] {dag.py:3823} INFO - Setting next_dagrun for ecommerce_etl_pipeline to 2026-02-05 00:00:00+00:00, run_after=2026-02-06 00:00:00+00:00
[2026-02-05T21:29:12.093+0000] {processor.py:183} INFO - Processing /opt/airflow/dags/ecommerce_etl.py took 0.093 seconds
[2026-02-05T21:29:42.341+0000] {processor.py:161} INFO - Started process (PID=762) to work on /opt/airflow/dags/ecommerce_etl.py
[2026-02-05T21:29:42.342+0000] {processor.py:830} INFO - Processing file /opt/airflow/dags/ecommerce_etl.py for tasks to queue
[2026-02-05T21:29:42.342+0000] {logging_mixin.py:188} INFO - [2026-02-05T21:29:42.342+0000] {dagbag.py:538} INFO - Filling up the DagBag from /opt/airflow/dags/ecommerce_etl.py
[2026-02-05T21:29:42.372+0000] {processor.py:840} INFO - DAG(s) 'ecommerce_etl_pipeline' retrieved from /opt/airflow/dags/ecommerce_etl.py
[2026-02-05T21:29:42.398+0000] {logging_mixin.py:188} INFO - [2026-02-05T21:29:42.398+0000] {dag.py:3036} INFO - Sync 1 DAGs
[2026-02-05T21:29:42.419+0000] {logging_mixin.py:188} INFO - [2026-02-05T21:29:42.419+0000] {dag.py:3823} INFO - Setting next_dagrun for ecommerce_etl_pipeline to 2026-02-05 00:00:00+00:00, run_after=2026-02-06 00:00:00+00:00
[2026-02-05T21:29:42.436+0000] {processor.py:183} INFO - Processing /opt/airflow/dags/ecommerce_etl.py took 0.098 seconds
[2026-02-05T21:30:12.580+0000] {processor.py:161} INFO - Started process (PID=773) to work on /opt/airflow/dags/ecommerce_etl.py
[2026-02-05T21:30:12.581+0000] {processor.py:830} INFO - Processing file /opt/airflow/dags/ecommerce_etl.py for tasks to queue
[2026-02-05T21:30:12.582+0000] {logging_mixin.py:188} INFO - [2026-02-05T21:30:12.581+0000] {dagbag.py:538} INFO - Filling up the DagBag from /opt/airflow/dags/ecommerce_etl.py
[2026-02-05T21:30:12.601+0000] {processor.py:840} INFO - DAG(s) 'ecommerce_etl_pipeline' retrieved from /opt/airflow/dags/ecommerce_etl.py
[2026-02-05T21:30:12.629+0000] {logging_mixin.py:188} INFO - [2026-02-05T21:30:12.628+0000] {dag.py:3036} INFO - Sync 1 DAGs
[2026-02-05T21:30:12.651+0000] {logging_mixin.py:188} INFO - [2026-02-05T21:30:12.650+0000] {dag.py:3823} INFO - Setting next_dagrun for ecommerce_etl_pipeline to 2026-02-05 00:00:00+00:00, run_after=2026-02-06 00:00:00+00:00
[2026-02-05T21:30:12.668+0000] {processor.py:183} INFO - Processing /opt/airflow/dags/ecommerce_etl.py took 0.092 seconds
[2026-02-05T21:30:42.883+0000] {processor.py:161} INFO - Started process (PID=784) to work on /opt/airflow/dags/ecommerce_etl.py
[2026-02-05T21:30:42.884+0000] {processor.py:830} INFO - Processing file /opt/airflow/dags/ecommerce_etl.py for tasks to queue
[2026-02-05T21:30:42.885+0000] {logging_mixin.py:188} INFO - [2026-02-05T21:30:42.885+0000] {dagbag.py:538} INFO - Filling up the DagBag from /opt/airflow/dags/ecommerce_etl.py
[2026-02-05T21:30:42.911+0000] {processor.py:840} INFO - DAG(s) 'ecommerce_etl_pipeline' retrieved from /opt/airflow/dags/ecommerce_etl.py
[2026-02-05T21:30:42.941+0000] {logging_mixin.py:188} INFO - [2026-02-05T21:30:42.941+0000] {dag.py:3036} INFO - Sync 1 DAGs
[2026-02-05T21:30:42.963+0000] {logging_mixin.py:188} INFO - [2026-02-05T21:30:42.963+0000] {dag.py:3823} INFO - Setting next_dagrun for ecommerce_etl_pipeline to 2026-02-05 00:00:00+00:00, run_after=2026-02-06 00:00:00+00:00
[2026-02-05T21:30:42.981+0000] {processor.py:183} INFO - Processing /opt/airflow/dags/ecommerce_etl.py took 0.101 seconds
[2026-02-05T21:31:13.075+0000] {processor.py:161} INFO - Started process (PID=796) to work on /opt/airflow/dags/ecommerce_etl.py
[2026-02-05T21:31:13.077+0000] {processor.py:830} INFO - Processing file /opt/airflow/dags/ecommerce_etl.py for tasks to queue
[2026-02-05T21:31:13.078+0000] {logging_mixin.py:188} INFO - [2026-02-05T21:31:13.077+0000] {dagbag.py:538} INFO - Filling up the DagBag from /opt/airflow/dags/ecommerce_etl.py
[2026-02-05T21:31:13.107+0000] {processor.py:840} INFO - DAG(s) 'ecommerce_etl_pipeline' retrieved from /opt/airflow/dags/ecommerce_etl.py
[2026-02-05T21:31:13.140+0000] {logging_mixin.py:188} INFO - [2026-02-05T21:31:13.140+0000] {dag.py:3036} INFO - Sync 1 DAGs
[2026-02-05T21:31:13.164+0000] {logging_mixin.py:188} INFO - [2026-02-05T21:31:13.164+0000] {dag.py:3823} INFO - Setting next_dagrun for ecommerce_etl_pipeline to 2026-02-05 00:00:00+00:00, run_after=2026-02-06 00:00:00+00:00
[2026-02-05T21:31:13.187+0000] {processor.py:183} INFO - Processing /opt/airflow/dags/ecommerce_etl.py took 0.116 seconds
[2026-02-05T21:31:43.348+0000] {processor.py:161} INFO - Started process (PID=807) to work on /opt/airflow/dags/ecommerce_etl.py
[2026-02-05T21:31:43.349+0000] {processor.py:830} INFO - Processing file /opt/airflow/dags/ecommerce_etl.py for tasks to queue
[2026-02-05T21:31:43.351+0000] {logging_mixin.py:188} INFO - [2026-02-05T21:31:43.350+0000] {dagbag.py:538} INFO - Filling up the DagBag from /opt/airflow/dags/ecommerce_etl.py
[2026-02-05T21:31:43.377+0000] {processor.py:840} INFO - DAG(s) 'ecommerce_etl_pipeline' retrieved from /opt/airflow/dags/ecommerce_etl.py
[2026-02-05T21:31:43.406+0000] {logging_mixin.py:188} INFO - [2026-02-05T21:31:43.405+0000] {dag.py:3036} INFO - Sync 1 DAGs
[2026-02-05T21:31:43.430+0000] {logging_mixin.py:188} INFO - [2026-02-05T21:31:43.430+0000] {dag.py:3823} INFO - Setting next_dagrun for ecommerce_etl_pipeline to 2026-02-05 00:00:00+00:00, run_after=2026-02-06 00:00:00+00:00
[2026-02-05T21:31:43.449+0000] {processor.py:183} INFO - Processing /opt/airflow/dags/ecommerce_etl.py took 0.104 seconds
[2026-02-05T21:32:13.564+0000] {processor.py:161} INFO - Started process (PID=818) to work on /opt/airflow/dags/ecommerce_etl.py
[2026-02-05T21:32:13.565+0000] {processor.py:830} INFO - Processing file /opt/airflow/dags/ecommerce_etl.py for tasks to queue
[2026-02-05T21:32:13.566+0000] {logging_mixin.py:188} INFO - [2026-02-05T21:32:13.566+0000] {dagbag.py:538} INFO - Filling up the DagBag from /opt/airflow/dags/ecommerce_etl.py
[2026-02-05T21:32:13.590+0000] {processor.py:840} INFO - DAG(s) 'ecommerce_etl_pipeline' retrieved from /opt/airflow/dags/ecommerce_etl.py
[2026-02-05T21:32:13.618+0000] {logging_mixin.py:188} INFO - [2026-02-05T21:32:13.618+0000] {dag.py:3036} INFO - Sync 1 DAGs
[2026-02-05T21:32:13.639+0000] {logging_mixin.py:188} INFO - [2026-02-05T21:32:13.638+0000] {dag.py:3823} INFO - Setting next_dagrun for ecommerce_etl_pipeline to 2026-02-05 00:00:00+00:00, run_after=2026-02-06 00:00:00+00:00
[2026-02-05T21:32:13.657+0000] {processor.py:183} INFO - Processing /opt/airflow/dags/ecommerce_etl.py took 0.096 seconds
[2026-02-05T21:32:43.878+0000] {processor.py:161} INFO - Started process (PID=829) to work on /opt/airflow/dags/ecommerce_etl.py
[2026-02-05T21:32:43.879+0000] {processor.py:830} INFO - Processing file /opt/airflow/dags/ecommerce_etl.py for tasks to queue
[2026-02-05T21:32:43.880+0000] {logging_mixin.py:188} INFO - [2026-02-05T21:32:43.880+0000] {dagbag.py:538} INFO - Filling up the DagBag from /opt/airflow/dags/ecommerce_etl.py
[2026-02-05T21:32:43.903+0000] {processor.py:840} INFO - DAG(s) 'ecommerce_etl_pipeline' retrieved from /opt/airflow/dags/ecommerce_etl.py
[2026-02-05T21:32:43.930+0000] {logging_mixin.py:188} INFO - [2026-02-05T21:32:43.930+0000] {dag.py:3036} INFO - Sync 1 DAGs
[2026-02-05T21:32:43.950+0000] {logging_mixin.py:188} INFO - [2026-02-05T21:32:43.950+0000] {dag.py:3823} INFO - Setting next_dagrun for ecommerce_etl_pipeline to 2026-02-05 00:00:00+00:00, run_after=2026-02-06 00:00:00+00:00
[2026-02-05T21:32:43.967+0000] {processor.py:183} INFO - Processing /opt/airflow/dags/ecommerce_etl.py took 0.092 seconds
[2026-02-05T21:33:14.085+0000] {processor.py:161} INFO - Started process (PID=840) to work on /opt/airflow/dags/ecommerce_etl.py
[2026-02-05T21:33:14.087+0000] {processor.py:830} INFO - Processing file /opt/airflow/dags/ecommerce_etl.py for tasks to queue
[2026-02-05T21:33:14.088+0000] {logging_mixin.py:188} INFO - [2026-02-05T21:33:14.087+0000] {dagbag.py:538} INFO - Filling up the DagBag from /opt/airflow/dags/ecommerce_etl.py
[2026-02-05T21:33:14.148+0000] {processor.py:840} INFO - DAG(s) 'ecommerce_etl_pipeline' retrieved from /opt/airflow/dags/ecommerce_etl.py
[2026-02-05T21:33:14.207+0000] {logging_mixin.py:188} INFO - [2026-02-05T21:33:14.207+0000] {dag.py:3036} INFO - Sync 1 DAGs
[2026-02-05T21:33:14.243+0000] {logging_mixin.py:188} INFO - [2026-02-05T21:33:14.243+0000] {dag.py:3823} INFO - Setting next_dagrun for ecommerce_etl_pipeline to 2026-02-05 00:00:00+00:00, run_after=2026-02-06 00:00:00+00:00
[2026-02-05T21:33:14.269+0000] {processor.py:183} INFO - Processing /opt/airflow/dags/ecommerce_etl.py took 0.188 seconds
[2026-02-05T21:33:44.345+0000] {processor.py:161} INFO - Started process (PID=851) to work on /opt/airflow/dags/ecommerce_etl.py
[2026-02-05T21:33:44.346+0000] {processor.py:830} INFO - Processing file /opt/airflow/dags/ecommerce_etl.py for tasks to queue
[2026-02-05T21:33:44.347+0000] {logging_mixin.py:188} INFO - [2026-02-05T21:33:44.347+0000] {dagbag.py:538} INFO - Filling up the DagBag from /opt/airflow/dags/ecommerce_etl.py
[2026-02-05T21:33:44.375+0000] {processor.py:840} INFO - DAG(s) 'ecommerce_etl_pipeline' retrieved from /opt/airflow/dags/ecommerce_etl.py
[2026-02-05T21:33:44.409+0000] {logging_mixin.py:188} INFO - [2026-02-05T21:33:44.408+0000] {dag.py:3036} INFO - Sync 1 DAGs
[2026-02-05T21:33:44.431+0000] {logging_mixin.py:188} INFO - [2026-02-05T21:33:44.431+0000] {dag.py:3823} INFO - Setting next_dagrun for ecommerce_etl_pipeline to 2026-02-05 00:00:00+00:00, run_after=2026-02-06 00:00:00+00:00
[2026-02-05T21:33:44.452+0000] {processor.py:183} INFO - Processing /opt/airflow/dags/ecommerce_etl.py took 0.110 seconds
[2026-02-05T21:34:14.535+0000] {processor.py:161} INFO - Started process (PID=862) to work on /opt/airflow/dags/ecommerce_etl.py
[2026-02-05T21:34:14.537+0000] {processor.py:830} INFO - Processing file /opt/airflow/dags/ecommerce_etl.py for tasks to queue
[2026-02-05T21:34:14.537+0000] {logging_mixin.py:188} INFO - [2026-02-05T21:34:14.537+0000] {dagbag.py:538} INFO - Filling up the DagBag from /opt/airflow/dags/ecommerce_etl.py
[2026-02-05T21:34:14.559+0000] {processor.py:840} INFO - DAG(s) 'ecommerce_etl_pipeline' retrieved from /opt/airflow/dags/ecommerce_etl.py
[2026-02-05T21:34:14.590+0000] {logging_mixin.py:188} INFO - [2026-02-05T21:34:14.590+0000] {dag.py:3036} INFO - Sync 1 DAGs
[2026-02-05T21:34:14.613+0000] {logging_mixin.py:188} INFO - [2026-02-05T21:34:14.613+0000] {dag.py:3823} INFO - Setting next_dagrun for ecommerce_etl_pipeline to 2026-02-05 00:00:00+00:00, run_after=2026-02-06 00:00:00+00:00
[2026-02-05T21:34:14.631+0000] {processor.py:183} INFO - Processing /opt/airflow/dags/ecommerce_etl.py took 0.099 seconds
[2026-02-05T21:34:44.852+0000] {processor.py:161} INFO - Started process (PID=873) to work on /opt/airflow/dags/ecommerce_etl.py
[2026-02-05T21:34:44.853+0000] {processor.py:830} INFO - Processing file /opt/airflow/dags/ecommerce_etl.py for tasks to queue
[2026-02-05T21:34:44.854+0000] {logging_mixin.py:188} INFO - [2026-02-05T21:34:44.854+0000] {dagbag.py:538} INFO - Filling up the DagBag from /opt/airflow/dags/ecommerce_etl.py
[2026-02-05T21:34:44.875+0000] {processor.py:840} INFO - DAG(s) 'ecommerce_etl_pipeline' retrieved from /opt/airflow/dags/ecommerce_etl.py
[2026-02-05T21:34:44.903+0000] {logging_mixin.py:188} INFO - [2026-02-05T21:34:44.903+0000] {dag.py:3036} INFO - Sync 1 DAGs
[2026-02-05T21:34:44.924+0000] {logging_mixin.py:188} INFO - [2026-02-05T21:34:44.924+0000] {dag.py:3823} INFO - Setting next_dagrun for ecommerce_etl_pipeline to 2026-02-05 00:00:00+00:00, run_after=2026-02-06 00:00:00+00:00
[2026-02-05T21:34:44.945+0000] {processor.py:183} INFO - Processing /opt/airflow/dags/ecommerce_etl.py took 0.096 seconds
[2026-02-05T21:35:15.110+0000] {processor.py:161} INFO - Started process (PID=884) to work on /opt/airflow/dags/ecommerce_etl.py
[2026-02-05T21:35:15.111+0000] {processor.py:830} INFO - Processing file /opt/airflow/dags/ecommerce_etl.py for tasks to queue
[2026-02-05T21:35:15.111+0000] {logging_mixin.py:188} INFO - [2026-02-05T21:35:15.111+0000] {dagbag.py:538} INFO - Filling up the DagBag from /opt/airflow/dags/ecommerce_etl.py
[2026-02-05T21:35:15.133+0000] {processor.py:840} INFO - DAG(s) 'ecommerce_etl_pipeline' retrieved from /opt/airflow/dags/ecommerce_etl.py
[2026-02-05T21:35:15.160+0000] {logging_mixin.py:188} INFO - [2026-02-05T21:35:15.160+0000] {dag.py:3036} INFO - Sync 1 DAGs
[2026-02-05T21:35:15.180+0000] {logging_mixin.py:188} INFO - [2026-02-05T21:35:15.180+0000] {dag.py:3823} INFO - Setting next_dagrun for ecommerce_etl_pipeline to 2026-02-05 00:00:00+00:00, run_after=2026-02-06 00:00:00+00:00
[2026-02-05T21:35:15.201+0000] {processor.py:183} INFO - Processing /opt/airflow/dags/ecommerce_etl.py took 0.094 seconds
[2026-02-05T21:35:45.342+0000] {processor.py:161} INFO - Started process (PID=895) to work on /opt/airflow/dags/ecommerce_etl.py
[2026-02-05T21:35:45.343+0000] {processor.py:830} INFO - Processing file /opt/airflow/dags/ecommerce_etl.py for tasks to queue
[2026-02-05T21:35:45.344+0000] {logging_mixin.py:188} INFO - [2026-02-05T21:35:45.344+0000] {dagbag.py:538} INFO - Filling up the DagBag from /opt/airflow/dags/ecommerce_etl.py
[2026-02-05T21:35:45.366+0000] {processor.py:840} INFO - DAG(s) 'ecommerce_etl_pipeline' retrieved from /opt/airflow/dags/ecommerce_etl.py
[2026-02-05T21:35:45.394+0000] {logging_mixin.py:188} INFO - [2026-02-05T21:35:45.394+0000] {dag.py:3036} INFO - Sync 1 DAGs
[2026-02-05T21:35:45.417+0000] {logging_mixin.py:188} INFO - [2026-02-05T21:35:45.416+0000] {dag.py:3823} INFO - Setting next_dagrun for ecommerce_etl_pipeline to 2026-02-05 00:00:00+00:00, run_after=2026-02-06 00:00:00+00:00
[2026-02-05T21:35:45.434+0000] {processor.py:183} INFO - Processing /opt/airflow/dags/ecommerce_etl.py took 0.095 seconds
[2026-02-05T21:36:15.604+0000] {processor.py:161} INFO - Started process (PID=906) to work on /opt/airflow/dags/ecommerce_etl.py
[2026-02-05T21:36:15.605+0000] {processor.py:830} INFO - Processing file /opt/airflow/dags/ecommerce_etl.py for tasks to queue
[2026-02-05T21:36:15.606+0000] {logging_mixin.py:188} INFO - [2026-02-05T21:36:15.606+0000] {dagbag.py:538} INFO - Filling up the DagBag from /opt/airflow/dags/ecommerce_etl.py
[2026-02-05T21:36:15.631+0000] {processor.py:840} INFO - DAG(s) 'ecommerce_etl_pipeline' retrieved from /opt/airflow/dags/ecommerce_etl.py
[2026-02-05T21:36:15.664+0000] {logging_mixin.py:188} INFO - [2026-02-05T21:36:15.664+0000] {dag.py:3036} INFO - Sync 1 DAGs
[2026-02-05T21:36:15.685+0000] {logging_mixin.py:188} INFO - [2026-02-05T21:36:15.685+0000] {dag.py:3823} INFO - Setting next_dagrun for ecommerce_etl_pipeline to 2026-02-05 00:00:00+00:00, run_after=2026-02-06 00:00:00+00:00
[2026-02-05T21:36:15.704+0000] {processor.py:183} INFO - Processing /opt/airflow/dags/ecommerce_etl.py took 0.102 seconds
[2026-02-05T21:36:45.803+0000] {processor.py:161} INFO - Started process (PID=917) to work on /opt/airflow/dags/ecommerce_etl.py
[2026-02-05T21:36:45.804+0000] {processor.py:830} INFO - Processing file /opt/airflow/dags/ecommerce_etl.py for tasks to queue
[2026-02-05T21:36:45.804+0000] {logging_mixin.py:188} INFO - [2026-02-05T21:36:45.804+0000] {dagbag.py:538} INFO - Filling up the DagBag from /opt/airflow/dags/ecommerce_etl.py
[2026-02-05T21:36:45.829+0000] {processor.py:840} INFO - DAG(s) 'ecommerce_etl_pipeline' retrieved from /opt/airflow/dags/ecommerce_etl.py
[2026-02-05T21:36:45.862+0000] {logging_mixin.py:188} INFO - [2026-02-05T21:36:45.861+0000] {dag.py:3036} INFO - Sync 1 DAGs
[2026-02-05T21:36:45.885+0000] {logging_mixin.py:188} INFO - [2026-02-05T21:36:45.885+0000] {dag.py:3823} INFO - Setting next_dagrun for ecommerce_etl_pipeline to 2026-02-05 00:00:00+00:00, run_after=2026-02-06 00:00:00+00:00
[2026-02-05T21:36:45.903+0000] {processor.py:183} INFO - Processing /opt/airflow/dags/ecommerce_etl.py took 0.103 seconds
[2026-02-05T21:37:16.090+0000] {processor.py:161} INFO - Started process (PID=928) to work on /opt/airflow/dags/ecommerce_etl.py
[2026-02-05T21:37:16.092+0000] {processor.py:830} INFO - Processing file /opt/airflow/dags/ecommerce_etl.py for tasks to queue
[2026-02-05T21:37:16.093+0000] {logging_mixin.py:188} INFO - [2026-02-05T21:37:16.093+0000] {dagbag.py:538} INFO - Filling up the DagBag from /opt/airflow/dags/ecommerce_etl.py
[2026-02-05T21:37:16.129+0000] {processor.py:840} INFO - DAG(s) 'ecommerce_etl_pipeline' retrieved from /opt/airflow/dags/ecommerce_etl.py
[2026-02-05T21:37:16.166+0000] {logging_mixin.py:188} INFO - [2026-02-05T21:37:16.166+0000] {dag.py:3036} INFO - Sync 1 DAGs
[2026-02-05T21:37:16.188+0000] {logging_mixin.py:188} INFO - [2026-02-05T21:37:16.188+0000] {dag.py:3823} INFO - Setting next_dagrun for ecommerce_etl_pipeline to 2026-02-05 00:00:00+00:00, run_after=2026-02-06 00:00:00+00:00
[2026-02-05T21:37:16.204+0000] {processor.py:183} INFO - Processing /opt/airflow/dags/ecommerce_etl.py took 0.117 seconds
[2026-02-05T21:37:46.312+0000] {processor.py:161} INFO - Started process (PID=940) to work on /opt/airflow/dags/ecommerce_etl.py
[2026-02-05T21:37:46.313+0000] {processor.py:830} INFO - Processing file /opt/airflow/dags/ecommerce_etl.py for tasks to queue
[2026-02-05T21:37:46.314+0000] {logging_mixin.py:188} INFO - [2026-02-05T21:37:46.313+0000] {dagbag.py:538} INFO - Filling up the DagBag from /opt/airflow/dags/ecommerce_etl.py
[2026-02-05T21:37:46.340+0000] {processor.py:840} INFO - DAG(s) 'ecommerce_etl_pipeline' retrieved from /opt/airflow/dags/ecommerce_etl.py
[2026-02-05T21:37:46.375+0000] {logging_mixin.py:188} INFO - [2026-02-05T21:37:46.375+0000] {dag.py:3036} INFO - Sync 1 DAGs
[2026-02-05T21:37:46.400+0000] {logging_mixin.py:188} INFO - [2026-02-05T21:37:46.400+0000] {dag.py:3823} INFO - Setting next_dagrun for ecommerce_etl_pipeline to 2026-02-05 00:00:00+00:00, run_after=2026-02-06 00:00:00+00:00
[2026-02-05T21:37:46.420+0000] {processor.py:183} INFO - Processing /opt/airflow/dags/ecommerce_etl.py took 0.111 seconds
[2026-02-05T21:38:16.577+0000] {processor.py:161} INFO - Started process (PID=951) to work on /opt/airflow/dags/ecommerce_etl.py
[2026-02-05T21:38:16.579+0000] {processor.py:830} INFO - Processing file /opt/airflow/dags/ecommerce_etl.py for tasks to queue
[2026-02-05T21:38:16.580+0000] {logging_mixin.py:188} INFO - [2026-02-05T21:38:16.579+0000] {dagbag.py:538} INFO - Filling up the DagBag from /opt/airflow/dags/ecommerce_etl.py
[2026-02-05T21:38:16.608+0000] {processor.py:840} INFO - DAG(s) 'ecommerce_etl_pipeline' retrieved from /opt/airflow/dags/ecommerce_etl.py
[2026-02-05T21:38:16.640+0000] {logging_mixin.py:188} INFO - [2026-02-05T21:38:16.639+0000] {dag.py:3036} INFO - Sync 1 DAGs
[2026-02-05T21:38:16.662+0000] {logging_mixin.py:188} INFO - [2026-02-05T21:38:16.662+0000] {dag.py:3823} INFO - Setting next_dagrun for ecommerce_etl_pipeline to 2026-02-05 00:00:00+00:00, run_after=2026-02-06 00:00:00+00:00
[2026-02-05T21:38:18.325+0000] {processor.py:183} INFO - Processing /opt/airflow/dags/ecommerce_etl.py took 1.750 seconds
[2026-02-05T21:38:48.556+0000] {processor.py:161} INFO - Started process (PID=968) to work on /opt/airflow/dags/ecommerce_etl.py
[2026-02-05T21:38:48.558+0000] {processor.py:830} INFO - Processing file /opt/airflow/dags/ecommerce_etl.py for tasks to queue
[2026-02-05T21:38:48.559+0000] {logging_mixin.py:188} INFO - [2026-02-05T21:38:48.558+0000] {dagbag.py:538} INFO - Filling up the DagBag from /opt/airflow/dags/ecommerce_etl.py
[2026-02-05T21:38:48.584+0000] {processor.py:840} INFO - DAG(s) 'ecommerce_etl_pipeline' retrieved from /opt/airflow/dags/ecommerce_etl.py
[2026-02-05T21:38:48.614+0000] {logging_mixin.py:188} INFO - [2026-02-05T21:38:48.614+0000] {dag.py:3036} INFO - Sync 1 DAGs
[2026-02-05T21:38:48.638+0000] {logging_mixin.py:188} INFO - [2026-02-05T21:38:48.637+0000] {dag.py:3823} INFO - Setting next_dagrun for ecommerce_etl_pipeline to 2026-02-05 00:00:00+00:00, run_after=2026-02-06 00:00:00+00:00
[2026-02-05T21:38:48.654+0000] {processor.py:183} INFO - Processing /opt/airflow/dags/ecommerce_etl.py took 0.102 seconds
[2026-02-05T21:39:18.737+0000] {processor.py:161} INFO - Started process (PID=979) to work on /opt/airflow/dags/ecommerce_etl.py
[2026-02-05T21:39:18.738+0000] {processor.py:830} INFO - Processing file /opt/airflow/dags/ecommerce_etl.py for tasks to queue
[2026-02-05T21:39:18.740+0000] {logging_mixin.py:188} INFO - [2026-02-05T21:39:18.739+0000] {dagbag.py:538} INFO - Filling up the DagBag from /opt/airflow/dags/ecommerce_etl.py
[2026-02-05T21:39:18.764+0000] {processor.py:840} INFO - DAG(s) 'ecommerce_etl_pipeline' retrieved from /opt/airflow/dags/ecommerce_etl.py
[2026-02-05T21:39:18.795+0000] {logging_mixin.py:188} INFO - [2026-02-05T21:39:18.795+0000] {dag.py:3036} INFO - Sync 1 DAGs
[2026-02-05T21:39:19.063+0000] {logging_mixin.py:188} INFO - [2026-02-05T21:39:19.063+0000] {dag.py:3823} INFO - Setting next_dagrun for ecommerce_etl_pipeline to 2026-02-05 00:00:00+00:00, run_after=2026-02-06 00:00:00+00:00
[2026-02-05T21:39:19.081+0000] {processor.py:183} INFO - Processing /opt/airflow/dags/ecommerce_etl.py took 0.346 seconds
[2026-02-05T21:39:49.490+0000] {processor.py:161} INFO - Started process (PID=990) to work on /opt/airflow/dags/ecommerce_etl.py
[2026-02-05T21:39:49.492+0000] {processor.py:830} INFO - Processing file /opt/airflow/dags/ecommerce_etl.py for tasks to queue
[2026-02-05T21:39:49.494+0000] {logging_mixin.py:188} INFO - [2026-02-05T21:39:49.493+0000] {dagbag.py:538} INFO - Filling up the DagBag from /opt/airflow/dags/ecommerce_etl.py
[2026-02-05T21:39:49.530+0000] {processor.py:840} INFO - DAG(s) 'ecommerce_etl_pipeline' retrieved from /opt/airflow/dags/ecommerce_etl.py
[2026-02-05T21:39:49.579+0000] {logging_mixin.py:188} INFO - [2026-02-05T21:39:49.579+0000] {dag.py:3036} INFO - Sync 1 DAGs
[2026-02-05T21:39:49.610+0000] {logging_mixin.py:188} INFO - [2026-02-05T21:39:49.609+0000] {dag.py:3823} INFO - Setting next_dagrun for ecommerce_etl_pipeline to 2026-02-05 00:00:00+00:00, run_after=2026-02-06 00:00:00+00:00
[2026-02-05T21:39:49.638+0000] {processor.py:183} INFO - Processing /opt/airflow/dags/ecommerce_etl.py took 0.152 seconds
[2026-02-05T21:40:19.862+0000] {processor.py:161} INFO - Started process (PID=1019) to work on /opt/airflow/dags/ecommerce_etl.py
[2026-02-05T21:40:19.864+0000] {processor.py:830} INFO - Processing file /opt/airflow/dags/ecommerce_etl.py for tasks to queue
[2026-02-05T21:40:19.865+0000] {logging_mixin.py:188} INFO - [2026-02-05T21:40:19.865+0000] {dagbag.py:538} INFO - Filling up the DagBag from /opt/airflow/dags/ecommerce_etl.py
[2026-02-05T21:40:19.889+0000] {processor.py:840} INFO - DAG(s) 'ecommerce_etl_pipeline' retrieved from /opt/airflow/dags/ecommerce_etl.py
[2026-02-05T21:40:19.944+0000] {logging_mixin.py:188} INFO - [2026-02-05T21:40:19.944+0000] {dag.py:3036} INFO - Sync 1 DAGs
[2026-02-05T21:40:19.967+0000] {logging_mixin.py:188} INFO - [2026-02-05T21:40:19.966+0000] {dag.py:3823} INFO - Setting next_dagrun for ecommerce_etl_pipeline to 2026-02-05 00:00:00+00:00, run_after=2026-02-06 00:00:00+00:00
[2026-02-05T21:40:19.992+0000] {processor.py:183} INFO - Processing /opt/airflow/dags/ecommerce_etl.py took 0.133 seconds
[2026-02-05T21:40:50.247+0000] {processor.py:161} INFO - Started process (PID=1048) to work on /opt/airflow/dags/ecommerce_etl.py
[2026-02-05T21:40:50.248+0000] {processor.py:830} INFO - Processing file /opt/airflow/dags/ecommerce_etl.py for tasks to queue
[2026-02-05T21:40:50.249+0000] {logging_mixin.py:188} INFO - [2026-02-05T21:40:50.248+0000] {dagbag.py:538} INFO - Filling up the DagBag from /opt/airflow/dags/ecommerce_etl.py
[2026-02-05T21:40:50.280+0000] {processor.py:840} INFO - DAG(s) 'ecommerce_etl_pipeline' retrieved from /opt/airflow/dags/ecommerce_etl.py
[2026-02-05T21:40:50.310+0000] {logging_mixin.py:188} INFO - [2026-02-05T21:40:50.309+0000] {dag.py:3036} INFO - Sync 1 DAGs
[2026-02-05T21:40:50.330+0000] {logging_mixin.py:188} INFO - [2026-02-05T21:40:50.330+0000] {dag.py:3823} INFO - Setting next_dagrun for ecommerce_etl_pipeline to 2026-02-05 00:00:00+00:00, run_after=2026-02-06 00:00:00+00:00
[2026-02-05T21:40:50.350+0000] {processor.py:183} INFO - Processing /opt/airflow/dags/ecommerce_etl.py took 0.106 seconds
[2026-02-05T21:41:20.628+0000] {processor.py:161} INFO - Started process (PID=1077) to work on /opt/airflow/dags/ecommerce_etl.py
[2026-02-05T21:41:20.629+0000] {processor.py:830} INFO - Processing file /opt/airflow/dags/ecommerce_etl.py for tasks to queue
[2026-02-05T21:41:20.630+0000] {logging_mixin.py:188} INFO - [2026-02-05T21:41:20.630+0000] {dagbag.py:538} INFO - Filling up the DagBag from /opt/airflow/dags/ecommerce_etl.py
[2026-02-05T21:41:20.652+0000] {processor.py:840} INFO - DAG(s) 'ecommerce_etl_pipeline' retrieved from /opt/airflow/dags/ecommerce_etl.py
[2026-02-05T21:41:20.680+0000] {logging_mixin.py:188} INFO - [2026-02-05T21:41:20.680+0000] {dag.py:3036} INFO - Sync 1 DAGs
[2026-02-05T21:41:20.702+0000] {logging_mixin.py:188} INFO - [2026-02-05T21:41:20.701+0000] {dag.py:3823} INFO - Setting next_dagrun for ecommerce_etl_pipeline to 2026-02-05 00:00:00+00:00, run_after=2026-02-06 00:00:00+00:00
[2026-02-05T21:41:20.721+0000] {processor.py:183} INFO - Processing /opt/airflow/dags/ecommerce_etl.py took 0.096 seconds
[2026-02-05T21:41:50.861+0000] {processor.py:161} INFO - Started process (PID=1092) to work on /opt/airflow/dags/ecommerce_etl.py
[2026-02-05T21:41:50.863+0000] {processor.py:830} INFO - Processing file /opt/airflow/dags/ecommerce_etl.py for tasks to queue
[2026-02-05T21:41:50.864+0000] {logging_mixin.py:188} INFO - [2026-02-05T21:41:50.864+0000] {dagbag.py:538} INFO - Filling up the DagBag from /opt/airflow/dags/ecommerce_etl.py
[2026-02-05T21:41:50.893+0000] {processor.py:840} INFO - DAG(s) 'ecommerce_etl_pipeline' retrieved from /opt/airflow/dags/ecommerce_etl.py
[2026-02-05T21:41:50.926+0000] {logging_mixin.py:188} INFO - [2026-02-05T21:41:50.926+0000] {dag.py:3036} INFO - Sync 1 DAGs
[2026-02-05T21:41:50.950+0000] {logging_mixin.py:188} INFO - [2026-02-05T21:41:50.949+0000] {dag.py:3823} INFO - Setting next_dagrun for ecommerce_etl_pipeline to 2026-02-05 00:00:00+00:00, run_after=2026-02-06 00:00:00+00:00
[2026-02-05T21:41:50.970+0000] {processor.py:183} INFO - Processing /opt/airflow/dags/ecommerce_etl.py took 0.112 seconds
[2026-02-05T21:42:21.214+0000] {processor.py:161} INFO - Started process (PID=1117) to work on /opt/airflow/dags/ecommerce_etl.py
[2026-02-05T21:42:21.215+0000] {processor.py:830} INFO - Processing file /opt/airflow/dags/ecommerce_etl.py for tasks to queue
[2026-02-05T21:42:21.216+0000] {logging_mixin.py:188} INFO - [2026-02-05T21:42:21.215+0000] {dagbag.py:538} INFO - Filling up the DagBag from /opt/airflow/dags/ecommerce_etl.py
[2026-02-05T21:42:21.242+0000] {processor.py:840} INFO - DAG(s) 'ecommerce_etl_pipeline' retrieved from /opt/airflow/dags/ecommerce_etl.py
[2026-02-05T21:42:21.294+0000] {logging_mixin.py:188} INFO - [2026-02-05T21:42:21.293+0000] {dag.py:3036} INFO - Sync 1 DAGs
[2026-02-05T21:42:21.329+0000] {logging_mixin.py:188} INFO - [2026-02-05T21:42:21.328+0000] {dag.py:3823} INFO - Setting next_dagrun for ecommerce_etl_pipeline to 2026-02-05 00:00:00+00:00, run_after=2026-02-06 00:00:00+00:00
[2026-02-05T21:42:21.346+0000] {processor.py:183} INFO - Processing /opt/airflow/dags/ecommerce_etl.py took 0.136 seconds
[2026-02-05T21:42:51.602+0000] {processor.py:161} INFO - Started process (PID=1146) to work on /opt/airflow/dags/ecommerce_etl.py
[2026-02-05T21:42:51.603+0000] {processor.py:830} INFO - Processing file /opt/airflow/dags/ecommerce_etl.py for tasks to queue
[2026-02-05T21:42:51.604+0000] {logging_mixin.py:188} INFO - [2026-02-05T21:42:51.604+0000] {dagbag.py:538} INFO - Filling up the DagBag from /opt/airflow/dags/ecommerce_etl.py
[2026-02-05T21:42:51.627+0000] {processor.py:840} INFO - DAG(s) 'ecommerce_etl_pipeline' retrieved from /opt/airflow/dags/ecommerce_etl.py
[2026-02-05T21:42:51.662+0000] {logging_mixin.py:188} INFO - [2026-02-05T21:42:51.662+0000] {dag.py:3036} INFO - Sync 1 DAGs
[2026-02-05T21:42:51.681+0000] {logging_mixin.py:188} INFO - [2026-02-05T21:42:51.681+0000] {dag.py:3823} INFO - Setting next_dagrun for ecommerce_etl_pipeline to 2026-02-05 00:00:00+00:00, run_after=2026-02-06 00:00:00+00:00
[2026-02-05T21:42:51.698+0000] {processor.py:183} INFO - Processing /opt/airflow/dags/ecommerce_etl.py took 0.099 seconds
[2026-02-05T21:43:21.847+0000] {processor.py:161} INFO - Started process (PID=1175) to work on /opt/airflow/dags/ecommerce_etl.py
[2026-02-05T21:43:21.848+0000] {processor.py:830} INFO - Processing file /opt/airflow/dags/ecommerce_etl.py for tasks to queue
[2026-02-05T21:43:21.849+0000] {logging_mixin.py:188} INFO - [2026-02-05T21:43:21.849+0000] {dagbag.py:538} INFO - Filling up the DagBag from /opt/airflow/dags/ecommerce_etl.py
[2026-02-05T21:43:21.876+0000] {processor.py:840} INFO - DAG(s) 'ecommerce_etl_pipeline' retrieved from /opt/airflow/dags/ecommerce_etl.py
[2026-02-05T21:43:21.911+0000] {logging_mixin.py:188} INFO - [2026-02-05T21:43:21.911+0000] {dag.py:3036} INFO - Sync 1 DAGs
[2026-02-05T21:43:21.931+0000] {logging_mixin.py:188} INFO - [2026-02-05T21:43:21.930+0000] {dag.py:3823} INFO - Setting next_dagrun for ecommerce_etl_pipeline to 2026-02-05 00:00:00+00:00, run_after=2026-02-06 00:00:00+00:00
[2026-02-05T21:43:21.949+0000] {processor.py:183} INFO - Processing /opt/airflow/dags/ecommerce_etl.py took 0.106 seconds
[2026-02-05T21:43:52.081+0000] {processor.py:161} INFO - Started process (PID=1204) to work on /opt/airflow/dags/ecommerce_etl.py
[2026-02-05T21:43:52.082+0000] {processor.py:830} INFO - Processing file /opt/airflow/dags/ecommerce_etl.py for tasks to queue
[2026-02-05T21:43:52.083+0000] {logging_mixin.py:188} INFO - [2026-02-05T21:43:52.082+0000] {dagbag.py:538} INFO - Filling up the DagBag from /opt/airflow/dags/ecommerce_etl.py
[2026-02-05T21:43:52.112+0000] {processor.py:840} INFO - DAG(s) 'ecommerce_etl_pipeline' retrieved from /opt/airflow/dags/ecommerce_etl.py
[2026-02-05T21:43:52.140+0000] {logging_mixin.py:188} INFO - [2026-02-05T21:43:52.140+0000] {dag.py:3036} INFO - Sync 1 DAGs
[2026-02-05T21:43:52.159+0000] {logging_mixin.py:188} INFO - [2026-02-05T21:43:52.159+0000] {dag.py:3823} INFO - Setting next_dagrun for ecommerce_etl_pipeline to 2026-02-05 00:00:00+00:00, run_after=2026-02-06 00:00:00+00:00
[2026-02-05T21:43:52.176+0000] {processor.py:183} INFO - Processing /opt/airflow/dags/ecommerce_etl.py took 0.098 seconds
[2026-02-05T21:44:22.374+0000] {processor.py:161} INFO - Started process (PID=1233) to work on /opt/airflow/dags/ecommerce_etl.py
[2026-02-05T21:44:22.376+0000] {processor.py:830} INFO - Processing file /opt/airflow/dags/ecommerce_etl.py for tasks to queue
[2026-02-05T21:44:22.377+0000] {logging_mixin.py:188} INFO - [2026-02-05T21:44:22.377+0000] {dagbag.py:538} INFO - Filling up the DagBag from /opt/airflow/dags/ecommerce_etl.py
[2026-02-05T21:44:22.423+0000] {processor.py:840} INFO - DAG(s) 'ecommerce_etl_pipeline' retrieved from /opt/airflow/dags/ecommerce_etl.py
[2026-02-05T21:44:22.449+0000] {logging_mixin.py:188} INFO - [2026-02-05T21:44:22.448+0000] {dag.py:3036} INFO - Sync 1 DAGs
[2026-02-05T21:44:22.495+0000] {logging_mixin.py:188} INFO - [2026-02-05T21:44:22.495+0000] {dag.py:3823} INFO - Setting next_dagrun for ecommerce_etl_pipeline to 2026-02-05 00:00:00+00:00, run_after=2026-02-06 00:00:00+00:00
[2026-02-05T21:44:22.515+0000] {processor.py:183} INFO - Processing /opt/airflow/dags/ecommerce_etl.py took 0.144 seconds
[2026-02-05T21:44:52.868+0000] {processor.py:161} INFO - Started process (PID=1262) to work on /opt/airflow/dags/ecommerce_etl.py
[2026-02-05T21:44:52.869+0000] {processor.py:830} INFO - Processing file /opt/airflow/dags/ecommerce_etl.py for tasks to queue
[2026-02-05T21:44:52.870+0000] {logging_mixin.py:188} INFO - [2026-02-05T21:44:52.870+0000] {dagbag.py:538} INFO - Filling up the DagBag from /opt/airflow/dags/ecommerce_etl.py
[2026-02-05T21:44:52.891+0000] {processor.py:840} INFO - DAG(s) 'ecommerce_etl_pipeline' retrieved from /opt/airflow/dags/ecommerce_etl.py
[2026-02-05T21:44:52.922+0000] {logging_mixin.py:188} INFO - [2026-02-05T21:44:52.922+0000] {dag.py:3036} INFO - Sync 1 DAGs
[2026-02-05T21:44:52.940+0000] {logging_mixin.py:188} INFO - [2026-02-05T21:44:52.940+0000] {dag.py:3823} INFO - Setting next_dagrun for ecommerce_etl_pipeline to 2026-02-05 00:00:00+00:00, run_after=2026-02-06 00:00:00+00:00
[2026-02-05T21:44:52.958+0000] {processor.py:183} INFO - Processing /opt/airflow/dags/ecommerce_etl.py took 0.093 seconds
[2026-02-05T21:45:23.109+0000] {processor.py:161} INFO - Started process (PID=1291) to work on /opt/airflow/dags/ecommerce_etl.py
[2026-02-05T21:45:23.111+0000] {processor.py:830} INFO - Processing file /opt/airflow/dags/ecommerce_etl.py for tasks to queue
[2026-02-05T21:45:23.112+0000] {logging_mixin.py:188} INFO - [2026-02-05T21:45:23.111+0000] {dagbag.py:538} INFO - Filling up the DagBag from /opt/airflow/dags/ecommerce_etl.py
[2026-02-05T21:45:23.139+0000] {processor.py:840} INFO - DAG(s) 'ecommerce_etl_pipeline' retrieved from /opt/airflow/dags/ecommerce_etl.py
[2026-02-05T21:45:23.169+0000] {logging_mixin.py:188} INFO - [2026-02-05T21:45:23.169+0000] {dag.py:3036} INFO - Sync 1 DAGs
[2026-02-05T21:45:23.189+0000] {logging_mixin.py:188} INFO - [2026-02-05T21:45:23.189+0000] {dag.py:3823} INFO - Setting next_dagrun for ecommerce_etl_pipeline to 2026-02-05 00:00:00+00:00, run_after=2026-02-06 00:00:00+00:00
[2026-02-05T21:45:23.208+0000] {processor.py:183} INFO - Processing /opt/airflow/dags/ecommerce_etl.py took 0.102 seconds
[2026-02-05T21:45:53.400+0000] {processor.py:161} INFO - Started process (PID=1320) to work on /opt/airflow/dags/ecommerce_etl.py
[2026-02-05T21:45:53.401+0000] {processor.py:830} INFO - Processing file /opt/airflow/dags/ecommerce_etl.py for tasks to queue
[2026-02-05T21:45:53.402+0000] {logging_mixin.py:188} INFO - [2026-02-05T21:45:53.402+0000] {dagbag.py:538} INFO - Filling up the DagBag from /opt/airflow/dags/ecommerce_etl.py
[2026-02-05T21:45:53.427+0000] {processor.py:840} INFO - DAG(s) 'ecommerce_etl_pipeline' retrieved from /opt/airflow/dags/ecommerce_etl.py
[2026-02-05T21:45:53.455+0000] {logging_mixin.py:188} INFO - [2026-02-05T21:45:53.455+0000] {dag.py:3036} INFO - Sync 1 DAGs
[2026-02-05T21:45:53.475+0000] {logging_mixin.py:188} INFO - [2026-02-05T21:45:53.475+0000] {dag.py:3823} INFO - Setting next_dagrun for ecommerce_etl_pipeline to 2026-02-05 00:00:00+00:00, run_after=2026-02-06 00:00:00+00:00
[2026-02-05T21:45:53.497+0000] {processor.py:183} INFO - Processing /opt/airflow/dags/ecommerce_etl.py took 0.100 seconds
[2026-02-05T21:46:23.733+0000] {processor.py:161} INFO - Started process (PID=1349) to work on /opt/airflow/dags/ecommerce_etl.py
[2026-02-05T21:46:23.734+0000] {processor.py:830} INFO - Processing file /opt/airflow/dags/ecommerce_etl.py for tasks to queue
[2026-02-05T21:46:23.735+0000] {logging_mixin.py:188} INFO - [2026-02-05T21:46:23.734+0000] {dagbag.py:538} INFO - Filling up the DagBag from /opt/airflow/dags/ecommerce_etl.py
[2026-02-05T21:46:23.761+0000] {processor.py:840} INFO - DAG(s) 'ecommerce_etl_pipeline' retrieved from /opt/airflow/dags/ecommerce_etl.py
[2026-02-05T21:46:23.792+0000] {logging_mixin.py:188} INFO - [2026-02-05T21:46:23.792+0000] {dag.py:3036} INFO - Sync 1 DAGs
[2026-02-05T21:46:23.813+0000] {logging_mixin.py:188} INFO - [2026-02-05T21:46:23.813+0000] {dag.py:3823} INFO - Setting next_dagrun for ecommerce_etl_pipeline to 2026-02-05 00:00:00+00:00, run_after=2026-02-06 00:00:00+00:00
[2026-02-05T21:46:23.831+0000] {processor.py:183} INFO - Processing /opt/airflow/dags/ecommerce_etl.py took 0.103 seconds
[2026-02-05T21:46:53.908+0000] {processor.py:161} INFO - Started process (PID=1379) to work on /opt/airflow/dags/ecommerce_etl.py
[2026-02-05T21:46:53.910+0000] {processor.py:830} INFO - Processing file /opt/airflow/dags/ecommerce_etl.py for tasks to queue
[2026-02-05T21:46:53.912+0000] {logging_mixin.py:188} INFO - [2026-02-05T21:46:53.911+0000] {dagbag.py:538} INFO - Filling up the DagBag from /opt/airflow/dags/ecommerce_etl.py
[2026-02-05T21:46:53.945+0000] {processor.py:840} INFO - DAG(s) 'ecommerce_etl_pipeline' retrieved from /opt/airflow/dags/ecommerce_etl.py
[2026-02-05T21:46:53.976+0000] {logging_mixin.py:188} INFO - [2026-02-05T21:46:53.975+0000] {dag.py:3036} INFO - Sync 1 DAGs
[2026-02-05T21:46:53.996+0000] {logging_mixin.py:188} INFO - [2026-02-05T21:46:53.995+0000] {dag.py:3823} INFO - Setting next_dagrun for ecommerce_etl_pipeline to 2026-02-05 00:00:00+00:00, run_after=2026-02-06 00:00:00+00:00
[2026-02-05T21:46:54.020+0000] {processor.py:183} INFO - Processing /opt/airflow/dags/ecommerce_etl.py took 0.116 seconds
[2026-02-05T21:47:24.139+0000] {processor.py:161} INFO - Started process (PID=1394) to work on /opt/airflow/dags/ecommerce_etl.py
[2026-02-05T21:47:24.141+0000] {processor.py:830} INFO - Processing file /opt/airflow/dags/ecommerce_etl.py for tasks to queue
[2026-02-05T21:47:24.142+0000] {logging_mixin.py:188} INFO - [2026-02-05T21:47:24.141+0000] {dagbag.py:538} INFO - Filling up the DagBag from /opt/airflow/dags/ecommerce_etl.py
[2026-02-05T21:47:24.169+0000] {processor.py:840} INFO - DAG(s) 'ecommerce_etl_pipeline' retrieved from /opt/airflow/dags/ecommerce_etl.py
[2026-02-05T21:47:24.203+0000] {logging_mixin.py:188} INFO - [2026-02-05T21:47:24.202+0000] {dag.py:3036} INFO - Sync 1 DAGs
[2026-02-05T21:47:24.233+0000] {logging_mixin.py:188} INFO - [2026-02-05T21:47:24.232+0000] {dag.py:3823} INFO - Setting next_dagrun for ecommerce_etl_pipeline to 2026-02-05 00:00:00+00:00, run_after=2026-02-06 00:00:00+00:00
[2026-02-05T21:47:24.255+0000] {processor.py:183} INFO - Processing /opt/airflow/dags/ecommerce_etl.py took 0.120 seconds
[2026-02-05T21:47:54.444+0000] {processor.py:161} INFO - Started process (PID=1419) to work on /opt/airflow/dags/ecommerce_etl.py
[2026-02-05T21:47:54.445+0000] {processor.py:830} INFO - Processing file /opt/airflow/dags/ecommerce_etl.py for tasks to queue
[2026-02-05T21:47:54.446+0000] {logging_mixin.py:188} INFO - [2026-02-05T21:47:54.446+0000] {dagbag.py:538} INFO - Filling up the DagBag from /opt/airflow/dags/ecommerce_etl.py
[2026-02-05T21:47:54.471+0000] {processor.py:840} INFO - DAG(s) 'ecommerce_etl_pipeline' retrieved from /opt/airflow/dags/ecommerce_etl.py
[2026-02-05T21:47:54.499+0000] {logging_mixin.py:188} INFO - [2026-02-05T21:47:54.499+0000] {dag.py:3036} INFO - Sync 1 DAGs
[2026-02-05T21:47:54.519+0000] {logging_mixin.py:188} INFO - [2026-02-05T21:47:54.519+0000] {dag.py:3823} INFO - Setting next_dagrun for ecommerce_etl_pipeline to 2026-02-05 00:00:00+00:00, run_after=2026-02-06 00:00:00+00:00
[2026-02-05T21:47:54.540+0000] {processor.py:183} INFO - Processing /opt/airflow/dags/ecommerce_etl.py took 0.099 seconds
[2026-02-05T21:48:24.843+0000] {processor.py:161} INFO - Started process (PID=1448) to work on /opt/airflow/dags/ecommerce_etl.py
[2026-02-05T21:48:24.844+0000] {processor.py:830} INFO - Processing file /opt/airflow/dags/ecommerce_etl.py for tasks to queue
[2026-02-05T21:48:24.845+0000] {logging_mixin.py:188} INFO - [2026-02-05T21:48:24.845+0000] {dagbag.py:538} INFO - Filling up the DagBag from /opt/airflow/dags/ecommerce_etl.py
[2026-02-05T21:48:24.877+0000] {processor.py:840} INFO - DAG(s) 'ecommerce_etl_pipeline' retrieved from /opt/airflow/dags/ecommerce_etl.py
[2026-02-05T21:48:24.934+0000] {logging_mixin.py:188} INFO - [2026-02-05T21:48:24.934+0000] {dag.py:3036} INFO - Sync 1 DAGs
[2026-02-05T21:48:24.983+0000] {logging_mixin.py:188} INFO - [2026-02-05T21:48:24.983+0000] {dag.py:3823} INFO - Setting next_dagrun for ecommerce_etl_pipeline to 2026-02-05 00:00:00+00:00, run_after=2026-02-06 00:00:00+00:00
[2026-02-05T21:48:25.016+0000] {processor.py:183} INFO - Processing /opt/airflow/dags/ecommerce_etl.py took 0.178 seconds
[2026-02-05T21:48:55.106+0000] {processor.py:161} INFO - Started process (PID=1477) to work on /opt/airflow/dags/ecommerce_etl.py
[2026-02-05T21:48:55.107+0000] {processor.py:830} INFO - Processing file /opt/airflow/dags/ecommerce_etl.py for tasks to queue
[2026-02-05T21:48:55.145+0000] {logging_mixin.py:188} INFO - [2026-02-05T21:48:55.114+0000] {dagbag.py:538} INFO - Filling up the DagBag from /opt/airflow/dags/ecommerce_etl.py
[2026-02-05T21:48:55.265+0000] {processor.py:840} INFO - DAG(s) 'ecommerce_etl_pipeline' retrieved from /opt/airflow/dags/ecommerce_etl.py
[2026-02-05T21:48:55.297+0000] {logging_mixin.py:188} INFO - [2026-02-05T21:48:55.297+0000] {dag.py:3036} INFO - Sync 1 DAGs
[2026-02-05T21:48:55.321+0000] {logging_mixin.py:188} INFO - [2026-02-05T21:48:55.320+0000] {dag.py:3823} INFO - Setting next_dagrun for ecommerce_etl_pipeline to 2026-02-05 00:00:00+00:00, run_after=2026-02-06 00:00:00+00:00
[2026-02-05T21:48:55.336+0000] {processor.py:183} INFO - Processing /opt/airflow/dags/ecommerce_etl.py took 0.236 seconds
[2026-02-05T21:49:25.672+0000] {processor.py:161} INFO - Started process (PID=1506) to work on /opt/airflow/dags/ecommerce_etl.py
[2026-02-05T21:49:25.677+0000] {processor.py:830} INFO - Processing file /opt/airflow/dags/ecommerce_etl.py for tasks to queue
[2026-02-05T21:49:25.678+0000] {logging_mixin.py:188} INFO - [2026-02-05T21:49:25.678+0000] {dagbag.py:538} INFO - Filling up the DagBag from /opt/airflow/dags/ecommerce_etl.py
[2026-02-05T21:49:25.720+0000] {processor.py:840} INFO - DAG(s) 'ecommerce_etl_pipeline' retrieved from /opt/airflow/dags/ecommerce_etl.py
[2026-02-05T21:49:25.748+0000] {logging_mixin.py:188} INFO - [2026-02-05T21:49:25.748+0000] {dag.py:3036} INFO - Sync 1 DAGs
[2026-02-05T21:49:25.769+0000] {logging_mixin.py:188} INFO - [2026-02-05T21:49:25.768+0000] {dag.py:3823} INFO - Setting next_dagrun for ecommerce_etl_pipeline to 2026-02-05 00:00:00+00:00, run_after=2026-02-06 00:00:00+00:00
[2026-02-05T21:49:25.785+0000] {processor.py:183} INFO - Processing /opt/airflow/dags/ecommerce_etl.py took 0.116 seconds
[2026-02-05T21:49:56.154+0000] {processor.py:161} INFO - Started process (PID=1535) to work on /opt/airflow/dags/ecommerce_etl.py
[2026-02-05T21:49:56.155+0000] {processor.py:830} INFO - Processing file /opt/airflow/dags/ecommerce_etl.py for tasks to queue
[2026-02-05T21:49:56.156+0000] {logging_mixin.py:188} INFO - [2026-02-05T21:49:56.156+0000] {dagbag.py:538} INFO - Filling up the DagBag from /opt/airflow/dags/ecommerce_etl.py
[2026-02-05T21:49:56.176+0000] {processor.py:840} INFO - DAG(s) 'ecommerce_etl_pipeline' retrieved from /opt/airflow/dags/ecommerce_etl.py
[2026-02-05T21:49:56.202+0000] {logging_mixin.py:188} INFO - [2026-02-05T21:49:56.202+0000] {dag.py:3036} INFO - Sync 1 DAGs
[2026-02-05T21:49:56.219+0000] {logging_mixin.py:188} INFO - [2026-02-05T21:49:56.219+0000] {dag.py:3823} INFO - Setting next_dagrun for ecommerce_etl_pipeline to 2026-02-05 00:00:00+00:00, run_after=2026-02-06 00:00:00+00:00
[2026-02-05T21:49:56.238+0000] {processor.py:183} INFO - Processing /opt/airflow/dags/ecommerce_etl.py took 0.087 seconds
[2026-02-05T21:50:26.566+0000] {processor.py:161} INFO - Started process (PID=1564) to work on /opt/airflow/dags/ecommerce_etl.py
[2026-02-05T21:50:26.567+0000] {processor.py:830} INFO - Processing file /opt/airflow/dags/ecommerce_etl.py for tasks to queue
[2026-02-05T21:50:26.568+0000] {logging_mixin.py:188} INFO - [2026-02-05T21:50:26.568+0000] {dagbag.py:538} INFO - Filling up the DagBag from /opt/airflow/dags/ecommerce_etl.py
[2026-02-05T21:50:26.588+0000] {processor.py:840} INFO - DAG(s) 'ecommerce_etl_pipeline' retrieved from /opt/airflow/dags/ecommerce_etl.py
[2026-02-05T21:50:26.616+0000] {logging_mixin.py:188} INFO - [2026-02-05T21:50:26.616+0000] {dag.py:3036} INFO - Sync 1 DAGs
[2026-02-05T21:50:26.635+0000] {logging_mixin.py:188} INFO - [2026-02-05T21:50:26.634+0000] {dag.py:3823} INFO - Setting next_dagrun for ecommerce_etl_pipeline to 2026-02-05 00:00:00+00:00, run_after=2026-02-06 00:00:00+00:00
[2026-02-05T21:50:26.652+0000] {processor.py:183} INFO - Processing /opt/airflow/dags/ecommerce_etl.py took 0.089 seconds
[2026-02-05T21:50:56.941+0000] {processor.py:161} INFO - Started process (PID=1593) to work on /opt/airflow/dags/ecommerce_etl.py
[2026-02-05T21:50:56.942+0000] {processor.py:830} INFO - Processing file /opt/airflow/dags/ecommerce_etl.py for tasks to queue
[2026-02-05T21:50:56.943+0000] {logging_mixin.py:188} INFO - [2026-02-05T21:50:56.943+0000] {dagbag.py:538} INFO - Filling up the DagBag from /opt/airflow/dags/ecommerce_etl.py
[2026-02-05T21:50:56.966+0000] {processor.py:840} INFO - DAG(s) 'ecommerce_etl_pipeline' retrieved from /opt/airflow/dags/ecommerce_etl.py
[2026-02-05T21:50:56.993+0000] {logging_mixin.py:188} INFO - [2026-02-05T21:50:56.993+0000] {dag.py:3036} INFO - Sync 1 DAGs
[2026-02-05T21:50:57.014+0000] {logging_mixin.py:188} INFO - [2026-02-05T21:50:57.014+0000] {dag.py:3823} INFO - Setting next_dagrun for ecommerce_etl_pipeline to 2026-02-05 00:00:00+00:00, run_after=2026-02-06 00:00:00+00:00
[2026-02-05T21:50:57.033+0000] {processor.py:183} INFO - Processing /opt/airflow/dags/ecommerce_etl.py took 0.097 seconds
[2026-02-05T21:51:27.359+0000] {processor.py:161} INFO - Started process (PID=1622) to work on /opt/airflow/dags/ecommerce_etl.py
[2026-02-05T21:51:27.360+0000] {processor.py:830} INFO - Processing file /opt/airflow/dags/ecommerce_etl.py for tasks to queue
[2026-02-05T21:51:27.361+0000] {logging_mixin.py:188} INFO - [2026-02-05T21:51:27.361+0000] {dagbag.py:538} INFO - Filling up the DagBag from /opt/airflow/dags/ecommerce_etl.py
[2026-02-05T21:51:27.386+0000] {processor.py:840} INFO - DAG(s) 'ecommerce_etl_pipeline' retrieved from /opt/airflow/dags/ecommerce_etl.py
[2026-02-05T21:51:27.411+0000] {logging_mixin.py:188} INFO - [2026-02-05T21:51:27.411+0000] {dag.py:3036} INFO - Sync 1 DAGs
[2026-02-05T21:51:27.429+0000] {logging_mixin.py:188} INFO - [2026-02-05T21:51:27.429+0000] {dag.py:3823} INFO - Setting next_dagrun for ecommerce_etl_pipeline to 2026-02-05 00:00:00+00:00, run_after=2026-02-06 00:00:00+00:00
[2026-02-05T21:51:27.445+0000] {processor.py:183} INFO - Processing /opt/airflow/dags/ecommerce_etl.py took 0.089 seconds
[2026-02-05T21:51:57.768+0000] {processor.py:161} INFO - Started process (PID=1651) to work on /opt/airflow/dags/ecommerce_etl.py
[2026-02-05T21:51:57.769+0000] {processor.py:830} INFO - Processing file /opt/airflow/dags/ecommerce_etl.py for tasks to queue
[2026-02-05T21:51:57.770+0000] {logging_mixin.py:188} INFO - [2026-02-05T21:51:57.770+0000] {dagbag.py:538} INFO - Filling up the DagBag from /opt/airflow/dags/ecommerce_etl.py
[2026-02-05T21:51:57.790+0000] {processor.py:840} INFO - DAG(s) 'ecommerce_etl_pipeline' retrieved from /opt/airflow/dags/ecommerce_etl.py
[2026-02-05T21:51:57.815+0000] {logging_mixin.py:188} INFO - [2026-02-05T21:51:57.815+0000] {dag.py:3036} INFO - Sync 1 DAGs
[2026-02-05T21:51:57.833+0000] {logging_mixin.py:188} INFO - [2026-02-05T21:51:57.833+0000] {dag.py:3823} INFO - Setting next_dagrun for ecommerce_etl_pipeline to 2026-02-05 00:00:00+00:00, run_after=2026-02-06 00:00:00+00:00
[2026-02-05T21:51:57.849+0000] {processor.py:183} INFO - Processing /opt/airflow/dags/ecommerce_etl.py took 0.084 seconds
[2026-02-05T21:52:28.175+0000] {processor.py:161} INFO - Started process (PID=1680) to work on /opt/airflow/dags/ecommerce_etl.py
[2026-02-05T21:52:28.176+0000] {processor.py:830} INFO - Processing file /opt/airflow/dags/ecommerce_etl.py for tasks to queue
[2026-02-05T21:52:28.177+0000] {logging_mixin.py:188} INFO - [2026-02-05T21:52:28.177+0000] {dagbag.py:538} INFO - Filling up the DagBag from /opt/airflow/dags/ecommerce_etl.py
[2026-02-05T21:52:28.234+0000] {processor.py:840} INFO - DAG(s) 'ecommerce_etl_pipeline' retrieved from /opt/airflow/dags/ecommerce_etl.py
[2026-02-05T21:52:28.259+0000] {logging_mixin.py:188} INFO - [2026-02-05T21:52:28.259+0000] {dag.py:3036} INFO - Sync 1 DAGs
[2026-02-05T21:52:28.277+0000] {logging_mixin.py:188} INFO - [2026-02-05T21:52:28.277+0000] {dag.py:3823} INFO - Setting next_dagrun for ecommerce_etl_pipeline to 2026-02-05 00:00:00+00:00, run_after=2026-02-06 00:00:00+00:00
[2026-02-05T21:52:28.295+0000] {processor.py:183} INFO - Processing /opt/airflow/dags/ecommerce_etl.py took 0.124 seconds
[2026-02-05T21:52:58.502+0000] {processor.py:161} INFO - Started process (PID=1707) to work on /opt/airflow/dags/ecommerce_etl.py
[2026-02-05T21:52:58.504+0000] {processor.py:830} INFO - Processing file /opt/airflow/dags/ecommerce_etl.py for tasks to queue
[2026-02-05T21:52:58.505+0000] {logging_mixin.py:188} INFO - [2026-02-05T21:52:58.504+0000] {dagbag.py:538} INFO - Filling up the DagBag from /opt/airflow/dags/ecommerce_etl.py
[2026-02-05T21:52:58.533+0000] {processor.py:840} INFO - DAG(s) 'ecommerce_etl_pipeline' retrieved from /opt/airflow/dags/ecommerce_etl.py
[2026-02-05T21:52:58.561+0000] {logging_mixin.py:188} INFO - [2026-02-05T21:52:58.561+0000] {dag.py:3036} INFO - Sync 1 DAGs
[2026-02-05T21:52:58.580+0000] {logging_mixin.py:188} INFO - [2026-02-05T21:52:58.580+0000] {dag.py:3823} INFO - Setting next_dagrun for ecommerce_etl_pipeline to 2026-02-05 00:00:00+00:00, run_after=2026-02-06 00:00:00+00:00
[2026-02-05T21:52:58.597+0000] {processor.py:183} INFO - Processing /opt/airflow/dags/ecommerce_etl.py took 0.099 seconds
[2026-02-05T21:53:28.957+0000] {processor.py:161} INFO - Started process (PID=1720) to work on /opt/airflow/dags/ecommerce_etl.py
[2026-02-05T21:53:28.958+0000] {processor.py:830} INFO - Processing file /opt/airflow/dags/ecommerce_etl.py for tasks to queue
[2026-02-05T21:53:28.959+0000] {logging_mixin.py:188} INFO - [2026-02-05T21:53:28.959+0000] {dagbag.py:538} INFO - Filling up the DagBag from /opt/airflow/dags/ecommerce_etl.py
[2026-02-05T21:53:28.992+0000] {processor.py:840} INFO - DAG(s) 'ecommerce_etl_pipeline' retrieved from /opt/airflow/dags/ecommerce_etl.py
[2026-02-05T21:53:29.018+0000] {logging_mixin.py:188} INFO - [2026-02-05T21:53:29.018+0000] {dag.py:3036} INFO - Sync 1 DAGs
[2026-02-05T21:53:29.037+0000] {logging_mixin.py:188} INFO - [2026-02-05T21:53:29.037+0000] {dag.py:3823} INFO - Setting next_dagrun for ecommerce_etl_pipeline to 2026-02-05 00:00:00+00:00, run_after=2026-02-06 00:00:00+00:00
[2026-02-05T21:53:29.056+0000] {processor.py:183} INFO - Processing /opt/airflow/dags/ecommerce_etl.py took 0.101 seconds
[2026-02-05T21:53:59.406+0000] {processor.py:161} INFO - Started process (PID=1749) to work on /opt/airflow/dags/ecommerce_etl.py
[2026-02-05T21:53:59.409+0000] {processor.py:830} INFO - Processing file /opt/airflow/dags/ecommerce_etl.py for tasks to queue
[2026-02-05T21:53:59.410+0000] {logging_mixin.py:188} INFO - [2026-02-05T21:53:59.410+0000] {dagbag.py:538} INFO - Filling up the DagBag from /opt/airflow/dags/ecommerce_etl.py
[2026-02-05T21:53:59.445+0000] {processor.py:840} INFO - DAG(s) 'ecommerce_etl_pipeline' retrieved from /opt/airflow/dags/ecommerce_etl.py
[2026-02-05T21:53:59.470+0000] {logging_mixin.py:188} INFO - [2026-02-05T21:53:59.470+0000] {dag.py:3036} INFO - Sync 1 DAGs
[2026-02-05T21:53:59.490+0000] {logging_mixin.py:188} INFO - [2026-02-05T21:53:59.489+0000] {dag.py:3823} INFO - Setting next_dagrun for ecommerce_etl_pipeline to 2026-02-05 00:00:00+00:00, run_after=2026-02-06 00:00:00+00:00
[2026-02-05T21:53:59.507+0000] {processor.py:183} INFO - Processing /opt/airflow/dags/ecommerce_etl.py took 0.108 seconds
[2026-02-05T21:54:29.848+0000] {processor.py:161} INFO - Started process (PID=1778) to work on /opt/airflow/dags/ecommerce_etl.py
[2026-02-05T21:54:29.850+0000] {processor.py:830} INFO - Processing file /opt/airflow/dags/ecommerce_etl.py for tasks to queue
[2026-02-05T21:54:29.851+0000] {logging_mixin.py:188} INFO - [2026-02-05T21:54:29.850+0000] {dagbag.py:538} INFO - Filling up the DagBag from /opt/airflow/dags/ecommerce_etl.py
[2026-02-05T21:54:29.884+0000] {processor.py:840} INFO - DAG(s) 'ecommerce_etl_pipeline' retrieved from /opt/airflow/dags/ecommerce_etl.py
[2026-02-05T21:54:29.909+0000] {logging_mixin.py:188} INFO - [2026-02-05T21:54:29.909+0000] {dag.py:3036} INFO - Sync 1 DAGs
[2026-02-05T21:54:29.927+0000] {logging_mixin.py:188} INFO - [2026-02-05T21:54:29.927+0000] {dag.py:3823} INFO - Setting next_dagrun for ecommerce_etl_pipeline to 2026-02-05 00:00:00+00:00, run_after=2026-02-06 00:00:00+00:00
[2026-02-05T21:54:29.945+0000] {processor.py:183} INFO - Processing /opt/airflow/dags/ecommerce_etl.py took 0.099 seconds
[2026-02-05T21:55:00.291+0000] {processor.py:161} INFO - Started process (PID=1807) to work on /opt/airflow/dags/ecommerce_etl.py
[2026-02-05T21:55:00.292+0000] {processor.py:830} INFO - Processing file /opt/airflow/dags/ecommerce_etl.py for tasks to queue
[2026-02-05T21:55:00.293+0000] {logging_mixin.py:188} INFO - [2026-02-05T21:55:00.292+0000] {dagbag.py:538} INFO - Filling up the DagBag from /opt/airflow/dags/ecommerce_etl.py
[2026-02-05T21:55:00.365+0000] {processor.py:840} INFO - DAG(s) 'ecommerce_etl_pipeline' retrieved from /opt/airflow/dags/ecommerce_etl.py
[2026-02-05T21:55:00.395+0000] {logging_mixin.py:188} INFO - [2026-02-05T21:55:00.394+0000] {dag.py:3036} INFO - Sync 1 DAGs
[2026-02-05T21:55:00.418+0000] {logging_mixin.py:188} INFO - [2026-02-05T21:55:00.417+0000] {dag.py:3823} INFO - Setting next_dagrun for ecommerce_etl_pipeline to 2026-02-05 00:00:00+00:00, run_after=2026-02-06 00:00:00+00:00
[2026-02-05T21:55:00.438+0000] {processor.py:183} INFO - Processing /opt/airflow/dags/ecommerce_etl.py took 0.151 seconds
[2026-02-05T21:55:30.782+0000] {processor.py:161} INFO - Started process (PID=1836) to work on /opt/airflow/dags/ecommerce_etl.py
[2026-02-05T21:55:30.783+0000] {processor.py:830} INFO - Processing file /opt/airflow/dags/ecommerce_etl.py for tasks to queue
[2026-02-05T21:55:30.784+0000] {logging_mixin.py:188} INFO - [2026-02-05T21:55:30.783+0000] {dagbag.py:538} INFO - Filling up the DagBag from /opt/airflow/dags/ecommerce_etl.py
[2026-02-05T21:55:30.805+0000] {processor.py:840} INFO - DAG(s) 'ecommerce_etl_pipeline' retrieved from /opt/airflow/dags/ecommerce_etl.py
[2026-02-05T21:55:30.831+0000] {logging_mixin.py:188} INFO - [2026-02-05T21:55:30.831+0000] {dag.py:3036} INFO - Sync 1 DAGs
[2026-02-05T21:55:30.852+0000] {logging_mixin.py:188} INFO - [2026-02-05T21:55:30.851+0000] {dag.py:3823} INFO - Setting next_dagrun for ecommerce_etl_pipeline to 2026-02-05 00:00:00+00:00, run_after=2026-02-06 00:00:00+00:00
[2026-02-05T21:55:30.872+0000] {processor.py:183} INFO - Processing /opt/airflow/dags/ecommerce_etl.py took 0.094 seconds
[2026-02-05T21:56:01.132+0000] {processor.py:161} INFO - Started process (PID=1865) to work on /opt/airflow/dags/ecommerce_etl.py
[2026-02-05T21:56:01.133+0000] {processor.py:830} INFO - Processing file /opt/airflow/dags/ecommerce_etl.py for tasks to queue
[2026-02-05T21:56:01.134+0000] {logging_mixin.py:188} INFO - [2026-02-05T21:56:01.133+0000] {dagbag.py:538} INFO - Filling up the DagBag from /opt/airflow/dags/ecommerce_etl.py
[2026-02-05T21:56:01.191+0000] {processor.py:840} INFO - DAG(s) 'ecommerce_etl_pipeline' retrieved from /opt/airflow/dags/ecommerce_etl.py
[2026-02-05T21:56:01.224+0000] {logging_mixin.py:188} INFO - [2026-02-05T21:56:01.223+0000] {dag.py:3036} INFO - Sync 1 DAGs
[2026-02-05T21:56:01.250+0000] {logging_mixin.py:188} INFO - [2026-02-05T21:56:01.250+0000] {dag.py:3823} INFO - Setting next_dagrun for ecommerce_etl_pipeline to 2026-02-05 00:00:00+00:00, run_after=2026-02-06 00:00:00+00:00
[2026-02-05T21:56:01.272+0000] {processor.py:183} INFO - Processing /opt/airflow/dags/ecommerce_etl.py took 0.143 seconds
[2026-02-05T21:56:31.604+0000] {processor.py:161} INFO - Started process (PID=1894) to work on /opt/airflow/dags/ecommerce_etl.py
[2026-02-05T21:56:31.605+0000] {processor.py:830} INFO - Processing file /opt/airflow/dags/ecommerce_etl.py for tasks to queue
[2026-02-05T21:56:31.606+0000] {logging_mixin.py:188} INFO - [2026-02-05T21:56:31.606+0000] {dagbag.py:538} INFO - Filling up the DagBag from /opt/airflow/dags/ecommerce_etl.py
[2026-02-05T21:56:31.647+0000] {processor.py:840} INFO - DAG(s) 'ecommerce_etl_pipeline' retrieved from /opt/airflow/dags/ecommerce_etl.py
[2026-02-05T21:56:31.672+0000] {logging_mixin.py:188} INFO - [2026-02-05T21:56:31.672+0000] {dag.py:3036} INFO - Sync 1 DAGs
[2026-02-05T21:56:31.689+0000] {logging_mixin.py:188} INFO - [2026-02-05T21:56:31.689+0000] {dag.py:3823} INFO - Setting next_dagrun for ecommerce_etl_pipeline to 2026-02-05 00:00:00+00:00, run_after=2026-02-06 00:00:00+00:00
[2026-02-05T21:56:31.708+0000] {processor.py:183} INFO - Processing /opt/airflow/dags/ecommerce_etl.py took 0.107 seconds
[2026-02-05T21:57:02.042+0000] {processor.py:161} INFO - Started process (PID=1923) to work on /opt/airflow/dags/ecommerce_etl.py
[2026-02-05T21:57:02.043+0000] {processor.py:830} INFO - Processing file /opt/airflow/dags/ecommerce_etl.py for tasks to queue
[2026-02-05T21:57:02.044+0000] {logging_mixin.py:188} INFO - [2026-02-05T21:57:02.044+0000] {dagbag.py:538} INFO - Filling up the DagBag from /opt/airflow/dags/ecommerce_etl.py
[2026-02-05T21:57:02.067+0000] {processor.py:840} INFO - DAG(s) 'ecommerce_etl_pipeline' retrieved from /opt/airflow/dags/ecommerce_etl.py
[2026-02-05T21:57:02.094+0000] {logging_mixin.py:188} INFO - [2026-02-05T21:57:02.094+0000] {dag.py:3036} INFO - Sync 1 DAGs
[2026-02-05T21:57:02.124+0000] {logging_mixin.py:188} INFO - [2026-02-05T21:57:02.123+0000] {dag.py:3823} INFO - Setting next_dagrun for ecommerce_etl_pipeline to 2026-02-05 00:00:00+00:00, run_after=2026-02-06 00:00:00+00:00
[2026-02-05T21:57:02.146+0000] {processor.py:183} INFO - Processing /opt/airflow/dags/ecommerce_etl.py took 0.112 seconds
[2026-02-05T21:57:32.499+0000] {processor.py:161} INFO - Started process (PID=1952) to work on /opt/airflow/dags/ecommerce_etl.py
[2026-02-05T21:57:32.500+0000] {processor.py:830} INFO - Processing file /opt/airflow/dags/ecommerce_etl.py for tasks to queue
[2026-02-05T21:57:32.501+0000] {logging_mixin.py:188} INFO - [2026-02-05T21:57:32.500+0000] {dagbag.py:538} INFO - Filling up the DagBag from /opt/airflow/dags/ecommerce_etl.py
[2026-02-05T21:57:32.528+0000] {processor.py:840} INFO - DAG(s) 'ecommerce_etl_pipeline' retrieved from /opt/airflow/dags/ecommerce_etl.py
[2026-02-05T21:57:32.552+0000] {logging_mixin.py:188} INFO - [2026-02-05T21:57:32.552+0000] {dag.py:3036} INFO - Sync 1 DAGs
[2026-02-05T21:57:32.570+0000] {logging_mixin.py:188} INFO - [2026-02-05T21:57:32.570+0000] {dag.py:3823} INFO - Setting next_dagrun for ecommerce_etl_pipeline to 2026-02-05 00:00:00+00:00, run_after=2026-02-06 00:00:00+00:00
[2026-02-05T21:57:32.586+0000] {processor.py:183} INFO - Processing /opt/airflow/dags/ecommerce_etl.py took 0.091 seconds
[2026-02-05T21:58:02.934+0000] {processor.py:161} INFO - Started process (PID=1981) to work on /opt/airflow/dags/ecommerce_etl.py
[2026-02-05T21:58:02.935+0000] {processor.py:830} INFO - Processing file /opt/airflow/dags/ecommerce_etl.py for tasks to queue
[2026-02-05T21:58:02.936+0000] {logging_mixin.py:188} INFO - [2026-02-05T21:58:02.936+0000] {dagbag.py:538} INFO - Filling up the DagBag from /opt/airflow/dags/ecommerce_etl.py
[2026-02-05T21:58:02.986+0000] {processor.py:840} INFO - DAG(s) 'ecommerce_etl_pipeline' retrieved from /opt/airflow/dags/ecommerce_etl.py
[2026-02-05T21:58:03.010+0000] {logging_mixin.py:188} INFO - [2026-02-05T21:58:03.010+0000] {dag.py:3036} INFO - Sync 1 DAGs
[2026-02-05T21:58:03.028+0000] {logging_mixin.py:188} INFO - [2026-02-05T21:58:03.027+0000] {dag.py:3823} INFO - Setting next_dagrun for ecommerce_etl_pipeline to 2026-02-05 00:00:00+00:00, run_after=2026-02-06 00:00:00+00:00
[2026-02-05T21:58:03.046+0000] {processor.py:183} INFO - Processing /opt/airflow/dags/ecommerce_etl.py took 0.126 seconds
[2026-02-05T21:58:33.199+0000] {processor.py:161} INFO - Started process (PID=2011) to work on /opt/airflow/dags/ecommerce_etl.py
[2026-02-05T21:58:33.200+0000] {processor.py:830} INFO - Processing file /opt/airflow/dags/ecommerce_etl.py for tasks to queue
[2026-02-05T21:58:33.201+0000] {logging_mixin.py:188} INFO - [2026-02-05T21:58:33.201+0000] {dagbag.py:538} INFO - Filling up the DagBag from /opt/airflow/dags/ecommerce_etl.py
[2026-02-05T21:58:33.233+0000] {processor.py:840} INFO - DAG(s) 'ecommerce_etl_pipeline' retrieved from /opt/airflow/dags/ecommerce_etl.py
[2026-02-05T21:58:33.258+0000] {logging_mixin.py:188} INFO - [2026-02-05T21:58:33.258+0000] {dag.py:3036} INFO - Sync 1 DAGs
[2026-02-05T21:58:33.276+0000] {logging_mixin.py:188} INFO - [2026-02-05T21:58:33.276+0000] {dag.py:3823} INFO - Setting next_dagrun for ecommerce_etl_pipeline to 2026-02-05 00:00:00+00:00, run_after=2026-02-06 00:00:00+00:00
[2026-02-05T21:58:33.294+0000] {processor.py:183} INFO - Processing /opt/airflow/dags/ecommerce_etl.py took 0.098 seconds
[2026-02-05T21:59:03.546+0000] {processor.py:161} INFO - Started process (PID=2027) to work on /opt/airflow/dags/ecommerce_etl.py
[2026-02-05T21:59:03.548+0000] {processor.py:830} INFO - Processing file /opt/airflow/dags/ecommerce_etl.py for tasks to queue
[2026-02-05T21:59:03.549+0000] {logging_mixin.py:188} INFO - [2026-02-05T21:59:03.549+0000] {dagbag.py:538} INFO - Filling up the DagBag from /opt/airflow/dags/ecommerce_etl.py
[2026-02-05T21:59:03.595+0000] {processor.py:840} INFO - DAG(s) 'ecommerce_etl_pipeline' retrieved from /opt/airflow/dags/ecommerce_etl.py
[2026-02-05T21:59:03.703+0000] {logging_mixin.py:188} INFO - [2026-02-05T21:59:03.703+0000] {dag.py:3036} INFO - Sync 1 DAGs
[2026-02-05T21:59:03.752+0000] {logging_mixin.py:188} INFO - [2026-02-05T21:59:03.751+0000] {dag.py:3823} INFO - Setting next_dagrun for ecommerce_etl_pipeline to 2026-02-05 00:00:00+00:00, run_after=2026-02-06 00:00:00+00:00
[2026-02-05T21:59:03.788+0000] {processor.py:183} INFO - Processing /opt/airflow/dags/ecommerce_etl.py took 0.248 seconds
[2026-02-05T21:59:33.968+0000] {processor.py:161} INFO - Started process (PID=2051) to work on /opt/airflow/dags/ecommerce_etl.py
[2026-02-05T21:59:33.970+0000] {processor.py:830} INFO - Processing file /opt/airflow/dags/ecommerce_etl.py for tasks to queue
[2026-02-05T21:59:33.971+0000] {logging_mixin.py:188} INFO - [2026-02-05T21:59:33.971+0000] {dagbag.py:538} INFO - Filling up the DagBag from /opt/airflow/dags/ecommerce_etl.py
[2026-02-05T21:59:33.999+0000] {processor.py:840} INFO - DAG(s) 'ecommerce_etl_pipeline' retrieved from /opt/airflow/dags/ecommerce_etl.py
[2026-02-05T21:59:34.028+0000] {logging_mixin.py:188} INFO - [2026-02-05T21:59:34.027+0000] {dag.py:3036} INFO - Sync 1 DAGs
[2026-02-05T21:59:34.047+0000] {logging_mixin.py:188} INFO - [2026-02-05T21:59:34.047+0000] {dag.py:3823} INFO - Setting next_dagrun for ecommerce_etl_pipeline to 2026-02-05 00:00:00+00:00, run_after=2026-02-06 00:00:00+00:00
[2026-02-05T21:59:34.068+0000] {processor.py:183} INFO - Processing /opt/airflow/dags/ecommerce_etl.py took 0.103 seconds
[2026-02-05T22:00:04.611+0000] {processor.py:161} INFO - Started process (PID=2080) to work on /opt/airflow/dags/ecommerce_etl.py
[2026-02-05T22:00:04.613+0000] {processor.py:830} INFO - Processing file /opt/airflow/dags/ecommerce_etl.py for tasks to queue
[2026-02-05T22:00:04.619+0000] {logging_mixin.py:188} INFO - [2026-02-05T22:00:04.615+0000] {dagbag.py:538} INFO - Filling up the DagBag from /opt/airflow/dags/ecommerce_etl.py
[2026-02-05T22:00:04.663+0000] {processor.py:840} INFO - DAG(s) 'ecommerce_etl_pipeline' retrieved from /opt/airflow/dags/ecommerce_etl.py
[2026-02-05T22:00:04.715+0000] {logging_mixin.py:188} INFO - [2026-02-05T22:00:04.714+0000] {dag.py:3036} INFO - Sync 1 DAGs
[2026-02-05T22:00:04.757+0000] {logging_mixin.py:188} INFO - [2026-02-05T22:00:04.757+0000] {dag.py:3823} INFO - Setting next_dagrun for ecommerce_etl_pipeline to 2026-02-05 00:00:00+00:00, run_after=2026-02-06 00:00:00+00:00
[2026-02-05T22:00:04.796+0000] {processor.py:183} INFO - Processing /opt/airflow/dags/ecommerce_etl.py took 0.190 seconds
[2026-02-05T22:00:35.093+0000] {processor.py:161} INFO - Started process (PID=2109) to work on /opt/airflow/dags/ecommerce_etl.py
[2026-02-05T22:00:35.094+0000] {processor.py:830} INFO - Processing file /opt/airflow/dags/ecommerce_etl.py for tasks to queue
[2026-02-05T22:00:35.095+0000] {logging_mixin.py:188} INFO - [2026-02-05T22:00:35.095+0000] {dagbag.py:538} INFO - Filling up the DagBag from /opt/airflow/dags/ecommerce_etl.py
[2026-02-05T22:00:35.124+0000] {processor.py:840} INFO - DAG(s) 'ecommerce_etl_pipeline' retrieved from /opt/airflow/dags/ecommerce_etl.py
[2026-02-05T22:00:35.169+0000] {logging_mixin.py:188} INFO - [2026-02-05T22:00:35.169+0000] {dag.py:3036} INFO - Sync 1 DAGs
[2026-02-05T22:00:35.199+0000] {logging_mixin.py:188} INFO - [2026-02-05T22:00:35.198+0000] {dag.py:3823} INFO - Setting next_dagrun for ecommerce_etl_pipeline to 2026-02-05 00:00:00+00:00, run_after=2026-02-06 00:00:00+00:00
[2026-02-05T22:00:35.234+0000] {processor.py:183} INFO - Processing /opt/airflow/dags/ecommerce_etl.py took 0.145 seconds
[2026-02-05T22:01:05.544+0000] {processor.py:161} INFO - Started process (PID=2138) to work on /opt/airflow/dags/ecommerce_etl.py
[2026-02-05T22:01:05.545+0000] {processor.py:830} INFO - Processing file /opt/airflow/dags/ecommerce_etl.py for tasks to queue
[2026-02-05T22:01:05.547+0000] {logging_mixin.py:188} INFO - [2026-02-05T22:01:05.547+0000] {dagbag.py:538} INFO - Filling up the DagBag from /opt/airflow/dags/ecommerce_etl.py
[2026-02-05T22:01:05.596+0000] {processor.py:840} INFO - DAG(s) 'ecommerce_etl_pipeline' retrieved from /opt/airflow/dags/ecommerce_etl.py
[2026-02-05T22:01:05.637+0000] {logging_mixin.py:188} INFO - [2026-02-05T22:01:05.637+0000] {dag.py:3036} INFO - Sync 1 DAGs
[2026-02-05T22:01:05.669+0000] {logging_mixin.py:188} INFO - [2026-02-05T22:01:05.669+0000] {dag.py:3823} INFO - Setting next_dagrun for ecommerce_etl_pipeline to 2026-02-05 00:00:00+00:00, run_after=2026-02-06 00:00:00+00:00
[2026-02-05T22:01:05.687+0000] {processor.py:183} INFO - Processing /opt/airflow/dags/ecommerce_etl.py took 0.149 seconds
[2026-02-05T22:01:35.954+0000] {processor.py:161} INFO - Started process (PID=2167) to work on /opt/airflow/dags/ecommerce_etl.py
[2026-02-05T22:01:35.956+0000] {processor.py:830} INFO - Processing file /opt/airflow/dags/ecommerce_etl.py for tasks to queue
[2026-02-05T22:01:35.957+0000] {logging_mixin.py:188} INFO - [2026-02-05T22:01:35.956+0000] {dagbag.py:538} INFO - Filling up the DagBag from /opt/airflow/dags/ecommerce_etl.py
[2026-02-05T22:01:35.980+0000] {processor.py:840} INFO - DAG(s) 'ecommerce_etl_pipeline' retrieved from /opt/airflow/dags/ecommerce_etl.py
[2026-02-05T22:01:36.007+0000] {logging_mixin.py:188} INFO - [2026-02-05T22:01:36.007+0000] {dag.py:3036} INFO - Sync 1 DAGs
[2026-02-05T22:01:36.026+0000] {logging_mixin.py:188} INFO - [2026-02-05T22:01:36.025+0000] {dag.py:3823} INFO - Setting next_dagrun for ecommerce_etl_pipeline to 2026-02-05 00:00:00+00:00, run_after=2026-02-06 00:00:00+00:00
[2026-02-05T22:01:36.043+0000] {processor.py:183} INFO - Processing /opt/airflow/dags/ecommerce_etl.py took 0.091 seconds
[2026-02-05T22:02:06.320+0000] {processor.py:161} INFO - Started process (PID=2196) to work on /opt/airflow/dags/ecommerce_etl.py
[2026-02-05T22:02:06.322+0000] {processor.py:830} INFO - Processing file /opt/airflow/dags/ecommerce_etl.py for tasks to queue
[2026-02-05T22:02:06.323+0000] {logging_mixin.py:188} INFO - [2026-02-05T22:02:06.323+0000] {dagbag.py:538} INFO - Filling up the DagBag from /opt/airflow/dags/ecommerce_etl.py
[2026-02-05T22:02:06.348+0000] {processor.py:840} INFO - DAG(s) 'ecommerce_etl_pipeline' retrieved from /opt/airflow/dags/ecommerce_etl.py
[2026-02-05T22:02:06.374+0000] {logging_mixin.py:188} INFO - [2026-02-05T22:02:06.374+0000] {dag.py:3036} INFO - Sync 1 DAGs
[2026-02-05T22:02:06.392+0000] {logging_mixin.py:188} INFO - [2026-02-05T22:02:06.392+0000] {dag.py:3823} INFO - Setting next_dagrun for ecommerce_etl_pipeline to 2026-02-05 00:00:00+00:00, run_after=2026-02-06 00:00:00+00:00
[2026-02-05T22:02:06.408+0000] {processor.py:183} INFO - Processing /opt/airflow/dags/ecommerce_etl.py took 0.091 seconds
[2026-02-05T22:02:36.675+0000] {processor.py:161} INFO - Started process (PID=2225) to work on /opt/airflow/dags/ecommerce_etl.py
[2026-02-05T22:02:36.676+0000] {processor.py:830} INFO - Processing file /opt/airflow/dags/ecommerce_etl.py for tasks to queue
[2026-02-05T22:02:36.677+0000] {logging_mixin.py:188} INFO - [2026-02-05T22:02:36.677+0000] {dagbag.py:538} INFO - Filling up the DagBag from /opt/airflow/dags/ecommerce_etl.py
[2026-02-05T22:02:36.712+0000] {processor.py:840} INFO - DAG(s) 'ecommerce_etl_pipeline' retrieved from /opt/airflow/dags/ecommerce_etl.py
[2026-02-05T22:02:36.746+0000] {logging_mixin.py:188} INFO - [2026-02-05T22:02:36.746+0000] {dag.py:3036} INFO - Sync 1 DAGs
[2026-02-05T22:02:36.766+0000] {logging_mixin.py:188} INFO - [2026-02-05T22:02:36.765+0000] {dag.py:3823} INFO - Setting next_dagrun for ecommerce_etl_pipeline to 2026-02-05 00:00:00+00:00, run_after=2026-02-06 00:00:00+00:00
[2026-02-05T22:02:36.785+0000] {processor.py:183} INFO - Processing /opt/airflow/dags/ecommerce_etl.py took 0.113 seconds
[2026-02-05T22:03:07.060+0000] {processor.py:161} INFO - Started process (PID=2261) to work on /opt/airflow/dags/ecommerce_etl.py
[2026-02-05T22:03:07.061+0000] {processor.py:830} INFO - Processing file /opt/airflow/dags/ecommerce_etl.py for tasks to queue
[2026-02-05T22:03:07.062+0000] {logging_mixin.py:188} INFO - [2026-02-05T22:03:07.062+0000] {dagbag.py:538} INFO - Filling up the DagBag from /opt/airflow/dags/ecommerce_etl.py
[2026-02-05T22:03:07.084+0000] {processor.py:840} INFO - DAG(s) 'ecommerce_etl_pipeline' retrieved from /opt/airflow/dags/ecommerce_etl.py
[2026-02-05T22:03:07.112+0000] {logging_mixin.py:188} INFO - [2026-02-05T22:03:07.112+0000] {dag.py:3036} INFO - Sync 1 DAGs
[2026-02-05T22:03:07.131+0000] {logging_mixin.py:188} INFO - [2026-02-05T22:03:07.131+0000] {dag.py:3823} INFO - Setting next_dagrun for ecommerce_etl_pipeline to 2026-02-05 00:00:00+00:00, run_after=2026-02-06 00:00:00+00:00
[2026-02-05T22:03:07.149+0000] {processor.py:183} INFO - Processing /opt/airflow/dags/ecommerce_etl.py took 0.092 seconds
[2026-02-05T22:03:37.315+0000] {processor.py:161} INFO - Started process (PID=2307) to work on /opt/airflow/dags/ecommerce_etl.py
[2026-02-05T22:03:37.317+0000] {processor.py:830} INFO - Processing file /opt/airflow/dags/ecommerce_etl.py for tasks to queue
[2026-02-05T22:03:37.319+0000] {logging_mixin.py:188} INFO - [2026-02-05T22:03:37.318+0000] {dagbag.py:538} INFO - Filling up the DagBag from /opt/airflow/dags/ecommerce_etl.py
[2026-02-05T22:03:37.357+0000] {processor.py:840} INFO - DAG(s) 'ecommerce_etl_pipeline' retrieved from /opt/airflow/dags/ecommerce_etl.py
[2026-02-05T22:03:37.397+0000] {logging_mixin.py:188} INFO - [2026-02-05T22:03:37.397+0000] {dag.py:3036} INFO - Sync 1 DAGs
[2026-02-05T22:03:37.423+0000] {logging_mixin.py:188} INFO - [2026-02-05T22:03:37.423+0000] {dag.py:3823} INFO - Setting next_dagrun for ecommerce_etl_pipeline to 2026-02-05 00:00:00+00:00, run_after=2026-02-06 00:00:00+00:00
[2026-02-05T22:03:37.444+0000] {processor.py:183} INFO - Processing /opt/airflow/dags/ecommerce_etl.py took 0.134 seconds
[2026-02-05T22:04:07.698+0000] {processor.py:161} INFO - Started process (PID=2336) to work on /opt/airflow/dags/ecommerce_etl.py
[2026-02-05T22:04:07.700+0000] {processor.py:830} INFO - Processing file /opt/airflow/dags/ecommerce_etl.py for tasks to queue
[2026-02-05T22:04:07.701+0000] {logging_mixin.py:188} INFO - [2026-02-05T22:04:07.701+0000] {dagbag.py:538} INFO - Filling up the DagBag from /opt/airflow/dags/ecommerce_etl.py
[2026-02-05T22:04:07.737+0000] {processor.py:840} INFO - DAG(s) 'ecommerce_etl_pipeline' retrieved from /opt/airflow/dags/ecommerce_etl.py
[2026-02-05T22:04:07.769+0000] {logging_mixin.py:188} INFO - [2026-02-05T22:04:07.768+0000] {dag.py:3036} INFO - Sync 1 DAGs
[2026-02-05T22:04:07.793+0000] {logging_mixin.py:188} INFO - [2026-02-05T22:04:07.793+0000] {dag.py:3823} INFO - Setting next_dagrun for ecommerce_etl_pipeline to 2026-02-05 00:00:00+00:00, run_after=2026-02-06 00:00:00+00:00
[2026-02-05T22:04:07.827+0000] {processor.py:183} INFO - Processing /opt/airflow/dags/ecommerce_etl.py took 0.132 seconds
[2026-02-05T22:04:37.963+0000] {processor.py:161} INFO - Started process (PID=2351) to work on /opt/airflow/dags/ecommerce_etl.py
[2026-02-05T22:04:37.965+0000] {processor.py:830} INFO - Processing file /opt/airflow/dags/ecommerce_etl.py for tasks to queue
[2026-02-05T22:04:37.967+0000] {logging_mixin.py:188} INFO - [2026-02-05T22:04:37.966+0000] {dagbag.py:538} INFO - Filling up the DagBag from /opt/airflow/dags/ecommerce_etl.py
[2026-02-05T22:04:38.009+0000] {processor.py:840} INFO - DAG(s) 'ecommerce_etl_pipeline' retrieved from /opt/airflow/dags/ecommerce_etl.py
[2026-02-05T22:04:38.056+0000] {logging_mixin.py:188} INFO - [2026-02-05T22:04:38.055+0000] {dag.py:3036} INFO - Sync 1 DAGs
[2026-02-05T22:04:38.085+0000] {logging_mixin.py:188} INFO - [2026-02-05T22:04:38.084+0000] {dag.py:3823} INFO - Setting next_dagrun for ecommerce_etl_pipeline to 2026-02-05 00:00:00+00:00, run_after=2026-02-06 00:00:00+00:00
[2026-02-05T22:04:38.111+0000] {processor.py:183} INFO - Processing /opt/airflow/dags/ecommerce_etl.py took 0.152 seconds
[2026-02-05T22:05:08.339+0000] {processor.py:161} INFO - Started process (PID=2376) to work on /opt/airflow/dags/ecommerce_etl.py
[2026-02-05T22:05:08.340+0000] {processor.py:830} INFO - Processing file /opt/airflow/dags/ecommerce_etl.py for tasks to queue
[2026-02-05T22:05:08.341+0000] {logging_mixin.py:188} INFO - [2026-02-05T22:05:08.340+0000] {dagbag.py:538} INFO - Filling up the DagBag from /opt/airflow/dags/ecommerce_etl.py
[2026-02-05T22:05:08.369+0000] {processor.py:840} INFO - DAG(s) 'ecommerce_etl_pipeline' retrieved from /opt/airflow/dags/ecommerce_etl.py
[2026-02-05T22:05:08.404+0000] {logging_mixin.py:188} INFO - [2026-02-05T22:05:08.403+0000] {dag.py:3036} INFO - Sync 1 DAGs
[2026-02-05T22:05:08.427+0000] {logging_mixin.py:188} INFO - [2026-02-05T22:05:08.427+0000] {dag.py:3823} INFO - Setting next_dagrun for ecommerce_etl_pipeline to 2026-02-05 00:00:00+00:00, run_after=2026-02-06 00:00:00+00:00
[2026-02-05T22:05:08.448+0000] {processor.py:183} INFO - Processing /opt/airflow/dags/ecommerce_etl.py took 0.114 seconds
[2026-02-05T22:05:38.681+0000] {processor.py:161} INFO - Started process (PID=2405) to work on /opt/airflow/dags/ecommerce_etl.py
[2026-02-05T22:05:38.684+0000] {processor.py:830} INFO - Processing file /opt/airflow/dags/ecommerce_etl.py for tasks to queue
[2026-02-05T22:05:38.687+0000] {logging_mixin.py:188} INFO - [2026-02-05T22:05:38.686+0000] {dagbag.py:538} INFO - Filling up the DagBag from /opt/airflow/dags/ecommerce_etl.py
[2026-02-05T22:05:38.726+0000] {processor.py:840} INFO - DAG(s) 'ecommerce_etl_pipeline' retrieved from /opt/airflow/dags/ecommerce_etl.py
[2026-02-05T22:05:38.784+0000] {logging_mixin.py:188} INFO - [2026-02-05T22:05:38.784+0000] {dag.py:3036} INFO - Sync 1 DAGs
[2026-02-05T22:05:38.813+0000] {logging_mixin.py:188} INFO - [2026-02-05T22:05:38.812+0000] {dag.py:3823} INFO - Setting next_dagrun for ecommerce_etl_pipeline to 2026-02-05 00:00:00+00:00, run_after=2026-02-06 00:00:00+00:00
[2026-02-05T22:05:38.836+0000] {processor.py:183} INFO - Processing /opt/airflow/dags/ecommerce_etl.py took 0.160 seconds
[2026-02-05T22:06:09.084+0000] {processor.py:161} INFO - Started process (PID=2434) to work on /opt/airflow/dags/ecommerce_etl.py
[2026-02-05T22:06:09.085+0000] {processor.py:830} INFO - Processing file /opt/airflow/dags/ecommerce_etl.py for tasks to queue
[2026-02-05T22:06:09.086+0000] {logging_mixin.py:188} INFO - [2026-02-05T22:06:09.085+0000] {dagbag.py:538} INFO - Filling up the DagBag from /opt/airflow/dags/ecommerce_etl.py
[2026-02-05T22:06:09.110+0000] {processor.py:840} INFO - DAG(s) 'ecommerce_etl_pipeline' retrieved from /opt/airflow/dags/ecommerce_etl.py
[2026-02-05T22:06:09.139+0000] {logging_mixin.py:188} INFO - [2026-02-05T22:06:09.139+0000] {dag.py:3036} INFO - Sync 1 DAGs
[2026-02-05T22:06:09.173+0000] {logging_mixin.py:188} INFO - [2026-02-05T22:06:09.173+0000] {dag.py:3823} INFO - Setting next_dagrun for ecommerce_etl_pipeline to 2026-02-05 00:00:00+00:00, run_after=2026-02-06 00:00:00+00:00
[2026-02-05T22:06:09.206+0000] {processor.py:183} INFO - Processing /opt/airflow/dags/ecommerce_etl.py took 0.125 seconds
[2026-02-05T22:06:39.422+0000] {processor.py:161} INFO - Started process (PID=2463) to work on /opt/airflow/dags/ecommerce_etl.py
[2026-02-05T22:06:39.423+0000] {processor.py:830} INFO - Processing file /opt/airflow/dags/ecommerce_etl.py for tasks to queue
[2026-02-05T22:06:39.424+0000] {logging_mixin.py:188} INFO - [2026-02-05T22:06:39.423+0000] {dagbag.py:538} INFO - Filling up the DagBag from /opt/airflow/dags/ecommerce_etl.py
[2026-02-05T22:06:39.445+0000] {processor.py:840} INFO - DAG(s) 'ecommerce_etl_pipeline' retrieved from /opt/airflow/dags/ecommerce_etl.py
[2026-02-05T22:06:39.474+0000] {logging_mixin.py:188} INFO - [2026-02-05T22:06:39.474+0000] {dag.py:3036} INFO - Sync 1 DAGs
[2026-02-05T22:06:39.494+0000] {logging_mixin.py:188} INFO - [2026-02-05T22:06:39.494+0000] {dag.py:3823} INFO - Setting next_dagrun for ecommerce_etl_pipeline to 2026-02-05 00:00:00+00:00, run_after=2026-02-06 00:00:00+00:00
[2026-02-05T22:06:39.513+0000] {processor.py:183} INFO - Processing /opt/airflow/dags/ecommerce_etl.py took 0.095 seconds
[2026-02-05T22:07:09.648+0000] {processor.py:161} INFO - Started process (PID=2492) to work on /opt/airflow/dags/ecommerce_etl.py
[2026-02-05T22:07:09.649+0000] {processor.py:830} INFO - Processing file /opt/airflow/dags/ecommerce_etl.py for tasks to queue
[2026-02-05T22:07:09.650+0000] {logging_mixin.py:188} INFO - [2026-02-05T22:07:09.649+0000] {dagbag.py:538} INFO - Filling up the DagBag from /opt/airflow/dags/ecommerce_etl.py
[2026-02-05T22:07:09.678+0000] {processor.py:840} INFO - DAG(s) 'ecommerce_etl_pipeline' retrieved from /opt/airflow/dags/ecommerce_etl.py
[2026-02-05T22:07:09.707+0000] {logging_mixin.py:188} INFO - [2026-02-05T22:07:09.706+0000] {dag.py:3036} INFO - Sync 1 DAGs
[2026-02-05T22:07:09.731+0000] {logging_mixin.py:188} INFO - [2026-02-05T22:07:09.730+0000] {dag.py:3823} INFO - Setting next_dagrun for ecommerce_etl_pipeline to 2026-02-05 00:00:00+00:00, run_after=2026-02-06 00:00:00+00:00
[2026-02-05T22:07:09.797+0000] {processor.py:183} INFO - Processing /opt/airflow/dags/ecommerce_etl.py took 0.153 seconds
[2026-02-05T22:07:39.941+0000] {processor.py:161} INFO - Started process (PID=2522) to work on /opt/airflow/dags/ecommerce_etl.py
[2026-02-05T22:07:39.942+0000] {processor.py:830} INFO - Processing file /opt/airflow/dags/ecommerce_etl.py for tasks to queue
[2026-02-05T22:07:39.943+0000] {logging_mixin.py:188} INFO - [2026-02-05T22:07:39.943+0000] {dagbag.py:538} INFO - Filling up the DagBag from /opt/airflow/dags/ecommerce_etl.py
[2026-02-05T22:07:39.965+0000] {processor.py:840} INFO - DAG(s) 'ecommerce_etl_pipeline' retrieved from /opt/airflow/dags/ecommerce_etl.py
[2026-02-05T22:07:39.993+0000] {logging_mixin.py:188} INFO - [2026-02-05T22:07:39.993+0000] {dag.py:3036} INFO - Sync 1 DAGs
[2026-02-05T22:07:40.019+0000] {logging_mixin.py:188} INFO - [2026-02-05T22:07:40.018+0000] {dag.py:3823} INFO - Setting next_dagrun for ecommerce_etl_pipeline to 2026-02-05 00:00:00+00:00, run_after=2026-02-06 00:00:00+00:00
[2026-02-05T22:07:40.044+0000] {processor.py:183} INFO - Processing /opt/airflow/dags/ecommerce_etl.py took 0.107 seconds
[2026-02-05T22:08:10.299+0000] {processor.py:161} INFO - Started process (PID=2551) to work on /opt/airflow/dags/ecommerce_etl.py
[2026-02-05T22:08:10.300+0000] {processor.py:830} INFO - Processing file /opt/airflow/dags/ecommerce_etl.py for tasks to queue
[2026-02-05T22:08:10.301+0000] {logging_mixin.py:188} INFO - [2026-02-05T22:08:10.301+0000] {dagbag.py:538} INFO - Filling up the DagBag from /opt/airflow/dags/ecommerce_etl.py
[2026-02-05T22:08:10.327+0000] {processor.py:840} INFO - DAG(s) 'ecommerce_etl_pipeline' retrieved from /opt/airflow/dags/ecommerce_etl.py
[2026-02-05T22:08:10.355+0000] {logging_mixin.py:188} INFO - [2026-02-05T22:08:10.355+0000] {dag.py:3036} INFO - Sync 1 DAGs
[2026-02-05T22:08:10.375+0000] {logging_mixin.py:188} INFO - [2026-02-05T22:08:10.375+0000] {dag.py:3823} INFO - Setting next_dagrun for ecommerce_etl_pipeline to 2026-02-05 00:00:00+00:00, run_after=2026-02-06 00:00:00+00:00
[2026-02-05T22:08:10.394+0000] {processor.py:183} INFO - Processing /opt/airflow/dags/ecommerce_etl.py took 0.098 seconds
[2026-02-05T22:08:40.631+0000] {processor.py:161} INFO - Started process (PID=2580) to work on /opt/airflow/dags/ecommerce_etl.py
[2026-02-05T22:08:40.632+0000] {processor.py:830} INFO - Processing file /opt/airflow/dags/ecommerce_etl.py for tasks to queue
[2026-02-05T22:08:40.633+0000] {logging_mixin.py:188} INFO - [2026-02-05T22:08:40.633+0000] {dagbag.py:538} INFO - Filling up the DagBag from /opt/airflow/dags/ecommerce_etl.py
[2026-02-05T22:08:40.657+0000] {processor.py:840} INFO - DAG(s) 'ecommerce_etl_pipeline' retrieved from /opt/airflow/dags/ecommerce_etl.py
[2026-02-05T22:08:40.684+0000] {logging_mixin.py:188} INFO - [2026-02-05T22:08:40.684+0000] {dag.py:3036} INFO - Sync 1 DAGs
[2026-02-05T22:08:40.702+0000] {logging_mixin.py:188} INFO - [2026-02-05T22:08:40.702+0000] {dag.py:3823} INFO - Setting next_dagrun for ecommerce_etl_pipeline to 2026-02-05 00:00:00+00:00, run_after=2026-02-06 00:00:00+00:00
[2026-02-05T22:08:40.720+0000] {processor.py:183} INFO - Processing /opt/airflow/dags/ecommerce_etl.py took 0.092 seconds
[2026-02-05T22:09:10.944+0000] {processor.py:161} INFO - Started process (PID=2609) to work on /opt/airflow/dags/ecommerce_etl.py
[2026-02-05T22:09:10.945+0000] {processor.py:830} INFO - Processing file /opt/airflow/dags/ecommerce_etl.py for tasks to queue
[2026-02-05T22:09:10.946+0000] {logging_mixin.py:188} INFO - [2026-02-05T22:09:10.946+0000] {dagbag.py:538} INFO - Filling up the DagBag from /opt/airflow/dags/ecommerce_etl.py
[2026-02-05T22:09:10.968+0000] {processor.py:840} INFO - DAG(s) 'ecommerce_etl_pipeline' retrieved from /opt/airflow/dags/ecommerce_etl.py
[2026-02-05T22:09:10.997+0000] {logging_mixin.py:188} INFO - [2026-02-05T22:09:10.997+0000] {dag.py:3036} INFO - Sync 1 DAGs
[2026-02-05T22:09:11.017+0000] {logging_mixin.py:188} INFO - [2026-02-05T22:09:11.017+0000] {dag.py:3823} INFO - Setting next_dagrun for ecommerce_etl_pipeline to 2026-02-05 00:00:00+00:00, run_after=2026-02-06 00:00:00+00:00
[2026-02-05T22:09:11.035+0000] {processor.py:183} INFO - Processing /opt/airflow/dags/ecommerce_etl.py took 0.095 seconds
[2026-02-05T22:09:41.274+0000] {processor.py:161} INFO - Started process (PID=2638) to work on /opt/airflow/dags/ecommerce_etl.py
[2026-02-05T22:09:41.275+0000] {processor.py:830} INFO - Processing file /opt/airflow/dags/ecommerce_etl.py for tasks to queue
[2026-02-05T22:09:41.276+0000] {logging_mixin.py:188} INFO - [2026-02-05T22:09:41.276+0000] {dagbag.py:538} INFO - Filling up the DagBag from /opt/airflow/dags/ecommerce_etl.py
[2026-02-05T22:09:41.310+0000] {processor.py:840} INFO - DAG(s) 'ecommerce_etl_pipeline' retrieved from /opt/airflow/dags/ecommerce_etl.py
[2026-02-05T22:09:41.346+0000] {logging_mixin.py:188} INFO - [2026-02-05T22:09:41.346+0000] {dag.py:3036} INFO - Sync 1 DAGs
[2026-02-05T22:09:41.370+0000] {logging_mixin.py:188} INFO - [2026-02-05T22:09:41.370+0000] {dag.py:3823} INFO - Setting next_dagrun for ecommerce_etl_pipeline to 2026-02-05 00:00:00+00:00, run_after=2026-02-06 00:00:00+00:00
[2026-02-05T22:09:41.388+0000] {processor.py:183} INFO - Processing /opt/airflow/dags/ecommerce_etl.py took 0.117 seconds
[2026-02-05T22:10:11.618+0000] {processor.py:161} INFO - Started process (PID=2652) to work on /opt/airflow/dags/ecommerce_etl.py
[2026-02-05T22:10:11.620+0000] {processor.py:830} INFO - Processing file /opt/airflow/dags/ecommerce_etl.py for tasks to queue
[2026-02-05T22:10:11.621+0000] {logging_mixin.py:188} INFO - [2026-02-05T22:10:11.621+0000] {dagbag.py:538} INFO - Filling up the DagBag from /opt/airflow/dags/ecommerce_etl.py
[2026-02-05T22:10:11.645+0000] {processor.py:840} INFO - DAG(s) 'ecommerce_etl_pipeline' retrieved from /opt/airflow/dags/ecommerce_etl.py
[2026-02-05T22:10:11.677+0000] {logging_mixin.py:188} INFO - [2026-02-05T22:10:11.676+0000] {dag.py:3036} INFO - Sync 1 DAGs
[2026-02-05T22:10:11.699+0000] {logging_mixin.py:188} INFO - [2026-02-05T22:10:11.699+0000] {dag.py:3823} INFO - Setting next_dagrun for ecommerce_etl_pipeline to 2026-02-05 00:00:00+00:00, run_after=2026-02-06 00:00:00+00:00
[2026-02-05T22:10:11.720+0000] {processor.py:183} INFO - Processing /opt/airflow/dags/ecommerce_etl.py took 0.105 seconds
[2026-02-05T22:10:41.954+0000] {processor.py:161} INFO - Started process (PID=2678) to work on /opt/airflow/dags/ecommerce_etl.py
[2026-02-05T22:10:41.955+0000] {processor.py:830} INFO - Processing file /opt/airflow/dags/ecommerce_etl.py for tasks to queue
[2026-02-05T22:10:41.956+0000] {logging_mixin.py:188} INFO - [2026-02-05T22:10:41.955+0000] {dagbag.py:538} INFO - Filling up the DagBag from /opt/airflow/dags/ecommerce_etl.py
[2026-02-05T22:10:41.979+0000] {processor.py:840} INFO - DAG(s) 'ecommerce_etl_pipeline' retrieved from /opt/airflow/dags/ecommerce_etl.py
[2026-02-05T22:10:42.005+0000] {logging_mixin.py:188} INFO - [2026-02-05T22:10:42.005+0000] {dag.py:3036} INFO - Sync 1 DAGs
[2026-02-05T22:10:42.023+0000] {logging_mixin.py:188} INFO - [2026-02-05T22:10:42.023+0000] {dag.py:3823} INFO - Setting next_dagrun for ecommerce_etl_pipeline to 2026-02-05 00:00:00+00:00, run_after=2026-02-06 00:00:00+00:00
[2026-02-05T22:10:42.040+0000] {processor.py:183} INFO - Processing /opt/airflow/dags/ecommerce_etl.py took 0.089 seconds
[2026-02-05T22:11:12.317+0000] {processor.py:161} INFO - Started process (PID=2707) to work on /opt/airflow/dags/ecommerce_etl.py
[2026-02-05T22:11:12.318+0000] {processor.py:830} INFO - Processing file /opt/airflow/dags/ecommerce_etl.py for tasks to queue
[2026-02-05T22:11:12.319+0000] {logging_mixin.py:188} INFO - [2026-02-05T22:11:12.319+0000] {dagbag.py:538} INFO - Filling up the DagBag from /opt/airflow/dags/ecommerce_etl.py
[2026-02-05T22:11:12.343+0000] {processor.py:840} INFO - DAG(s) 'ecommerce_etl_pipeline' retrieved from /opt/airflow/dags/ecommerce_etl.py
[2026-02-05T22:11:12.369+0000] {logging_mixin.py:188} INFO - [2026-02-05T22:11:12.369+0000] {dag.py:3036} INFO - Sync 1 DAGs
[2026-02-05T22:11:12.411+0000] {logging_mixin.py:188} INFO - [2026-02-05T22:11:12.411+0000] {dag.py:3823} INFO - Setting next_dagrun for ecommerce_etl_pipeline to 2026-02-05 00:00:00+00:00, run_after=2026-02-06 00:00:00+00:00
[2026-02-05T22:11:12.431+0000] {processor.py:183} INFO - Processing /opt/airflow/dags/ecommerce_etl.py took 0.118 seconds
[2026-02-05T22:11:42.688+0000] {processor.py:161} INFO - Started process (PID=2736) to work on /opt/airflow/dags/ecommerce_etl.py
[2026-02-05T22:11:42.690+0000] {processor.py:830} INFO - Processing file /opt/airflow/dags/ecommerce_etl.py for tasks to queue
[2026-02-05T22:11:42.691+0000] {logging_mixin.py:188} INFO - [2026-02-05T22:11:42.691+0000] {dagbag.py:538} INFO - Filling up the DagBag from /opt/airflow/dags/ecommerce_etl.py
[2026-02-05T22:11:42.717+0000] {processor.py:840} INFO - DAG(s) 'ecommerce_etl_pipeline' retrieved from /opt/airflow/dags/ecommerce_etl.py
[2026-02-05T22:11:42.749+0000] {logging_mixin.py:188} INFO - [2026-02-05T22:11:42.749+0000] {dag.py:3036} INFO - Sync 1 DAGs
[2026-02-05T22:11:42.770+0000] {logging_mixin.py:188} INFO - [2026-02-05T22:11:42.769+0000] {dag.py:3823} INFO - Setting next_dagrun for ecommerce_etl_pipeline to 2026-02-05 00:00:00+00:00, run_after=2026-02-06 00:00:00+00:00
[2026-02-05T22:11:42.788+0000] {processor.py:183} INFO - Processing /opt/airflow/dags/ecommerce_etl.py took 0.103 seconds
[2026-02-05T22:12:13.047+0000] {processor.py:161} INFO - Started process (PID=2765) to work on /opt/airflow/dags/ecommerce_etl.py
[2026-02-05T22:12:13.048+0000] {processor.py:830} INFO - Processing file /opt/airflow/dags/ecommerce_etl.py for tasks to queue
[2026-02-05T22:12:13.049+0000] {logging_mixin.py:188} INFO - [2026-02-05T22:12:13.049+0000] {dagbag.py:538} INFO - Filling up the DagBag from /opt/airflow/dags/ecommerce_etl.py
[2026-02-05T22:12:13.070+0000] {processor.py:840} INFO - DAG(s) 'ecommerce_etl_pipeline' retrieved from /opt/airflow/dags/ecommerce_etl.py
[2026-02-05T22:12:13.096+0000] {logging_mixin.py:188} INFO - [2026-02-05T22:12:13.095+0000] {dag.py:3036} INFO - Sync 1 DAGs
[2026-02-05T22:12:13.116+0000] {logging_mixin.py:188} INFO - [2026-02-05T22:12:13.116+0000] {dag.py:3823} INFO - Setting next_dagrun for ecommerce_etl_pipeline to 2026-02-05 00:00:00+00:00, run_after=2026-02-06 00:00:00+00:00
[2026-02-05T22:12:13.134+0000] {processor.py:183} INFO - Processing /opt/airflow/dags/ecommerce_etl.py took 0.091 seconds
[2026-02-05T22:12:43.387+0000] {processor.py:161} INFO - Started process (PID=2794) to work on /opt/airflow/dags/ecommerce_etl.py
[2026-02-05T22:12:43.388+0000] {processor.py:830} INFO - Processing file /opt/airflow/dags/ecommerce_etl.py for tasks to queue
[2026-02-05T22:12:43.389+0000] {logging_mixin.py:188} INFO - [2026-02-05T22:12:43.389+0000] {dagbag.py:538} INFO - Filling up the DagBag from /opt/airflow/dags/ecommerce_etl.py
[2026-02-05T22:12:43.411+0000] {processor.py:840} INFO - DAG(s) 'ecommerce_etl_pipeline' retrieved from /opt/airflow/dags/ecommerce_etl.py
[2026-02-05T22:12:43.437+0000] {logging_mixin.py:188} INFO - [2026-02-05T22:12:43.436+0000] {dag.py:3036} INFO - Sync 1 DAGs
[2026-02-05T22:12:43.454+0000] {logging_mixin.py:188} INFO - [2026-02-05T22:12:43.454+0000] {dag.py:3823} INFO - Setting next_dagrun for ecommerce_etl_pipeline to 2026-02-05 00:00:00+00:00, run_after=2026-02-06 00:00:00+00:00
[2026-02-05T22:12:43.473+0000] {processor.py:183} INFO - Processing /opt/airflow/dags/ecommerce_etl.py took 0.089 seconds
[2026-02-05T22:13:13.710+0000] {processor.py:161} INFO - Started process (PID=2823) to work on /opt/airflow/dags/ecommerce_etl.py
[2026-02-05T22:13:13.711+0000] {processor.py:830} INFO - Processing file /opt/airflow/dags/ecommerce_etl.py for tasks to queue
[2026-02-05T22:13:13.712+0000] {logging_mixin.py:188} INFO - [2026-02-05T22:13:13.712+0000] {dagbag.py:538} INFO - Filling up the DagBag from /opt/airflow/dags/ecommerce_etl.py
[2026-02-05T22:13:13.734+0000] {processor.py:840} INFO - DAG(s) 'ecommerce_etl_pipeline' retrieved from /opt/airflow/dags/ecommerce_etl.py
[2026-02-05T22:13:13.764+0000] {logging_mixin.py:188} INFO - [2026-02-05T22:13:13.764+0000] {dag.py:3036} INFO - Sync 1 DAGs
[2026-02-05T22:13:13.788+0000] {logging_mixin.py:188} INFO - [2026-02-05T22:13:13.788+0000] {dag.py:3823} INFO - Setting next_dagrun for ecommerce_etl_pipeline to 2026-02-05 00:00:00+00:00, run_after=2026-02-06 00:00:00+00:00
[2026-02-05T22:13:13.812+0000] {processor.py:183} INFO - Processing /opt/airflow/dags/ecommerce_etl.py took 0.105 seconds
[2026-02-05T22:13:44.027+0000] {processor.py:161} INFO - Started process (PID=2852) to work on /opt/airflow/dags/ecommerce_etl.py
[2026-02-05T22:13:44.028+0000] {processor.py:830} INFO - Processing file /opt/airflow/dags/ecommerce_etl.py for tasks to queue
[2026-02-05T22:13:44.029+0000] {logging_mixin.py:188} INFO - [2026-02-05T22:13:44.028+0000] {dagbag.py:538} INFO - Filling up the DagBag from /opt/airflow/dags/ecommerce_etl.py
[2026-02-05T22:13:44.051+0000] {processor.py:840} INFO - DAG(s) 'ecommerce_etl_pipeline' retrieved from /opt/airflow/dags/ecommerce_etl.py
[2026-02-05T22:13:44.077+0000] {logging_mixin.py:188} INFO - [2026-02-05T22:13:44.077+0000] {dag.py:3036} INFO - Sync 1 DAGs
[2026-02-05T22:13:44.098+0000] {logging_mixin.py:188} INFO - [2026-02-05T22:13:44.098+0000] {dag.py:3823} INFO - Setting next_dagrun for ecommerce_etl_pipeline to 2026-02-05 00:00:00+00:00, run_after=2026-02-06 00:00:00+00:00
[2026-02-05T22:13:44.116+0000] {processor.py:183} INFO - Processing /opt/airflow/dags/ecommerce_etl.py took 0.093 seconds
[2026-02-05T22:14:14.263+0000] {processor.py:161} INFO - Started process (PID=2881) to work on /opt/airflow/dags/ecommerce_etl.py
[2026-02-05T22:14:14.264+0000] {processor.py:830} INFO - Processing file /opt/airflow/dags/ecommerce_etl.py for tasks to queue
[2026-02-05T22:14:14.265+0000] {logging_mixin.py:188} INFO - [2026-02-05T22:14:14.265+0000] {dagbag.py:538} INFO - Filling up the DagBag from /opt/airflow/dags/ecommerce_etl.py
[2026-02-05T22:14:14.290+0000] {processor.py:840} INFO - DAG(s) 'ecommerce_etl_pipeline' retrieved from /opt/airflow/dags/ecommerce_etl.py
[2026-02-05T22:14:14.326+0000] {logging_mixin.py:188} INFO - [2026-02-05T22:14:14.325+0000] {dag.py:3036} INFO - Sync 1 DAGs
[2026-02-05T22:14:14.544+0000] {logging_mixin.py:188} INFO - [2026-02-05T22:14:14.544+0000] {dag.py:3823} INFO - Setting next_dagrun for ecommerce_etl_pipeline to 2026-02-05 00:00:00+00:00, run_after=2026-02-06 00:00:00+00:00
[2026-02-05T22:14:14.570+0000] {processor.py:183} INFO - Processing /opt/airflow/dags/ecommerce_etl.py took 0.310 seconds
[2026-02-05T22:14:44.909+0000] {processor.py:161} INFO - Started process (PID=2910) to work on /opt/airflow/dags/ecommerce_etl.py
[2026-02-05T22:14:44.910+0000] {processor.py:830} INFO - Processing file /opt/airflow/dags/ecommerce_etl.py for tasks to queue
[2026-02-05T22:14:44.911+0000] {logging_mixin.py:188} INFO - [2026-02-05T22:14:44.911+0000] {dagbag.py:538} INFO - Filling up the DagBag from /opt/airflow/dags/ecommerce_etl.py
[2026-02-05T22:14:44.937+0000] {processor.py:840} INFO - DAG(s) 'ecommerce_etl_pipeline' retrieved from /opt/airflow/dags/ecommerce_etl.py
[2026-02-05T22:14:44.964+0000] {logging_mixin.py:188} INFO - [2026-02-05T22:14:44.963+0000] {dag.py:3036} INFO - Sync 1 DAGs
[2026-02-05T22:14:44.984+0000] {logging_mixin.py:188} INFO - [2026-02-05T22:14:44.984+0000] {dag.py:3823} INFO - Setting next_dagrun for ecommerce_etl_pipeline to 2026-02-05 00:00:00+00:00, run_after=2026-02-06 00:00:00+00:00
[2026-02-05T22:14:45.003+0000] {processor.py:183} INFO - Processing /opt/airflow/dags/ecommerce_etl.py took 0.103 seconds
[2026-02-05T22:15:15.201+0000] {processor.py:161} INFO - Started process (PID=2937) to work on /opt/airflow/dags/ecommerce_etl.py
[2026-02-05T22:15:15.202+0000] {processor.py:830} INFO - Processing file /opt/airflow/dags/ecommerce_etl.py for tasks to queue
[2026-02-05T22:15:15.203+0000] {logging_mixin.py:188} INFO - [2026-02-05T22:15:15.203+0000] {dagbag.py:538} INFO - Filling up the DagBag from /opt/airflow/dags/ecommerce_etl.py
[2026-02-05T22:15:15.248+0000] {processor.py:840} INFO - DAG(s) 'ecommerce_etl_pipeline' retrieved from /opt/airflow/dags/ecommerce_etl.py
[2026-02-05T22:15:15.298+0000] {logging_mixin.py:188} INFO - [2026-02-05T22:15:15.298+0000] {dag.py:3036} INFO - Sync 1 DAGs
[2026-02-05T22:15:15.337+0000] {logging_mixin.py:188} INFO - [2026-02-05T22:15:15.337+0000] {dag.py:3823} INFO - Setting next_dagrun for ecommerce_etl_pipeline to 2026-02-05 00:00:00+00:00, run_after=2026-02-06 00:00:00+00:00
[2026-02-05T22:15:15.363+0000] {processor.py:183} INFO - Processing /opt/airflow/dags/ecommerce_etl.py took 0.166 seconds
[2026-02-05T22:15:45.439+0000] {processor.py:161} INFO - Started process (PID=2950) to work on /opt/airflow/dags/ecommerce_etl.py
[2026-02-05T22:15:45.440+0000] {processor.py:830} INFO - Processing file /opt/airflow/dags/ecommerce_etl.py for tasks to queue
[2026-02-05T22:15:45.441+0000] {logging_mixin.py:188} INFO - [2026-02-05T22:15:45.440+0000] {dagbag.py:538} INFO - Filling up the DagBag from /opt/airflow/dags/ecommerce_etl.py
[2026-02-05T22:15:45.466+0000] {processor.py:840} INFO - DAG(s) 'ecommerce_etl_pipeline' retrieved from /opt/airflow/dags/ecommerce_etl.py
[2026-02-05T22:15:45.498+0000] {logging_mixin.py:188} INFO - [2026-02-05T22:15:45.498+0000] {dag.py:3036} INFO - Sync 1 DAGs
[2026-02-05T22:15:45.519+0000] {logging_mixin.py:188} INFO - [2026-02-05T22:15:45.519+0000] {dag.py:3823} INFO - Setting next_dagrun for ecommerce_etl_pipeline to 2026-02-05 00:00:00+00:00, run_after=2026-02-06 00:00:00+00:00
[2026-02-05T22:15:45.539+0000] {processor.py:183} INFO - Processing /opt/airflow/dags/ecommerce_etl.py took 0.105 seconds
[2026-02-05T22:16:15.825+0000] {processor.py:161} INFO - Started process (PID=2980) to work on /opt/airflow/dags/ecommerce_etl.py
[2026-02-05T22:16:15.827+0000] {processor.py:830} INFO - Processing file /opt/airflow/dags/ecommerce_etl.py for tasks to queue
[2026-02-05T22:16:15.828+0000] {logging_mixin.py:188} INFO - [2026-02-05T22:16:15.828+0000] {dagbag.py:538} INFO - Filling up the DagBag from /opt/airflow/dags/ecommerce_etl.py
[2026-02-05T22:16:15.853+0000] {processor.py:840} INFO - DAG(s) 'ecommerce_etl_pipeline' retrieved from /opt/airflow/dags/ecommerce_etl.py
[2026-02-05T22:16:15.882+0000] {logging_mixin.py:188} INFO - [2026-02-05T22:16:15.882+0000] {dag.py:3036} INFO - Sync 1 DAGs
[2026-02-05T22:16:15.903+0000] {logging_mixin.py:188} INFO - [2026-02-05T22:16:15.903+0000] {dag.py:3823} INFO - Setting next_dagrun for ecommerce_etl_pipeline to 2026-02-05 00:00:00+00:00, run_after=2026-02-06 00:00:00+00:00
[2026-02-05T22:16:15.921+0000] {processor.py:183} INFO - Processing /opt/airflow/dags/ecommerce_etl.py took 0.099 seconds
[2026-02-05T22:16:46.083+0000] {processor.py:161} INFO - Started process (PID=3009) to work on /opt/airflow/dags/ecommerce_etl.py
[2026-02-05T22:16:46.085+0000] {processor.py:830} INFO - Processing file /opt/airflow/dags/ecommerce_etl.py for tasks to queue
[2026-02-05T22:16:46.086+0000] {logging_mixin.py:188} INFO - [2026-02-05T22:16:46.086+0000] {dagbag.py:538} INFO - Filling up the DagBag from /opt/airflow/dags/ecommerce_etl.py
[2026-02-05T22:16:46.109+0000] {processor.py:840} INFO - DAG(s) 'ecommerce_etl_pipeline' retrieved from /opt/airflow/dags/ecommerce_etl.py
[2026-02-05T22:16:46.137+0000] {logging_mixin.py:188} INFO - [2026-02-05T22:16:46.137+0000] {dag.py:3036} INFO - Sync 1 DAGs
[2026-02-05T22:16:46.156+0000] {logging_mixin.py:188} INFO - [2026-02-05T22:16:46.156+0000] {dag.py:3823} INFO - Setting next_dagrun for ecommerce_etl_pipeline to 2026-02-05 00:00:00+00:00, run_after=2026-02-06 00:00:00+00:00
[2026-02-05T22:16:46.177+0000] {processor.py:183} INFO - Processing /opt/airflow/dags/ecommerce_etl.py took 0.096 seconds
[2026-02-05T22:17:16.258+0000] {processor.py:161} INFO - Started process (PID=3038) to work on /opt/airflow/dags/ecommerce_etl.py
[2026-02-05T22:17:16.260+0000] {processor.py:830} INFO - Processing file /opt/airflow/dags/ecommerce_etl.py for tasks to queue
[2026-02-05T22:17:16.261+0000] {logging_mixin.py:188} INFO - [2026-02-05T22:17:16.260+0000] {dagbag.py:538} INFO - Filling up the DagBag from /opt/airflow/dags/ecommerce_etl.py
[2026-02-05T22:17:16.306+0000] {processor.py:840} INFO - DAG(s) 'ecommerce_etl_pipeline' retrieved from /opt/airflow/dags/ecommerce_etl.py
[2026-02-05T22:17:16.339+0000] {logging_mixin.py:188} INFO - [2026-02-05T22:17:16.339+0000] {dag.py:3036} INFO - Sync 1 DAGs
[2026-02-05T22:17:16.385+0000] {logging_mixin.py:188} INFO - [2026-02-05T22:17:16.385+0000] {dag.py:3823} INFO - Setting next_dagrun for ecommerce_etl_pipeline to 2026-02-05 00:00:00+00:00, run_after=2026-02-06 00:00:00+00:00
[2026-02-05T22:17:16.421+0000] {processor.py:183} INFO - Processing /opt/airflow/dags/ecommerce_etl.py took 0.165 seconds
[2026-02-05T22:17:46.566+0000] {processor.py:161} INFO - Started process (PID=3068) to work on /opt/airflow/dags/ecommerce_etl.py
[2026-02-05T22:17:46.568+0000] {processor.py:830} INFO - Processing file /opt/airflow/dags/ecommerce_etl.py for tasks to queue
[2026-02-05T22:17:46.572+0000] {logging_mixin.py:188} INFO - [2026-02-05T22:17:46.571+0000] {dagbag.py:538} INFO - Filling up the DagBag from /opt/airflow/dags/ecommerce_etl.py
[2026-02-05T22:17:46.616+0000] {processor.py:840} INFO - DAG(s) 'ecommerce_etl_pipeline' retrieved from /opt/airflow/dags/ecommerce_etl.py
[2026-02-05T22:17:46.649+0000] {logging_mixin.py:188} INFO - [2026-02-05T22:17:46.649+0000] {dag.py:3036} INFO - Sync 1 DAGs
[2026-02-05T22:17:46.669+0000] {logging_mixin.py:188} INFO - [2026-02-05T22:17:46.669+0000] {dag.py:3823} INFO - Setting next_dagrun for ecommerce_etl_pipeline to 2026-02-05 00:00:00+00:00, run_after=2026-02-06 00:00:00+00:00
[2026-02-05T22:17:46.687+0000] {processor.py:183} INFO - Processing /opt/airflow/dags/ecommerce_etl.py took 0.125 seconds
[2026-02-05T22:18:16.887+0000] {processor.py:161} INFO - Started process (PID=3097) to work on /opt/airflow/dags/ecommerce_etl.py
[2026-02-05T22:18:16.889+0000] {processor.py:830} INFO - Processing file /opt/airflow/dags/ecommerce_etl.py for tasks to queue
[2026-02-05T22:18:16.889+0000] {logging_mixin.py:188} INFO - [2026-02-05T22:18:16.889+0000] {dagbag.py:538} INFO - Filling up the DagBag from /opt/airflow/dags/ecommerce_etl.py
[2026-02-05T22:18:16.949+0000] {processor.py:840} INFO - DAG(s) 'ecommerce_etl_pipeline' retrieved from /opt/airflow/dags/ecommerce_etl.py
[2026-02-05T22:18:16.982+0000] {logging_mixin.py:188} INFO - [2026-02-05T22:18:16.982+0000] {dag.py:3036} INFO - Sync 1 DAGs
[2026-02-05T22:18:17.003+0000] {logging_mixin.py:188} INFO - [2026-02-05T22:18:17.003+0000] {dag.py:3823} INFO - Setting next_dagrun for ecommerce_etl_pipeline to 2026-02-05 00:00:00+00:00, run_after=2026-02-06 00:00:00+00:00
[2026-02-05T22:18:17.026+0000] {processor.py:183} INFO - Processing /opt/airflow/dags/ecommerce_etl.py took 0.142 seconds
[2026-02-05T22:18:47.089+0000] {processor.py:161} INFO - Started process (PID=3127) to work on /opt/airflow/dags/ecommerce_etl.py
[2026-02-05T22:18:47.090+0000] {processor.py:830} INFO - Processing file /opt/airflow/dags/ecommerce_etl.py for tasks to queue
[2026-02-05T22:18:47.091+0000] {logging_mixin.py:188} INFO - [2026-02-05T22:18:47.091+0000] {dagbag.py:538} INFO - Filling up the DagBag from /opt/airflow/dags/ecommerce_etl.py
[2026-02-05T22:18:47.117+0000] {processor.py:840} INFO - DAG(s) 'ecommerce_etl_pipeline' retrieved from /opt/airflow/dags/ecommerce_etl.py
[2026-02-05T22:18:47.148+0000] {logging_mixin.py:188} INFO - [2026-02-05T22:18:47.148+0000] {dag.py:3036} INFO - Sync 1 DAGs
[2026-02-05T22:18:47.178+0000] {logging_mixin.py:188} INFO - [2026-02-05T22:18:47.177+0000] {dag.py:3823} INFO - Setting next_dagrun for ecommerce_etl_pipeline to 2026-02-05 00:00:00+00:00, run_after=2026-02-06 00:00:00+00:00
[2026-02-05T22:18:47.205+0000] {processor.py:183} INFO - Processing /opt/airflow/dags/ecommerce_etl.py took 0.120 seconds
[2026-02-05T22:19:17.463+0000] {processor.py:161} INFO - Started process (PID=3156) to work on /opt/airflow/dags/ecommerce_etl.py
[2026-02-05T22:19:17.464+0000] {processor.py:830} INFO - Processing file /opt/airflow/dags/ecommerce_etl.py for tasks to queue
[2026-02-05T22:19:17.465+0000] {logging_mixin.py:188} INFO - [2026-02-05T22:19:17.464+0000] {dagbag.py:538} INFO - Filling up the DagBag from /opt/airflow/dags/ecommerce_etl.py
[2026-02-05T22:19:17.512+0000] {processor.py:840} INFO - DAG(s) 'ecommerce_etl_pipeline' retrieved from /opt/airflow/dags/ecommerce_etl.py
[2026-02-05T22:19:17.538+0000] {logging_mixin.py:188} INFO - [2026-02-05T22:19:17.538+0000] {dag.py:3036} INFO - Sync 1 DAGs
[2026-02-05T22:19:17.557+0000] {logging_mixin.py:188} INFO - [2026-02-05T22:19:17.557+0000] {dag.py:3823} INFO - Setting next_dagrun for ecommerce_etl_pipeline to 2026-02-05 00:00:00+00:00, run_after=2026-02-06 00:00:00+00:00
[2026-02-05T22:19:17.577+0000] {processor.py:183} INFO - Processing /opt/airflow/dags/ecommerce_etl.py took 0.117 seconds
[2026-02-05T22:19:47.782+0000] {processor.py:161} INFO - Started process (PID=3185) to work on /opt/airflow/dags/ecommerce_etl.py
[2026-02-05T22:19:47.783+0000] {processor.py:830} INFO - Processing file /opt/airflow/dags/ecommerce_etl.py for tasks to queue
[2026-02-05T22:19:47.784+0000] {logging_mixin.py:188} INFO - [2026-02-05T22:19:47.784+0000] {dagbag.py:538} INFO - Filling up the DagBag from /opt/airflow/dags/ecommerce_etl.py
[2026-02-05T22:19:47.811+0000] {processor.py:840} INFO - DAG(s) 'ecommerce_etl_pipeline' retrieved from /opt/airflow/dags/ecommerce_etl.py
[2026-02-05T22:19:47.842+0000] {logging_mixin.py:188} INFO - [2026-02-05T22:19:47.842+0000] {dag.py:3036} INFO - Sync 1 DAGs
[2026-02-05T22:19:47.865+0000] {logging_mixin.py:188} INFO - [2026-02-05T22:19:47.865+0000] {dag.py:3823} INFO - Setting next_dagrun for ecommerce_etl_pipeline to 2026-02-05 00:00:00+00:00, run_after=2026-02-06 00:00:00+00:00
[2026-02-05T22:19:47.890+0000] {processor.py:183} INFO - Processing /opt/airflow/dags/ecommerce_etl.py took 0.111 seconds
[2026-02-05T22:20:18.149+0000] {processor.py:161} INFO - Started process (PID=3214) to work on /opt/airflow/dags/ecommerce_etl.py
[2026-02-05T22:20:18.151+0000] {processor.py:830} INFO - Processing file /opt/airflow/dags/ecommerce_etl.py for tasks to queue
[2026-02-05T22:20:18.152+0000] {logging_mixin.py:188} INFO - [2026-02-05T22:20:18.151+0000] {dagbag.py:538} INFO - Filling up the DagBag from /opt/airflow/dags/ecommerce_etl.py
[2026-02-05T22:20:18.174+0000] {processor.py:840} INFO - DAG(s) 'ecommerce_etl_pipeline' retrieved from /opt/airflow/dags/ecommerce_etl.py
[2026-02-05T22:20:18.200+0000] {logging_mixin.py:188} INFO - [2026-02-05T22:20:18.199+0000] {dag.py:3036} INFO - Sync 1 DAGs
[2026-02-05T22:20:18.219+0000] {logging_mixin.py:188} INFO - [2026-02-05T22:20:18.219+0000] {dag.py:3823} INFO - Setting next_dagrun for ecommerce_etl_pipeline to 2026-02-05 00:00:00+00:00, run_after=2026-02-06 00:00:00+00:00
[2026-02-05T22:20:18.236+0000] {processor.py:183} INFO - Processing /opt/airflow/dags/ecommerce_etl.py took 0.090 seconds
[2026-02-05T22:20:48.320+0000] {processor.py:161} INFO - Started process (PID=3241) to work on /opt/airflow/dags/ecommerce_etl.py
[2026-02-05T22:20:48.329+0000] {processor.py:830} INFO - Processing file /opt/airflow/dags/ecommerce_etl.py for tasks to queue
[2026-02-05T22:20:48.330+0000] {logging_mixin.py:188} INFO - [2026-02-05T22:20:48.330+0000] {dagbag.py:538} INFO - Filling up the DagBag from /opt/airflow/dags/ecommerce_etl.py
[2026-02-05T22:20:48.364+0000] {processor.py:840} INFO - DAG(s) 'ecommerce_etl_pipeline' retrieved from /opt/airflow/dags/ecommerce_etl.py
[2026-02-05T22:20:48.396+0000] {logging_mixin.py:188} INFO - [2026-02-05T22:20:48.396+0000] {dag.py:3036} INFO - Sync 1 DAGs
[2026-02-05T22:20:48.419+0000] {logging_mixin.py:188} INFO - [2026-02-05T22:20:48.419+0000] {dag.py:3823} INFO - Setting next_dagrun for ecommerce_etl_pipeline to 2026-02-05 00:00:00+00:00, run_after=2026-02-06 00:00:00+00:00
[2026-02-05T22:20:48.436+0000] {processor.py:183} INFO - Processing /opt/airflow/dags/ecommerce_etl.py took 0.120 seconds
[2026-02-05T22:21:18.657+0000] {processor.py:161} INFO - Started process (PID=3254) to work on /opt/airflow/dags/ecommerce_etl.py
[2026-02-05T22:21:18.658+0000] {processor.py:830} INFO - Processing file /opt/airflow/dags/ecommerce_etl.py for tasks to queue
[2026-02-05T22:21:18.660+0000] {logging_mixin.py:188} INFO - [2026-02-05T22:21:18.659+0000] {dagbag.py:538} INFO - Filling up the DagBag from /opt/airflow/dags/ecommerce_etl.py
[2026-02-05T22:21:18.686+0000] {processor.py:840} INFO - DAG(s) 'ecommerce_etl_pipeline' retrieved from /opt/airflow/dags/ecommerce_etl.py
[2026-02-05T22:21:18.712+0000] {logging_mixin.py:188} INFO - [2026-02-05T22:21:18.711+0000] {dag.py:3036} INFO - Sync 1 DAGs
[2026-02-05T22:21:18.732+0000] {logging_mixin.py:188} INFO - [2026-02-05T22:21:18.732+0000] {dag.py:3823} INFO - Setting next_dagrun for ecommerce_etl_pipeline to 2026-02-05 00:00:00+00:00, run_after=2026-02-06 00:00:00+00:00
[2026-02-05T22:21:18.750+0000] {processor.py:183} INFO - Processing /opt/airflow/dags/ecommerce_etl.py took 0.096 seconds
[2026-02-05T22:21:48.962+0000] {processor.py:161} INFO - Started process (PID=3283) to work on /opt/airflow/dags/ecommerce_etl.py
[2026-02-05T22:21:48.963+0000] {processor.py:830} INFO - Processing file /opt/airflow/dags/ecommerce_etl.py for tasks to queue
[2026-02-05T22:21:48.964+0000] {logging_mixin.py:188} INFO - [2026-02-05T22:21:48.963+0000] {dagbag.py:538} INFO - Filling up the DagBag from /opt/airflow/dags/ecommerce_etl.py
[2026-02-05T22:21:48.986+0000] {processor.py:840} INFO - DAG(s) 'ecommerce_etl_pipeline' retrieved from /opt/airflow/dags/ecommerce_etl.py
[2026-02-05T22:21:49.013+0000] {logging_mixin.py:188} INFO - [2026-02-05T22:21:49.012+0000] {dag.py:3036} INFO - Sync 1 DAGs
[2026-02-05T22:21:49.032+0000] {logging_mixin.py:188} INFO - [2026-02-05T22:21:49.032+0000] {dag.py:3823} INFO - Setting next_dagrun for ecommerce_etl_pipeline to 2026-02-05 00:00:00+00:00, run_after=2026-02-06 00:00:00+00:00
[2026-02-05T22:21:49.052+0000] {processor.py:183} INFO - Processing /opt/airflow/dags/ecommerce_etl.py took 0.094 seconds
[2026-02-05T22:22:19.266+0000] {processor.py:161} INFO - Started process (PID=3312) to work on /opt/airflow/dags/ecommerce_etl.py
[2026-02-05T22:22:19.267+0000] {processor.py:830} INFO - Processing file /opt/airflow/dags/ecommerce_etl.py for tasks to queue
[2026-02-05T22:22:19.270+0000] {logging_mixin.py:188} INFO - [2026-02-05T22:22:19.269+0000] {dagbag.py:538} INFO - Filling up the DagBag from /opt/airflow/dags/ecommerce_etl.py
[2026-02-05T22:22:19.303+0000] {processor.py:840} INFO - DAG(s) 'ecommerce_etl_pipeline' retrieved from /opt/airflow/dags/ecommerce_etl.py
[2026-02-05T22:22:19.331+0000] {logging_mixin.py:188} INFO - [2026-02-05T22:22:19.331+0000] {dag.py:3036} INFO - Sync 1 DAGs
[2026-02-05T22:22:19.351+0000] {logging_mixin.py:188} INFO - [2026-02-05T22:22:19.351+0000] {dag.py:3823} INFO - Setting next_dagrun for ecommerce_etl_pipeline to 2026-02-05 00:00:00+00:00, run_after=2026-02-06 00:00:00+00:00
[2026-02-05T22:22:19.370+0000] {processor.py:183} INFO - Processing /opt/airflow/dags/ecommerce_etl.py took 0.108 seconds
[2026-02-05T22:22:49.648+0000] {processor.py:161} INFO - Started process (PID=3341) to work on /opt/airflow/dags/ecommerce_etl.py
[2026-02-05T22:22:49.650+0000] {processor.py:830} INFO - Processing file /opt/airflow/dags/ecommerce_etl.py for tasks to queue
[2026-02-05T22:22:49.651+0000] {logging_mixin.py:188} INFO - [2026-02-05T22:22:49.650+0000] {dagbag.py:538} INFO - Filling up the DagBag from /opt/airflow/dags/ecommerce_etl.py
[2026-02-05T22:22:49.720+0000] {processor.py:840} INFO - DAG(s) 'ecommerce_etl_pipeline' retrieved from /opt/airflow/dags/ecommerce_etl.py
[2026-02-05T22:22:49.751+0000] {logging_mixin.py:188} INFO - [2026-02-05T22:22:49.751+0000] {dag.py:3036} INFO - Sync 1 DAGs
[2026-02-05T22:22:49.771+0000] {logging_mixin.py:188} INFO - [2026-02-05T22:22:49.771+0000] {dag.py:3823} INFO - Setting next_dagrun for ecommerce_etl_pipeline to 2026-02-05 00:00:00+00:00, run_after=2026-02-06 00:00:00+00:00
[2026-02-05T22:22:49.790+0000] {processor.py:183} INFO - Processing /opt/airflow/dags/ecommerce_etl.py took 0.146 seconds
[2026-02-05T22:23:20.022+0000] {processor.py:161} INFO - Started process (PID=3370) to work on /opt/airflow/dags/ecommerce_etl.py
[2026-02-05T22:23:20.023+0000] {processor.py:830} INFO - Processing file /opt/airflow/dags/ecommerce_etl.py for tasks to queue
[2026-02-05T22:23:20.024+0000] {logging_mixin.py:188} INFO - [2026-02-05T22:23:20.023+0000] {dagbag.py:538} INFO - Filling up the DagBag from /opt/airflow/dags/ecommerce_etl.py
[2026-02-05T22:23:20.045+0000] {processor.py:840} INFO - DAG(s) 'ecommerce_etl_pipeline' retrieved from /opt/airflow/dags/ecommerce_etl.py
[2026-02-05T22:23:20.071+0000] {logging_mixin.py:188} INFO - [2026-02-05T22:23:20.071+0000] {dag.py:3036} INFO - Sync 1 DAGs
[2026-02-05T22:23:20.091+0000] {logging_mixin.py:188} INFO - [2026-02-05T22:23:20.091+0000] {dag.py:3823} INFO - Setting next_dagrun for ecommerce_etl_pipeline to 2026-02-05 00:00:00+00:00, run_after=2026-02-06 00:00:00+00:00
[2026-02-05T22:23:20.108+0000] {processor.py:183} INFO - Processing /opt/airflow/dags/ecommerce_etl.py took 0.090 seconds
[2026-02-05T22:23:50.339+0000] {processor.py:161} INFO - Started process (PID=3399) to work on /opt/airflow/dags/ecommerce_etl.py
[2026-02-05T22:23:50.340+0000] {processor.py:830} INFO - Processing file /opt/airflow/dags/ecommerce_etl.py for tasks to queue
[2026-02-05T22:23:50.341+0000] {logging_mixin.py:188} INFO - [2026-02-05T22:23:50.341+0000] {dagbag.py:538} INFO - Filling up the DagBag from /opt/airflow/dags/ecommerce_etl.py
[2026-02-05T22:23:50.364+0000] {processor.py:840} INFO - DAG(s) 'ecommerce_etl_pipeline' retrieved from /opt/airflow/dags/ecommerce_etl.py
[2026-02-05T22:23:50.391+0000] {logging_mixin.py:188} INFO - [2026-02-05T22:23:50.391+0000] {dag.py:3036} INFO - Sync 1 DAGs
[2026-02-05T22:23:50.411+0000] {logging_mixin.py:188} INFO - [2026-02-05T22:23:50.411+0000] {dag.py:3823} INFO - Setting next_dagrun for ecommerce_etl_pipeline to 2026-02-05 00:00:00+00:00, run_after=2026-02-06 00:00:00+00:00
[2026-02-05T22:23:50.429+0000] {processor.py:183} INFO - Processing /opt/airflow/dags/ecommerce_etl.py took 0.093 seconds
[2026-02-05T22:24:20.661+0000] {processor.py:161} INFO - Started process (PID=3428) to work on /opt/airflow/dags/ecommerce_etl.py
[2026-02-05T22:24:20.663+0000] {processor.py:830} INFO - Processing file /opt/airflow/dags/ecommerce_etl.py for tasks to queue
[2026-02-05T22:24:20.664+0000] {logging_mixin.py:188} INFO - [2026-02-05T22:24:20.663+0000] {dagbag.py:538} INFO - Filling up the DagBag from /opt/airflow/dags/ecommerce_etl.py
[2026-02-05T22:24:20.688+0000] {processor.py:840} INFO - DAG(s) 'ecommerce_etl_pipeline' retrieved from /opt/airflow/dags/ecommerce_etl.py
[2026-02-05T22:24:20.715+0000] {logging_mixin.py:188} INFO - [2026-02-05T22:24:20.714+0000] {dag.py:3036} INFO - Sync 1 DAGs
[2026-02-05T22:24:20.734+0000] {logging_mixin.py:188} INFO - [2026-02-05T22:24:20.734+0000] {dag.py:3823} INFO - Setting next_dagrun for ecommerce_etl_pipeline to 2026-02-05 00:00:00+00:00, run_after=2026-02-06 00:00:00+00:00
[2026-02-05T22:24:20.750+0000] {processor.py:183} INFO - Processing /opt/airflow/dags/ecommerce_etl.py took 0.092 seconds
[2026-02-05T22:24:50.969+0000] {processor.py:161} INFO - Started process (PID=3457) to work on /opt/airflow/dags/ecommerce_etl.py
[2026-02-05T22:24:50.971+0000] {processor.py:830} INFO - Processing file /opt/airflow/dags/ecommerce_etl.py for tasks to queue
[2026-02-05T22:24:50.972+0000] {logging_mixin.py:188} INFO - [2026-02-05T22:24:50.971+0000] {dagbag.py:538} INFO - Filling up the DagBag from /opt/airflow/dags/ecommerce_etl.py
[2026-02-05T22:24:51.006+0000] {processor.py:840} INFO - DAG(s) 'ecommerce_etl_pipeline' retrieved from /opt/airflow/dags/ecommerce_etl.py
[2026-02-05T22:24:51.035+0000] {logging_mixin.py:188} INFO - [2026-02-05T22:24:51.035+0000] {dag.py:3036} INFO - Sync 1 DAGs
[2026-02-05T22:24:51.055+0000] {logging_mixin.py:188} INFO - [2026-02-05T22:24:51.055+0000] {dag.py:3823} INFO - Setting next_dagrun for ecommerce_etl_pipeline to 2026-02-05 00:00:00+00:00, run_after=2026-02-06 00:00:00+00:00
[2026-02-05T22:24:51.073+0000] {processor.py:183} INFO - Processing /opt/airflow/dags/ecommerce_etl.py took 0.108 seconds
[2026-02-05T22:25:21.280+0000] {processor.py:161} INFO - Started process (PID=3486) to work on /opt/airflow/dags/ecommerce_etl.py
[2026-02-05T22:25:21.281+0000] {processor.py:830} INFO - Processing file /opt/airflow/dags/ecommerce_etl.py for tasks to queue
[2026-02-05T22:25:21.282+0000] {logging_mixin.py:188} INFO - [2026-02-05T22:25:21.282+0000] {dagbag.py:538} INFO - Filling up the DagBag from /opt/airflow/dags/ecommerce_etl.py
[2026-02-05T22:25:21.308+0000] {processor.py:840} INFO - DAG(s) 'ecommerce_etl_pipeline' retrieved from /opt/airflow/dags/ecommerce_etl.py
[2026-02-05T22:25:21.336+0000] {logging_mixin.py:188} INFO - [2026-02-05T22:25:21.336+0000] {dag.py:3036} INFO - Sync 1 DAGs
[2026-02-05T22:25:21.355+0000] {logging_mixin.py:188} INFO - [2026-02-05T22:25:21.355+0000] {dag.py:3823} INFO - Setting next_dagrun for ecommerce_etl_pipeline to 2026-02-05 00:00:00+00:00, run_after=2026-02-06 00:00:00+00:00
[2026-02-05T22:25:21.374+0000] {processor.py:183} INFO - Processing /opt/airflow/dags/ecommerce_etl.py took 0.097 seconds
[2026-02-05T22:25:51.590+0000] {processor.py:161} INFO - Started process (PID=3515) to work on /opt/airflow/dags/ecommerce_etl.py
[2026-02-05T22:25:51.591+0000] {processor.py:830} INFO - Processing file /opt/airflow/dags/ecommerce_etl.py for tasks to queue
[2026-02-05T22:25:51.592+0000] {logging_mixin.py:188} INFO - [2026-02-05T22:25:51.592+0000] {dagbag.py:538} INFO - Filling up the DagBag from /opt/airflow/dags/ecommerce_etl.py
[2026-02-05T22:25:51.615+0000] {processor.py:840} INFO - DAG(s) 'ecommerce_etl_pipeline' retrieved from /opt/airflow/dags/ecommerce_etl.py
[2026-02-05T22:25:51.642+0000] {logging_mixin.py:188} INFO - [2026-02-05T22:25:51.642+0000] {dag.py:3036} INFO - Sync 1 DAGs
[2026-02-05T22:25:51.662+0000] {logging_mixin.py:188} INFO - [2026-02-05T22:25:51.662+0000] {dag.py:3823} INFO - Setting next_dagrun for ecommerce_etl_pipeline to 2026-02-05 00:00:00+00:00, run_after=2026-02-06 00:00:00+00:00
[2026-02-05T22:25:51.683+0000] {processor.py:183} INFO - Processing /opt/airflow/dags/ecommerce_etl.py took 0.096 seconds
[2026-02-05T22:26:21.837+0000] {processor.py:161} INFO - Started process (PID=3542) to work on /opt/airflow/dags/ecommerce_etl.py
[2026-02-05T22:26:21.838+0000] {processor.py:830} INFO - Processing file /opt/airflow/dags/ecommerce_etl.py for tasks to queue
[2026-02-05T22:26:21.839+0000] {logging_mixin.py:188} INFO - [2026-02-05T22:26:21.839+0000] {dagbag.py:538} INFO - Filling up the DagBag from /opt/airflow/dags/ecommerce_etl.py
[2026-02-05T22:26:21.862+0000] {processor.py:840} INFO - DAG(s) 'ecommerce_etl_pipeline' retrieved from /opt/airflow/dags/ecommerce_etl.py
[2026-02-05T22:26:21.895+0000] {logging_mixin.py:188} INFO - [2026-02-05T22:26:21.895+0000] {dag.py:3036} INFO - Sync 1 DAGs
[2026-02-05T22:26:21.919+0000] {logging_mixin.py:188} INFO - [2026-02-05T22:26:21.919+0000] {dag.py:3823} INFO - Setting next_dagrun for ecommerce_etl_pipeline to 2026-02-05 00:00:00+00:00, run_after=2026-02-06 00:00:00+00:00
[2026-02-05T22:26:21.941+0000] {processor.py:183} INFO - Processing /opt/airflow/dags/ecommerce_etl.py took 0.109 seconds
[2026-02-05T22:26:52.168+0000] {processor.py:161} INFO - Started process (PID=3555) to work on /opt/airflow/dags/ecommerce_etl.py
[2026-02-05T22:26:52.169+0000] {processor.py:830} INFO - Processing file /opt/airflow/dags/ecommerce_etl.py for tasks to queue
[2026-02-05T22:26:52.170+0000] {logging_mixin.py:188} INFO - [2026-02-05T22:26:52.169+0000] {dagbag.py:538} INFO - Filling up the DagBag from /opt/airflow/dags/ecommerce_etl.py
[2026-02-05T22:26:52.191+0000] {processor.py:840} INFO - DAG(s) 'ecommerce_etl_pipeline' retrieved from /opt/airflow/dags/ecommerce_etl.py
[2026-02-05T22:26:52.216+0000] {logging_mixin.py:188} INFO - [2026-02-05T22:26:52.216+0000] {dag.py:3036} INFO - Sync 1 DAGs
[2026-02-05T22:26:52.236+0000] {logging_mixin.py:188} INFO - [2026-02-05T22:26:52.235+0000] {dag.py:3823} INFO - Setting next_dagrun for ecommerce_etl_pipeline to 2026-02-05 00:00:00+00:00, run_after=2026-02-06 00:00:00+00:00
[2026-02-05T22:26:52.254+0000] {processor.py:183} INFO - Processing /opt/airflow/dags/ecommerce_etl.py took 0.089 seconds
[2026-02-05T22:27:22.480+0000] {processor.py:161} INFO - Started process (PID=3584) to work on /opt/airflow/dags/ecommerce_etl.py
[2026-02-05T22:27:22.481+0000] {processor.py:830} INFO - Processing file /opt/airflow/dags/ecommerce_etl.py for tasks to queue
[2026-02-05T22:27:22.482+0000] {logging_mixin.py:188} INFO - [2026-02-05T22:27:22.481+0000] {dagbag.py:538} INFO - Filling up the DagBag from /opt/airflow/dags/ecommerce_etl.py
[2026-02-05T22:27:22.511+0000] {processor.py:840} INFO - DAG(s) 'ecommerce_etl_pipeline' retrieved from /opt/airflow/dags/ecommerce_etl.py
[2026-02-05T22:27:22.538+0000] {logging_mixin.py:188} INFO - [2026-02-05T22:27:22.538+0000] {dag.py:3036} INFO - Sync 1 DAGs
[2026-02-05T22:27:22.559+0000] {logging_mixin.py:188} INFO - [2026-02-05T22:27:22.559+0000] {dag.py:3823} INFO - Setting next_dagrun for ecommerce_etl_pipeline to 2026-02-05 00:00:00+00:00, run_after=2026-02-06 00:00:00+00:00
[2026-02-05T22:27:22.578+0000] {processor.py:183} INFO - Processing /opt/airflow/dags/ecommerce_etl.py took 0.101 seconds
[2026-02-05T22:27:52.845+0000] {processor.py:161} INFO - Started process (PID=3613) to work on /opt/airflow/dags/ecommerce_etl.py
[2026-02-05T22:27:52.846+0000] {processor.py:830} INFO - Processing file /opt/airflow/dags/ecommerce_etl.py for tasks to queue
[2026-02-05T22:27:52.847+0000] {logging_mixin.py:188} INFO - [2026-02-05T22:27:52.847+0000] {dagbag.py:538} INFO - Filling up the DagBag from /opt/airflow/dags/ecommerce_etl.py
[2026-02-05T22:27:52.876+0000] {processor.py:840} INFO - DAG(s) 'ecommerce_etl_pipeline' retrieved from /opt/airflow/dags/ecommerce_etl.py
[2026-02-05T22:27:52.902+0000] {logging_mixin.py:188} INFO - [2026-02-05T22:27:52.902+0000] {dag.py:3036} INFO - Sync 1 DAGs
[2026-02-05T22:27:52.921+0000] {logging_mixin.py:188} INFO - [2026-02-05T22:27:52.921+0000] {dag.py:3823} INFO - Setting next_dagrun for ecommerce_etl_pipeline to 2026-02-05 00:00:00+00:00, run_after=2026-02-06 00:00:00+00:00
[2026-02-05T22:27:52.939+0000] {processor.py:183} INFO - Processing /opt/airflow/dags/ecommerce_etl.py took 0.097 seconds
[2026-02-05T22:28:23.199+0000] {processor.py:161} INFO - Started process (PID=3642) to work on /opt/airflow/dags/ecommerce_etl.py
[2026-02-05T22:28:23.200+0000] {processor.py:830} INFO - Processing file /opt/airflow/dags/ecommerce_etl.py for tasks to queue
[2026-02-05T22:28:23.201+0000] {logging_mixin.py:188} INFO - [2026-02-05T22:28:23.201+0000] {dagbag.py:538} INFO - Filling up the DagBag from /opt/airflow/dags/ecommerce_etl.py
[2026-02-05T22:28:23.225+0000] {processor.py:840} INFO - DAG(s) 'ecommerce_etl_pipeline' retrieved from /opt/airflow/dags/ecommerce_etl.py
[2026-02-05T22:28:23.254+0000] {logging_mixin.py:188} INFO - [2026-02-05T22:28:23.254+0000] {dag.py:3036} INFO - Sync 1 DAGs
[2026-02-05T22:28:23.275+0000] {logging_mixin.py:188} INFO - [2026-02-05T22:28:23.275+0000] {dag.py:3823} INFO - Setting next_dagrun for ecommerce_etl_pipeline to 2026-02-05 00:00:00+00:00, run_after=2026-02-06 00:00:00+00:00
[2026-02-05T22:28:23.295+0000] {processor.py:183} INFO - Processing /opt/airflow/dags/ecommerce_etl.py took 0.099 seconds
[2026-02-05T22:28:53.531+0000] {processor.py:161} INFO - Started process (PID=3671) to work on /opt/airflow/dags/ecommerce_etl.py
[2026-02-05T22:28:53.532+0000] {processor.py:830} INFO - Processing file /opt/airflow/dags/ecommerce_etl.py for tasks to queue
[2026-02-05T22:28:53.533+0000] {logging_mixin.py:188} INFO - [2026-02-05T22:28:53.533+0000] {dagbag.py:538} INFO - Filling up the DagBag from /opt/airflow/dags/ecommerce_etl.py
[2026-02-05T22:28:53.554+0000] {processor.py:840} INFO - DAG(s) 'ecommerce_etl_pipeline' retrieved from /opt/airflow/dags/ecommerce_etl.py
[2026-02-05T22:28:53.581+0000] {logging_mixin.py:188} INFO - [2026-02-05T22:28:53.581+0000] {dag.py:3036} INFO - Sync 1 DAGs
[2026-02-05T22:28:53.599+0000] {logging_mixin.py:188} INFO - [2026-02-05T22:28:53.599+0000] {dag.py:3823} INFO - Setting next_dagrun for ecommerce_etl_pipeline to 2026-02-05 00:00:00+00:00, run_after=2026-02-06 00:00:00+00:00
[2026-02-05T22:28:53.617+0000] {processor.py:183} INFO - Processing /opt/airflow/dags/ecommerce_etl.py took 0.090 seconds
[2026-02-05T22:29:23.849+0000] {processor.py:161} INFO - Started process (PID=3700) to work on /opt/airflow/dags/ecommerce_etl.py
[2026-02-05T22:29:23.850+0000] {processor.py:830} INFO - Processing file /opt/airflow/dags/ecommerce_etl.py for tasks to queue
[2026-02-05T22:29:23.851+0000] {logging_mixin.py:188} INFO - [2026-02-05T22:29:23.850+0000] {dagbag.py:538} INFO - Filling up the DagBag from /opt/airflow/dags/ecommerce_etl.py
[2026-02-05T22:29:23.882+0000] {processor.py:840} INFO - DAG(s) 'ecommerce_etl_pipeline' retrieved from /opt/airflow/dags/ecommerce_etl.py
[2026-02-05T22:29:23.909+0000] {logging_mixin.py:188} INFO - [2026-02-05T22:29:23.908+0000] {dag.py:3036} INFO - Sync 1 DAGs
[2026-02-05T22:29:23.927+0000] {logging_mixin.py:188} INFO - [2026-02-05T22:29:23.927+0000] {dag.py:3823} INFO - Setting next_dagrun for ecommerce_etl_pipeline to 2026-02-05 00:00:00+00:00, run_after=2026-02-06 00:00:00+00:00
[2026-02-05T22:29:23.945+0000] {processor.py:183} INFO - Processing /opt/airflow/dags/ecommerce_etl.py took 0.099 seconds
[2026-02-05T22:29:54.174+0000] {processor.py:161} INFO - Started process (PID=3729) to work on /opt/airflow/dags/ecommerce_etl.py
[2026-02-05T22:29:54.175+0000] {processor.py:830} INFO - Processing file /opt/airflow/dags/ecommerce_etl.py for tasks to queue
[2026-02-05T22:29:54.176+0000] {logging_mixin.py:188} INFO - [2026-02-05T22:29:54.176+0000] {dagbag.py:538} INFO - Filling up the DagBag from /opt/airflow/dags/ecommerce_etl.py
[2026-02-05T22:29:54.197+0000] {processor.py:840} INFO - DAG(s) 'ecommerce_etl_pipeline' retrieved from /opt/airflow/dags/ecommerce_etl.py
[2026-02-05T22:29:54.225+0000] {logging_mixin.py:188} INFO - [2026-02-05T22:29:54.224+0000] {dag.py:3036} INFO - Sync 1 DAGs
[2026-02-05T22:29:54.244+0000] {logging_mixin.py:188} INFO - [2026-02-05T22:29:54.244+0000] {dag.py:3823} INFO - Setting next_dagrun for ecommerce_etl_pipeline to 2026-02-05 00:00:00+00:00, run_after=2026-02-06 00:00:00+00:00
[2026-02-05T22:29:54.261+0000] {processor.py:183} INFO - Processing /opt/airflow/dags/ecommerce_etl.py took 0.090 seconds
[2026-02-05T22:30:24.499+0000] {processor.py:161} INFO - Started process (PID=3758) to work on /opt/airflow/dags/ecommerce_etl.py
[2026-02-05T22:30:24.500+0000] {processor.py:830} INFO - Processing file /opt/airflow/dags/ecommerce_etl.py for tasks to queue
[2026-02-05T22:30:24.501+0000] {logging_mixin.py:188} INFO - [2026-02-05T22:30:24.500+0000] {dagbag.py:538} INFO - Filling up the DagBag from /opt/airflow/dags/ecommerce_etl.py
[2026-02-05T22:30:24.536+0000] {processor.py:840} INFO - DAG(s) 'ecommerce_etl_pipeline' retrieved from /opt/airflow/dags/ecommerce_etl.py
[2026-02-05T22:30:24.561+0000] {logging_mixin.py:188} INFO - [2026-02-05T22:30:24.561+0000] {dag.py:3036} INFO - Sync 1 DAGs
[2026-02-05T22:30:24.580+0000] {logging_mixin.py:188} INFO - [2026-02-05T22:30:24.580+0000] {dag.py:3823} INFO - Setting next_dagrun for ecommerce_etl_pipeline to 2026-02-05 00:00:00+00:00, run_after=2026-02-06 00:00:00+00:00
[2026-02-05T22:30:24.596+0000] {processor.py:183} INFO - Processing /opt/airflow/dags/ecommerce_etl.py took 0.100 seconds
[2026-02-05T22:30:54.820+0000] {processor.py:161} INFO - Started process (PID=3787) to work on /opt/airflow/dags/ecommerce_etl.py
[2026-02-05T22:30:54.821+0000] {processor.py:830} INFO - Processing file /opt/airflow/dags/ecommerce_etl.py for tasks to queue
[2026-02-05T22:30:54.822+0000] {logging_mixin.py:188} INFO - [2026-02-05T22:30:54.821+0000] {dagbag.py:538} INFO - Filling up the DagBag from /opt/airflow/dags/ecommerce_etl.py
[2026-02-05T22:30:54.850+0000] {processor.py:840} INFO - DAG(s) 'ecommerce_etl_pipeline' retrieved from /opt/airflow/dags/ecommerce_etl.py
[2026-02-05T22:30:54.878+0000] {logging_mixin.py:188} INFO - [2026-02-05T22:30:54.878+0000] {dag.py:3036} INFO - Sync 1 DAGs
[2026-02-05T22:30:54.898+0000] {logging_mixin.py:188} INFO - [2026-02-05T22:30:54.898+0000] {dag.py:3823} INFO - Setting next_dagrun for ecommerce_etl_pipeline to 2026-02-05 00:00:00+00:00, run_after=2026-02-06 00:00:00+00:00
[2026-02-05T22:30:54.916+0000] {processor.py:183} INFO - Processing /opt/airflow/dags/ecommerce_etl.py took 0.099 seconds
[2026-02-05T22:31:25.174+0000] {processor.py:161} INFO - Started process (PID=3816) to work on /opt/airflow/dags/ecommerce_etl.py
[2026-02-05T22:31:25.175+0000] {processor.py:830} INFO - Processing file /opt/airflow/dags/ecommerce_etl.py for tasks to queue
[2026-02-05T22:31:25.176+0000] {logging_mixin.py:188} INFO - [2026-02-05T22:31:25.176+0000] {dagbag.py:538} INFO - Filling up the DagBag from /opt/airflow/dags/ecommerce_etl.py
[2026-02-05T22:31:25.198+0000] {processor.py:840} INFO - DAG(s) 'ecommerce_etl_pipeline' retrieved from /opt/airflow/dags/ecommerce_etl.py
[2026-02-05T22:31:25.225+0000] {logging_mixin.py:188} INFO - [2026-02-05T22:31:25.224+0000] {dag.py:3036} INFO - Sync 1 DAGs
[2026-02-05T22:31:25.243+0000] {logging_mixin.py:188} INFO - [2026-02-05T22:31:25.243+0000] {dag.py:3823} INFO - Setting next_dagrun for ecommerce_etl_pipeline to 2026-02-05 00:00:00+00:00, run_after=2026-02-06 00:00:00+00:00
[2026-02-05T22:31:25.262+0000] {processor.py:183} INFO - Processing /opt/airflow/dags/ecommerce_etl.py took 0.091 seconds
[2026-02-05T22:31:55.402+0000] {processor.py:161} INFO - Started process (PID=3843) to work on /opt/airflow/dags/ecommerce_etl.py
[2026-02-05T22:31:55.403+0000] {processor.py:830} INFO - Processing file /opt/airflow/dags/ecommerce_etl.py for tasks to queue
[2026-02-05T22:31:55.404+0000] {logging_mixin.py:188} INFO - [2026-02-05T22:31:55.404+0000] {dagbag.py:538} INFO - Filling up the DagBag from /opt/airflow/dags/ecommerce_etl.py
[2026-02-05T22:31:55.434+0000] {processor.py:840} INFO - DAG(s) 'ecommerce_etl_pipeline' retrieved from /opt/airflow/dags/ecommerce_etl.py
[2026-02-05T22:31:55.466+0000] {logging_mixin.py:188} INFO - [2026-02-05T22:31:55.466+0000] {dag.py:3036} INFO - Sync 1 DAGs
[2026-02-05T22:31:55.489+0000] {logging_mixin.py:188} INFO - [2026-02-05T22:31:55.489+0000] {dag.py:3823} INFO - Setting next_dagrun for ecommerce_etl_pipeline to 2026-02-05 00:00:00+00:00, run_after=2026-02-06 00:00:00+00:00
[2026-02-05T22:31:55.508+0000] {processor.py:183} INFO - Processing /opt/airflow/dags/ecommerce_etl.py took 0.111 seconds
[2026-02-05T22:32:25.743+0000] {processor.py:161} INFO - Started process (PID=3856) to work on /opt/airflow/dags/ecommerce_etl.py
[2026-02-05T22:32:25.744+0000] {processor.py:830} INFO - Processing file /opt/airflow/dags/ecommerce_etl.py for tasks to queue
[2026-02-05T22:32:25.745+0000] {logging_mixin.py:188} INFO - [2026-02-05T22:32:25.745+0000] {dagbag.py:538} INFO - Filling up the DagBag from /opt/airflow/dags/ecommerce_etl.py
[2026-02-05T22:32:25.766+0000] {processor.py:840} INFO - DAG(s) 'ecommerce_etl_pipeline' retrieved from /opt/airflow/dags/ecommerce_etl.py
[2026-02-05T22:32:25.793+0000] {logging_mixin.py:188} INFO - [2026-02-05T22:32:25.793+0000] {dag.py:3036} INFO - Sync 1 DAGs
[2026-02-05T22:32:25.812+0000] {logging_mixin.py:188} INFO - [2026-02-05T22:32:25.812+0000] {dag.py:3823} INFO - Setting next_dagrun for ecommerce_etl_pipeline to 2026-02-05 00:00:00+00:00, run_after=2026-02-06 00:00:00+00:00
[2026-02-05T22:32:25.829+0000] {processor.py:183} INFO - Processing /opt/airflow/dags/ecommerce_etl.py took 0.089 seconds
[2026-02-05T22:32:56.055+0000] {processor.py:161} INFO - Started process (PID=3885) to work on /opt/airflow/dags/ecommerce_etl.py
[2026-02-05T22:32:56.057+0000] {processor.py:830} INFO - Processing file /opt/airflow/dags/ecommerce_etl.py for tasks to queue
[2026-02-05T22:32:56.057+0000] {logging_mixin.py:188} INFO - [2026-02-05T22:32:56.057+0000] {dagbag.py:538} INFO - Filling up the DagBag from /opt/airflow/dags/ecommerce_etl.py
[2026-02-05T22:32:56.080+0000] {processor.py:840} INFO - DAG(s) 'ecommerce_etl_pipeline' retrieved from /opt/airflow/dags/ecommerce_etl.py
[2026-02-05T22:32:56.108+0000] {logging_mixin.py:188} INFO - [2026-02-05T22:32:56.108+0000] {dag.py:3036} INFO - Sync 1 DAGs
[2026-02-05T22:32:56.127+0000] {logging_mixin.py:188} INFO - [2026-02-05T22:32:56.127+0000] {dag.py:3823} INFO - Setting next_dagrun for ecommerce_etl_pipeline to 2026-02-05 00:00:00+00:00, run_after=2026-02-06 00:00:00+00:00
[2026-02-05T22:32:56.143+0000] {processor.py:183} INFO - Processing /opt/airflow/dags/ecommerce_etl.py took 0.091 seconds
[2026-02-05T22:33:26.373+0000] {processor.py:161} INFO - Started process (PID=3914) to work on /opt/airflow/dags/ecommerce_etl.py
[2026-02-05T22:33:26.374+0000] {processor.py:830} INFO - Processing file /opt/airflow/dags/ecommerce_etl.py for tasks to queue
[2026-02-05T22:33:26.375+0000] {logging_mixin.py:188} INFO - [2026-02-05T22:33:26.374+0000] {dagbag.py:538} INFO - Filling up the DagBag from /opt/airflow/dags/ecommerce_etl.py
[2026-02-05T22:33:26.398+0000] {processor.py:840} INFO - DAG(s) 'ecommerce_etl_pipeline' retrieved from /opt/airflow/dags/ecommerce_etl.py
[2026-02-05T22:33:26.427+0000] {logging_mixin.py:188} INFO - [2026-02-05T22:33:26.426+0000] {dag.py:3036} INFO - Sync 1 DAGs
[2026-02-05T22:33:26.448+0000] {logging_mixin.py:188} INFO - [2026-02-05T22:33:26.447+0000] {dag.py:3823} INFO - Setting next_dagrun for ecommerce_etl_pipeline to 2026-02-05 00:00:00+00:00, run_after=2026-02-06 00:00:00+00:00
[2026-02-05T22:33:26.464+0000] {processor.py:183} INFO - Processing /opt/airflow/dags/ecommerce_etl.py took 0.095 seconds
[2026-02-05T22:33:56.686+0000] {processor.py:161} INFO - Started process (PID=3943) to work on /opt/airflow/dags/ecommerce_etl.py
[2026-02-05T22:33:56.687+0000] {processor.py:830} INFO - Processing file /opt/airflow/dags/ecommerce_etl.py for tasks to queue
[2026-02-05T22:33:56.688+0000] {logging_mixin.py:188} INFO - [2026-02-05T22:33:56.688+0000] {dagbag.py:538} INFO - Filling up the DagBag from /opt/airflow/dags/ecommerce_etl.py
[2026-02-05T22:33:56.710+0000] {processor.py:840} INFO - DAG(s) 'ecommerce_etl_pipeline' retrieved from /opt/airflow/dags/ecommerce_etl.py
[2026-02-05T22:33:56.737+0000] {logging_mixin.py:188} INFO - [2026-02-05T22:33:56.737+0000] {dag.py:3036} INFO - Sync 1 DAGs
[2026-02-05T22:33:56.758+0000] {logging_mixin.py:188} INFO - [2026-02-05T22:33:56.758+0000] {dag.py:3823} INFO - Setting next_dagrun for ecommerce_etl_pipeline to 2026-02-05 00:00:00+00:00, run_after=2026-02-06 00:00:00+00:00
[2026-02-05T22:33:56.778+0000] {processor.py:183} INFO - Processing /opt/airflow/dags/ecommerce_etl.py took 0.095 seconds
[2026-02-05T22:34:27.000+0000] {processor.py:161} INFO - Started process (PID=3972) to work on /opt/airflow/dags/ecommerce_etl.py
[2026-02-05T22:34:27.001+0000] {processor.py:830} INFO - Processing file /opt/airflow/dags/ecommerce_etl.py for tasks to queue
[2026-02-05T22:34:27.002+0000] {logging_mixin.py:188} INFO - [2026-02-05T22:34:27.002+0000] {dagbag.py:538} INFO - Filling up the DagBag from /opt/airflow/dags/ecommerce_etl.py
[2026-02-05T22:34:27.028+0000] {processor.py:840} INFO - DAG(s) 'ecommerce_etl_pipeline' retrieved from /opt/airflow/dags/ecommerce_etl.py
[2026-02-05T22:34:27.055+0000] {logging_mixin.py:188} INFO - [2026-02-05T22:34:27.055+0000] {dag.py:3036} INFO - Sync 1 DAGs
[2026-02-05T22:34:27.090+0000] {logging_mixin.py:188} INFO - [2026-02-05T22:34:27.089+0000] {dag.py:3823} INFO - Setting next_dagrun for ecommerce_etl_pipeline to 2026-02-05 00:00:00+00:00, run_after=2026-02-06 00:00:00+00:00
[2026-02-05T22:34:27.115+0000] {processor.py:183} INFO - Processing /opt/airflow/dags/ecommerce_etl.py took 0.119 seconds
[2026-02-05T22:34:57.350+0000] {processor.py:161} INFO - Started process (PID=4007) to work on /opt/airflow/dags/ecommerce_etl.py
[2026-02-05T22:34:57.351+0000] {processor.py:830} INFO - Processing file /opt/airflow/dags/ecommerce_etl.py for tasks to queue
[2026-02-05T22:34:57.353+0000] {logging_mixin.py:188} INFO - [2026-02-05T22:34:57.352+0000] {dagbag.py:538} INFO - Filling up the DagBag from /opt/airflow/dags/ecommerce_etl.py
[2026-02-05T22:34:57.382+0000] {processor.py:840} INFO - DAG(s) 'ecommerce_etl_pipeline' retrieved from /opt/airflow/dags/ecommerce_etl.py
[2026-02-05T22:34:57.411+0000] {logging_mixin.py:188} INFO - [2026-02-05T22:34:57.411+0000] {dag.py:3036} INFO - Sync 1 DAGs
[2026-02-05T22:34:57.430+0000] {logging_mixin.py:188} INFO - [2026-02-05T22:34:57.430+0000] {dag.py:3823} INFO - Setting next_dagrun for ecommerce_etl_pipeline to 2026-02-05 00:00:00+00:00, run_after=2026-02-06 00:00:00+00:00
[2026-02-05T22:34:57.449+0000] {processor.py:183} INFO - Processing /opt/airflow/dags/ecommerce_etl.py took 0.104 seconds
[2026-02-05T22:35:27.681+0000] {processor.py:161} INFO - Started process (PID=4036) to work on /opt/airflow/dags/ecommerce_etl.py
[2026-02-05T22:35:27.682+0000] {processor.py:830} INFO - Processing file /opt/airflow/dags/ecommerce_etl.py for tasks to queue
[2026-02-05T22:35:27.683+0000] {logging_mixin.py:188} INFO - [2026-02-05T22:35:27.683+0000] {dagbag.py:538} INFO - Filling up the DagBag from /opt/airflow/dags/ecommerce_etl.py
[2026-02-05T22:35:27.706+0000] {processor.py:840} INFO - DAG(s) 'ecommerce_etl_pipeline' retrieved from /opt/airflow/dags/ecommerce_etl.py
[2026-02-05T22:35:27.732+0000] {logging_mixin.py:188} INFO - [2026-02-05T22:35:27.732+0000] {dag.py:3036} INFO - Sync 1 DAGs
[2026-02-05T22:35:27.751+0000] {logging_mixin.py:188} INFO - [2026-02-05T22:35:27.751+0000] {dag.py:3823} INFO - Setting next_dagrun for ecommerce_etl_pipeline to 2026-02-05 00:00:00+00:00, run_after=2026-02-06 00:00:00+00:00
[2026-02-05T22:35:27.769+0000] {processor.py:183} INFO - Processing /opt/airflow/dags/ecommerce_etl.py took 0.091 seconds
[2026-02-05T22:35:58.012+0000] {processor.py:161} INFO - Started process (PID=4065) to work on /opt/airflow/dags/ecommerce_etl.py
[2026-02-05T22:35:58.014+0000] {processor.py:830} INFO - Processing file /opt/airflow/dags/ecommerce_etl.py for tasks to queue
[2026-02-05T22:35:58.015+0000] {logging_mixin.py:188} INFO - [2026-02-05T22:35:58.015+0000] {dagbag.py:538} INFO - Filling up the DagBag from /opt/airflow/dags/ecommerce_etl.py
[2026-02-05T22:35:58.043+0000] {processor.py:840} INFO - DAG(s) 'ecommerce_etl_pipeline' retrieved from /opt/airflow/dags/ecommerce_etl.py
[2026-02-05T22:35:58.073+0000] {logging_mixin.py:188} INFO - [2026-02-05T22:35:58.073+0000] {dag.py:3036} INFO - Sync 1 DAGs
[2026-02-05T22:35:58.095+0000] {logging_mixin.py:188} INFO - [2026-02-05T22:35:58.095+0000] {dag.py:3823} INFO - Setting next_dagrun for ecommerce_etl_pipeline to 2026-02-05 00:00:00+00:00, run_after=2026-02-06 00:00:00+00:00
[2026-02-05T22:35:58.118+0000] {processor.py:183} INFO - Processing /opt/airflow/dags/ecommerce_etl.py took 0.109 seconds
[2026-02-05T22:36:28.365+0000] {processor.py:161} INFO - Started process (PID=4094) to work on /opt/airflow/dags/ecommerce_etl.py
[2026-02-05T22:36:28.366+0000] {processor.py:830} INFO - Processing file /opt/airflow/dags/ecommerce_etl.py for tasks to queue
[2026-02-05T22:36:28.368+0000] {logging_mixin.py:188} INFO - [2026-02-05T22:36:28.367+0000] {dagbag.py:538} INFO - Filling up the DagBag from /opt/airflow/dags/ecommerce_etl.py
[2026-02-05T22:36:28.388+0000] {processor.py:840} INFO - DAG(s) 'ecommerce_etl_pipeline' retrieved from /opt/airflow/dags/ecommerce_etl.py
[2026-02-05T22:36:28.416+0000] {logging_mixin.py:188} INFO - [2026-02-05T22:36:28.416+0000] {dag.py:3036} INFO - Sync 1 DAGs
[2026-02-05T22:36:28.436+0000] {logging_mixin.py:188} INFO - [2026-02-05T22:36:28.436+0000] {dag.py:3823} INFO - Setting next_dagrun for ecommerce_etl_pipeline to 2026-02-05 00:00:00+00:00, run_after=2026-02-06 00:00:00+00:00
[2026-02-05T22:36:28.453+0000] {processor.py:183} INFO - Processing /opt/airflow/dags/ecommerce_etl.py took 0.091 seconds
[2026-02-05T22:36:58.688+0000] {processor.py:161} INFO - Started process (PID=4123) to work on /opt/airflow/dags/ecommerce_etl.py
[2026-02-05T22:36:58.689+0000] {processor.py:830} INFO - Processing file /opt/airflow/dags/ecommerce_etl.py for tasks to queue
[2026-02-05T22:36:58.690+0000] {logging_mixin.py:188} INFO - [2026-02-05T22:36:58.690+0000] {dagbag.py:538} INFO - Filling up the DagBag from /opt/airflow/dags/ecommerce_etl.py
[2026-02-05T22:36:58.712+0000] {processor.py:840} INFO - DAG(s) 'ecommerce_etl_pipeline' retrieved from /opt/airflow/dags/ecommerce_etl.py
[2026-02-05T22:36:58.741+0000] {logging_mixin.py:188} INFO - [2026-02-05T22:36:58.741+0000] {dag.py:3036} INFO - Sync 1 DAGs
[2026-02-05T22:36:58.762+0000] {logging_mixin.py:188} INFO - [2026-02-05T22:36:58.762+0000] {dag.py:3823} INFO - Setting next_dagrun for ecommerce_etl_pipeline to 2026-02-05 00:00:00+00:00, run_after=2026-02-06 00:00:00+00:00
[2026-02-05T22:36:58.780+0000] {processor.py:183} INFO - Processing /opt/airflow/dags/ecommerce_etl.py took 0.095 seconds
[2026-02-05T22:37:28.921+0000] {processor.py:161} INFO - Started process (PID=4150) to work on /opt/airflow/dags/ecommerce_etl.py
[2026-02-05T22:37:28.922+0000] {processor.py:830} INFO - Processing file /opt/airflow/dags/ecommerce_etl.py for tasks to queue
[2026-02-05T22:37:28.923+0000] {logging_mixin.py:188} INFO - [2026-02-05T22:37:28.923+0000] {dagbag.py:538} INFO - Filling up the DagBag from /opt/airflow/dags/ecommerce_etl.py
[2026-02-05T22:37:28.947+0000] {processor.py:840} INFO - DAG(s) 'ecommerce_etl_pipeline' retrieved from /opt/airflow/dags/ecommerce_etl.py
[2026-02-05T22:37:28.977+0000] {logging_mixin.py:188} INFO - [2026-02-05T22:37:28.977+0000] {dag.py:3036} INFO - Sync 1 DAGs
[2026-02-05T22:37:28.999+0000] {logging_mixin.py:188} INFO - [2026-02-05T22:37:28.999+0000] {dag.py:3823} INFO - Setting next_dagrun for ecommerce_etl_pipeline to 2026-02-05 00:00:00+00:00, run_after=2026-02-06 00:00:00+00:00
[2026-02-05T22:37:29.022+0000] {processor.py:183} INFO - Processing /opt/airflow/dags/ecommerce_etl.py took 0.105 seconds
[2026-02-05T22:37:59.252+0000] {processor.py:161} INFO - Started process (PID=4163) to work on /opt/airflow/dags/ecommerce_etl.py
[2026-02-05T22:37:59.254+0000] {processor.py:830} INFO - Processing file /opt/airflow/dags/ecommerce_etl.py for tasks to queue
[2026-02-05T22:37:59.255+0000] {logging_mixin.py:188} INFO - [2026-02-05T22:37:59.255+0000] {dagbag.py:538} INFO - Filling up the DagBag from /opt/airflow/dags/ecommerce_etl.py
[2026-02-05T22:37:59.281+0000] {processor.py:840} INFO - DAG(s) 'ecommerce_etl_pipeline' retrieved from /opt/airflow/dags/ecommerce_etl.py
[2026-02-05T22:37:59.309+0000] {logging_mixin.py:188} INFO - [2026-02-05T22:37:59.308+0000] {dag.py:3036} INFO - Sync 1 DAGs
[2026-02-05T22:37:59.329+0000] {logging_mixin.py:188} INFO - [2026-02-05T22:37:59.328+0000] {dag.py:3823} INFO - Setting next_dagrun for ecommerce_etl_pipeline to 2026-02-05 00:00:00+00:00, run_after=2026-02-06 00:00:00+00:00
[2026-02-05T22:37:59.347+0000] {processor.py:183} INFO - Processing /opt/airflow/dags/ecommerce_etl.py took 0.099 seconds
[2026-02-05T22:38:29.579+0000] {processor.py:161} INFO - Started process (PID=4192) to work on /opt/airflow/dags/ecommerce_etl.py
[2026-02-05T22:38:29.581+0000] {processor.py:830} INFO - Processing file /opt/airflow/dags/ecommerce_etl.py for tasks to queue
[2026-02-05T22:38:29.582+0000] {logging_mixin.py:188} INFO - [2026-02-05T22:38:29.581+0000] {dagbag.py:538} INFO - Filling up the DagBag from /opt/airflow/dags/ecommerce_etl.py
[2026-02-05T22:38:29.606+0000] {processor.py:840} INFO - DAG(s) 'ecommerce_etl_pipeline' retrieved from /opt/airflow/dags/ecommerce_etl.py
[2026-02-05T22:38:29.633+0000] {logging_mixin.py:188} INFO - [2026-02-05T22:38:29.632+0000] {dag.py:3036} INFO - Sync 1 DAGs
[2026-02-05T22:38:29.655+0000] {logging_mixin.py:188} INFO - [2026-02-05T22:38:29.655+0000] {dag.py:3823} INFO - Setting next_dagrun for ecommerce_etl_pipeline to 2026-02-05 00:00:00+00:00, run_after=2026-02-06 00:00:00+00:00
[2026-02-05T22:38:29.675+0000] {processor.py:183} INFO - Processing /opt/airflow/dags/ecommerce_etl.py took 0.099 seconds
[2026-02-05T22:38:59.918+0000] {processor.py:161} INFO - Started process (PID=4221) to work on /opt/airflow/dags/ecommerce_etl.py
[2026-02-05T22:38:59.919+0000] {processor.py:830} INFO - Processing file /opt/airflow/dags/ecommerce_etl.py for tasks to queue
[2026-02-05T22:38:59.920+0000] {logging_mixin.py:188} INFO - [2026-02-05T22:38:59.919+0000] {dagbag.py:538} INFO - Filling up the DagBag from /opt/airflow/dags/ecommerce_etl.py
[2026-02-05T22:38:59.941+0000] {processor.py:840} INFO - DAG(s) 'ecommerce_etl_pipeline' retrieved from /opt/airflow/dags/ecommerce_etl.py
[2026-02-05T22:38:59.968+0000] {logging_mixin.py:188} INFO - [2026-02-05T22:38:59.968+0000] {dag.py:3036} INFO - Sync 1 DAGs
[2026-02-05T22:38:59.988+0000] {logging_mixin.py:188} INFO - [2026-02-05T22:38:59.988+0000] {dag.py:3823} INFO - Setting next_dagrun for ecommerce_etl_pipeline to 2026-02-05 00:00:00+00:00, run_after=2026-02-06 00:00:00+00:00
[2026-02-05T22:39:00.008+0000] {processor.py:183} INFO - Processing /opt/airflow/dags/ecommerce_etl.py took 0.094 seconds
[2026-02-05T22:39:30.274+0000] {processor.py:161} INFO - Started process (PID=4250) to work on /opt/airflow/dags/ecommerce_etl.py
[2026-02-05T22:39:30.275+0000] {processor.py:830} INFO - Processing file /opt/airflow/dags/ecommerce_etl.py for tasks to queue
[2026-02-05T22:39:30.276+0000] {logging_mixin.py:188} INFO - [2026-02-05T22:39:30.275+0000] {dagbag.py:538} INFO - Filling up the DagBag from /opt/airflow/dags/ecommerce_etl.py
[2026-02-05T22:39:30.321+0000] {processor.py:840} INFO - DAG(s) 'ecommerce_etl_pipeline' retrieved from /opt/airflow/dags/ecommerce_etl.py
[2026-02-05T22:39:30.348+0000] {logging_mixin.py:188} INFO - [2026-02-05T22:39:30.348+0000] {dag.py:3036} INFO - Sync 1 DAGs
[2026-02-05T22:39:30.367+0000] {logging_mixin.py:188} INFO - [2026-02-05T22:39:30.367+0000] {dag.py:3823} INFO - Setting next_dagrun for ecommerce_etl_pipeline to 2026-02-05 00:00:00+00:00, run_after=2026-02-06 00:00:00+00:00
[2026-02-05T22:39:30.383+0000] {processor.py:183} INFO - Processing /opt/airflow/dags/ecommerce_etl.py took 0.113 seconds
[2026-02-05T22:40:00.628+0000] {processor.py:161} INFO - Started process (PID=4279) to work on /opt/airflow/dags/ecommerce_etl.py
[2026-02-05T22:40:00.629+0000] {processor.py:830} INFO - Processing file /opt/airflow/dags/ecommerce_etl.py for tasks to queue
[2026-02-05T22:40:00.630+0000] {logging_mixin.py:188} INFO - [2026-02-05T22:40:00.630+0000] {dagbag.py:538} INFO - Filling up the DagBag from /opt/airflow/dags/ecommerce_etl.py
[2026-02-05T22:40:00.653+0000] {processor.py:840} INFO - DAG(s) 'ecommerce_etl_pipeline' retrieved from /opt/airflow/dags/ecommerce_etl.py
[2026-02-05T22:40:00.680+0000] {logging_mixin.py:188} INFO - [2026-02-05T22:40:00.680+0000] {dag.py:3036} INFO - Sync 1 DAGs
[2026-02-05T22:40:00.699+0000] {logging_mixin.py:188} INFO - [2026-02-05T22:40:00.698+0000] {dag.py:3823} INFO - Setting next_dagrun for ecommerce_etl_pipeline to 2026-02-05 00:00:00+00:00, run_after=2026-02-06 00:00:00+00:00
[2026-02-05T22:40:00.717+0000] {processor.py:183} INFO - Processing /opt/airflow/dags/ecommerce_etl.py took 0.091 seconds
[2026-02-05T22:40:30.866+0000] {processor.py:161} INFO - Started process (PID=4308) to work on /opt/airflow/dags/ecommerce_etl.py
[2026-02-05T22:40:30.868+0000] {processor.py:830} INFO - Processing file /opt/airflow/dags/ecommerce_etl.py for tasks to queue
[2026-02-05T22:40:30.868+0000] {logging_mixin.py:188} INFO - [2026-02-05T22:40:30.868+0000] {dagbag.py:538} INFO - Filling up the DagBag from /opt/airflow/dags/ecommerce_etl.py
[2026-02-05T22:40:30.894+0000] {processor.py:840} INFO - DAG(s) 'ecommerce_etl_pipeline' retrieved from /opt/airflow/dags/ecommerce_etl.py
[2026-02-05T22:40:30.928+0000] {logging_mixin.py:188} INFO - [2026-02-05T22:40:30.928+0000] {dag.py:3036} INFO - Sync 1 DAGs
[2026-02-05T22:40:30.950+0000] {logging_mixin.py:188} INFO - [2026-02-05T22:40:30.950+0000] {dag.py:3823} INFO - Setting next_dagrun for ecommerce_etl_pipeline to 2026-02-05 00:00:00+00:00, run_after=2026-02-06 00:00:00+00:00
[2026-02-05T22:40:30.970+0000] {processor.py:183} INFO - Processing /opt/airflow/dags/ecommerce_etl.py took 0.107 seconds
[2026-02-05T22:41:01.231+0000] {processor.py:161} INFO - Started process (PID=4337) to work on /opt/airflow/dags/ecommerce_etl.py
[2026-02-05T22:41:01.233+0000] {processor.py:830} INFO - Processing file /opt/airflow/dags/ecommerce_etl.py for tasks to queue
[2026-02-05T22:41:01.234+0000] {logging_mixin.py:188} INFO - [2026-02-05T22:41:01.233+0000] {dagbag.py:538} INFO - Filling up the DagBag from /opt/airflow/dags/ecommerce_etl.py
[2026-02-05T22:41:01.256+0000] {processor.py:840} INFO - DAG(s) 'ecommerce_etl_pipeline' retrieved from /opt/airflow/dags/ecommerce_etl.py
[2026-02-05T22:41:01.285+0000] {logging_mixin.py:188} INFO - [2026-02-05T22:41:01.285+0000] {dag.py:3036} INFO - Sync 1 DAGs
[2026-02-05T22:41:01.304+0000] {logging_mixin.py:188} INFO - [2026-02-05T22:41:01.304+0000] {dag.py:3823} INFO - Setting next_dagrun for ecommerce_etl_pipeline to 2026-02-05 00:00:00+00:00, run_after=2026-02-06 00:00:00+00:00
[2026-02-05T22:41:01.322+0000] {processor.py:183} INFO - Processing /opt/airflow/dags/ecommerce_etl.py took 0.094 seconds
[2026-02-05T22:41:31.510+0000] {processor.py:161} INFO - Started process (PID=4366) to work on /opt/airflow/dags/ecommerce_etl.py
[2026-02-05T22:41:31.511+0000] {processor.py:830} INFO - Processing file /opt/airflow/dags/ecommerce_etl.py for tasks to queue
[2026-02-05T22:41:31.512+0000] {logging_mixin.py:188} INFO - [2026-02-05T22:41:31.511+0000] {dagbag.py:538} INFO - Filling up the DagBag from /opt/airflow/dags/ecommerce_etl.py
[2026-02-05T22:41:31.536+0000] {processor.py:840} INFO - DAG(s) 'ecommerce_etl_pipeline' retrieved from /opt/airflow/dags/ecommerce_etl.py
[2026-02-05T22:41:31.563+0000] {logging_mixin.py:188} INFO - [2026-02-05T22:41:31.563+0000] {dag.py:3036} INFO - Sync 1 DAGs
[2026-02-05T22:41:31.583+0000] {logging_mixin.py:188} INFO - [2026-02-05T22:41:31.582+0000] {dag.py:3823} INFO - Setting next_dagrun for ecommerce_etl_pipeline to 2026-02-05 00:00:00+00:00, run_after=2026-02-06 00:00:00+00:00
[2026-02-05T22:41:31.599+0000] {processor.py:183} INFO - Processing /opt/airflow/dags/ecommerce_etl.py took 0.092 seconds
[2026-02-05T22:42:01.651+0000] {processor.py:161} INFO - Started process (PID=4395) to work on /opt/airflow/dags/ecommerce_etl.py
[2026-02-05T22:42:01.652+0000] {processor.py:830} INFO - Processing file /opt/airflow/dags/ecommerce_etl.py for tasks to queue
[2026-02-05T22:42:01.653+0000] {logging_mixin.py:188} INFO - [2026-02-05T22:42:01.653+0000] {dagbag.py:538} INFO - Filling up the DagBag from /opt/airflow/dags/ecommerce_etl.py
[2026-02-05T22:42:01.677+0000] {processor.py:840} INFO - DAG(s) 'ecommerce_etl_pipeline' retrieved from /opt/airflow/dags/ecommerce_etl.py
[2026-02-05T22:42:01.705+0000] {logging_mixin.py:188} INFO - [2026-02-05T22:42:01.705+0000] {dag.py:3036} INFO - Sync 1 DAGs
[2026-02-05T22:42:01.725+0000] {logging_mixin.py:188} INFO - [2026-02-05T22:42:01.724+0000] {dag.py:3823} INFO - Setting next_dagrun for ecommerce_etl_pipeline to 2026-02-05 00:00:00+00:00, run_after=2026-02-06 00:00:00+00:00
[2026-02-05T22:42:01.741+0000] {processor.py:183} INFO - Processing /opt/airflow/dags/ecommerce_etl.py took 0.093 seconds
[2026-02-05T22:42:31.971+0000] {processor.py:161} INFO - Started process (PID=4424) to work on /opt/airflow/dags/ecommerce_etl.py
[2026-02-05T22:42:31.972+0000] {processor.py:830} INFO - Processing file /opt/airflow/dags/ecommerce_etl.py for tasks to queue
[2026-02-05T22:42:31.973+0000] {logging_mixin.py:188} INFO - [2026-02-05T22:42:31.973+0000] {dagbag.py:538} INFO - Filling up the DagBag from /opt/airflow/dags/ecommerce_etl.py
[2026-02-05T22:42:31.998+0000] {processor.py:840} INFO - DAG(s) 'ecommerce_etl_pipeline' retrieved from /opt/airflow/dags/ecommerce_etl.py
[2026-02-05T22:42:32.048+0000] {logging_mixin.py:188} INFO - [2026-02-05T22:42:32.048+0000] {dag.py:3036} INFO - Sync 1 DAGs
[2026-02-05T22:42:32.067+0000] {logging_mixin.py:188} INFO - [2026-02-05T22:42:32.067+0000] {dag.py:3823} INFO - Setting next_dagrun for ecommerce_etl_pipeline to 2026-02-05 00:00:00+00:00, run_after=2026-02-06 00:00:00+00:00
[2026-02-05T22:42:32.084+0000] {processor.py:183} INFO - Processing /opt/airflow/dags/ecommerce_etl.py took 0.116 seconds
[2026-02-05T22:43:02.205+0000] {processor.py:161} INFO - Started process (PID=4438) to work on /opt/airflow/dags/ecommerce_etl.py
[2026-02-05T22:43:02.206+0000] {processor.py:830} INFO - Processing file /opt/airflow/dags/ecommerce_etl.py for tasks to queue
[2026-02-05T22:43:02.207+0000] {logging_mixin.py:188} INFO - [2026-02-05T22:43:02.207+0000] {dagbag.py:538} INFO - Filling up the DagBag from /opt/airflow/dags/ecommerce_etl.py
[2026-02-05T22:43:02.229+0000] {processor.py:840} INFO - DAG(s) 'ecommerce_etl_pipeline' retrieved from /opt/airflow/dags/ecommerce_etl.py
[2026-02-05T22:43:02.259+0000] {logging_mixin.py:188} INFO - [2026-02-05T22:43:02.259+0000] {dag.py:3036} INFO - Sync 1 DAGs
[2026-02-05T22:43:02.281+0000] {logging_mixin.py:188} INFO - [2026-02-05T22:43:02.281+0000] {dag.py:3823} INFO - Setting next_dagrun for ecommerce_etl_pipeline to 2026-02-05 00:00:00+00:00, run_after=2026-02-06 00:00:00+00:00
[2026-02-05T22:43:02.301+0000] {processor.py:183} INFO - Processing /opt/airflow/dags/ecommerce_etl.py took 0.099 seconds
[2026-02-05T22:43:32.557+0000] {processor.py:161} INFO - Started process (PID=4464) to work on /opt/airflow/dags/ecommerce_etl.py
[2026-02-05T22:43:32.558+0000] {processor.py:830} INFO - Processing file /opt/airflow/dags/ecommerce_etl.py for tasks to queue
[2026-02-05T22:43:32.559+0000] {logging_mixin.py:188} INFO - [2026-02-05T22:43:32.558+0000] {dagbag.py:538} INFO - Filling up the DagBag from /opt/airflow/dags/ecommerce_etl.py
[2026-02-05T22:43:32.588+0000] {processor.py:840} INFO - DAG(s) 'ecommerce_etl_pipeline' retrieved from /opt/airflow/dags/ecommerce_etl.py
[2026-02-05T22:43:32.616+0000] {logging_mixin.py:188} INFO - [2026-02-05T22:43:32.616+0000] {dag.py:3036} INFO - Sync 1 DAGs
[2026-02-05T22:43:32.636+0000] {logging_mixin.py:188} INFO - [2026-02-05T22:43:32.636+0000] {dag.py:3823} INFO - Setting next_dagrun for ecommerce_etl_pipeline to 2026-02-05 00:00:00+00:00, run_after=2026-02-06 00:00:00+00:00
[2026-02-05T22:43:32.656+0000] {processor.py:183} INFO - Processing /opt/airflow/dags/ecommerce_etl.py took 0.103 seconds
[2026-02-05T22:44:02.878+0000] {processor.py:161} INFO - Started process (PID=4493) to work on /opt/airflow/dags/ecommerce_etl.py
[2026-02-05T22:44:02.880+0000] {processor.py:830} INFO - Processing file /opt/airflow/dags/ecommerce_etl.py for tasks to queue
[2026-02-05T22:44:02.881+0000] {logging_mixin.py:188} INFO - [2026-02-05T22:44:02.880+0000] {dagbag.py:538} INFO - Filling up the DagBag from /opt/airflow/dags/ecommerce_etl.py
[2026-02-05T22:44:02.902+0000] {processor.py:840} INFO - DAG(s) 'ecommerce_etl_pipeline' retrieved from /opt/airflow/dags/ecommerce_etl.py
[2026-02-05T22:44:02.930+0000] {logging_mixin.py:188} INFO - [2026-02-05T22:44:02.930+0000] {dag.py:3036} INFO - Sync 1 DAGs
[2026-02-05T22:44:02.950+0000] {logging_mixin.py:188} INFO - [2026-02-05T22:44:02.950+0000] {dag.py:3823} INFO - Setting next_dagrun for ecommerce_etl_pipeline to 2026-02-05 00:00:00+00:00, run_after=2026-02-06 00:00:00+00:00
[2026-02-05T22:44:02.969+0000] {processor.py:183} INFO - Processing /opt/airflow/dags/ecommerce_etl.py took 0.094 seconds
[2026-02-05T22:44:33.219+0000] {processor.py:161} INFO - Started process (PID=4522) to work on /opt/airflow/dags/ecommerce_etl.py
[2026-02-05T22:44:33.221+0000] {processor.py:830} INFO - Processing file /opt/airflow/dags/ecommerce_etl.py for tasks to queue
[2026-02-05T22:44:33.222+0000] {logging_mixin.py:188} INFO - [2026-02-05T22:44:33.221+0000] {dagbag.py:538} INFO - Filling up the DagBag from /opt/airflow/dags/ecommerce_etl.py
[2026-02-05T22:44:33.248+0000] {processor.py:840} INFO - DAG(s) 'ecommerce_etl_pipeline' retrieved from /opt/airflow/dags/ecommerce_etl.py
[2026-02-05T22:44:33.279+0000] {logging_mixin.py:188} INFO - [2026-02-05T22:44:33.279+0000] {dag.py:3036} INFO - Sync 1 DAGs
[2026-02-05T22:44:33.304+0000] {logging_mixin.py:188} INFO - [2026-02-05T22:44:33.304+0000] {dag.py:3823} INFO - Setting next_dagrun for ecommerce_etl_pipeline to 2026-02-05 00:00:00+00:00, run_after=2026-02-06 00:00:00+00:00
[2026-02-05T22:44:33.327+0000] {processor.py:183} INFO - Processing /opt/airflow/dags/ecommerce_etl.py took 0.111 seconds
[2026-02-05T22:45:03.561+0000] {processor.py:161} INFO - Started process (PID=4551) to work on /opt/airflow/dags/ecommerce_etl.py
[2026-02-05T22:45:03.562+0000] {processor.py:830} INFO - Processing file /opt/airflow/dags/ecommerce_etl.py for tasks to queue
[2026-02-05T22:45:03.563+0000] {logging_mixin.py:188} INFO - [2026-02-05T22:45:03.562+0000] {dagbag.py:538} INFO - Filling up the DagBag from /opt/airflow/dags/ecommerce_etl.py
[2026-02-05T22:45:03.588+0000] {processor.py:840} INFO - DAG(s) 'ecommerce_etl_pipeline' retrieved from /opt/airflow/dags/ecommerce_etl.py
[2026-02-05T22:45:03.623+0000] {logging_mixin.py:188} INFO - [2026-02-05T22:45:03.622+0000] {dag.py:3036} INFO - Sync 1 DAGs
[2026-02-05T22:45:03.648+0000] {logging_mixin.py:188} INFO - [2026-02-05T22:45:03.648+0000] {dag.py:3823} INFO - Setting next_dagrun for ecommerce_etl_pipeline to 2026-02-05 00:00:00+00:00, run_after=2026-02-06 00:00:00+00:00
[2026-02-05T22:45:03.673+0000] {processor.py:183} INFO - Processing /opt/airflow/dags/ecommerce_etl.py took 0.115 seconds
[2026-02-05T22:45:33.975+0000] {processor.py:161} INFO - Started process (PID=4580) to work on /opt/airflow/dags/ecommerce_etl.py
[2026-02-05T22:45:33.976+0000] {processor.py:830} INFO - Processing file /opt/airflow/dags/ecommerce_etl.py for tasks to queue
[2026-02-05T22:45:33.977+0000] {logging_mixin.py:188} INFO - [2026-02-05T22:45:33.976+0000] {dagbag.py:538} INFO - Filling up the DagBag from /opt/airflow/dags/ecommerce_etl.py
[2026-02-05T22:45:34.002+0000] {processor.py:840} INFO - DAG(s) 'ecommerce_etl_pipeline' retrieved from /opt/airflow/dags/ecommerce_etl.py
[2026-02-05T22:45:34.032+0000] {logging_mixin.py:188} INFO - [2026-02-05T22:45:34.031+0000] {dag.py:3036} INFO - Sync 1 DAGs
[2026-02-05T22:45:34.054+0000] {logging_mixin.py:188} INFO - [2026-02-05T22:45:34.054+0000] {dag.py:3823} INFO - Setting next_dagrun for ecommerce_etl_pipeline to 2026-02-05 00:00:00+00:00, run_after=2026-02-06 00:00:00+00:00
[2026-02-05T22:45:34.073+0000] {processor.py:183} INFO - Processing /opt/airflow/dags/ecommerce_etl.py took 0.102 seconds
[2026-02-05T22:46:04.211+0000] {processor.py:161} INFO - Started process (PID=4609) to work on /opt/airflow/dags/ecommerce_etl.py
[2026-02-05T22:46:04.213+0000] {processor.py:830} INFO - Processing file /opt/airflow/dags/ecommerce_etl.py for tasks to queue
[2026-02-05T22:46:04.215+0000] {logging_mixin.py:188} INFO - [2026-02-05T22:46:04.215+0000] {dagbag.py:538} INFO - Filling up the DagBag from /opt/airflow/dags/ecommerce_etl.py
[2026-02-05T22:46:04.254+0000] {processor.py:840} INFO - DAG(s) 'ecommerce_etl_pipeline' retrieved from /opt/airflow/dags/ecommerce_etl.py
[2026-02-05T22:46:04.291+0000] {logging_mixin.py:188} INFO - [2026-02-05T22:46:04.291+0000] {dag.py:3036} INFO - Sync 1 DAGs
[2026-02-05T22:46:04.317+0000] {logging_mixin.py:188} INFO - [2026-02-05T22:46:04.317+0000] {dag.py:3823} INFO - Setting next_dagrun for ecommerce_etl_pipeline to 2026-02-05 00:00:00+00:00, run_after=2026-02-06 00:00:00+00:00
[2026-02-05T22:46:04.339+0000] {processor.py:183} INFO - Processing /opt/airflow/dags/ecommerce_etl.py took 0.133 seconds
[2026-02-05T22:46:34.558+0000] {processor.py:161} INFO - Started process (PID=4638) to work on /opt/airflow/dags/ecommerce_etl.py
[2026-02-05T22:46:34.559+0000] {processor.py:830} INFO - Processing file /opt/airflow/dags/ecommerce_etl.py for tasks to queue
[2026-02-05T22:46:34.560+0000] {logging_mixin.py:188} INFO - [2026-02-05T22:46:34.560+0000] {dagbag.py:538} INFO - Filling up the DagBag from /opt/airflow/dags/ecommerce_etl.py
[2026-02-05T22:46:34.586+0000] {processor.py:840} INFO - DAG(s) 'ecommerce_etl_pipeline' retrieved from /opt/airflow/dags/ecommerce_etl.py
[2026-02-05T22:46:34.612+0000] {logging_mixin.py:188} INFO - [2026-02-05T22:46:34.611+0000] {dag.py:3036} INFO - Sync 1 DAGs
[2026-02-05T22:46:34.630+0000] {logging_mixin.py:188} INFO - [2026-02-05T22:46:34.630+0000] {dag.py:3823} INFO - Setting next_dagrun for ecommerce_etl_pipeline to 2026-02-05 00:00:00+00:00, run_after=2026-02-06 00:00:00+00:00
[2026-02-05T22:46:34.650+0000] {processor.py:183} INFO - Processing /opt/airflow/dags/ecommerce_etl.py took 0.095 seconds
[2026-02-05T22:47:04.890+0000] {processor.py:161} INFO - Started process (PID=4667) to work on /opt/airflow/dags/ecommerce_etl.py
[2026-02-05T22:47:04.891+0000] {processor.py:830} INFO - Processing file /opt/airflow/dags/ecommerce_etl.py for tasks to queue
[2026-02-05T22:47:04.892+0000] {logging_mixin.py:188} INFO - [2026-02-05T22:47:04.892+0000] {dagbag.py:538} INFO - Filling up the DagBag from /opt/airflow/dags/ecommerce_etl.py
[2026-02-05T22:47:04.919+0000] {processor.py:840} INFO - DAG(s) 'ecommerce_etl_pipeline' retrieved from /opt/airflow/dags/ecommerce_etl.py
[2026-02-05T22:47:04.947+0000] {logging_mixin.py:188} INFO - [2026-02-05T22:47:04.947+0000] {dag.py:3036} INFO - Sync 1 DAGs
[2026-02-05T22:47:04.969+0000] {logging_mixin.py:188} INFO - [2026-02-05T22:47:04.969+0000] {dag.py:3823} INFO - Setting next_dagrun for ecommerce_etl_pipeline to 2026-02-05 00:00:00+00:00, run_after=2026-02-06 00:00:00+00:00
[2026-02-05T22:47:04.989+0000] {processor.py:183} INFO - Processing /opt/airflow/dags/ecommerce_etl.py took 0.102 seconds
[2026-02-05T22:47:35.210+0000] {processor.py:161} INFO - Started process (PID=4697) to work on /opt/airflow/dags/ecommerce_etl.py
[2026-02-05T22:47:35.212+0000] {processor.py:830} INFO - Processing file /opt/airflow/dags/ecommerce_etl.py for tasks to queue
[2026-02-05T22:47:35.213+0000] {logging_mixin.py:188} INFO - [2026-02-05T22:47:35.212+0000] {dagbag.py:538} INFO - Filling up the DagBag from /opt/airflow/dags/ecommerce_etl.py
[2026-02-05T22:47:35.241+0000] {processor.py:840} INFO - DAG(s) 'ecommerce_etl_pipeline' retrieved from /opt/airflow/dags/ecommerce_etl.py
[2026-02-05T22:47:35.275+0000] {logging_mixin.py:188} INFO - [2026-02-05T22:47:35.275+0000] {dag.py:3036} INFO - Sync 1 DAGs
[2026-02-05T22:47:35.298+0000] {logging_mixin.py:188} INFO - [2026-02-05T22:47:35.298+0000] {dag.py:3823} INFO - Setting next_dagrun for ecommerce_etl_pipeline to 2026-02-05 00:00:00+00:00, run_after=2026-02-06 00:00:00+00:00
[2026-02-05T22:47:35.321+0000] {processor.py:183} INFO - Processing /opt/airflow/dags/ecommerce_etl.py took 0.114 seconds
[2026-02-05T22:48:05.438+0000] {processor.py:161} INFO - Started process (PID=4724) to work on /opt/airflow/dags/ecommerce_etl.py
[2026-02-05T22:48:05.439+0000] {processor.py:830} INFO - Processing file /opt/airflow/dags/ecommerce_etl.py for tasks to queue
[2026-02-05T22:48:05.441+0000] {logging_mixin.py:188} INFO - [2026-02-05T22:48:05.440+0000] {dagbag.py:538} INFO - Filling up the DagBag from /opt/airflow/dags/ecommerce_etl.py
[2026-02-05T22:48:05.477+0000] {processor.py:840} INFO - DAG(s) 'ecommerce_etl_pipeline' retrieved from /opt/airflow/dags/ecommerce_etl.py
[2026-02-05T22:48:05.516+0000] {logging_mixin.py:188} INFO - [2026-02-05T22:48:05.515+0000] {dag.py:3036} INFO - Sync 1 DAGs
[2026-02-05T22:48:05.545+0000] {logging_mixin.py:188} INFO - [2026-02-05T22:48:05.545+0000] {dag.py:3823} INFO - Setting next_dagrun for ecommerce_etl_pipeline to 2026-02-05 00:00:00+00:00, run_after=2026-02-06 00:00:00+00:00
[2026-02-05T22:48:05.572+0000] {processor.py:183} INFO - Processing /opt/airflow/dags/ecommerce_etl.py took 0.139 seconds
[2026-02-05T22:48:35.830+0000] {processor.py:161} INFO - Started process (PID=4737) to work on /opt/airflow/dags/ecommerce_etl.py
[2026-02-05T22:48:35.831+0000] {processor.py:830} INFO - Processing file /opt/airflow/dags/ecommerce_etl.py for tasks to queue
[2026-02-05T22:48:35.832+0000] {logging_mixin.py:188} INFO - [2026-02-05T22:48:35.832+0000] {dagbag.py:538} INFO - Filling up the DagBag from /opt/airflow/dags/ecommerce_etl.py
[2026-02-05T22:48:35.852+0000] {processor.py:840} INFO - DAG(s) 'ecommerce_etl_pipeline' retrieved from /opt/airflow/dags/ecommerce_etl.py
[2026-02-05T22:48:35.878+0000] {logging_mixin.py:188} INFO - [2026-02-05T22:48:35.877+0000] {dag.py:3036} INFO - Sync 1 DAGs
[2026-02-05T22:48:35.896+0000] {logging_mixin.py:188} INFO - [2026-02-05T22:48:35.895+0000] {dag.py:3823} INFO - Setting next_dagrun for ecommerce_etl_pipeline to 2026-02-05 00:00:00+00:00, run_after=2026-02-06 00:00:00+00:00
[2026-02-05T22:48:35.913+0000] {processor.py:183} INFO - Processing /opt/airflow/dags/ecommerce_etl.py took 0.086 seconds
[2026-02-05T22:49:06.203+0000] {processor.py:161} INFO - Started process (PID=4766) to work on /opt/airflow/dags/ecommerce_etl.py
[2026-02-05T22:49:06.204+0000] {processor.py:830} INFO - Processing file /opt/airflow/dags/ecommerce_etl.py for tasks to queue
[2026-02-05T22:49:06.205+0000] {logging_mixin.py:188} INFO - [2026-02-05T22:49:06.205+0000] {dagbag.py:538} INFO - Filling up the DagBag from /opt/airflow/dags/ecommerce_etl.py
[2026-02-05T22:49:06.224+0000] {processor.py:840} INFO - DAG(s) 'ecommerce_etl_pipeline' retrieved from /opt/airflow/dags/ecommerce_etl.py
[2026-02-05T22:49:06.250+0000] {logging_mixin.py:188} INFO - [2026-02-05T22:49:06.250+0000] {dag.py:3036} INFO - Sync 1 DAGs
[2026-02-05T22:49:06.271+0000] {logging_mixin.py:188} INFO - [2026-02-05T22:49:06.271+0000] {dag.py:3823} INFO - Setting next_dagrun for ecommerce_etl_pipeline to 2026-02-05 00:00:00+00:00, run_after=2026-02-06 00:00:00+00:00
[2026-02-05T22:49:06.288+0000] {processor.py:183} INFO - Processing /opt/airflow/dags/ecommerce_etl.py took 0.088 seconds
[2026-02-05T22:49:36.505+0000] {processor.py:161} INFO - Started process (PID=4795) to work on /opt/airflow/dags/ecommerce_etl.py
[2026-02-05T22:49:36.506+0000] {processor.py:830} INFO - Processing file /opt/airflow/dags/ecommerce_etl.py for tasks to queue
[2026-02-05T22:49:36.506+0000] {logging_mixin.py:188} INFO - [2026-02-05T22:49:36.506+0000] {dagbag.py:538} INFO - Filling up the DagBag from /opt/airflow/dags/ecommerce_etl.py
[2026-02-05T22:49:36.528+0000] {processor.py:840} INFO - DAG(s) 'ecommerce_etl_pipeline' retrieved from /opt/airflow/dags/ecommerce_etl.py
[2026-02-05T22:49:36.554+0000] {logging_mixin.py:188} INFO - [2026-02-05T22:49:36.554+0000] {dag.py:3036} INFO - Sync 1 DAGs
[2026-02-05T22:49:36.572+0000] {logging_mixin.py:188} INFO - [2026-02-05T22:49:36.572+0000] {dag.py:3823} INFO - Setting next_dagrun for ecommerce_etl_pipeline to 2026-02-05 00:00:00+00:00, run_after=2026-02-06 00:00:00+00:00
[2026-02-05T22:49:36.594+0000] {processor.py:183} INFO - Processing /opt/airflow/dags/ecommerce_etl.py took 0.092 seconds
[2026-02-05T22:50:06.793+0000] {processor.py:161} INFO - Started process (PID=4824) to work on /opt/airflow/dags/ecommerce_etl.py
[2026-02-05T22:50:06.794+0000] {processor.py:830} INFO - Processing file /opt/airflow/dags/ecommerce_etl.py for tasks to queue
[2026-02-05T22:50:06.795+0000] {logging_mixin.py:188} INFO - [2026-02-05T22:50:06.794+0000] {dagbag.py:538} INFO - Filling up the DagBag from /opt/airflow/dags/ecommerce_etl.py
[2026-02-05T22:50:06.928+0000] {processor.py:840} INFO - DAG(s) 'ecommerce_etl_pipeline' retrieved from /opt/airflow/dags/ecommerce_etl.py
[2026-02-05T22:50:06.989+0000] {logging_mixin.py:188} INFO - [2026-02-05T22:50:06.989+0000] {dag.py:3036} INFO - Sync 1 DAGs
[2026-02-05T22:50:07.054+0000] {logging_mixin.py:188} INFO - [2026-02-05T22:50:07.054+0000] {dag.py:3823} INFO - Setting next_dagrun for ecommerce_etl_pipeline to 2026-02-05 00:00:00+00:00, run_after=2026-02-06 00:00:00+00:00
[2026-02-05T22:50:07.104+0000] {processor.py:183} INFO - Processing /opt/airflow/dags/ecommerce_etl.py took 0.318 seconds
[2026-02-05T22:50:37.397+0000] {processor.py:161} INFO - Started process (PID=4853) to work on /opt/airflow/dags/ecommerce_etl.py
[2026-02-05T22:50:37.398+0000] {processor.py:830} INFO - Processing file /opt/airflow/dags/ecommerce_etl.py for tasks to queue
[2026-02-05T22:50:37.399+0000] {logging_mixin.py:188} INFO - [2026-02-05T22:50:37.399+0000] {dagbag.py:538} INFO - Filling up the DagBag from /opt/airflow/dags/ecommerce_etl.py
[2026-02-05T22:50:37.547+0000] {processor.py:840} INFO - DAG(s) 'ecommerce_etl_pipeline' retrieved from /opt/airflow/dags/ecommerce_etl.py
[2026-02-05T22:50:37.574+0000] {logging_mixin.py:188} INFO - [2026-02-05T22:50:37.573+0000] {dag.py:3036} INFO - Sync 1 DAGs
[2026-02-05T22:50:37.591+0000] {logging_mixin.py:188} INFO - [2026-02-05T22:50:37.591+0000] {dag.py:3823} INFO - Setting next_dagrun for ecommerce_etl_pipeline to 2026-02-05 00:00:00+00:00, run_after=2026-02-06 00:00:00+00:00
[2026-02-05T22:50:37.752+0000] {processor.py:183} INFO - Processing /opt/airflow/dags/ecommerce_etl.py took 0.358 seconds
[2026-02-05T22:51:08.043+0000] {processor.py:161} INFO - Started process (PID=4882) to work on /opt/airflow/dags/ecommerce_etl.py
[2026-02-05T22:51:08.045+0000] {processor.py:830} INFO - Processing file /opt/airflow/dags/ecommerce_etl.py for tasks to queue
[2026-02-05T22:51:08.046+0000] {logging_mixin.py:188} INFO - [2026-02-05T22:51:08.046+0000] {dagbag.py:538} INFO - Filling up the DagBag from /opt/airflow/dags/ecommerce_etl.py
[2026-02-05T22:51:08.232+0000] {processor.py:840} INFO - DAG(s) 'ecommerce_etl_pipeline' retrieved from /opt/airflow/dags/ecommerce_etl.py
[2026-02-05T22:51:08.254+0000] {logging_mixin.py:188} INFO - [2026-02-05T22:51:08.254+0000] {dag.py:3036} INFO - Sync 1 DAGs
[2026-02-05T22:51:08.271+0000] {logging_mixin.py:188} INFO - [2026-02-05T22:51:08.271+0000] {dag.py:3823} INFO - Setting next_dagrun for ecommerce_etl_pipeline to 2026-02-05 00:00:00+00:00, run_after=2026-02-06 00:00:00+00:00
[2026-02-05T22:51:08.289+0000] {processor.py:183} INFO - Processing /opt/airflow/dags/ecommerce_etl.py took 0.250 seconds
[2026-02-05T22:51:38.540+0000] {processor.py:161} INFO - Started process (PID=4911) to work on /opt/airflow/dags/ecommerce_etl.py
[2026-02-05T22:51:38.541+0000] {processor.py:830} INFO - Processing file /opt/airflow/dags/ecommerce_etl.py for tasks to queue
[2026-02-05T22:51:38.542+0000] {logging_mixin.py:188} INFO - [2026-02-05T22:51:38.541+0000] {dagbag.py:538} INFO - Filling up the DagBag from /opt/airflow/dags/ecommerce_etl.py
[2026-02-05T22:51:38.567+0000] {processor.py:840} INFO - DAG(s) 'ecommerce_etl_pipeline' retrieved from /opt/airflow/dags/ecommerce_etl.py
[2026-02-05T22:51:38.594+0000] {logging_mixin.py:188} INFO - [2026-02-05T22:51:38.594+0000] {dag.py:3036} INFO - Sync 1 DAGs
[2026-02-05T22:51:38.614+0000] {logging_mixin.py:188} INFO - [2026-02-05T22:51:38.614+0000] {dag.py:3823} INFO - Setting next_dagrun for ecommerce_etl_pipeline to 2026-02-05 00:00:00+00:00, run_after=2026-02-06 00:00:00+00:00
[2026-02-05T22:51:38.632+0000] {processor.py:183} INFO - Processing /opt/airflow/dags/ecommerce_etl.py took 0.096 seconds
[2026-02-05T22:52:08.973+0000] {processor.py:161} INFO - Started process (PID=4941) to work on /opt/airflow/dags/ecommerce_etl.py
[2026-02-05T22:52:08.975+0000] {processor.py:830} INFO - Processing file /opt/airflow/dags/ecommerce_etl.py for tasks to queue
[2026-02-05T22:52:08.976+0000] {logging_mixin.py:188} INFO - [2026-02-05T22:52:08.975+0000] {dagbag.py:538} INFO - Filling up the DagBag from /opt/airflow/dags/ecommerce_etl.py
[2026-02-05T22:52:09.047+0000] {processor.py:840} INFO - DAG(s) 'ecommerce_etl_pipeline' retrieved from /opt/airflow/dags/ecommerce_etl.py
[2026-02-05T22:52:09.081+0000] {logging_mixin.py:188} INFO - [2026-02-05T22:52:09.080+0000] {dag.py:3036} INFO - Sync 1 DAGs
[2026-02-05T22:52:09.100+0000] {logging_mixin.py:188} INFO - [2026-02-05T22:52:09.099+0000] {dag.py:3823} INFO - Setting next_dagrun for ecommerce_etl_pipeline to 2026-02-05 00:00:00+00:00, run_after=2026-02-06 00:00:00+00:00
[2026-02-05T22:52:09.118+0000] {processor.py:183} INFO - Processing /opt/airflow/dags/ecommerce_etl.py took 0.148 seconds
[2026-02-05T22:52:39.369+0000] {processor.py:161} INFO - Started process (PID=4970) to work on /opt/airflow/dags/ecommerce_etl.py
[2026-02-05T22:52:39.370+0000] {processor.py:830} INFO - Processing file /opt/airflow/dags/ecommerce_etl.py for tasks to queue
[2026-02-05T22:52:39.371+0000] {logging_mixin.py:188} INFO - [2026-02-05T22:52:39.371+0000] {dagbag.py:538} INFO - Filling up the DagBag from /opt/airflow/dags/ecommerce_etl.py
[2026-02-05T22:52:39.412+0000] {processor.py:840} INFO - DAG(s) 'ecommerce_etl_pipeline' retrieved from /opt/airflow/dags/ecommerce_etl.py
[2026-02-05T22:52:39.439+0000] {logging_mixin.py:188} INFO - [2026-02-05T22:52:39.439+0000] {dag.py:3036} INFO - Sync 1 DAGs
[2026-02-05T22:52:39.457+0000] {logging_mixin.py:188} INFO - [2026-02-05T22:52:39.457+0000] {dag.py:3823} INFO - Setting next_dagrun for ecommerce_etl_pipeline to 2026-02-05 00:00:00+00:00, run_after=2026-02-06 00:00:00+00:00
[2026-02-05T22:52:39.475+0000] {processor.py:183} INFO - Processing /opt/airflow/dags/ecommerce_etl.py took 0.108 seconds
[2026-02-05T22:53:09.758+0000] {processor.py:161} INFO - Started process (PID=4999) to work on /opt/airflow/dags/ecommerce_etl.py
[2026-02-05T22:53:09.760+0000] {processor.py:830} INFO - Processing file /opt/airflow/dags/ecommerce_etl.py for tasks to queue
[2026-02-05T22:53:09.761+0000] {logging_mixin.py:188} INFO - [2026-02-05T22:53:09.760+0000] {dagbag.py:538} INFO - Filling up the DagBag from /opt/airflow/dags/ecommerce_etl.py
[2026-02-05T22:53:09.781+0000] {processor.py:840} INFO - DAG(s) 'ecommerce_etl_pipeline' retrieved from /opt/airflow/dags/ecommerce_etl.py
[2026-02-05T22:53:09.808+0000] {logging_mixin.py:188} INFO - [2026-02-05T22:53:09.808+0000] {dag.py:3036} INFO - Sync 1 DAGs
[2026-02-05T22:53:09.825+0000] {logging_mixin.py:188} INFO - [2026-02-05T22:53:09.825+0000] {dag.py:3823} INFO - Setting next_dagrun for ecommerce_etl_pipeline to 2026-02-05 00:00:00+00:00, run_after=2026-02-06 00:00:00+00:00
[2026-02-05T22:53:09.843+0000] {processor.py:183} INFO - Processing /opt/airflow/dags/ecommerce_etl.py took 0.088 seconds
[2026-02-05T22:53:40.025+0000] {processor.py:161} INFO - Started process (PID=5015) to work on /opt/airflow/dags/ecommerce_etl.py
[2026-02-05T22:53:40.027+0000] {processor.py:830} INFO - Processing file /opt/airflow/dags/ecommerce_etl.py for tasks to queue
[2026-02-05T22:53:40.028+0000] {logging_mixin.py:188} INFO - [2026-02-05T22:53:40.028+0000] {dagbag.py:538} INFO - Filling up the DagBag from /opt/airflow/dags/ecommerce_etl.py
[2026-02-05T22:53:40.066+0000] {processor.py:840} INFO - DAG(s) 'ecommerce_etl_pipeline' retrieved from /opt/airflow/dags/ecommerce_etl.py
[2026-02-05T22:53:40.102+0000] {logging_mixin.py:188} INFO - [2026-02-05T22:53:40.102+0000] {dag.py:3036} INFO - Sync 1 DAGs
[2026-02-05T22:53:40.130+0000] {logging_mixin.py:188} INFO - [2026-02-05T22:53:40.130+0000] {dag.py:3823} INFO - Setting next_dagrun for ecommerce_etl_pipeline to 2026-02-05 00:00:00+00:00, run_after=2026-02-06 00:00:00+00:00
[2026-02-05T22:53:40.161+0000] {processor.py:183} INFO - Processing /opt/airflow/dags/ecommerce_etl.py took 0.140 seconds
[2026-02-05T22:54:10.425+0000] {processor.py:161} INFO - Started process (PID=5039) to work on /opt/airflow/dags/ecommerce_etl.py
[2026-02-05T22:54:10.426+0000] {processor.py:830} INFO - Processing file /opt/airflow/dags/ecommerce_etl.py for tasks to queue
[2026-02-05T22:54:10.427+0000] {logging_mixin.py:188} INFO - [2026-02-05T22:54:10.427+0000] {dagbag.py:538} INFO - Filling up the DagBag from /opt/airflow/dags/ecommerce_etl.py
[2026-02-05T22:54:10.450+0000] {processor.py:840} INFO - DAG(s) 'ecommerce_etl_pipeline' retrieved from /opt/airflow/dags/ecommerce_etl.py
[2026-02-05T22:54:10.477+0000] {logging_mixin.py:188} INFO - [2026-02-05T22:54:10.476+0000] {dag.py:3036} INFO - Sync 1 DAGs
[2026-02-05T22:54:10.497+0000] {logging_mixin.py:188} INFO - [2026-02-05T22:54:10.497+0000] {dag.py:3823} INFO - Setting next_dagrun for ecommerce_etl_pipeline to 2026-02-05 00:00:00+00:00, run_after=2026-02-06 00:00:00+00:00
[2026-02-05T22:54:10.514+0000] {processor.py:183} INFO - Processing /opt/airflow/dags/ecommerce_etl.py took 0.092 seconds
[2026-02-05T22:54:40.767+0000] {processor.py:161} INFO - Started process (PID=5068) to work on /opt/airflow/dags/ecommerce_etl.py
[2026-02-05T22:54:40.768+0000] {processor.py:830} INFO - Processing file /opt/airflow/dags/ecommerce_etl.py for tasks to queue
[2026-02-05T22:54:40.769+0000] {logging_mixin.py:188} INFO - [2026-02-05T22:54:40.768+0000] {dagbag.py:538} INFO - Filling up the DagBag from /opt/airflow/dags/ecommerce_etl.py
[2026-02-05T22:54:40.789+0000] {processor.py:840} INFO - DAG(s) 'ecommerce_etl_pipeline' retrieved from /opt/airflow/dags/ecommerce_etl.py
[2026-02-05T22:54:40.819+0000] {logging_mixin.py:188} INFO - [2026-02-05T22:54:40.819+0000] {dag.py:3036} INFO - Sync 1 DAGs
[2026-02-05T22:54:40.839+0000] {logging_mixin.py:188} INFO - [2026-02-05T22:54:40.839+0000] {dag.py:3823} INFO - Setting next_dagrun for ecommerce_etl_pipeline to 2026-02-05 00:00:00+00:00, run_after=2026-02-06 00:00:00+00:00
[2026-02-05T22:54:40.859+0000] {processor.py:183} INFO - Processing /opt/airflow/dags/ecommerce_etl.py took 0.095 seconds
[2026-02-05T22:55:11.131+0000] {processor.py:161} INFO - Started process (PID=5098) to work on /opt/airflow/dags/ecommerce_etl.py
[2026-02-05T22:55:11.132+0000] {processor.py:830} INFO - Processing file /opt/airflow/dags/ecommerce_etl.py for tasks to queue
[2026-02-05T22:55:11.133+0000] {logging_mixin.py:188} INFO - [2026-02-05T22:55:11.133+0000] {dagbag.py:538} INFO - Filling up the DagBag from /opt/airflow/dags/ecommerce_etl.py
[2026-02-05T22:55:11.163+0000] {processor.py:840} INFO - DAG(s) 'ecommerce_etl_pipeline' retrieved from /opt/airflow/dags/ecommerce_etl.py
[2026-02-05T22:55:11.195+0000] {logging_mixin.py:188} INFO - [2026-02-05T22:55:11.195+0000] {dag.py:3036} INFO - Sync 1 DAGs
[2026-02-05T22:55:11.224+0000] {logging_mixin.py:188} INFO - [2026-02-05T22:55:11.224+0000] {dag.py:3823} INFO - Setting next_dagrun for ecommerce_etl_pipeline to 2026-02-05 00:00:00+00:00, run_after=2026-02-06 00:00:00+00:00
[2026-02-05T22:55:11.246+0000] {processor.py:183} INFO - Processing /opt/airflow/dags/ecommerce_etl.py took 0.120 seconds
[2026-02-05T22:55:41.352+0000] {processor.py:161} INFO - Started process (PID=5127) to work on /opt/airflow/dags/ecommerce_etl.py
[2026-02-05T22:55:41.353+0000] {processor.py:830} INFO - Processing file /opt/airflow/dags/ecommerce_etl.py for tasks to queue
[2026-02-05T22:55:41.355+0000] {logging_mixin.py:188} INFO - [2026-02-05T22:55:41.355+0000] {dagbag.py:538} INFO - Filling up the DagBag from /opt/airflow/dags/ecommerce_etl.py
[2026-02-05T22:55:41.379+0000] {processor.py:840} INFO - DAG(s) 'ecommerce_etl_pipeline' retrieved from /opt/airflow/dags/ecommerce_etl.py
[2026-02-05T22:55:41.408+0000] {logging_mixin.py:188} INFO - [2026-02-05T22:55:41.407+0000] {dag.py:3036} INFO - Sync 1 DAGs
[2026-02-05T22:55:41.428+0000] {logging_mixin.py:188} INFO - [2026-02-05T22:55:41.428+0000] {dag.py:3823} INFO - Setting next_dagrun for ecommerce_etl_pipeline to 2026-02-05 00:00:00+00:00, run_after=2026-02-06 00:00:00+00:00
[2026-02-05T22:55:41.449+0000] {processor.py:183} INFO - Processing /opt/airflow/dags/ecommerce_etl.py took 0.101 seconds
[2026-02-05T22:56:11.706+0000] {processor.py:161} INFO - Started process (PID=5156) to work on /opt/airflow/dags/ecommerce_etl.py
[2026-02-05T22:56:11.707+0000] {processor.py:830} INFO - Processing file /opt/airflow/dags/ecommerce_etl.py for tasks to queue
[2026-02-05T22:56:11.708+0000] {logging_mixin.py:188} INFO - [2026-02-05T22:56:11.708+0000] {dagbag.py:538} INFO - Filling up the DagBag from /opt/airflow/dags/ecommerce_etl.py
[2026-02-05T22:56:11.729+0000] {processor.py:840} INFO - DAG(s) 'ecommerce_etl_pipeline' retrieved from /opt/airflow/dags/ecommerce_etl.py
[2026-02-05T22:56:11.755+0000] {logging_mixin.py:188} INFO - [2026-02-05T22:56:11.755+0000] {dag.py:3036} INFO - Sync 1 DAGs
[2026-02-05T22:56:11.773+0000] {logging_mixin.py:188} INFO - [2026-02-05T22:56:11.773+0000] {dag.py:3823} INFO - Setting next_dagrun for ecommerce_etl_pipeline to 2026-02-05 00:00:00+00:00, run_after=2026-02-06 00:00:00+00:00
[2026-02-05T22:56:11.792+0000] {processor.py:183} INFO - Processing /opt/airflow/dags/ecommerce_etl.py took 0.089 seconds
[2026-02-05T22:56:42.086+0000] {processor.py:161} INFO - Started process (PID=5185) to work on /opt/airflow/dags/ecommerce_etl.py
[2026-02-05T22:56:42.087+0000] {processor.py:830} INFO - Processing file /opt/airflow/dags/ecommerce_etl.py for tasks to queue
[2026-02-05T22:56:42.089+0000] {logging_mixin.py:188} INFO - [2026-02-05T22:56:42.088+0000] {dagbag.py:538} INFO - Filling up the DagBag from /opt/airflow/dags/ecommerce_etl.py
[2026-02-05T22:56:42.120+0000] {processor.py:840} INFO - DAG(s) 'ecommerce_etl_pipeline' retrieved from /opt/airflow/dags/ecommerce_etl.py
[2026-02-05T22:56:42.158+0000] {logging_mixin.py:188} INFO - [2026-02-05T22:56:42.157+0000] {dag.py:3036} INFO - Sync 1 DAGs
[2026-02-05T22:56:42.184+0000] {logging_mixin.py:188} INFO - [2026-02-05T22:56:42.183+0000] {dag.py:3823} INFO - Setting next_dagrun for ecommerce_etl_pipeline to 2026-02-05 00:00:00+00:00, run_after=2026-02-06 00:00:00+00:00
[2026-02-05T22:56:42.212+0000] {processor.py:183} INFO - Processing /opt/airflow/dags/ecommerce_etl.py took 0.130 seconds
[2026-02-05T22:57:12.482+0000] {processor.py:161} INFO - Started process (PID=5214) to work on /opt/airflow/dags/ecommerce_etl.py
[2026-02-05T22:57:12.484+0000] {processor.py:830} INFO - Processing file /opt/airflow/dags/ecommerce_etl.py for tasks to queue
[2026-02-05T22:57:12.485+0000] {logging_mixin.py:188} INFO - [2026-02-05T22:57:12.484+0000] {dagbag.py:538} INFO - Filling up the DagBag from /opt/airflow/dags/ecommerce_etl.py
[2026-02-05T22:57:12.516+0000] {processor.py:840} INFO - DAG(s) 'ecommerce_etl_pipeline' retrieved from /opt/airflow/dags/ecommerce_etl.py
[2026-02-05T22:57:12.548+0000] {logging_mixin.py:188} INFO - [2026-02-05T22:57:12.548+0000] {dag.py:3036} INFO - Sync 1 DAGs
[2026-02-05T22:57:12.572+0000] {logging_mixin.py:188} INFO - [2026-02-05T22:57:12.572+0000] {dag.py:3823} INFO - Setting next_dagrun for ecommerce_etl_pipeline to 2026-02-05 00:00:00+00:00, run_after=2026-02-06 00:00:00+00:00
[2026-02-05T22:57:12.595+0000] {processor.py:183} INFO - Processing /opt/airflow/dags/ecommerce_etl.py took 0.117 seconds
[2026-02-05T22:57:42.862+0000] {processor.py:161} INFO - Started process (PID=5243) to work on /opt/airflow/dags/ecommerce_etl.py
[2026-02-05T22:57:42.863+0000] {processor.py:830} INFO - Processing file /opt/airflow/dags/ecommerce_etl.py for tasks to queue
[2026-02-05T22:57:42.864+0000] {logging_mixin.py:188} INFO - [2026-02-05T22:57:42.864+0000] {dagbag.py:538} INFO - Filling up the DagBag from /opt/airflow/dags/ecommerce_etl.py
[2026-02-05T22:57:42.899+0000] {processor.py:840} INFO - DAG(s) 'ecommerce_etl_pipeline' retrieved from /opt/airflow/dags/ecommerce_etl.py
[2026-02-05T22:57:42.940+0000] {logging_mixin.py:188} INFO - [2026-02-05T22:57:42.939+0000] {dag.py:3036} INFO - Sync 1 DAGs
[2026-02-05T22:57:42.967+0000] {logging_mixin.py:188} INFO - [2026-02-05T22:57:42.967+0000] {dag.py:3823} INFO - Setting next_dagrun for ecommerce_etl_pipeline to 2026-02-05 00:00:00+00:00, run_after=2026-02-06 00:00:00+00:00
[2026-02-05T22:57:42.996+0000] {processor.py:183} INFO - Processing /opt/airflow/dags/ecommerce_etl.py took 0.137 seconds
[2026-02-05T22:58:13.218+0000] {processor.py:161} INFO - Started process (PID=5272) to work on /opt/airflow/dags/ecommerce_etl.py
[2026-02-05T22:58:13.219+0000] {processor.py:830} INFO - Processing file /opt/airflow/dags/ecommerce_etl.py for tasks to queue
[2026-02-05T22:58:13.220+0000] {logging_mixin.py:188} INFO - [2026-02-05T22:58:13.220+0000] {dagbag.py:538} INFO - Filling up the DagBag from /opt/airflow/dags/ecommerce_etl.py
[2026-02-05T22:58:13.240+0000] {processor.py:840} INFO - DAG(s) 'ecommerce_etl_pipeline' retrieved from /opt/airflow/dags/ecommerce_etl.py
[2026-02-05T22:58:13.267+0000] {logging_mixin.py:188} INFO - [2026-02-05T22:58:13.267+0000] {dag.py:3036} INFO - Sync 1 DAGs
[2026-02-05T22:58:13.287+0000] {logging_mixin.py:188} INFO - [2026-02-05T22:58:13.287+0000] {dag.py:3823} INFO - Setting next_dagrun for ecommerce_etl_pipeline to 2026-02-05 00:00:00+00:00, run_after=2026-02-06 00:00:00+00:00
[2026-02-05T22:58:13.307+0000] {processor.py:183} INFO - Processing /opt/airflow/dags/ecommerce_etl.py took 0.092 seconds
[2026-02-05T22:58:43.455+0000] {processor.py:161} INFO - Started process (PID=5288) to work on /opt/airflow/dags/ecommerce_etl.py
[2026-02-05T22:58:43.456+0000] {processor.py:830} INFO - Processing file /opt/airflow/dags/ecommerce_etl.py for tasks to queue
[2026-02-05T22:58:43.457+0000] {logging_mixin.py:188} INFO - [2026-02-05T22:58:43.457+0000] {dagbag.py:538} INFO - Filling up the DagBag from /opt/airflow/dags/ecommerce_etl.py
[2026-02-05T22:58:43.490+0000] {processor.py:840} INFO - DAG(s) 'ecommerce_etl_pipeline' retrieved from /opt/airflow/dags/ecommerce_etl.py
[2026-02-05T22:58:43.525+0000] {logging_mixin.py:188} INFO - [2026-02-05T22:58:43.525+0000] {dag.py:3036} INFO - Sync 1 DAGs
[2026-02-05T22:58:43.550+0000] {logging_mixin.py:188} INFO - [2026-02-05T22:58:43.550+0000] {dag.py:3823} INFO - Setting next_dagrun for ecommerce_etl_pipeline to 2026-02-05 00:00:00+00:00, run_after=2026-02-06 00:00:00+00:00
[2026-02-05T22:58:43.573+0000] {processor.py:183} INFO - Processing /opt/airflow/dags/ecommerce_etl.py took 0.121 seconds
[2026-02-05T22:59:13.813+0000] {processor.py:161} INFO - Started process (PID=5312) to work on /opt/airflow/dags/ecommerce_etl.py
[2026-02-05T22:59:13.814+0000] {processor.py:830} INFO - Processing file /opt/airflow/dags/ecommerce_etl.py for tasks to queue
[2026-02-05T22:59:13.815+0000] {logging_mixin.py:188} INFO - [2026-02-05T22:59:13.814+0000] {dagbag.py:538} INFO - Filling up the DagBag from /opt/airflow/dags/ecommerce_etl.py
[2026-02-05T22:59:13.837+0000] {processor.py:840} INFO - DAG(s) 'ecommerce_etl_pipeline' retrieved from /opt/airflow/dags/ecommerce_etl.py
[2026-02-05T22:59:13.866+0000] {logging_mixin.py:188} INFO - [2026-02-05T22:59:13.865+0000] {dag.py:3036} INFO - Sync 1 DAGs
[2026-02-05T22:59:13.890+0000] {logging_mixin.py:188} INFO - [2026-02-05T22:59:13.890+0000] {dag.py:3823} INFO - Setting next_dagrun for ecommerce_etl_pipeline to 2026-02-05 00:00:00+00:00, run_after=2026-02-06 00:00:00+00:00
[2026-02-05T22:59:13.916+0000] {processor.py:183} INFO - Processing /opt/airflow/dags/ecommerce_etl.py took 0.107 seconds
[2026-02-05T22:59:44.187+0000] {processor.py:161} INFO - Started process (PID=5342) to work on /opt/airflow/dags/ecommerce_etl.py
[2026-02-05T22:59:44.188+0000] {processor.py:830} INFO - Processing file /opt/airflow/dags/ecommerce_etl.py for tasks to queue
[2026-02-05T22:59:44.189+0000] {logging_mixin.py:188} INFO - [2026-02-05T22:59:44.188+0000] {dagbag.py:538} INFO - Filling up the DagBag from /opt/airflow/dags/ecommerce_etl.py
[2026-02-05T22:59:44.217+0000] {processor.py:840} INFO - DAG(s) 'ecommerce_etl_pipeline' retrieved from /opt/airflow/dags/ecommerce_etl.py
[2026-02-05T22:59:44.243+0000] {logging_mixin.py:188} INFO - [2026-02-05T22:59:44.243+0000] {dag.py:3036} INFO - Sync 1 DAGs
[2026-02-05T22:59:44.262+0000] {logging_mixin.py:188} INFO - [2026-02-05T22:59:44.262+0000] {dag.py:3823} INFO - Setting next_dagrun for ecommerce_etl_pipeline to 2026-02-05 00:00:00+00:00, run_after=2026-02-06 00:00:00+00:00
[2026-02-05T22:59:44.280+0000] {processor.py:183} INFO - Processing /opt/airflow/dags/ecommerce_etl.py took 0.096 seconds
[2026-02-05T23:00:14.625+0000] {processor.py:161} INFO - Started process (PID=5371) to work on /opt/airflow/dags/ecommerce_etl.py
[2026-02-05T23:00:14.627+0000] {processor.py:830} INFO - Processing file /opt/airflow/dags/ecommerce_etl.py for tasks to queue
[2026-02-05T23:00:14.628+0000] {logging_mixin.py:188} INFO - [2026-02-05T23:00:14.627+0000] {dagbag.py:538} INFO - Filling up the DagBag from /opt/airflow/dags/ecommerce_etl.py
[2026-02-05T23:00:14.655+0000] {processor.py:840} INFO - DAG(s) 'ecommerce_etl_pipeline' retrieved from /opt/airflow/dags/ecommerce_etl.py
[2026-02-05T23:00:14.682+0000] {logging_mixin.py:188} INFO - [2026-02-05T23:00:14.682+0000] {dag.py:3036} INFO - Sync 1 DAGs
[2026-02-05T23:00:14.701+0000] {logging_mixin.py:188} INFO - [2026-02-05T23:00:14.701+0000] {dag.py:3823} INFO - Setting next_dagrun for ecommerce_etl_pipeline to 2026-02-05 00:00:00+00:00, run_after=2026-02-06 00:00:00+00:00
[2026-02-05T23:00:14.721+0000] {processor.py:183} INFO - Processing /opt/airflow/dags/ecommerce_etl.py took 0.099 seconds
[2026-02-05T23:00:45.051+0000] {processor.py:161} INFO - Started process (PID=5400) to work on /opt/airflow/dags/ecommerce_etl.py
[2026-02-05T23:00:45.052+0000] {processor.py:830} INFO - Processing file /opt/airflow/dags/ecommerce_etl.py for tasks to queue
[2026-02-05T23:00:45.053+0000] {logging_mixin.py:188} INFO - [2026-02-05T23:00:45.053+0000] {dagbag.py:538} INFO - Filling up the DagBag from /opt/airflow/dags/ecommerce_etl.py
[2026-02-05T23:00:45.076+0000] {processor.py:840} INFO - DAG(s) 'ecommerce_etl_pipeline' retrieved from /opt/airflow/dags/ecommerce_etl.py
[2026-02-05T23:00:45.102+0000] {logging_mixin.py:188} INFO - [2026-02-05T23:00:45.102+0000] {dag.py:3036} INFO - Sync 1 DAGs
[2026-02-05T23:00:45.123+0000] {logging_mixin.py:188} INFO - [2026-02-05T23:00:45.123+0000] {dag.py:3823} INFO - Setting next_dagrun for ecommerce_etl_pipeline to 2026-02-05 00:00:00+00:00, run_after=2026-02-06 00:00:00+00:00
[2026-02-05T23:00:45.141+0000] {processor.py:183} INFO - Processing /opt/airflow/dags/ecommerce_etl.py took 0.094 seconds
[2026-02-05T23:01:15.254+0000] {processor.py:161} INFO - Started process (PID=5429) to work on /opt/airflow/dags/ecommerce_etl.py
[2026-02-05T23:01:15.256+0000] {processor.py:830} INFO - Processing file /opt/airflow/dags/ecommerce_etl.py for tasks to queue
[2026-02-05T23:01:15.257+0000] {logging_mixin.py:188} INFO - [2026-02-05T23:01:15.256+0000] {dagbag.py:538} INFO - Filling up the DagBag from /opt/airflow/dags/ecommerce_etl.py
[2026-02-05T23:01:15.291+0000] {processor.py:840} INFO - DAG(s) 'ecommerce_etl_pipeline' retrieved from /opt/airflow/dags/ecommerce_etl.py
[2026-02-05T23:01:15.332+0000] {logging_mixin.py:188} INFO - [2026-02-05T23:01:15.332+0000] {dag.py:3036} INFO - Sync 1 DAGs
[2026-02-05T23:01:15.358+0000] {logging_mixin.py:188} INFO - [2026-02-05T23:01:15.357+0000] {dag.py:3823} INFO - Setting next_dagrun for ecommerce_etl_pipeline to 2026-02-05 00:00:00+00:00, run_after=2026-02-06 00:00:00+00:00
[2026-02-05T23:01:15.385+0000] {processor.py:183} INFO - Processing /opt/airflow/dags/ecommerce_etl.py took 0.136 seconds
[2026-02-05T23:01:45.616+0000] {processor.py:161} INFO - Started process (PID=5458) to work on /opt/airflow/dags/ecommerce_etl.py
[2026-02-05T23:01:45.617+0000] {processor.py:830} INFO - Processing file /opt/airflow/dags/ecommerce_etl.py for tasks to queue
[2026-02-05T23:01:45.618+0000] {logging_mixin.py:188} INFO - [2026-02-05T23:01:45.618+0000] {dagbag.py:538} INFO - Filling up the DagBag from /opt/airflow/dags/ecommerce_etl.py
[2026-02-05T23:01:45.641+0000] {processor.py:840} INFO - DAG(s) 'ecommerce_etl_pipeline' retrieved from /opt/airflow/dags/ecommerce_etl.py
[2026-02-05T23:01:45.672+0000] {logging_mixin.py:188} INFO - [2026-02-05T23:01:45.672+0000] {dag.py:3036} INFO - Sync 1 DAGs
[2026-02-05T23:01:45.699+0000] {logging_mixin.py:188} INFO - [2026-02-05T23:01:45.698+0000] {dag.py:3823} INFO - Setting next_dagrun for ecommerce_etl_pipeline to 2026-02-05 00:00:00+00:00, run_after=2026-02-06 00:00:00+00:00
[2026-02-05T23:01:45.721+0000] {processor.py:183} INFO - Processing /opt/airflow/dags/ecommerce_etl.py took 0.109 seconds
[2026-02-05T23:02:16.027+0000] {processor.py:161} INFO - Started process (PID=5487) to work on /opt/airflow/dags/ecommerce_etl.py
[2026-02-05T23:02:16.028+0000] {processor.py:830} INFO - Processing file /opt/airflow/dags/ecommerce_etl.py for tasks to queue
[2026-02-05T23:02:16.029+0000] {logging_mixin.py:188} INFO - [2026-02-05T23:02:16.029+0000] {dagbag.py:538} INFO - Filling up the DagBag from /opt/airflow/dags/ecommerce_etl.py
[2026-02-05T23:02:16.051+0000] {processor.py:840} INFO - DAG(s) 'ecommerce_etl_pipeline' retrieved from /opt/airflow/dags/ecommerce_etl.py
[2026-02-05T23:02:16.078+0000] {logging_mixin.py:188} INFO - [2026-02-05T23:02:16.078+0000] {dag.py:3036} INFO - Sync 1 DAGs
[2026-02-05T23:02:16.098+0000] {logging_mixin.py:188} INFO - [2026-02-05T23:02:16.098+0000] {dag.py:3823} INFO - Setting next_dagrun for ecommerce_etl_pipeline to 2026-02-05 00:00:00+00:00, run_after=2026-02-06 00:00:00+00:00
[2026-02-05T23:02:16.118+0000] {processor.py:183} INFO - Processing /opt/airflow/dags/ecommerce_etl.py took 0.094 seconds
[2026-02-05T23:02:46.348+0000] {processor.py:161} INFO - Started process (PID=5516) to work on /opt/airflow/dags/ecommerce_etl.py
[2026-02-05T23:02:46.349+0000] {processor.py:830} INFO - Processing file /opt/airflow/dags/ecommerce_etl.py for tasks to queue
[2026-02-05T23:02:46.350+0000] {logging_mixin.py:188} INFO - [2026-02-05T23:02:46.350+0000] {dagbag.py:538} INFO - Filling up the DagBag from /opt/airflow/dags/ecommerce_etl.py
[2026-02-05T23:02:46.375+0000] {processor.py:840} INFO - DAG(s) 'ecommerce_etl_pipeline' retrieved from /opt/airflow/dags/ecommerce_etl.py
[2026-02-05T23:02:46.401+0000] {logging_mixin.py:188} INFO - [2026-02-05T23:02:46.400+0000] {dag.py:3036} INFO - Sync 1 DAGs
[2026-02-05T23:02:46.418+0000] {logging_mixin.py:188} INFO - [2026-02-05T23:02:46.418+0000] {dag.py:3823} INFO - Setting next_dagrun for ecommerce_etl_pipeline to 2026-02-05 00:00:00+00:00, run_after=2026-02-06 00:00:00+00:00
[2026-02-05T23:02:46.435+0000] {processor.py:183} INFO - Processing /opt/airflow/dags/ecommerce_etl.py took 0.091 seconds
